name,Lat,Long,fclass
"E5 - 324 S DESPLAINES ST, CHICAGO, 60661",41.877028304420755,-87.64430865193455,fire_station
"E11 - 5343 N CUMBERLAND AVE, CHICAGO, 60656",41.97685625348317,-87.836495886321,fire_station
"E81 - 10458 S HOXIE AVE, CHICAGO, 60617",41.705334319654064,-87.56088524816063,fire_station
"E22 - 605 W ARMITAGE AVE, CHICAGO, 60614",41.91792047709303,-87.64396690956342,fire_station
"E50 - 5000 S UNION AVE, CHICAGO, 60609",41.80344788181221,-87.64299386409898,fire_station
"E68 - 5258 W GRAND AVE, CHICAGO, 60639",41.91725086259721,-87.75747321069997,fire_station
"E7 - 4911 W BELMONT AVE, CHICAGO, 60641",41.9387854993556,-87.74963764827827,fire_station
"E91 - 2827 N PULASKI RD, CHICAGO, 60641",41.93223675592729,-87.72695711402253,fire_station
"E92 - 3112 W 111TH ST, CHICAGO, 60655",41.6916111688133,-87.69891865020873,fire_station
"E89 - 3945 W PETERSON AVE, CHICAGO, 60659",41.990056658779615,-87.72568030374029,fire_station
"E47 - 432 E MARQUETTE RD, CHICAGO, 60637",41.77300015277593,-87.6141755209756,fire_station
"E70/E59 - 6030 N CLARK ST, CHICAGO, 60660",41.99185705844965,-87.6702338230154,fire_station
"E28 - 2534 S THROOP ST, CHICAGO, 60608",41.84557901305613,-87.65633258746628,fire_station
"E44 - 412 N KEDZIE AVE, CHICAGO, 60612",41.888791436564,-87.70657770924328,fire_station
"E109 - 2358 S WHIPPLE ST, CHICAGO, 60623",41.84833993168608,-87.70181130248798,fire_station
"E119 - 6030 N AVONDALE AVE, CHICAGO, 60631",41.99120656361649,-87.79879483457952,fire_station
"E56 - 2214 W BARRY AVE, CHICAGO, 60618",41.93769629431298,-87.68576576945844,fire_station
"E129 - 8120 S ASHLAND AVE, CHICAGO, 60620",41.746304611153825,-87.66346152532664,fire_station
"E83 - 1200 W WILSON AVE, CHICAGO, 60640",41.96563850396769,-87.65997484168496,fire_station
"E8 - 212 W CERMAK RD, CHICAGO, 60616",41.85313331810226,-87.63235666216515,fire_station
"E73 - 8630 S EMERALD AVE, CHICAGO, 60620",41.73693577387957,-87.64245532798658,fire_station
"E14 - 1129 W CHICAGO AVE, CHICAGO, 60642",41.895977019578105,-87.65622466882277,fire_station
"E71 - 6239 N CALIFORNIA AVE, CHICAGO, 60659",41.99514651466264,-87.69953001132356,fire_station
"E108 - 4625 N MILWAUKEE AVE, CHICAGO, 60630",41.964650420624565,-87.75785762001762,fire_station
"E23 - 1915 S DAMEN AVE, CHICAGO, 60608",41.85561895838222,-87.67592085764691,fire_station
"E18 - 1360 N BLUE ISLAND AVE, CHICAGO, 60608",41.864503979120165,-87.65556796459875,fire_station
"E106 - 3401 N ELSTON AVE, CHICAGO, 60618",41.943065521032246,-87.7032142448537,fire_station
"E16 - 4005 S DEARBORN ST, CHICAGO, 60609",41.821900941759,-87.62749769240351,fire_station
"E1 - 419 S WELLS ST, CHICAGO, 60607",41.87604804340882,-87.63333692317708,fire_station
"E116 - 5955 S ASHLAND AVE, CHICAGO, 60636",41.78569136830025,-87.66426233667036,fire_station
"E117 - 4900 W CHICAGO AVE, CHICAGO, 60651",41.895036609573054,-87.74827707033056,fire_station
"E112 - 3801 N DAMEN AVE, CHICAGO, 60618",41.95075472438277,-87.67830302464209,fire_station
"E102 - 7340 N CLARK ST, CHICAGO, 60626",42.014640160686284,-87.67502361090747,fire_station
"E101 - 2240 W 69TH ST, CHICAGO, 60636",41.768394081407024,-87.67985164411793,fire_station
"E65 - 3002 W 42ND ST, CHICAGO, 60632",41.8172974388628,-87.69950400664642,fire_station
"E95 - 4003 W WEST END AVE, CHICAGO, 60624",41.88334382548296,-87.72576410502936,fire_station
"E123 - 2215 W 51ST ST, CHICAGO, 60609",41.801170483375124,-87.67986218548822,fire_station
"E110 - 2322 W FOSTER AVE, CHICAGO, 60625",41.97593934922963,-87.6875836047776,fire_station
"E60 - 1150 E 55TH ST, CHICAGO, 60615",41.79515197581412,-87.59751892663527,fire_station
"E4 - 548 W DIVISION ST, CHICAGO, 60610",41.903989978859165,-87.64291470278913,fire_station
"E98 - 202 E CHICAGO AVE, CHICAGO, 60611",41.89706519923356,-87.62259901814724,fire_station
"E124 - 4426 N KEDZIE AVE, CHICAGO, 60625",41.961690670919346,-87.7082930624585,fire_station
"E104 - 11641 S AVENUE O, CHICAGO, 60617",41.68384838570316,-87.5400210564776,fire_station
"E122 - 101 E 79TH ST, CHICAGO, 60619",41.75098315968846,-87.62135205388734,fire_station
"E86 - 3918 N HARLEM AVE, CHICAGO, 60634",41.95114251165066,-87.80721934061404,fire_station
"E97 - 13359 S BURLEY AVE, CHICAGO, 60633",41.652591152628624,-87.54470437664087,fire_station
"E74 - 10615 S EWING AVE, CHICAGO, 60617",41.702187603130206,-87.53522906326324,fire_station
"E38 - 3949 W 16TH ST, CHICAGO, 60623",41.85850227061717,-87.7242763667799,fire_station
"E15 - 8026 S KEDZIE AVE, CHICAGO, 60652",41.74747486194539,-87.70238006254415,fire_station
"E126 - 7313 S KINGSTON AVE, CHICAGO, 60649",41.76239663139161,-87.56393561616461,fire_station
"E103 - 25 S LAFLIN ST, CHICAGO, 60607",41.880715524740886,-87.66412071624002,fire_station
"E32 - 5559 S NARRAGANSETT AVE, CHICAGO, 60638",41.79123564423197,-87.78169288573983,fire_station
"E57 - 1244 N WESTERN AVE, CHICAGO, 60622",41.9038275429672,-87.68713245676875,fire_station
"E78 - 1052 W WAVELAND AVE, CHICAGO, 60613",41.94920789049237,-87.65640453322862,fire_station
"E88 - 3637 W 59TH ST, CHICAGO, 60629",41.785702152345344,-87.71468959394757,fire_station
"E107 - 1101 S CALIFORNIA AVE, CHICAGO, 60612",41.86810702989009,-87.6956239669264,fire_station
"E64 - 7659 S PULASKI RD, CHICAGO, 60652",41.75300608968367,-87.72192154895255,fire_station
"E84 - 21 W 59TH ST, CHICAGO, 60621",41.786898250644306,-87.62642113677177,fire_station
"E120 - 11035 S HOMEWOOD AVE, CHICAGO, 60643",41.693205775399605,-87.66882538049862,fire_station
"E49 - 4401 S ASHLAND AVE, CHICAGO, 60609",41.81404218586455,-87.66497197801137,fire_station
"E94 - 5758 W GRACE ST, CHICAGO, 60634",41.949448311266025,-87.77069385620601,fire_station
"E35 - 1901 N DAMEN AVE, CHICAGO, 60647",41.91622975167794,-87.67720585176635,fire_station
"E75 - 11958 S STATE ST, CHICAGO, 60628",41.67673026792751,-87.62265939976201,fire_station
"E115 - 11940 S PEORIA ST, CHICAGO, 60643",41.676767520058746,-87.64436386377967,fire_station
"E42 - 55 W ILLINOIS ST, CHICAGO, 60654",41.89080151108816,-87.63009284126726,fire_station
"E55 - 2718 N HALSTED ST, CHICAGO, 60614",41.93179744380986,-87.64899361595215,fire_station
"E63 - 1440 E 67TH ST, CHICAGO, 60637",41.77330654417221,-87.59020200469239,fire_station
"E113 - 5212 W HARRISON ST, CHICAGO, 60644",41.872982656337946,-87.75506878145924,fire_station
"E30 - 1125 N ASHLAND AVE, CHICAGO, 60622",41.90220932124115,-87.66707948571641,fire_station
"E121 - 1724 W 95TH ST, CHICAGO, 60643",41.72124683806391,-87.66576328672551,fire_station
"E93 - 330 W 104TH ST, CHICAGO, 60628",41.7052439476399,-87.6324331863445,fire_station
"E80 - 12701 S DOTY AVE, CHICAGO, 60633",41.66260010624714,-87.59059746685327,fire_station
"E76 - 1747 N PULASKI RD, CHICAGO, 60639",41.912618217810966,-87.72638113254548,fire_station
"E69 - 4017 N TRIPP AVE, CHICAGO, 60641",41.953786251061175,-87.7339286805089,fire_station
"E13 - 259 N COLUMBUS DR, CHICAGO, 60601",41.88646360558985,-87.62061359066273,fire_station
"E39 - 1618 W 33RD PL, CHICAGO, 60608",41.83346514532146,-87.66635103487269,fire_station
"E29 - 3509 S LOWE AVE, CHICAGO, 60609",41.83078516567415,-87.64213229262364,fire_station
"E43 - 2179 N STAVE ST, CHICAGO, 60647",41.92093320589118,-87.69644234997307,fire_station
"E96 - 439 N WALLER AVE, CHICAGO, 60644",41.88832430415244,-87.76761633819585,fire_station
"E62 - 34 E 114TH ST, CHICAGO, 60628",41.68740625454284,-87.62413685881735,fire_station
"E72 - 7974 S SOUTH CHICAGO AVE, CHICAGO, 60617",41.749827955664045,-87.58341162594515,fire_station
"E54 - 7101 S PARNELL AVE, CHICAGO, 60621",41.76525963399459,-87.63830544212665,fire_station
"E46 - 3027 E 93RD ST, CHICAGO, 60617",41.72641224082973,-87.55007769314022,fire_station
"E127 - 5200 W 63RD ST, CHICAGO, 60638",41.77750932865842,-87.75197548528234,fire_station
"E45 - 4600 S COTTAGE GROVE AVE, CHICAGO, 60653",41.81134320681739,-87.60662556802056,fire_station
"E125 - 2323 N NATCHEZ AVE, CHICAGO, 60707",41.92208525379962,-87.78775414416,fire_station
"E99 - 3042 S KEDVALE AVE, CHICAGO, 60623",41.837386198391975,-87.72806083645415,fire_station
"E19 - 3421 S CALUMET AVE, CHICAGO, 60616",41.83227804024279,-87.61779663851078,fire_station
"E26 - 10 N LEAVITT ST, CHICAGO, 60612",41.88151592134697,-87.68185534665783,fire_station
"E82 - 817 E 91ST ST, CHICAGO, 60619",41.72933327959225,-87.60425730151255,fire_station
"E34 - 4034 W 47TH ST, CHICAGO, 60632",41.80790024096418,-87.72485128276466,fire_station
"E79 - 6424 N LEHIGH AVE, CHICAGO, 60646",41.997974799017584,-87.76616159362811,fire_station
Kindred Hospital - Chicago Lakeshore,41.9934355993394,-87.65581680684147,hospital
Children's Memorial Hospital,41.92510660621862,-87.64707634687029,hospital
St Bernard Hospital,41.77854629350626,-87.63305372928353,hospital
Holy Cross Hospital,41.76918074820465,-87.69240323027134,hospital
Advocate Illinois Masonic Medical Center,41.93682394520664,-87.65136511620688,hospital
Saint Joseph Hospital,41.933736744479894,-87.63727683818767,hospital
Roseland Community Hospital,41.69223232468255,-87.6250549892181,hospital
Advocate Trinity Hospital,41.72689483539614,-87.5668062960953,hospital
South Shore Hospital,41.749488195821485,-87.56920015539663,hospital
La Rabida Children's Hospital,41.77737321835999,-87.57137859116685,hospital
Jackson Park Hospital & Medical Center,41.7574336519366,-87.58510235919184,hospital
Swedish Covenant Hospital,41.975084512353824,-87.69791572666884,hospital
Kindred Hospital - Chicago North,41.96156871089013,-87.69297121642961,hospital
University of Chicago Hospital,41.78832076937492,-87.60243128075805,hospital
Provident Hospital of Cook County,41.802653615772115,-87.61368426743677,hospital
Mercy Hospital and Medical Center,41.846785762063575,-87.62130373793468,hospital
Saint Anthony Hospital,41.85517084416999,-87.69814687254024,hospital
Methodist Hospital of Chicago,41.97236725442979,-87.6700066304951,hospital
Chicago Lakeshore Hospital,41.9702847483119,-87.65056597434227,hospital
Louis A. Weiss Memorial Hospital,41.96684374092352,-87.64961327793719,hospital
Thorek Hospital and Medical Center,41.95503035714089,-87.65169851880577,hospital
Advocate Bethany Hospital,41.87544159509897,-87.71219166128583,hospital
Rush University Medical Center,41.874498445227424,-87.66994691747163,hospital
Jesse Brown Department of Veteran's Affairs Medical Center,41.869880235695256,-87.6771848217672,hospital
"John H. Stroger, Jr. Hospital of Cook County",41.87372501610844,-87.672685042083,hospital
University of Illinois at Chicago Hospital,41.86959916339653,-87.67086853766548,hospital
Mount Sinai Hospital & Medical Center,41.86061508484136,-87.69483281127002,hospital
Schwab Rehabilitation Hospital,41.86224071583848,-87.69501586808964,hospital
Norwegian American Hospital,41.9008048916502,-87.69968570239698,hospital
Sts Mary and Elizabeth Medical Center-St. Elizabeth,41.90755978750885,-87.68547692104136,hospital
Sts Mary and Elizabeth Medical Center-St. Mary,41.902548603733294,-87.68335043286862,hospital
Loretto Hospital,41.87214725500594,-87.76357714049334,hospital
Hartgrove Hospital,41.890508797398915,-87.7201927270587,hospital
Sacred Heart Hospital,41.89052528993235,-87.70803637238481,hospital
Our Lady of Resurrection Medical Center,41.94546775499213,-87.76781975936275,hospital
Kindred Hospital - Chicago Central,41.940249125820976,-87.72895382215572,hospital
Chicago Read Mental Health Center,41.95522318683471,-87.8002063811569,hospital
Shriners Hospital for Children,41.91996896497774,-87.79315708739507,hospital
Resurrection Medical Center,41.98712913272131,-87.81383803695702,hospital
Northwestern Memorial Hospital,41.89462322979943,-87.62152397971995,hospital
Rehabilitation Institute of Chicago,41.895482587767674,-87.61830745162607,hospital
Chicago Institute of Neurosurgery and Neuroresearch,41.96382422460573,-87.67715360026943,hospital
Shoreline Sightseeing,41.88914450031848,-87.62251720040842,attraction
nan,42.00407310039333,-87.77219829961177,post_box
Edgebrook Cycle,41.998865399818385,-87.76340359999608,bicycle_shop
Storefront Theater,41.88481159997542,-87.625510100111,theatre
7-Eleven,41.97632270023246,-87.83730060024249,convenience
Chipotle,41.9255741999894,-87.64921160043497,fast_food
DePaul University Bookstore,41.92601719973402,-87.65340539993923,bookshop
Lincoln Park Postal Store,41.92566569971234,-87.65342919959784,post_office
nan,41.986613899611825,-87.65405540023647,drinking_water
Subway,41.880135299804294,-87.62794479961275,fast_food
Jollibee,41.88023959957792,-87.62467150028948,fast_food
Einstein Bros. Bagels,41.892820999889295,-87.6200635998552,fast_food
Bubba Gump Shrimp Company,41.89141139981632,-87.60965839971533,restaurant
CVS Pharmacy,41.88175050018549,-87.62750160021864,pharmacy
Staples,41.88341069994391,-87.625906700234,stationery
McDonald's,41.88390930027401,-87.62596279994324,fast_food
CFD Radio Tower,41.94324899974157,-87.7034550001481,comms_tower
Barnes & Noble,41.87801560043965,-87.62724069969852,bookshop
Neofuturists,41.97579470016535,-87.66933229984573,theatre
Navy Pier IMAX Theatre,41.89189679989744,-87.60924190029345,cinema
Sbarro,41.87139839961651,-87.66990599986195,fast_food
Pizano's Pizza & Pasta,41.881975099571264,-87.6256687998752,restaurant
Jimmy John's,41.882226700202125,-87.62721559962017,fast_food
Park Place Cafe,41.92084480024738,-87.6332050997355,cafe
Clark Street Dog,41.93746430043717,-87.6489959996656,fast_food
Lou Malnati's Pizzeria,41.92914970029847,-87.65356469955123,restaurant
Starbucks,41.96163820024282,-87.6761596002853,cafe
La Amistad,41.96163420005831,-87.67664910037564,restaurant
nan,41.961550900353814,-87.67617319983327,post_box
Midtown Kitchen & Bar,41.88587680017423,-87.63170779957528,pub
Starbucks,41.91130089971682,-87.63488790035626,cafe
Twin Anchors Restaurant & Tavern,41.912722299794325,-87.63837800014454,restaurant
Savor the Flavor,41.92853440034236,-87.65337400010998,cafe
Starbucks,41.95470230037091,-87.67893430017779,cafe
Starbucks,41.92880550007385,-87.65845010019194,cafe
Rocks Lincoln Park,41.93052960026091,-87.66128249968756,pub
Broadway Bikes,41.96685679970159,-87.6581341998334,bicycle_shop
Starbucks,41.91035669970199,-87.67766690000741,cafe
nan,41.91289629972448,-87.63838339967413,post_box
Gaslight,41.926137100047185,-87.65875120040755,pub
IDOT Radio Tower,41.97593649986965,-87.74663670002366,comms_tower
All Saints School,41.69780740019144,-87.62237880014146,school
Annunciation School,41.91169909973371,-87.67116579986174,school
Assumption School,41.785033399971496,-87.66532890030845,school
Bethany School,41.91115120036767,-87.78434159968504,school
Saint Agnes of Bohemia School,41.84308810043552,-87.71444759967693,school
Campbell Park,41.87258180040982,-87.68253839982725,park
Christ School,41.90725399997217,-87.75978000034672,school
Concordia School,41.93867600019729,-87.69429029965755,school
Cornell School,41.75725650038726,-87.60338149965645,school
DeVry University,41.938830900325854,-87.73057230007157,university
Ebenezer School,41.86450530027946,-87.72438040033518,school
Gloria Dei School,41.7968325996448,-87.76442839995065,school
Golgotha School,41.772533499821236,-87.67088430037012,school
Grace School,41.84076880014004,-87.72714940032455,school
Holy Rosary School,41.68838070020922,-87.61360099968635,school
Holy Trinity High School,41.90312100003416,-87.66423040001291,school
Horner School,41.8198515999714,-87.62266739978065,school
Kinzie Elementary School,41.78954779969126,-87.77889760044388,school
Longfellow School,41.82975519964282,-87.67283040000291,school
Nazareth School,41.78463090029584,-87.70547959980365,school
Midwest Christian Academy,41.94424189984386,-87.74668519956225,school
Messiah School,41.94697570036834,-87.78172639995336,school
Our Lady of the Snows School,41.80505169987612,-87.75209279964292,school
Our Lady School,41.71559049990168,-87.56699039978707,school
Kwame Nkrumah Academy,41.69821830043429,-87.63117919966032,school
Our Savior School,41.99169759986438,-87.80172839964587,school
Saint Alphonsus High School,41.93197660043984,-87.67033309959282,school
Saint Ailbe School,41.73011070004884,-87.58646919999353,school
Saint Andrew School,41.94715700009556,-87.67190260002491,school
Saint Angela School,41.904476100291845,-87.77005810020114,school
Plato School,41.87253189972745,-87.76366809960308,school
Peace School,41.8153439002009,-87.69479459989083,school
Perkins School,41.97086430014741,-87.80145000011737,school
Pilgrim Lutheran School,41.95981319971946,-87.67802509997836,school
Chicago Jesuit Academy,41.877292899847475,-87.75155410034142,school
Saint Gregory High School,41.98324809962014,-87.67190920014946,school
Saint Anthony's School,41.68447879995671,-87.61699149955803,school
Saint Joachims School,41.730023900182914,-87.60664750008203,school
Saint Gall School,41.79280960028285,-87.70413280028845,school
Saint Felicitas School,41.74289049979677,-87.58736610016535,school
Saint Benedict High School,41.95308760001279,-87.68422299999139,school
Saint Benedict School,41.77503380036967,-87.63393860028611,school
Saint Bronislava School,41.73698850011925,-87.5614990998036,school
Saint Bonaventure School,41.93197660043984,-87.67061090017285,school
Our Lady of Tepeyac High School,41.85082760031355,-87.70192830025081,school
Saint Ethelreda School,41.73458869970875,-87.66588329997427,school
Saint Daniel School,41.794953600228496,-87.78768019968146,school
Shepard School,41.86808660031642,-87.69782520007288,school
Catalyst Circle Rock Charter School,41.882422200224426,-87.76575210037907,school
Shiloh Academy,41.76687639992599,-87.62226859991591,school
Saint Thomas School,41.88221409980093,-87.75301880007754,school
Saint Raphael School,41.784734000373874,-87.66285150009662,school
Saint Salomeas School,41.67937139987026,-87.61834919975576,school
Saint Philip Basilica High School,41.877009500088434,-87.70530750014098,school
Saint Pauls School,41.89621900010684,-87.77062539974236,school
Saint Sebastian Elementary School,41.9364212001783,-87.64949900037851,school
Saint Nicholas School,41.68781220007304,-87.6239363000202,school
Saint Pascal's School,41.95255180012555,-87.78080350038118,school
Saint Michael High School,41.74589389998357,-87.54768789997655,school
Saint Mathews School,41.886143500422236,-87.70311079992342,school
Saint Margaret School,41.71510890035552,-87.65398729997389,school
Saint Marks School,41.84975489976887,-87.69422060040034,school
Saint Mary Perpetual Help High School,41.835588699758716,-87.65282979965548,school
Saint Louis School,41.68144929964552,-87.62230270040925,school
Saint Leo School,41.752811700099926,-87.6428271999153,school
Benedict the African School,41.76558909955736,-87.6694950996191,school
Saint Ladislaus School,41.941976000392174,-87.76033659975423,school
Saint Joseph School,41.73515710002022,-87.5589387002608,school
Thomas School,41.923184300215325,-87.66481609968321,school
Trinity College,41.958087600362546,-87.67172269964283,school
Trinity School,41.837880700234166,-87.64285089974919,school
Saint Pius School,41.85553230017558,-87.66560259997999,school
Wheatley Child-Parent Education Center,41.65400909994008,-87.60145580024493,school
WVAZ-FM (Oak Park),41.89886730028576,-87.62306109959002,tower
WGN-TV (Chicago),41.89885050005057,-87.623037600305,tower
WGBO-TV (Joliet),41.898847599736996,-87.62314810000476,tower
WFLD-TV (Chicago),41.898868599806065,-87.62314810000476,tower
Assumption Blessed Virgin Mary-Saint Catherine of Genoa School,41.680424999714035,-87.63907409968994,school
WEDC-AM (Chicago),41.98141869961336,-87.7723439996758,tower
WSBC-AM (Chicago),41.93858949980563,-87.75124430008435,comms_tower
WCRW-AM (Chicago),41.98142009985776,-87.77228250043703,tower
WZRD-FM (Chicago),41.98267400030494,-87.71873990012625,tower
WFMT-FM (Chicago),41.8988484001336,-87.62311860044304,tower
WBEZ-FM (Chicago),41.898865999866075,-87.62312530039225,tower
WBHI-FM (Chicago),41.74863739969629,-87.72046860034561,tower
WLUW-FM (Chicago),42.00110600044161,-87.65939330016062,tower
WUSN-FM (Chicago),41.89884959982925,-87.62306220036021,tower
Marra Collins South Preparatory School,41.71364500011674,-87.65643790038877,school
Saint Thaddeus School,41.72075299965127,-87.6326610000051,school
Saint Helena School,41.71014630011172,-87.63624749992215,school
Emmanuel Christian School,41.74215500005329,-87.6725936004143,school
Little Flower School,41.747255899839956,-87.66866130037869,school
Saint Catherine School,41.68057400028994,-87.63907869972218,school
Collins South School,41.71367299960929,-87.65739469990547,school
Presbyterian Theological Seminary,41.924605499744075,-87.65132109968897,school
Christ the King Lutheran School,41.82858600004391,-87.60599299957721,school
Corpus Christi School,41.805197399940084,-87.61729900024864,school
Midwest Pre-School-South Commons,41.843088899932866,-87.62310680043845,school
Prairie Avenue Historic District,41.856471199586224,-87.62074680042446,park
Alexanders Beauty School,41.86308790038635,-87.72533319966738,school
Academy of Acupuncture,41.93531010038089,-87.66311069999875,school
Austin Career Education Center,41.89503190040193,-87.76005749965384,school
Auburn Park Day Care Center,41.75050700029789,-87.64320020002918,school
Auburn-Gresham Preschool,41.75047399967542,-87.66430420017866,school
Bunnyland Developmental Day Care Center,41.67773489994573,-87.63648540028095,school
Chicago Institute of Technology,41.883088300184966,-87.66255370039295,school
Chicago Dance Center,41.926070599678496,-87.64986180038176,school
Chicago Academy,41.76670070027717,-87.62227129968068,school
Charles Harrison Mason Bible College,41.785057400178914,-87.66602509967856,school
Chatham Montessori School,41.74348140024648,-87.62371579974433,school
Cosmetologist Educational Institute,41.73745879968391,-87.5609144001794,school
Crickets Child Day Care Center,41.73686509964466,-87.57642500031346,school
Community Lutheran School,41.892590300402105,-87.76233379976503,school
Angel Land Nursery School,41.75821699971482,-87.6147648995804,school
Bais Yaakov School,41.98614279965051,-87.69172420021164,school
Assumption School,41.84743279988385,-87.69670450001263,school
Assumption School,41.67143830023741,-87.63599680041199,school
Austin Special Sheltered Work Center,41.93159230034445,-87.7619633995912,school
Austin Special School and Sheltered Work Center,41.88919859993547,-87.76005730000435,school
Austin School of Beauty Culture,41.88037389983566,-87.77142810042648,school
Esperanza Elementary School,41.89140550026366,-87.66878319988473,school
CAM Academy,41.87308759981295,-87.75977910012534,school
Brisk Rabbinical College,41.997663199597014,-87.70475930040135,school
Benson Art Beat,41.940031099555654,-87.80728260001194,school
Chicago School of Massage Therapy,41.934754500120164,-87.66227720023255,school
Chesterfield Tom Thumb Day Care Center and Kindergarten School,41.72697880023151,-87.60504750004208,school
ICCI Academy,41.937915000177156,-87.78795550014615,school
Camelot School,41.98336499979496,-87.71339149971789,school
Camelot School,42.0167549001186,-87.66461810044495,school
Columbia College Chicago,41.87424040027429,-87.62479129987855,school
The Children Village,41.73058380010235,-87.60436480039516,school
Chicago-Kent College of Law,41.87886159988295,-87.64209859977052,university
Bethel Lutheran School,41.90674900006633,-87.72428850041393,school
Bridgeport Academy West,41.83537860014235,-87.65282979965548,school
Bricklayers Apprentice School,41.8853103001303,-87.68199880030437,school
Debbies School of Beauty Culture,41.693090000103496,-87.6211585001646,school
Debbies School of Beauty Culture,41.88031000030634,-87.7295003999235,school
Discovery Center,41.935032299800866,-87.66255509973803,school
Duke and Duchess Pre-School,41.950865500242685,-87.65394410014005,school
Ecumenical Institute,41.968643099699364,-87.65533349964124,school
Walter H. Dyett High School,41.80114299984962,-87.61227749980674,school
Chicago Graphic Arts Institute,41.8783659996912,-87.6669980995826,school
Chicago Urban Skills Institute,41.96487849984294,-87.65741849956407,school
Childrens House Preschool,41.750589399781006,-87.65477199982791,school
Basic Beginnings,41.997059499996,-87.71936919982869,kindergarten
Childrens Hour Pre-School Center,41.7636362999753,-87.66396100000009,kindergarten
Bethel Lutheran School,41.882809999581866,-87.7308894001257,school
Blackhawk School of Art,41.927254700144374,-87.64116519971418,school
George Washington Memorial,41.80248079984909,-87.61642980009515,artwork
Godino Francisco School,41.95753190027705,-87.69172339981503,school
Global Enterprises School of Law Enforcement,41.75281210029823,-87.60504809988987,school
Giannini Music Center,41.94558770021223,-87.67338900040198,school
Mary Meyer School,41.9334348997009,-87.64112099983424,kindergarten
Masters Martial Arts Alliance,41.94114330012326,-87.6683886996787,school
Gladys Mae Dancing School,41.94669810033713,-87.7770038998101,school
Mays School,41.7941999998302,-87.66977369969646,school
Martin Luther Educational Center,41.68864550018975,-87.61615820034064,school
Magic Mirror Learning Center,41.776413499783246,-87.70334060008861,school
Maternity of the Blessed Virgin Mary School,41.90926890043943,-87.71880360000608,school
Montessori Midwest Teacher Training Center,41.8965414996905,-87.65312029956215,school
Montessori School - Near North,41.896421499552616,-87.65310929995417,school
Midwest Center for the Study of Oriental Medicine,41.950865500242685,-87.66005539993671,school
Mid-America Beauty School,41.93879510011385,-87.7645371999318,school
Immaculate Conception School,41.83753309967284,-87.65282990037957,school
Immaculata High School,41.954932499835024,-87.64672169964666,school
Illinois Masonic Medical Center School of Nursing,41.936698999859004,-87.65144359994213,school
Ippolito School of Cosmetology,41.92808679966612,-87.80617110001623,school
Galewood Pre-School and Day Care Center,41.92422059980089,-87.7641060001917,school
Gads Hill Center Social Settlement,41.85476100022004,-87.67403880015047,school
American Islamic College,41.9549261002594,-87.64579260014835,college
Hephzibah Christian Academy,41.71114540014014,-87.62338109995778,school
Harriet C Harris Private School,41.75709819992204,-87.59392919957287,school
Kennedy High School,41.790149000076326,-87.78024049959936,school
Kiddie Play School,41.909696099995074,-87.75789120011876,school
New Horizon Center for the Developmentally Disabled,41.95852679957221,-87.79568520011185,school
National College of Education Urban Campus,41.881354300260796,-87.62474390021077,school
Listening Skills Training Center,41.924198400036175,-87.76394730042756,school
Lolly Pop Nursery School and Kindergarten,41.72447820020881,-87.66310509992041,kindergarten
Little Peoples Nursery School,41.80864410024509,-87.68588579968986,school
Miriam Daniels School,41.88054369993188,-87.77139859996538,school
Merry Go Round Nursery School,41.7789358004469,-87.69629860000038,kindergarten
Mercy Hall,41.711938300012605,-87.71334200013314,school
James W Shelton Senior School,41.808669499797645,-87.61708350020331,school
Crickets Child and Infant Daycare Center,41.7508664997892,-87.61952650044759,school
Cook County Graduate School of Medicine,41.87225490044335,-87.67116479981564,school
Franciscan Sisters School,41.815197299915496,-87.69711900024163,school
Clark E School of Beauty Culture,41.75725600036418,-87.64810530031934,school
Incarnation Head Start Center,41.905865300143546,-87.72866780037867,school
Independence Square Fountain,41.86271340020329,-87.71946559995746,artwork
Saint James School,41.84168799990135,-87.6255209998942,school
Saint James Lutheran School,41.920123400074885,-87.6507403004245,school
Saint Gregory Grade School,41.98324029980006,-87.67125120038253,school
Saint Gregory Preschool,41.98225409964704,-87.67255670033143,school
Saint Ludmilla School,41.84753260034927,-87.70310970005255,school
Prince of Peace Lutheran School,41.91875869955442,-87.73310119996034,school
Pros Arts Studio,41.85686529959395,-87.65033030040303,school
Rescue Missionary Christian School,41.749756499862656,-87.61504840006359,school
Portage Park Day Nursery,41.94614269972584,-87.76089220001501,school
Precious Blood School,41.87475479989416,-87.68699869993003,school
Puerto Rican High School,41.91225450034494,-87.68588860017871,school
Rush University,41.87364379992147,-87.66949809975745,university
The Reading House,41.70800519958033,-87.6814064996102,school
Saint Agathas School,41.86207000003054,-87.70530070036699,school
Sacred Heart School,41.76642260022288,-87.6536613002288,school
Saint Francis Cabrini Learning Center,41.871283999556965,-87.70058700008997,school
Saint Fidelis School,41.90697530007009,-87.6941146998335,school
Saint Elizabeth School,41.820287100269525,-87.62422910039265,school
Saint Elizabeth Headstart,41.820339299619036,-87.62444799987526,school
Saint Clara Headstart,41.77802479980471,-87.5955073002217,school
Saint Clotildes School,41.74167910041018,-87.61680030009376,school
Saint Carthage School,41.761062499634704,-87.6306380002435,school
Saint Benedict Grade School,41.95336529986872,-87.68394520031069,school
Our Lady of Sorrows School,41.877077399802204,-87.7050982000219,school
Our Lady of Perpetual Help School,41.89862549956723,-87.73660199988234,school
Oxford Community Center for Academics,41.73975700008555,-87.56893540044831,school
PADI International Instructors Training Center,41.77869260038324,-87.75000929978933,school
Philadelphia Church of God in Christ School,41.78504140034039,-87.66580789991463,school
L H Day School,41.736168900274606,-87.65855339991941,school
Lenas Artistic Beauty College,41.736144999891906,-87.65282719971543,school
The Learning Exchange,41.93531010038089,-87.66283290031805,school
Lawrence Hall School for Boys,42.00253160035311,-87.6703349998603,school
Lake Shore Seventh Day Adventist School,41.89448779977221,-87.67442139962787,school
Luis Munoz Marin Primary Center,41.905661500278086,-87.71027859987743,kindergarten
Loyola Law School,41.897149499849604,-87.62716269969877,college
Logan Day Care Center for Retarded Children,41.93114280030005,-87.75922509975851,school
Herzl Child-Parent Center,41.86227470011738,-87.71995109986335,kindergarten
Holy Martyrs School,41.81475509966816,-87.6972751998905,school
Highland Educational Day Care Center,41.74886900030418,-87.66374049972427,school
Highland Day Care Center,41.754754799594366,-87.66371369992726,school
Northwestern Business College,41.93854560029928,-87.75153389976964,school
Holy Rosary School,41.89281019993081,-87.6861658998364,school
North Park Elementary School,41.97702089969482,-87.71263730037106,school
Notre Dame School,41.873875899653115,-87.66053169977806,school
Nu-Tek School of Beauty Culture,41.74941030044505,-87.61460839955794,school
Old Town Triangle Art Center,41.91531040025484,-87.63505349971922,school
Olive Child-Parent Center,41.862217200163684,-87.7210669004171,school
Park West Cooperative Nursery School,41.92503249965017,-87.64588750020795,school
Park Vernon Learning Academy,41.69975659978729,-87.614214000076,school
Oak Therapeutic School,41.90281029955571,-87.66366530021338,school
Shiloh Nursery,41.7669784001331,-87.62227129968068,kindergarten
Vincent de Paul with two students,41.924662499674696,-87.65546610018032,artwork
Fine Arts School of Music,41.948920299931956,-87.77200379963563,school
Felician Sisters School,41.825310900277884,-87.66699670023746,school
Fellowship Christian Academy,41.72225689993604,-87.57671319975435,school
Wing It School,41.79234580011865,-87.755221800046,school
Wesleyan Missionary Academy,41.77642140032742,-87.76366539983832,school
nan,41.74725639986303,-87.61838170035514,school
Zion Hill Day Care Center School,41.75241789956647,-87.66088329962452,school
Westside Preparatory School,41.89558770031215,-87.73061199974393,school
Study Progress School,41.786231500183646,-87.69307230014653,school
Southtown Day Care Center,41.76892260039773,-87.65227239985131,school
Teddy Bear Pre-School,41.800866300039786,-87.69119849971094,kindergarten
Teddy Bear Pre-School Number 3,41.776636599999165,-87.72237019972488,school
Socrates Greek-American Elementary School,41.93090070010726,-87.77749470032012,school
7th Day Adventist North Shore School,41.97635569995566,-87.69935399988714,school
Southwest School of Business,41.746700000104966,-87.70255140002706,school
Southwest Cooperative Pre-School,41.77919970020605,-87.71060819960871,kindergarten
Special Religious Education Division (SPRED),41.84018249972263,-87.64289049959683,school
Sisters of Nazareth School,41.92308799991133,-87.66311039962522,school
Sisters of Notre Dame School,41.836700000105,-87.63366250032408,school
Simpson Academy for Young Women,41.8643972997956,-87.6680982995968,school
Topsy Turby Nursery and Kindergarten,41.758377599746495,-87.60692829990109,school
Saint Mark Headstart Center,41.900865699992096,-87.68922179974624,school
Tiny Tots Day Care Center,41.93003169960332,-87.75672499975889,school
Tiddley Wink Pre-School,41.94704219983771,-87.67678160019068,school
Three Kittens Day Nursery and Kindergarten,41.73598859969417,-87.67218079990397,school
Theatre Shoppe Backstage,41.92975459959513,-87.65533249959515,school
Terry Town Nursery School and Kindergarten,41.89586549999291,-87.72088940032552,school
Telshe Yeshiva,41.97545610001907,-87.71748830014491,school
Saint Mary of Nazareth Hospital School of Nursing,41.90169909993358,-87.68422159974699,school
Saint Mary of Perpetual Help Elementary School,41.83560490014605,-87.65275329972496,school
Saint Mary's School,41.645502999963526,-87.61413290011319,school
Second Chance Tutoring,41.7586457002389,-87.57393609957131,school
Sears YMCA Day Care Center,41.87031020015564,-87.70644379984145,school
Sculptors Guild,41.93864329994841,-87.66199950037662,school
Selans Beauty School,41.685589999578895,-87.6206028000791,school
Saint Thomas of Canterbury Elementary School,41.969705699958126,-87.65592929959746,school
Saint Theresa School,41.91730069976751,-87.6546681002526,school
Saint Willibrords School,41.68710130038477,-87.61991720011866,school
Galapagos Charter School,41.89758500014767,-87.72217169956423,school
Walgreens,41.883095900355556,-87.62473160018317,pharmacy
Billy Goat Tavern,41.89025319982534,-87.62478900031209,pub
Walgreens,41.88981260037127,-87.62470779962524,pharmacy
Eleven City Diner,41.86865969958552,-87.62609190032089,restaurant
WSSD-FM (Chicago),41.7289238998182,-87.55087900036551,tower
The Berghoff Restaurant,41.879345400070235,-87.6284801003763,restaurant
Max Palevsky Cinema,41.78830060009267,-87.5955839998017,cinema
Ephraim Bajar Cultural Center,41.764492600253334,-87.68674860026766,arts_centre
Cook County Courthouse,41.88395760016317,-87.63044329971848,courthouse
Northwestern University Law Library,41.896518100230196,-87.61731519973665,library
National Park Service Pullman Visitor Center,41.694272499776105,-87.60865679957163,tourist_info
Metro,41.94978370035756,-87.65900339998689,theatre
Moody Bible Auditorium,41.89725500021814,-87.63310859978202,theatre
Uptown Theatre,41.96945010004214,-87.66051290035006,theatre
Saint Ignatius Auditorium,42.00182999965483,-87.66440060030743,theatre
Brunos Lounge,42.00197609991716,-87.66116789997858,bar
Bird's Nest,41.92716600001097,-87.66360189980782,pub
Garrett's Popcorn Shops,41.88222710040043,-87.62742079973009,fast_food
The Ginger Man Tavern,41.95010290032866,-87.65908919980671,bar
Peet's Coffee,41.93714930030001,-87.64819220000999,cafe
Wild Hare,41.94630300028331,-87.65601439974472,bar
Strange Cargo,41.944717900211,-87.65477299987401,clothes
Dunkin',42.01899830033136,-87.67317949973409,fast_food
Subway,42.01894950041918,-87.67312320037536,fast_food
Old National Bank,41.96857560018384,-87.65911539975588,bank
nan,41.92679199985099,-87.6648761995769,bicycle_shop
nan,41.939115399955824,-87.66839519997848,bicycle_shop
Nearly New Bikes,41.95652479987967,-87.65163490013049,bicycle_shop
Lakeshore Bike,41.95056699996712,-87.64324609962773,bicycle_shop
Carniceria Guanajuato,41.938784200330645,-87.6980674000904,supermarket
Kuma’s Corner - Belmont,41.93950899994047,-87.700439700132,pub
Corner Bakery,41.8800214995926,-87.62953949994795,cafe
Chase,41.913053000295804,-87.63491870033772,atm
Starbucks,41.9251063996407,-87.66035609995402,cafe
Goose Island Brewpub,41.91329880029946,-87.65427329967298,pub
Bridget McNeill's,41.94035679982653,-87.64037250039053,pub
Potbelly,41.940051999800005,-87.6525094998135,fast_food
Beyond the Wall Posters & Frames,41.939787699842555,-87.65292939957209,stationery
City Suites Hotel,41.93976890041449,-87.65288049983513,hotel
Comedy Sportz,41.93981220007305,-87.65269920010797,theatre
Milito's Car Wash,41.92551219982823,-87.65674790029533,car_wash
Subway,42.019201799823236,-87.68978219968875,fast_food
Tapia's Pizza,42.01920379991549,-87.68963629997523,restaurant
Centre Street Kitchen,41.92174890039149,-87.65936720003623,restaurant
Old Pueblo Cantina,41.9217712998057,-87.6584929996522,restaurant
La Canasta Grill,41.92152809974209,-87.65673939990336,restaurant
Local Option,41.921812799920815,-87.65617010026989,pub
Potbelly,41.92173200033159,-87.66422219999447,fast_food
Corner Kitchen,41.9217238003132,-87.66477790007997,restaurant
Chase,41.92087589970305,-87.66365589960003,bank
Regal Webster Place 11,41.921357599973305,-87.66526149971838,cinema
nan,41.923303199583074,-87.66316869997547,post_box
nan,41.9217352999442,-87.66329599991042,post_box
Family Pet Animal Hospital,41.921443600341945,-87.66342860044949,veterinary
Corner Cleaners,41.92149450017109,-87.66304800016502,laundry
7-Eleven,41.92489089959537,-87.66234989962811,convenience
Mo's,41.92506970010663,-87.66259020027746,restaurant
nan,41.92510059991281,-87.66323289987838,post_box
Saint Josephat School,41.92325889987836,-87.66293240040989,school
Dunkin',41.925088899733,-87.66150009964986,fast_food
Chicago's Discount Cleaner and Laundry,41.92491880016257,-87.66154040006938,laundry
The UPS Store,41.92489730007037,-87.66186060008658,post_office
Nail Fairy & Spa,41.92510700038781,-87.66048439993506,beauty_shop
nan,41.925336699828904,-87.66062070028505,post_box
Royal Highness Zhu,41.925133599635956,-87.659204199714,restaurant
Jersey Mike's Subs,41.925095300208,-87.65954320005858,fast_food
nan,41.92547619996668,-87.65596220039521,post_box
BMO,41.925459299906834,-87.65671079966364,atm
AMITA Sage Medical Group,41.92570230032095,-87.65800899981548,doctors
nan,41.925507599795935,-87.65836459984638,post_box
Halligan Bar,41.9233903996473,-87.6460993004423,bar
Kincade's,41.918275799588514,-87.65292669980732,pub
Kelly's Pub,41.92164519956634,-87.65296929979331,bar
McGee's,41.92186400012355,-87.65298869996849,pub
State Restaurant,41.92165510020277,-87.65252439978121,restaurant
Glasscott's,41.921697299990456,-87.64884669961543,bar
Jubilee Juice & Grill,41.88407839979834,-87.64758750036282,fast_food
Haymarket Pub & Brewery,41.88418950024527,-87.64729560021175,bar
Au Cheval,41.884640600183616,-87.64760689963867,restaurant
Dunkin',41.88293929960906,-87.6499491002707,fast_food
Golden Apple,41.93596739957587,-87.66328920013643,restaurant
Huntington Bank,41.93542989996996,-87.66995250020767,bank
Graceland Post Office,41.936572199947136,-87.67045600004434,post_office
Foremost Liquor,41.9363164003816,-87.66978050036977,beverages
Subway,41.93319080031523,-87.66785229994366,fast_food
Pockets,41.93639190026602,-87.66388669981131,fast_food
Jimmy John's,41.937159200037115,-87.66491540012555,fast_food
Rubin's Contemporary Furniture,41.93727389957087,-87.66507900029558,furniture_shop
Mona's Beauty Salon,41.93996190032152,-87.65852800036691,beauty_shop
Giordano's Pizzeria,41.94000400028443,-87.65568310029482,restaurant
Chipotle,41.93977589983797,-87.6551458003384,fast_food
Fine Cleaners,41.93778050026992,-87.66359839964639,laundry
Lake Park Post Office,41.79566900012429,-87.58865860041402,post_office
La Boulangerie & Co,41.795382600226844,-87.58829349994505,bakery
nan,41.85477259967581,-87.61152970003559,drinking_water
nan,41.84968349989367,-87.60967829991358,drinking_water
nan,41.79206670001827,-87.58558679959111,drinking_water
nan,41.81475599988954,-87.59207499986132,drinking_water
nan,41.80603349964633,-87.58409139969831,drinking_water
nan,41.80332239980896,-87.58131800022551,drinking_water
David Wallach Memorial Fountain,41.795635100179766,-87.57855939999627,fountain
nan,41.883016599936184,-87.66080729971708,post_box
Ghareeb Nawaz,41.99801009958645,-87.68155090015387,restaurant
Johann Wolfgang von Goethe Monument,41.93260309965336,-87.63861729984848,artwork
Alexander Hamilton Monument,41.93171209993352,-87.63844029977997,artwork
John Peter Altgeld Momument,41.93218899962267,-87.63752910038761,artwork
Kwa-Ma-Rolas,41.94898020017615,-87.6424356000229,artwork
Stella's Diner,41.93777919985024,-87.64447049961382,restaurant
Drew's on Halsted,41.94011469963374,-87.64910970005258,restaurant
Canton Express,41.94022020000227,-87.64911959978969,fast_food
Ann Sather,41.94379239979946,-87.64496409971338,restaurant
Friar Tuck,41.93679749990474,-87.64442219972472,pub
Dr Fred Purcell General Dentistry,41.93994589958368,-87.64024060042334,dentist
A Signal of Peace,41.93319130033831,-87.63140270007449,artwork
Skylark,41.852815899734026,-87.64627330037246,bar
Kristoffer’s Cafe & Bakery,41.85814599983809,-87.64644530021042,cafe
nan,41.85816199967661,-87.64685680030107,post_box
nan,41.85660309955347,-87.64670800027397,post_box
Efebina's,41.858698699785236,-87.66067689981901,cafe
San Soo Gab San,41.9775728999694,-87.68874699997406,restaurant
Starbucks,41.97585189974541,-87.71007920039477,cafe
Tre Kronor,41.975865699842245,-87.71095149961201,restaurant
The Sweden Shop,41.97585799984688,-87.71134730023766,general
7-Eleven,41.97725179973082,-87.76978379978249,convenience
Chipotle,41.93294700040377,-87.64422030012673,fast_food
J&M Tap,41.89931370036703,-87.6818665999636,bar
Jake Melnick's Corner Tap,41.89553979972203,-87.6263496001539,restaurant
nan,41.93620589978252,-87.65415090014386,post_box
nan,41.93597709966349,-87.66382199988533,post_box
nan,41.93984400010055,-87.65425529974226,post_box
Whole Foods Market,41.94831620013258,-87.64980960013293,supermarket
3550 Convenience Store,41.948332199971105,-87.64352249996335,convenience
The New York Market,41.949624800044546,-87.64637639955117,convenience
Kit Kat Club,41.94928760014267,-87.64975749970881,restaurant
Majestic Inn,41.9475222003893,-87.64423599959167,hotel
Osco Drug,41.94681839994922,-87.64640539998919,pharmacy
Angelina's Italian Restaurant,41.947103299777496,-87.64696649960422,restaurant
Center on Halsted,41.948865100444095,-87.64988540039087,community_centre
Rock's,41.94506049964241,-87.64567899958615,pub
Eggsperience Pancakes & Cafe,41.94095070041453,-87.64412330015017,restaurant
Stan's Donuts & Coffee,41.94203599956177,-87.64468119997736,cafe
Ping Pong Asian-Thai,41.94230729984207,-87.64465979970993,restaurant
Rogers Park Social,42.00735490010862,-87.66624509993136,bar
Charlie's Chicago,41.9499295002463,-87.64907189974832,bar
7-Eleven,41.949290100258,-87.64871379960215,convenience
Circuit,41.948644799817714,-87.64938310024985,bar
Las Mananitas,41.94624600035269,-87.64929199982589,restaurant
Hydrate,41.94533120007486,-87.64958819963567,bar
Roscoe's Tavern & Cafe,41.943505499878995,-87.64950930031392,bar
Progress Bar Chicago,41.94352270031243,-87.64924489963238,bar
Savanna Restaurant,41.94281450038892,-87.64949970005108,restaurant
Scarlet,41.94243340008143,-87.6494742995992,bar
The Slide Bar,41.86910310042782,-87.68585880024341,bar
Big Beaver Totem Pole,41.86721780036123,-87.6170697999313,artwork
Starbucks,41.976865299893745,-87.91066160005278,cafe
nan,41.976904000419324,-87.91056899955964,drinking_water
nan,41.977349500279274,-87.91069909998345,toilet
Hudson News,41.97724540015514,-87.9105010000211,newsagent
Mother's Room,41.97933800024856,-87.91020940024362,toilet
nan,41.97849890040396,-87.91037119997088,drinking_water
nan,41.97860630014071,-87.9103527998418,drinking_water
nan,41.97856949988255,-87.91040509991541,toilet
Barbara's Bookstore,41.97822180039583,-87.91027729995739,bookshop
nan,41.979015399940806,-87.91029980009569,atm
Ciao Gourmet Market,41.97829969967148,-87.91025770013272,convenience
Nuts on Clark,41.979282500387114,-87.91003889957551,fast_food
Hudson News,41.97935889959359,-87.91001800023048,newsagent
Brioche Dorée,41.97943569989769,-87.91000100034586,bakery
Duty Free Store,41.97879200025068,-87.91007679970448,convenience
Auntie Anne's,41.97872780034777,-87.91033849972195,fast_food
nan,41.977800299844034,-87.6893660995658,post_box
nan,41.97668169970075,-87.68932589987037,post_box
Trinity Pub,41.989045500049826,-87.79289649957377,pub
Stage Wright Theater,41.95847410019962,-87.7883901002229,theatre
nan,41.958850300101346,-87.78846300016727,atm
nan,41.95957409966502,-87.78817620007152,library
Tom & Jerry's Gyros,41.959844899922246,-87.78647500022106,fast_food
nan,41.95886460022115,-87.78875779973265,cafe
nan,41.958640599783905,-87.78886580021646,bookshop
Ino's Pizzeria,41.99044020015515,-87.66973390019928,restaurant
Huaraches Dona Chio,41.99068540031101,-87.66948419983589,restaurant
Taco Burrito King,41.93850670012415,-87.762342300157,fast_food
Nilda's Place,41.89805839967545,-87.67451109980738,bar
Innertown Pub,41.901269599912155,-87.67612709968586,bar
El Burrito Mexicano,41.94736950000248,-87.65340869955179,fast_food
nan,41.94127339964774,-87.82390350044614,post_box
Logan 11 Bar & Kitchen,41.922644000120556,-87.69748299994046,bar
Panadería La Central,41.92231779982666,-87.69757659958037,bakery
Subway,41.92285619965395,-87.69749730006032,fast_food
nan,41.871757800182365,-87.65127670015954,post_box
Plymouth Court Cleaners,41.87500200014222,-87.62896410021301,laundry
Jimmy John's,41.872300600392464,-87.62734560021926,fast_food
South Loop Ace Hardware,41.87247160018427,-87.6273498000532,doityourself
North End,41.950115200356265,-87.6493980002175,bar
Bobby Love's,41.94997949985407,-87.64940339974709,bar
nan,42.01382990012985,-87.68030140008949,convenience
nan,42.012026500422735,-87.68273239978038,convenience
nan,41.99720090040131,-87.71454850001322,post_box
nan,42.00643539997378,-87.76197390007542,post_box
nan,42.00544619968241,-87.67064280002518,post_box
nan,41.99472379966369,-87.6554322002358,post_box
The Boeing Store,41.883441400100594,-87.63866709980675,gift_shop
Cole's Bar,41.923644500393436,-87.69880129993999,bar
Hairitics... Dye For Your Beliefs,41.92368839989979,-87.69887100009652,hairdresser
Furious Spoon - Logan Square,41.92495299958131,-87.70096599958117,restaurant
Haymarket Memorial,41.88488070028416,-87.64412880040379,memorial
Challengers Comics,41.91523400014904,-87.68712799995717,bookshop
The Boiler Room,41.92210110008574,-87.6975092997144,pub
Common Cup,42.00771400030095,-87.6680451002012,cafe
Flamingo,41.878806500219866,-87.62968090035321,artwork
Intelligentsia Coffee,41.88435480013396,-87.62586300037714,cafe
Bayan Ko Diner,41.96163629997534,-87.67539279963796,restaurant
Budacki's,41.96804669989535,-87.67890059988275,fast_food
Giordano's Pizzeria,41.96161079969869,-87.67964359997211,restaurant
Chicago's Pizza,41.96134260028083,-87.67682999990456,restaurant
The Bad Apple,41.95972399956298,-87.6828836999228,restaurant
Starbucks,41.964791899626505,-87.68585289979143,cafe
Best Buy Food & Liquor,41.96162979967556,-87.67570860017173,convenience
Five Guys,41.925435600072944,-87.64054779984104,fast_food
House of Wings,41.92674839981885,-87.64098590007922,restaurant
Nine,41.925155900124764,-87.63992319999562,restaurant
Tapas Restarurant/Bar,41.92586839970693,-87.64089810016713,restaurant
Green Mill Cocktail Lounge,41.96918310031987,-87.65989129974366,bar
Hopleaf Bar,41.975818800197544,-87.66855360026841,pub
Men's Wearhouse,41.880605899742534,-87.62833950036759,clothes
JD Sports,41.88160670038894,-87.62813890028997,sports_shop
Nordstrom Rack,41.88286140033341,-87.62827879972679,clothes
Burlington,41.88239839966644,-87.62677309989863,department_store
Hop Butcher For The World,41.95928609987368,-87.68217109961654,pub
The Wild Goose Bar & Grill,41.965034300192826,-87.68640010038428,restaurant
Subway,41.96163510027969,-87.67530060024245,fast_food
nan,41.8863084999374,-87.63270209992191,camera_surveillance
nan,41.88671680024021,-87.63271409957599,camera_surveillance
Subway,41.95487390001051,-87.67899559976706,fast_food
Union Stock Yards Fire Memorial,41.81862949955183,-87.6487586002292,memorial
nan,41.88239259993861,-87.6224698996661,drinking_water
nan,41.88242210039965,-87.6212695997122,drinking_water
Yeshiva Migdal Torah,42.00503030010833,-87.69855139992711,school
nan,41.88675699993564,-87.61341140011598,drinking_water
Marmalade,41.96131669980588,-87.67877339977252,restaurant
Lincoln Square Orthodontics,41.96109930039245,-87.68397820003389,dentist
Il Milanese,41.96126989998595,-87.68398759974787,restaurant
Yojimbo's Garage,41.9058612999591,-87.64268879964834,bicycle_shop
Metropolis Coffee,41.994443999890734,-87.65728659959683,cafe
Potbelly,41.87931660018103,-87.63157329966799,fast_food
nan,41.986161000130096,-87.72777800035442,recycling
Monument of the Millenium,41.88790799995428,-87.61278430015528,monument
nan,41.96470800007421,-87.63567270003506,toilet
Lake Shore Dr & Ohio St,41.89257000000555,-87.61449200030552,bicycle_rental
Nick's Fishmarket Grill,41.88894230034691,-87.63570740037619,restaurant
nan,41.990120799635235,-87.66040620028588,post_box
Pizza Art Cafe,41.96651559961526,-87.69387220034173,restaurant
Daily Bar and Grill,41.96480319960801,-87.68621889958251,restaurant
Essence of India,41.96504250021127,-87.68602310008595,restaurant
Gannon’s Pub,41.95946600025576,-87.68264890042639,bar
Willow Cafe and Bistro,41.96746160007285,-87.68761099974779,restaurant
Gideon Welles,41.963349299830384,-87.68534450044831,restaurant
nan,41.96127309977379,-87.68407589968297,cafe
Walgreens,41.96880540034903,-87.68840529986466,chemist
Mariano's Fresh Market,41.88540479999159,-87.61896589995627,supermarket
Tip Top Liquor,41.91042389974325,-87.69476560035213,beverages
Municipal Market,41.90278010032142,-87.69158899973252,supermarket
Green Eye Lounge,41.91655130010247,-87.6876453997154,bar
Belly Shack,41.9162778999052,-87.68761590015362,restaurant
Milwaukee Dollar Plus,41.9169223001241,-87.68782160028661,convenience
nan,41.91243170006294,-87.68015939983638,bench
Ciclo Urbano,41.90283240039503,-87.68932160021166,bicycle_shop
Chase,41.92979900002388,-87.7083389996451,bank
nan,41.91036379984956,-87.6934658003064,post_box
nan,41.90315349973429,-87.68956959995705,post_box
nan,41.92156580022157,-87.67221619991767,post_box
Little Beans,41.92119950005696,-87.67309439958683,cafe
The Goddess and Grocer,41.92205170032577,-87.67343509965008,restaurant
Bucktown Beanery,41.921229499641754,-87.67792509986344,cafe
Weissbluth Pediatrics,41.9250199001483,-87.68742509998833,clinic
Soul del Sur,41.91751729968371,-87.7092157001444,restaurant
Wicker Park Post Office,41.90500150041896,-87.66775599963961,post_office
nan,41.87690659965989,-87.62525870002895,camera_surveillance
Gene Siskel Film Center,41.88495479992412,-87.62816970027143,cinema
nan,41.910343299803515,-87.69724389988602,post_box
Carl von Linné Monument,41.787528100441534,-87.59960299987853,memorial
nan,41.908209599793224,-87.69889829991655,drinking_water
Jimmy John's,41.87956380042908,-87.64091750034231,fast_food
Club Quarters Central Loop Hotel,41.87931839972441,-87.631191999711,hotel
Elephant & Castle - Chicago Adams St,41.87931750040235,-87.63132219995953,pub
South Loop Market,41.87673180023245,-87.63475310007544,convenience
Domino's,41.8661820997242,-87.64020590008221,fast_food
Jimmy John's,41.87677059968348,-87.64789269968833,fast_food
Subway,41.86629179992667,-87.64021069976394,fast_food
nan,41.87150420035863,-87.64738449999464,fountain
nan,41.87657859982255,-87.64680040021824,memorial
Chase,41.87918410036599,-87.63119409962798,atm
7-Eleven,41.87652150006721,-87.64856389970419,convenience
Batcolumn,41.88196869999558,-87.6431230004261,memorial
Batcolumn,41.88196869999558,-87.6431230004261,artwork
Chase,41.87792869984969,-87.63874840031838,bank
Chase,41.87942840030047,-87.6414852999066,bank
Chipotle,41.880365099969424,-87.64089240026402,fast_food
Fifth Third Bank,41.8788646000213,-87.63861550030504,bank
IIT Stuart School of Business,41.87910129978519,-87.64210929990423,university
Corner Bakery,41.87819289998242,-87.63845180031029,cafe
Gráinne,41.879453299830004,-87.64379370041888,artwork
nan,41.88027320004818,-87.64644730030261,tower
Chase,41.880854500235046,-87.62976639979945,atm
nan,41.953483899762205,-87.7247212002232,fountain
Finance Station T - Post Office,41.96132670026708,-87.67938659981172,post_office
Bayan Ko,41.96164049980928,-87.6749182004146,restaurant
Platform 47,41.96725799985688,-87.67891719956907,pub
The Perfect Cup,41.96706659984375,-87.67934099968733,cafe
Lilies,41.8752388995556,-87.6214946001956,artwork
Daphne 1,41.86077930022458,-87.60805179955088,artwork
Culture Earth and Earth's Moon,41.864701199600745,-87.61542610003443,artwork
nan,41.867579499594285,-87.6170822996084,tourist_info
McDonald's,41.87950790036933,-87.63360000013984,fast_food
Bank of America,41.8796568002212,-87.63212680001175,bank
Dunkin',41.885584999847936,-87.62894029965508,fast_food
Jason's Deli,41.885480100226516,-87.62933029965359,restaurant
Potbelly,41.8856295001014,-87.62844580023346,fast_food
Subway,41.885588300359814,-87.62907159977448,fast_food
Walgreens,41.88484840023352,-87.6276109002228,chemist
Interconnected,41.88148539983138,-87.6233815999808,artwork
Interconnected,41.88371909995652,-87.62342999969468,artwork
7-Eleven,41.87947870028182,-87.63611169959523,convenience
Scoop's,41.960355300256936,-87.76742749957941,fast_food
nan,41.95978039964575,-87.78806070014116,camera_surveillance
nan,41.95978659957194,-87.788151199818,camera_surveillance
Affinity Optical,41.95340520008995,-87.7891348998557,optician
China Chef,41.954076800304165,-87.78702720014513,fast_food
Dunkin',41.95382309975628,-87.78700600042652,fast_food
Jewel-Osco,41.953968399622,-87.78768700035477,supermarket
Subway,41.953907500231026,-87.78701879957788,fast_food
Huntington Bank,41.953809799682574,-87.78726330006123,bank
A's Restaurant & Pancake House,41.95309250041862,-87.7863653998433,restaurant
Osco Drug,41.95397039971425,-87.78746829962228,pharmacy
J Kim Dental Ltd,41.95412820015639,-87.7870232997854,dentist
nan,41.9552153995711,-87.79100720022205,memorial
Flip,41.960213899851624,-87.77746390033872,fast_food
Idea,41.952666899857604,-87.79061670020053,furniture_shop
Maryville Center for Children,41.953690699766014,-87.79311360041231,school
Pete's Pizzeria,41.960267899643895,-87.77403029955866,fast_food
nan,41.952367000236904,-87.79585409998668,camera_surveillance
nan,41.952481000098146,-87.79570389971514,camera_surveillance
nan,41.96029199967609,-87.77257150027447,laundry
CVS Pharmacy,41.88595699991566,-87.62033149979885,pharmacy
PNC Bank,41.88694909962129,-87.62421409970091,bank
nan,41.88496280029307,-87.61289360015951,picnic_site
nan,41.88568330024418,-87.62210799988424,artwork
nan,41.88579189967646,-87.62198429993543,artwork
First American Bank,41.89323609996609,-87.61992879957438,bank
Chipotle,41.893242799915356,-87.62057329961806,fast_food
Harry Caray's Tavern,41.89146240036956,-87.60940839987774,pub
McDonald's,41.891577400276844,-87.6087561998387,fast_food
Panera Bread,41.894577099753405,-87.62210919957988,fast_food
Timothy O’Toole’s Pub,41.893242799915356,-87.62046809962305,restaurant
USS Chicago Anchor,41.89187689969924,-87.59865870003892,memorial
nan,41.89391499997731,-87.62010610001647,atm
nan,41.894494999744495,-87.60966270027336,camera_surveillance
PFC Milton Lee Olive III,41.894686600306386,-87.6099557002953,memorial
nan,41.894895900425524,-87.60967610017184,camera_surveillance
nan,41.89569030036711,-87.62016970007159,camera_surveillance
nan,41.89667320000825,-87.61711690012481,camera_surveillance
nan,41.89852410010718,-87.61850409988426,post_box
nan,41.88728080016887,-87.61271550022013,artwork
Ametric Supply Co.,41.9265673995659,-87.67104429965468,doityourself
Small Cheval,41.79933939959369,-87.59464530004055,fast_food
Hyde Park Produce,41.800023899683254,-87.59549300010184,greengrocer
South Loop Montessori School,41.871600099565,-87.62917109986631,school
Family Planning Associates,41.88299120038363,-87.6448274000644,clinic
The Goddess and Grocer,41.884097100301005,-87.65032969965586,cafe
nan,41.88285220026887,-87.64430500007563,camera_surveillance
nan,41.88304410030503,-87.6450269002712,camera_surveillance
nan,41.883255799815345,-87.64791989968359,camera_surveillance
Walgreens,41.9329964001638,-87.6480961002548,chemist
The Ritz-Carlton Chicago,41.89782279978243,-87.62228270038628,hotel
Sultan's Market,41.91033390008948,-87.67974889979183,restaurant
The Royal Sonesta Chicago River North,41.891149299600556,-87.62780159966405,hotel
Pops For Champagne,41.89258599984407,-87.62793510042451,bar
Intelligentsia,41.938256300088256,-87.64418130012689,cafe
Whole Foods Market,41.8682106995642,-87.6387819000646,supermarket
nan,41.86919679989245,-87.64109119989894,tower
Charleston,41.91987950033871,-87.68048240034244,bar
Menorah,41.997405300114565,-87.70341879973779,artwork
Tel Aviv Kosher Bakery,41.9976152000815,-87.70391869958826,bakery
nan,41.99095220038379,-87.70806990000585,post_box
CVS Pharmacy,41.968903699845896,-87.67945670016655,pharmacy
nan,41.84175109993339,-87.619133799785,drinking_water
Center Court,41.83569260023336,-87.62578770014221,fast_food
IIT Campus Bookstore,41.83548270026648,-87.62555449964043,bookshop
Jimmy John's,41.830813799717134,-87.62708850023404,fast_food
Man on a Bench,41.835506099726786,-87.62751340022322,artwork
Pritzker Fountain,41.83487289966462,-87.62700240004068,fountain
nan,41.834518900426986,-87.6268946999304,fountain
nan,41.83459409993782,-87.6288037996556,post_box
Starbucks,41.830833600090614,-87.62681250009678,cafe
The BOG,41.83543359998072,-87.62827950029867,bar
7-Eleven,41.83520260011994,-87.62609500028401,convenience
nan,41.838486999775284,-87.60682300008136,drinking_water
Jimmy John's,41.88589199961615,-87.64315450008007,fast_food
Kasey's Tavern,41.87317539972497,-87.62895209965961,bar
Walgreens,41.79560339997698,-87.58798790042124,pharmacy
Pazzo's,41.8775139999712,-87.63542210034961,restaurant
nan,41.87939699957195,-87.62621839985923,atm
Subway,41.87926690004747,-87.63408990042853,fast_food
Pepper Canister,41.89095350010399,-87.63388389992201,bar
Tio Luis,41.82382959995613,-87.68870210042155,restaurant
Jack & Ginger's,41.9178251996733,-87.67952159974197,restaurant
Le Bouchon,41.917566700343,-87.67776299976259,restaurant
Milk and Honey Cafe,41.90337209974268,-87.67575809975648,restaurant
Starbucks,41.91757579968345,-87.68027389972065,cafe
Cafe Bella,41.92448620017802,-87.71128310033475,cafe
Cafe Con Leche,41.93039799976793,-87.70982769958863,bakery
El Cid #2,41.929753999747334,-87.70722670015203,restaurant
Floyd's Pub,41.91748859961922,-87.68517220023682,bar
Lula Cafe,41.92768150040098,-87.70680109959102,restaurant
New Wave Coffee,41.927915500400104,-87.70511970011404,cafe
Red Star Liquor,41.93073729958678,-87.7099240997174,convenience
Roundhouse,41.927480799599266,-87.70447720016261,bar
Small Bar,41.93557810014926,-87.70532380035309,bar
The Burlington,41.92448010007661,-87.71316400001854,bar
Bar On Buena,41.95856900025922,-87.65360009956493,bar
nan,41.98901959957493,-87.66765470000439,drinking_water
CB2,41.91116780005399,-87.64860730008678,furniture_shop
Rayan's Discount Liquor,41.96174009972589,-87.66902549972701,beverages
Urban Vegan,41.96146790012352,-87.66948410001118,restaurant
Munno Pizzeria & Bistro,41.966926800231704,-87.66726059999667,restaurant
Rayan's Liquors,41.965134599782004,-87.66652830004097,beverages
Fin,41.96533369979045,-87.67272150019704,restaurant
nan,41.96778869968881,-87.67487630010112,car_sharing
Raising Cane's,41.949096100304814,-87.65825460016964,fast_food
Brehon Pub,41.89575279965203,-87.63396549990784,pub
Dunkin',41.87789860044012,-87.64146849967148,fast_food
nan,41.960414099731,-87.76462709976079,camera_surveillance
nan,41.96042110005379,-87.7641050001456,camera_surveillance
nan,41.90182479997458,-87.77496979971647,camera_surveillance
Historical Route 66 Starting Place,41.87949279985287,-87.62496570000701,tourist_info
Jimmy John's,41.96551160008033,-87.65944649955628,fast_food
nan,41.86913050007257,-87.68373819975807,post_box
Starbucks,41.89262969970093,-87.62837169969413,cafe
Piece Brewery & Pizzeria,41.91029370039399,-87.67606210028566,restaurant
Torres-Omar Jewelry,41.929375799753416,-87.70818589995929,jeweller
Armitage Bike Shop,41.91715210028923,-87.71691419993033,bicycle_shop
Nuevo Estilo,41.92417789999013,-87.72690279992423,hairdresser
Celeste's Flower Shop,41.92434849958363,-87.72518240044741,florist
Burrito Joint,41.92433049965291,-87.72596289956812,restaurant
Pozoleria Iguala #1,41.92436729991101,-87.7232268003765,fast_food
Marie's Bakery,41.92431210042315,-87.72373500007018,bakery
Ecuador Fashion,41.92437130009546,-87.72396709980177,clothes
Crystal Optical,41.92471009989123,-87.72142299957176,doctors
Fantasticos Tuxedo Rental,41.92439080009541,-87.72154110034148,clothes
Lina's Beauty Salon,41.924370899897156,-87.72230819956371,hairdresser
Peachtree Nursery and Preschool,41.92435890024308,-87.72243150021353,kindergarten
Dona Maris Carniceria y Fruteria,41.92440279974949,-87.72172879964432,greengrocer
Cafe Marie-Jeanne,41.899403299822495,-87.69650930036386,cafe
California Clipper,41.89947219958242,-87.69695709979027,bar
Shokolad,41.895843800251214,-87.69040509981545,restaurant
Archie's,41.89764200007829,-87.6919567999663,bar
Puerto Rico Food and Liquors,41.89922309996615,-87.69171850030853,convenience
nan,41.89823639979005,-87.61752049967129,waste_basket
nan,41.89932600039464,-87.61824060032342,waste_basket
Cafe Jumping Bean,41.85772379961372,-87.662812400272,cafe
Market Creations,41.88465149996682,-87.62376709977178,restaurant
Wildberry Pancakes and Cafe,41.884678399588495,-87.62281750022743,restaurant
nan,41.92985459971004,-87.71252290031157,bench
nan,41.92981969971942,-87.7124613003487,bench
nan,41.92985370038804,-87.71245730016426,bench
nan,41.929818800397356,-87.71251770043148,bench
Fifth Third Bank,41.96877179987871,-87.68928909961221,bank
Welles Park Swimming Pool,41.9627867999709,-87.68689919983814,swimming_pool
Hilltop,41.975964600086286,-87.69913539987874,restaurant
The Cheesecake Factory,41.89869550009729,-87.6236894999704,restaurant
Pizza Capri,41.79938389984716,-87.58891620042226,restaurant
Five Guys,41.79966979972153,-87.58945269998208,fast_food
Valois,41.79968380036712,-87.58832880013398,restaurant
Woodlawn Tap,41.79519850001083,-87.59685230019346,bar
Starbucks,41.795216699591094,-87.59672150009709,cafe
Koziol Car Wash,41.93879519993857,-87.76221369980237,car_wash
Athleta,41.943934099678984,-87.66373129965973,clothes
Southport Fitness,41.944049300135134,-87.66363290033803,sports_centre
Noodles & Company,41.94404339968321,-87.66373999970119,restaurant
Potbelly,41.944275799788386,-87.6641308000963,fast_food
J.Crew,41.94420049955346,-87.66376769971953,clothes
Indira Aveda Salon Spa,41.94444860002295,-87.66378270041128,hairdresser
AMC River East 21,41.89140920007458,-87.61875730040907,cinema
Kinzie Chophouse,41.88929419966763,-87.63419720034051,restaurant
Jewel-Osco,41.961294400216445,-87.6534798997775,supermarket
IIT Institute of Design,41.88882730043963,-87.63281039987999,university
Chicago Cut Steakhouse,41.888178599662695,-87.63337110019609,restaurant
nan,41.77728460020421,-87.59492080015474,drinking_water
nan,41.77492830000108,-87.59629679975745,drinking_water
nan,41.78639399958348,-87.59393760014012,drinking_water
nan,41.78214349962286,-87.59486619961541,drinking_water
Sandwich Me In,41.93740709995774,-87.64840860027664,restaurant
Chase,41.93731479983819,-87.64894530038526,bank
Subway,41.937132300415385,-87.6480032002874,fast_food
Dunkin',41.87800090012149,-87.63483860042106,fast_food
Giordano's Pizzeria,41.87799890002924,-87.63473429974812,restaurant
India House,41.89143900000988,-87.63039399978322,restaurant
Jimmy John's,41.87821499992236,-87.63460460042194,fast_food
nan,41.78746289959321,-87.59885450043481,drinking_water
nan,41.78740899962571,-87.59388289977596,drinking_water
nan,41.80783569965786,-87.60412930032692,drinking_water
nan,41.79560010036437,-87.60687680022409,drinking_water
nan,41.810113099639864,-87.58972670002714,drinking_water
nan,41.8037410998719,-87.60460400027438,drinking_water
nan,41.79249960037629,-87.57980249958564,drinking_water
nan,41.809608199558795,-87.58740929999914,drinking_water
nan,41.81209760032402,-87.59945279960698,drinking_water
nan,41.79248049967538,-87.58319320000612,drinking_water
nan,41.798601499559595,-87.59704149956553,drinking_water
nan,41.80043980015671,-87.59645870020881,drinking_water
nan,41.7987434998127,-87.59015290043595,drinking_water
nan,41.79633900044456,-87.59450369998575,drinking_water
nan,41.870665499813015,-87.62871849985885,drinking_water
nan,41.80442989962023,-87.59209669960296,drinking_water
nan,41.80575750040839,-87.59281690007981,drinking_water
nan,41.82761250011686,-87.61024449958393,drinking_water
nan,41.82920370029058,-87.61050859989194,drinking_water
Morse Fresh Market,42.00809730035019,-87.66705930024648,supermarket
First Slice,41.966262099616245,-87.70130370040539,cafe
nan,41.78262340034968,-87.59156410040288,drinking_water
La Palapa Mariscos,41.83243589969709,-87.67554130019079,restaurant
Cermak Fresh Market,41.831000999896276,-87.67610449972284,supermarket
Bridgeport Coffeehouse,41.837863700349544,-87.65097760003619,cafe
nan,41.99456480042528,-87.6651653999632,post_box
nan,41.99468440036486,-87.66055729987943,post_box
nan,41.87152139989274,-87.65850150004417,drinking_water
Potbelly,41.88029820030175,-87.6296143001598,fast_food
nan,41.993659200211994,-87.66013189986722,car_wash
Ann Sather,41.994442800195145,-87.66012920010246,restaurant
Summer,41.99442490008914,-87.65940920017442,restaurant
Subway,41.994386900135396,-87.65991200033852,fast_food
Anvil,41.994323399905056,-87.65978349980861,bar
Revival Social Club,41.9944466996555,-87.65969209991044,restaurant
Gino's North,41.994408500052316,-87.65897069973795,restaurant
Pete's Pizza,41.99469549979756,-87.65851999999796,restaurant
nan,41.99442080007992,-87.6585348001409,convenience
Jimmy John's,41.993802900183766,-87.6601629003975,fast_food
Currency Exchange,41.994261399743834,-87.6601549000286,bank
nan,41.99366299984763,-87.66985390033722,laundry
nan,41.78957890004625,-87.59144739987755,post_box
nan,41.981327000240924,-87.71860440017286,bookshop
Logan Theater,41.929802099987,-87.70885740034873,cinema
Prosecco,41.89521649974171,-87.6344592996569,restaurant
Terzo Piano,41.88001579968943,-87.62234569969422,restaurant
Citibank,41.91837590042752,-87.64823530001905,bank
Subway,41.837736000216296,-87.64572940029154,fast_food
The Second City,41.91161270006609,-87.63489179981667,theatre
Freshworks Dental Studio,41.95212619956453,-87.67757760002621,dentist
Will's Northwoods Inn,41.93723560014291,-87.65908039994048,bar
Salam,41.965756999885684,-87.70873399987414,restaurant
O'Leary's Public House,41.89202690032124,-87.63391030041998,pub
nan,41.93676440035682,-87.6978349001605,post_box
The Monkey's Paw,41.92782730028972,-87.66361429966014,restaurant
Jewel-Osco,41.892170600293014,-87.6285728996196,supermarket
Immediate MD,41.91906549967314,-87.66019060041583,clinic
nan,41.93986650023885,-87.72488769980748,camera_surveillance
nan,41.939612199843225,-87.72437120027064,camera_surveillance
The Coffee Studio,41.98428750006815,-87.66912130000793,cafe
Dunkin',41.976034300242816,-87.692761099645,fast_food
nan,42.01926379998446,-87.69948999986354,camera_surveillance
nan,41.961583999901734,-87.67574369981185,atm
SoFo Tap,41.972435899597144,-87.6677551003176,pub
nan,41.883037500180535,-87.64805929999665,camera_surveillance
Greek Islands,41.878985299831754,-87.64750919998954,restaurant
Kabuki,41.92754720014324,-87.64147139998511,restaurant
Johnny Sprockets,41.93888259965229,-87.64464599961315,bicycle_shop
Subway,41.97898400011155,-87.66034100033687,fast_food
nan,41.998110499899724,-87.6595762996065,camera_surveillance
nan,41.999954200026366,-87.67219879983469,tower
nan,41.69457650030529,-87.65943900010973,camera_surveillance
nan,41.68242779980318,-87.6619489998464,camera_surveillance
nan,41.712187000329834,-87.65267150008964,camera_surveillance
Beer Temple,41.938666200284956,-87.69703030010822,beverages
nan,41.751032600074495,-87.61473399977422,camera_surveillance
nan,41.751042999834624,-87.61423729971159,camera_surveillance
nan,41.88485810032114,-87.62208020004118,bench
nan,41.88486769968466,-87.62100739967173,bench
nan,41.88557419988945,-87.62102550032654,bench
Target,41.930800699992346,-87.64420859994686,department_store
Papa John's,41.93056300018236,-87.64400840006755,fast_food
Holiday Inn Chicago Mart Plaza,41.88813560037772,-87.63784730031261,hotel
Young Lincoln Statue,41.989781700365256,-87.6694363001451,artwork
Jewel-Osco,41.68024810036957,-87.66460600006684,supermarket
Familia Foods,41.92074549980504,-87.72200429975857,convenience
Lyndale Foods,41.921943900390715,-87.72167040036862,convenience
360 Chicago,41.89897980007777,-87.62317630004617,viewpoint
nan,41.78073290040311,-87.58343730029117,drinking_water
nan,41.64702230023903,-87.61273269975425,water_tower
nan,41.77930969988279,-87.58092690035613,drinking_water
nan,41.776247500221984,-87.57959470043505,drinking_water
Taza,41.885374599857926,-87.63558740023831,restaurant
Lawrence Fish Market,41.96841900033667,-87.72495010016695,restaurant
UP Comedy Club,41.91133540040846,-87.63562690026117,bar
B.L.U.E.S.,41.92774310036384,-87.64869259988353,bar
Starbucks,41.95335409971199,-87.7378642999974,cafe
Jewel-Osco,41.720275099915966,-87.58277230020144,supermarket
nan,41.79179870024984,-87.59282999960476,drinking_water
Marshalls,41.926641299556366,-87.78818630035744,department_store
nan,41.92285619965395,-87.79169349985511,water_tower
Starbucks,41.888497599984305,-87.63445609986906,cafe
The Green Post,41.96820019977946,-87.69360950027817,bar
Six Corner's Parklet,41.95310750021105,-87.7499214998773,park
nan,41.96360040043817,-87.6922811998175,car_sharing
Tata's Tacos,41.953174300053945,-87.75103330024655,restaurant
Las Tablas,41.95358029989097,-87.75082939965705,restaurant
Irving Hotel - SRO,41.95315299961129,-87.74911549958063,motel
Lorch Bros. Flowers,41.95357989969267,-87.7512356998676,florist
LaPorte Landromat,41.95357889964657,-87.75140209962717,laundry
Mr. Submarine,41.952326199794356,-87.74768769992738,fast_food
Hong Kong Restaurant,41.95182010001764,-87.74746099972532,restaurant
Athletico Physical Therapy,41.95501509986701,-87.74991799971588,doctors
DentalWorks,41.95454540015015,-87.74971410002564,dentist
Aldi,41.80338849997935,-87.70572439976121,supermarket
"Al Khyam Grocery, Bakery & Restaurant",41.967819200196004,-87.70865919966229,bakery
Starbucks,41.96455109985345,-87.7088136995925,cafe
Blanz Pantry,41.96570140019952,-87.70875109958354,convenience
The Coffee & Tea Exchange,41.942394800279885,-87.64426409980831,cafe
Dunkin',41.888581500435976,-87.6344596998552,fast_food
Jimmy John's,41.89093850031162,-87.63232699989112,fast_food
Subway,41.89009729965073,-87.63638990037356,fast_food
Farm Bar,41.96161189956956,-87.67878669984628,pub
Aroy Thai,41.96670450041239,-87.67931939977046,restaurant
Roti,41.884599299717934,-87.63418519978711,fast_food
Starbucks,41.939840199565595,-87.65077959989856,cafe
Joy's Noodles & Rice,41.94268310044481,-87.6443287997343,restaurant
Replay Lincoln Park,41.93376770011929,-87.65366049983214,pub
Binny's Beverage Depot,41.93677840010315,-87.64845420040098,beverages
Starbucks,41.97633810022319,-87.9054609996254,cafe
Manchu Wok,41.97570800012414,-87.90338419972102,fast_food
Subway,41.975735299944176,-87.90332180026081,fast_food
The Great American Bagel Bakery,41.97570719972754,-87.90313400023388,fast_food
Half Moon Empanadas,41.97573470009638,-87.90322320039036,fast_food
nan,41.9762305997624,-87.90487839991818,playground
Bank of America,41.97619819988705,-87.90468070015413,atm
Lincoln Memorial Replica,41.97587780022036,-87.90425360042326,artwork
Cubs Bar & Grill,41.975459299806914,-87.90299860010526,restaurant
nan,41.97553290032312,-87.90313889974038,tourist_info
BMO,41.975642599626326,-87.9033561004037,atm
EaThai,41.9339805003998,-87.70721580036883,restaurant
Staropolska Restaurant,41.93615599999947,-87.71936630041438,restaurant
J. C. Lind Bike Co.,41.906098999769085,-87.63432639964361,bicycle_shop
Eggy's,41.88540880017604,-87.61883929969389,restaurant
nan,41.93349300040171,-87.63510800043383,drinking_water
nan,41.93372000007798,-87.63153500024004,drinking_water
nan,41.94807800029952,-87.64228400040628,drinking_water
nan,41.96378940016075,-87.64628580004961,drinking_water
nan,41.97321800041044,-87.64810499994576,drinking_water
nan,41.97506479960089,-87.64891529990115,drinking_water
nan,41.979728000247064,-87.65112380012323,drinking_water
nan,41.983768000392956,-87.65144600023268,drinking_water
O'Shaughnessy's,41.96503699995765,-87.67386289995284,bar
SP Parking,41.96624120027121,-87.68680920018443,car_rental
nan,41.92142010015755,-87.62937589977793,drinking_water
nan,41.91669090006502,-87.62771749956289,drinking_water
nan,41.91795709964049,-87.62838830027982,drinking_water
nan,41.91345199980998,-87.62435090007392,drinking_water
nan,41.91520389984015,-87.6296852998367,drinking_water
Bockwinkel's,41.88663790001914,-87.62210639999034,supermarket
Walgreens,41.93787800026956,-87.64990250010027,pharmacy
nan,41.90326150021809,-87.62374640007624,drinking_water
nan,41.90447189955859,-87.62415280011157,drinking_water
nan,41.90616009970887,-87.62474009967582,drinking_water
nan,41.91362859968018,-87.62417189991322,drinking_water
nan,41.86311420016028,-87.61384660004052,drinking_water
nan,41.86806830001211,-87.61601040035964,drinking_water
nan,41.875504300283296,-87.61684969985373,drinking_water
nan,41.8761662004099,-87.61687649965069,drinking_water
nan,41.89298900044207,-87.61345800028647,drinking_water
nan,41.90203860030124,-87.62270289961907,drinking_water
nan,41.85779449981635,-87.6135814996864,drinking_water
Trader Joe's,41.893491500232585,-87.62626990043555,supermarket
Starbucks,41.89351239957762,-87.62658849965948,cafe
Columbia College Chicago Library,41.87358229978338,-87.62450540000418,library
nan,41.81706360000521,-87.59408030006574,drinking_water
nan,41.87078330020921,-87.62386199983138,drinking_water
Green Grocer,41.891178600412104,-87.66253559973808,convenience
Hala In,41.96818050013002,-87.74395559977108,restaurant
Pottawattomie Dog Park,42.01706099966543,-87.67677099988168,dog_park
Leadway Bar & Grill,41.977057600128205,-87.67925369979838,bar
nan,41.983688000301015,-87.65169099983973,tourist_info
nan,41.97102359975935,-87.64698250034206,drinking_water
nan,41.966502000067294,-87.6463350001601,drinking_water
nan,41.9517092999443,-87.6418086997117,drinking_water
nan,41.90154839963901,-87.62159010010299,drinking_water
nan,41.87880500015069,-87.61674800002015,drinking_water
nan,41.85192080000496,-87.61034749983719,drinking_water
Miller’s Pub,41.87982420002686,-87.62635999991403,restaurant
Potbelly,41.87948500003279,-87.63764320007357,fast_food
Starbucks,41.8790457999238,-87.63649780013333,cafe
SkyDeck Chicago Willis Tower,41.87850459960765,-87.63588679983593,attraction
Morningstar Inc.,41.88335069987494,-87.62883439998751,bank
Argo Tea,41.97737120002091,-87.8997191997812,cafe
Gold Coast Dogs,41.977088900132685,-87.89826050032178,fast_food
Goose Island Brewery Restaurant,41.97683299984311,-87.89712910012781,pub
Hudson News,41.97683120029973,-87.89727389997046,newsagent
Hudson News,41.977288599988924,-87.89855520006239,newsagent
ICE Dishes and Drinks,41.977391600242186,-87.89892649955829,restaurant
McDonald's,41.977143200298485,-87.89848339998889,fast_food
Starbucks,41.977354799984084,-87.89879280004766,cafe
Windy City Carvers,41.977088900132685,-87.89783589980692,fast_food
BMO,41.97708699986521,-87.89815650002242,atm
Bank of America,41.977140399809684,-87.89813430025771,atm
Accessory Boutique,41.97603809987845,-87.9011513998172,clothes
Argo Tea,41.97588540039095,-87.90264610003743,cafe
CIBO Express,41.97584610001758,-87.90271049958983,convenience
Chili's,41.9763787999417,-87.90149240025403,restaurant
Garrett Popcorn,41.976211199587226,-87.90199719961106,fast_food
Hudson,41.976380300010874,-87.90101890000221,convenience
Hudson News,41.97683669965403,-87.90122889979386,newsagent
InMotion Entertainment,41.976149599624364,-87.90211309973972,video_shop
Oakley,41.97593670041846,-87.90214639983645,optician
Starbucks,41.97581709957956,-87.90241410013056,cafe
Talie,41.97590860020176,-87.9021962996195,clothes
The Field Museum Store,41.976686600106575,-87.90094650008086,toy_shop
The Great American Bagel Deli,41.976290099808296,-87.90107630013108,fast_food
BMO,41.97614799973047,-87.90163930001364,atm
Bank of America,41.97616920034835,-87.9015951001337,atm
B-smooth,41.97514359999718,-87.89985989961463,fast_food
BJ's Market & Bakery,41.97430259988511,-87.89715990010927,fast_food
Barbara's Bookstore,41.97528300031024,-87.90029449969137,bookshop
Brioche Dorée,41.97432510002341,-87.8970582002757,fast_food
Brioche Dorée,41.97432510002341,-87.8970582002757,bakery
Brooks Brothers,41.97563749957101,-87.90077899955116,clothes
Bubbles,41.975375300429846,-87.90055049980566,bar
Burrito Beach,41.975097700398635,-87.89993590042144,fast_food
CNN Newsstand,41.97484110043649,-87.90033110029998,newsagent
Dunkin',41.975059800269605,-87.9003508997742,fast_food
Facades,41.97440889975098,-87.89699219993003,bar
Fresh Attractions,41.97466530006358,-87.90025370014808,convenience
Hudson News,41.97339169996701,-87.90034989972804,newsagent
Hudson News,41.97477639961119,-87.89782330030505,newsagent
Hudson News,41.97517699991869,-87.89930270035927,newsagent
Hudson News,41.97662800028206,-87.90105859967457,newsagent
La Tapenade,41.973167300230784,-87.90032040016632,cafe
Bank of America,41.97564109955715,-87.90316530023836,atm
Bank of America,41.97564109955715,-87.90316530023836,jeweller
Liberty Duty Free,41.97514329962365,-87.89966960037174,gift_shop
Manchu Wok,41.97495899975809,-87.90020219957182,fast_food
McDonald's,41.97401410007069,-87.90053859997636,fast_food
McDonald's,41.974858999643175,-87.89856769973949,fast_food
McDonald's,41.97499990002541,-87.90012750008401,fast_food
O'Briens,41.974907500081144,-87.90031270017096,restaurant
Prairie Tap,41.97520390043968,-87.8998215003619,fast_food
Reggio's Pizza Express,41.975058400025205,-87.90001429972011,fast_food
Romano's Macaroni Grill,41.975779700372925,-87.90062799978233,restaurant
Rush Street,41.973272400401015,-87.90054060006861,bar
Skyscrapers,41.97480110039055,-87.89833679970349,restaurant
Starbucks,41.97322840017057,-87.90033630018007,cafe
Starbucks,41.97442319987084,-87.89715720034451,cafe
Starbucks,41.974588999782554,-87.90033070010168,cafe
Starbucks,41.975249100365716,-87.90001779988154,cafe
Sunglass Hut,41.97513830029237,-87.8995821997587,optician
The Great American Bagel,41.973948400098664,-87.90053859997636,fast_food
Tortas Frontera,41.97543180033739,-87.90021589984389,restaurant
Travelers Aid Chicago,41.976132099716665,-87.90124229969234,tourist_info
Wolfgang Puck Express,41.974659299786936,-87.8978271997654,restaurant
Bank of America,41.97513880031545,-87.90049399989812,atm
BMO,41.975380899608865,-87.90004280013505,atm
Chase,41.97537979973799,-87.66850299991347,bank
Middle East Bakery & Grocery,41.97629479966531,-87.6689089997505,convenience
Taste of Lebanon,41.976068399836834,-87.66888930010106,restaurant
Andersonville Wine & Spirits,41.97630649984512,-87.6682585003295,beverages
Chicago Flower Company,41.917573099918684,-87.66748630015258,florist
Daffodils,41.917666900107406,-87.67653609966123,florist
Pistil & Vine,41.9166729001343,-87.67775109993329,florist
Asrai Garden,41.91037290008933,-87.67643439982766,florist
Olivia's Market,41.912395600376726,-87.67811859979349,convenience
Lincoln Tavern,41.91244750025197,-87.67492679973196,bar
Club Lucky,41.9124814001965,-87.67371169963519,restaurant
Bucktown Market,41.912499400127274,-87.67246719980142,convenience
Lucia’s Gourmet Italian Cuisine,41.9104118002644,-87.67363159971853,restaurant
Jewel-Osco,41.906535299564496,-87.66946059982678,supermarket
Lillstreet Gallery & Artisan Gift Shop,41.96170400003962,-87.67335520028223,gift_shop
nan,41.882917000019575,-87.6175496997588,bench
Urban Holiday Lofts,41.91246550018275,-87.67815110039294,hostel
Starbucks,41.88241560009993,-87.62470969989272,cafe
Target,41.88189820034171,-87.62750530002955,department_store
Graham Crackers Comics,41.881985699880204,-87.62496379973953,bookshop
Caffè Oliva,41.893123000326284,-87.6128059000722,restaurant
nan,41.89312510024325,-87.61248369996275,atm
Caffè Oliva concession,41.893031899902326,-87.61362819968161,fast_food
The Dock Concession,41.964870500373365,-87.63595299983103,fast_food
nan,41.96462930040195,-87.63572700020086,atm
nan,41.9247218000711,-87.71717260033518,post_box
Jewel-Osco,41.8327673996958,-87.61465799986678,supermarket
Jewel-Osco,41.7959880004459,-87.72502810016664,supermarket
nan,41.793057000180454,-87.61295980015461,drinking_water
nan,41.792335000160165,-87.60938040038513,drinking_water
nan,41.920208000199125,-87.66422000025278,drinking_water
Pete's Market,41.80755899984803,-87.70536779968415,supermarket
Molly’s Cupcakes,41.86774609990266,-87.62605200009966,cafe
Five Guys,41.86783699977775,-87.62605200009966,fast_food
57th Street Books,41.79131690015487,-87.59463369968546,bookshop
Maroon Financial Credit Union,41.79440200015222,-87.60012859965514,bank
nan,41.79440300019837,-87.60000400038427,atm
Dunkin',41.86661309981474,-87.62558540034593,fast_food
Wabash Tap,41.8665551996628,-87.62558550017064,bar
First American Bank,41.86648129967227,-87.62558819993546,bank
Lou Malnati's Pizzeria,41.8715531999203,-87.62733940029307,restaurant
Sweet Bean,41.8676519004149,-87.62606380010425,cafe
Subway,41.86716200012626,-87.62438370014763,fast_food
Trader Joe's,41.867843799551736,-87.62563859974154,supermarket
Yolk - South Loop,41.868825500396554,-87.62453820007784,restaurant
Walgreens,41.86759989981556,-87.62724419985989,chemist
TrueNorth Cafe,41.79133569958293,-87.59384789996056,cafe
Noodles Etc,41.79133299981817,-87.59342230029887,restaurant
Medici Bakery,41.79132879998417,-87.59362949960166,bakery
Dunkin',41.86764399987072,-87.62655569958582,fast_food
Glazed and Infused,41.89910790040932,-87.62158299995542,bakery
nan,41.94044430026429,-87.68984860023266,comms_tower
Aberdeen St & Jackson Blvd,41.87776149969352,-87.65482229980927,bicycle_rental
Ashland Ave & Augusta Blvd,41.89962399974786,-87.66839340043504,bicycle_rental
Canal St & Adams St,41.87924780024582,-87.64000730009678,bicycle_rental
Cannon Dr & Fullerton Ave,41.92675199980499,-87.63445700009044,bicycle_rental
Wells St & 19th St,41.85680199991242,-87.6338790004155,bicycle_rental
Clark St & Randolph St,41.88456229981034,-87.63191399973124,bicycle_rental
Clinton St & Lake St,41.885613100064575,-87.6418677995593,bicycle_rental
Clinton St & Madison St,41.88215709987031,-87.6410819998344,bicycle_rental
Clinton St & Roosevelt Rd,41.86713230001567,-87.64109470006031,bicycle_rental
Clinton St & Tilden St,41.87586600041561,-87.64074539978031,bicycle_rental
Clinton St & Washington Blvd,41.883407599980785,-87.64114290012469,bicycle_rental
Damen Ave & Pierce Ave,41.90940400019451,-87.67771069968899,bicycle_rental
Dayton St & North Ave,41.91057800037447,-87.64942189970088,bicycle_rental
Dearborn St & Monroe St,41.88130980000733,-87.62953460044145,bicycle_rental
Daley Center Plaza,41.88418120040211,-87.62964069975845,bicycle_rental
Desplaines St & Kinzie St,41.88861069962417,-87.64444250012127,bicycle_rental
Fairbanks Ct & Grand Ave,41.89185999963934,-87.62061999961327,bicycle_rental
Franklin St & Chicago Ave,41.89680200001237,-87.63563839989223,bicycle_rental
Milwaukee Ave & Grand Ave,41.89159910001848,-87.64838870007839,bicycle_rental
Jefferson St & Monroe St,41.88042200007527,-87.64274600012777,bicycle_rental
Kingsbury St & Erie St,41.89382119978859,-87.64180559974858,bicycle_rental
Clark St & Ida B Wells Dr,41.87593969985733,-87.63061130027126,bicycle_rental
Larrabee St & Kingsbury St,41.897744000285456,-87.64288400019643,bicycle_rental
Larrabee St & Menomonee St,41.91472290014178,-87.64337360011154,bicycle_rental
Larrabee St & North Ave,41.91020999959187,-87.64349999982511,bicycle_rental
May St & Taylor St,41.869388500279115,-87.65547540006963,bicycle_rental
McCormick Place,41.85151110035707,-87.61886010011347,bicycle_rental
Michigan Ave & Lake St,41.88604910038572,-87.62434959965424,bicycle_rental
Michigan Ave & Pearson St,41.89763899993994,-87.62351399997107,bicycle_rental
Michigan Ave & Washington St,41.88388499969301,-87.62469379987891,bicycle_rental
Morgan St & 18th St,41.858085999769116,-87.6510730001188,bicycle_rental
Carpenter St & Huron St,41.89455130000255,-87.65345329963003,bicycle_rental
Morgan St & Lake St,41.88548330001436,-87.65230489955144,bicycle_rental
Field Museum,41.865299700221044,-87.61799909997842,bicycle_rental
Eckhart Park,41.89637240016617,-87.66100000014984,bicycle_rental
Noble St & Milwaukee Ave,41.90067999988213,-87.6626000001898,bicycle_rental
Ogden Ave & Chicago Ave,41.896361000359946,-87.65408349955385,bicycle_rental
Orleans St & Elm St,41.902923999942686,-87.63771500014713,bicycle_rental
Calumet Ave & 18th St,41.85761100034745,-87.61940700033279,bicycle_rental
Racine Ave & 18th St,41.8581816004006,-87.65650139971979,bicycle_rental
Racine Ave & Congress Pkwy,41.874639999636315,-87.65702999963474,bicycle_rental
Racine Ave & Fullerton Ave,41.92559670012764,-87.65836850020611,bicycle_rental
Clark St & Armitage Ave,41.91828880018801,-87.63633520000946,bicycle_rental
Sheffield Ave & Fullerton Ave,41.925601900007734,-87.65370800022401,bicycle_rental
Sheffield Ave & Kingsbury St,41.910612900365095,-87.65321149981082,bicycle_rental
Sheffield Ave & Willow St,41.9136879999013,-87.65285499955854,bicycle_rental
State St & Randolph St,41.88469109981446,-87.62777930007462,bicycle_rental
Stetson Ave & South Water St,41.88684300030428,-87.62243780016433,bicycle_rental
Wabash Ave & Roosevelt Rd,41.86717299973418,-87.6259550001231,bicycle_rental
Wells St & Huron St,41.89472849972054,-87.63442300032119,bicycle_rental
Wells St & Walton St,41.899930000369295,-87.63443009956939,bicycle_rental
Wilton Ave & Diversey Pkwy,41.932324499576055,-87.65270890019553,bicycle_rental
Wood St & Milwaukee Ave,41.90764700010902,-87.67258960022986,bicycle_rental
Joy Yee Noodle,41.8643962997495,-87.64664979974845,restaurant
Tamale's Garibay,41.952004499707925,-87.70777100043131,restaurant
Apple Bite Liquor,41.93537790026994,-87.64407660015496,supermarket
nan,41.935957900037124,-87.64410099966136,cafe
Fat Lee Supermarket,41.84393679964364,-87.63272269979274,supermarket
Potbelly,41.98974650000105,-87.70545859973453,fast_food
nan,41.91291920006108,-87.62539589970095,drinking_water
McDonald's,41.87799499966957,-87.63167190043782,fast_food
McDonald's,41.83898069969956,-87.6467948001399,fast_food
Reggio’s Pizza Express,41.97440300019838,-87.90335530000704,fast_food
Barbara's Bookstore,41.97527309967387,-87.90317569999854,bookshop
Brioche Dorée,41.97526250026425,-87.90334359982722,cafe
Brioche Dorée,41.97526250026425,-87.90334359982722,bakery
Chili's,41.97390990012184,-87.90334700016388,restaurant
Farmers Market,41.97552730024478,-87.90342259987307,convenience
Hudson News,41.97343150036352,-87.90317789974023,newsagent
Hudson News,41.97520639965569,-87.9033619999563,newsagent
nan,41.97576619975035,-87.90287039994894,toilet
nan,41.97571780003648,-87.90309789964829,toilet
Cafe 333,41.88631429966523,-87.63562099980925,restaurant
Goodwin's,41.88588379959771,-87.63602639979848,restaurant
Racine Bakery,41.79412779955834,-87.7752549000935,bakery
Brü Chicago,41.90984680028964,-87.67689080037013,restaurant
Subway,41.87377910022536,-87.66705439984065,fast_food
Dirty Tiff's Cafe,41.809196700367465,-87.62008419972602,restaurant
Duke's Chicago Bar and Grill,41.930023100285894,-87.64366700033179,bar
Dunkin',41.80798229994326,-87.70328910041161,fast_food
Dunkin',42.01153900042459,-87.80706309978217,fast_food
Food 4 Less,41.737551099803454,-87.62824720024804,supermarket
Galvin's Public House,41.96756110016469,-87.77498280031597,pub
Italian Fiesta Pizzeria,41.810347900035595,-87.59513060029695,fast_food
Jewel-Osco,41.70686789983375,-87.69999770043347,supermarket
Ross,41.924388399804855,-87.78960289985389,department_store
Pat's Pizzeria,41.93077070040755,-87.65588099970836,restaurant
Potbelly,41.87926199964164,-87.62464099978229,fast_food
Shark's Fish & Chicken,41.75101679988546,-87.68327460014262,fast_food
Smoke Signals BBQ,41.76442619970942,-87.62463749962086,restaurant
Subway,41.94695580017009,-87.68782720036495,fast_food
Zia's Trattoria,42.002816900379685,-87.81587349976218,restaurant
Chase,41.86772650007799,-87.62725420032103,atm
Fifth Third Bank,41.885713799852056,-87.62790800025397,atm
Hoosier Mama Pie Company,41.89622660027743,-87.66810810040846,bakery
Fleur,41.929975699718796,-87.70863790011896,florist
Heritage General Store,41.93569510014879,-87.66286280007813,bicycle_shop
Mildblend Supply Co.,41.90608580041942,-87.6710198003235,clothes
Hair Cuttery,41.868702900318624,-87.62726129956928,hairdresser
nan,41.78635100029845,-87.598802800209,drinking_water
7-Eleven,41.87171129983665,-87.62734140038526,convenience
PNC Bank,41.86709999996509,-87.62432460030004,atm
nan,41.66232849976052,-87.63003739970617,comms_tower
nan,41.66230260018489,-87.63123370037493,comms_tower
nan,41.66193429992808,-87.63108910018178,comms_tower
nan,41.661446999579425,-87.62958679979096,comms_tower
nan,41.66278729969417,-87.63088230017797,comms_tower
nan,41.66179169982712,-87.62955730022918,comms_tower
American Eagle Outfitters,41.911030600381935,-87.65375139970729,clothes
nan,41.90461029982555,-87.6973391003192,drinking_water
nan,41.90585760014818,-87.70573070041144,drinking_water
Immediate MD,41.952571200300724,-87.68810709996268,clinic
Bank of America,41.90836049973734,-87.63444069987838,bank
Hair Cuttery,41.912753099775784,-87.63495639991788,hairdresser
McDonald's,41.9110184001791,-87.63454580004861,fast_food
Topo Gigio Ristorante,41.90963940043804,-87.63484009959086,restaurant
Turin Bicycle,41.96732329963061,-87.67933129959977,bicycle_shop
INail,41.81610969990277,-87.64383509980996,beauty_shop
Kelly's Tavern,41.81424260031582,-87.64068329979443,pub
Bravo Food and Liquor,41.816083300304115,-87.6415862002429,beverages
Takito Grill,41.81614609996262,-87.64097939977944,fast_food
Joe's Barbershop,41.81612690033626,-87.64259550038201,hairdresser
5th Province,41.96506960038181,-87.7444296998707,bar
Basil Leaf,41.92729809962765,-87.64131640003183,restaurant
Dunkin',41.92387870004205,-87.63958650011688,fast_food
Firecakes Donuts,41.92700110032058,-87.64113379988493,cafe
Gaslight,41.92680310018301,-87.64150820024321,bar
Rocco Ranalli's,41.91726469990601,-87.63707960034327,restaurant
Wingstop,41.93052109986894,-87.64396510040899,fast_food
Domino's,41.93818290012081,-87.64903770032959,fast_food
Smart Bike Parts,41.91730500032554,-87.70358399980171,bicycle_shop
Mammoth Poke & Ramen,41.88563980003681,-87.62587960006346,restaurant
7-Eleven,41.8858839003218,-87.625828300036,convenience
Subway,41.89725710013511,-87.62837870001698,fast_food
Gordon's Maple Ace Hardware,41.90198480015846,-87.62932280020704,doityourself
Vas Foremost Liquors,41.92291669974594,-87.69760109981087,beverages
Gaslight Coffee Roasters,41.92463200006682,-87.69992800027694,cafe
West Town Bikes,41.902677199892935,-87.68932279990725,bicycle_shop
Boriken,41.90315599984956,-87.68962800013207,beverages
Redbox,41.975439100134395,-87.69265019974688,vending_any
nan,41.97548220014346,-87.69282700016589,atm
Design Within Reach,41.91066110042948,-87.64809060000113,furniture_shop
Backcountry,41.910045699749276,-87.65367270003503,outdoor_shop
BP Shop,41.997499799975856,-87.80715000037219,convenience
Visionworks,41.86837460010776,-87.63877670018451,optician
DSW,41.86852650009797,-87.63878209971409,shoe_shop
Panera Bread,41.86852450000572,-87.63852730019471,fast_food
Starbucks,41.92795999975425,-87.6973510001485,cafe
Citibank,41.922961000349915,-87.69716100037982,bank
Taqueria Traspasada,41.9389696998918,-87.69797319970337,restaurant
Alexander’s Restaurant,41.961189300046215,-87.68845299990596,restaurant
Noodles & Company,41.88107410028954,-87.63051349989809,restaurant
nan,41.7990912001988,-87.59366340044556,drinking_water
nan,42.022578299948634,-87.66568799960146,drinking_water
Millennium News & Views,41.884319999968056,-87.6235821002337,kiosk
Burger King,41.88444989984305,-87.62407139977523,fast_food
Chase,41.8844712002857,-87.62399110020908,atm
Starbucks,41.88447330020267,-87.62386059958698,cafe
Sbarro,41.88441759979247,-87.62413859981649,fast_food
Chicago Kernel,41.884343500152454,-87.62420019977935,fast_food
City Scents,41.884361199709645,-87.6237078002747,florist
Millennium Dogs,41.884413200308984,-87.62384399990066,fast_food
Subway,41.884396400073854,-87.62405039970616,fast_food
Taco Fresco,41.884419099861645,-87.6239133996836,fast_food
nan,41.884344600023326,-87.62395839996015,toilet
nan,41.88466770035416,-87.62170889964597,fountain
nan,41.884673699731536,-87.62132270018242,fountain
nan,41.8848543996109,-87.6215122997528,fountain
nan,41.88527650001055,-87.62214909980105,fountain
H&M,41.86843629989539,-87.63223650021428,clothes
nan,41.88456479992561,-87.6218493998299,bench
nan,41.884802800109185,-87.62126689994744,bench
nan,41.884801399864784,-87.6217844004297,bench
nan,41.884915000426986,-87.62126980026102,bench
First America Bank,41.880571599599705,-87.6291239996728,bank
Citibank,41.883056099959106,-87.62966429976757,bank
Grill Room,41.88061340008841,-87.6286511001681,restaurant
PNC Bank,41.88047559966924,-87.62968140037628,bank
DryHop Brewers,41.939307700190284,-87.64422600002985,pub
Fat Cat,41.97009560013191,-87.65995789993707,bar
Essential Nail Spa,41.92230740006653,-87.63866249977451,beauty_shop
Taqueria Moran,41.922552000374594,-87.69751899980196,restaurant
7-Eleven,41.92497000036525,-87.70043600032113,convenience
Home Insurance Building Site,41.87976369993487,-87.63188479964373,memorial
Starbucks,41.903794100317555,-87.63017859956267,cafe
Vietnam Veterans Memorial,41.79376870026533,-87.68366720008117,memorial
LaSalle St & Washington St,41.88267949985908,-87.63247269995509,bicycle_rental
Gordon's Ace Hardware - Orleans,41.89023820003297,-87.63720700010293,doityourself
Eppy's Deli,41.8849896999148,-87.63557620008152,restaurant
Naansense,41.885423999617956,-87.63558959998,restaurant
Starbucks,41.8897866000716,-87.63717880006152,cafe
Subway,41.88926160014279,-87.63716940034749,fast_food
7-Eleven,41.885599999640306,-87.63569949983201,convenience
Dunkin',41.910955800170086,-87.63805439979069,fast_food
Sedgwick St & North Ave,41.91133800034851,-87.63868149975139,bicycle_rental
Panera Bread,41.904011499730984,-87.63882569974623,fast_food
Papa John's,41.90396839972192,-87.63570619978128,fast_food
Pearle Vision,41.90402109999383,-87.63861000005141,optician
Starbucks,41.904892400064284,-87.6390533999944,cafe
Glunz Tavern,41.90404439962941,-87.6346483002788,restaurant
Ashland Ave & 13th St,41.86523400024896,-87.66650699959831,bicycle_rental
Laflin St & Cullerton St,41.85486289970311,-87.66365999960925,bicycle_rental
Ashland Ave & Belle Plaine Ave,41.95606099971542,-87.66886899970456,bicycle_rental
Ashland Ave & Blackhawk St,41.90706600029574,-87.66725199977992,bicycle_rental
Ashland Ave & Division St,41.9034550001482,-87.667879999962,bicycle_rental
Ashland Ave & Grand Ave,41.89108199973458,-87.66668740000347,bicycle_rental
Ashland Ave & Lake St,41.88592929989733,-87.66715160036603,bicycle_rental
Ashland Ave & Wellington Ave,41.936083000230326,-87.6698069997932,bicycle_rental
Ashland Ave & Wrightwood Ave,41.92882900025819,-87.66855260022231,bicycle_rental
Bissell St & Armitage Ave,41.91849479979521,-87.65223940012817,bicycle_rental
Blackstone Ave & Hyde Park Blvd,41.802618999567244,-87.59037070004774,bicycle_rental
Blue Island Ave & 18th St,41.857462200320356,-87.66161599977852,bicycle_rental
Broadway & Argyle St,41.973766700173144,-87.65966780022876,bicycle_rental
Broadway & Barry Ave,41.93760030041358,-87.6440443999291,bicycle_rental
Broadway & Berwyn Ave,41.978352999791184,-87.65975300020074,bicycle_rental
Broadway & Cornelia Ave,41.94551380022176,-87.6464768996891,bicycle_rental
Clark St & Drummond Pl,41.93124080032271,-87.64436319970184,bicycle_rental
Broadway & Sheridan Rd,41.95282449975093,-87.64999409964793,bicycle_rental
Broadway & Wilson Ave,41.96519430037671,-87.65832540019704,bicycle_rental
California Ave & Division St,41.9030414999653,-87.6975221995898,bicycle_rental
California Ave & Milwaukee Ave,41.922647000258905,-87.69709309976668,bicycle_rental
California Ave & North Ave,41.910460600176634,-87.69690329964754,bicycle_rental
Calumet Ave & 33rd St,41.83483010002914,-87.61790319987273,bicycle_rental
Campbell Ave & North Ave,41.91053500019018,-87.68955600040903,bicycle_rental
Canal St & Harrison St,41.874245100131304,-87.63957670020449,bicycle_rental
Cityfront Plaza Dr & Pioneer Ct,41.89043909958485,-87.62207679970453,bicycle_rental
Claremont Ave & Hirsch St,41.907780999993236,-87.6858539996623,bicycle_rental
Clarendon Ave & Gordon Ter,41.957897700418584,-87.64947910018032,bicycle_rental
Clarendon Ave & Junior Ter,41.96100400013455,-87.64960299977855,bicycle_rental
Clarendon Ave & Leland Ave,41.967968000223095,-87.650001000146,bicycle_rental
Clark St & Chicago Ave,41.89673970037694,-87.63074859976803,bicycle_rental
Clark St & Elm St,41.90292960002108,-87.6313226999826,bicycle_rental
Clark St & Leland Ave,41.96711889991735,-87.66747860015721,bicycle_rental
Clark St & Lincoln Ave,41.91576190039143,-87.63460539991922,bicycle_rental
Clark St & Montrose Ave,41.96155360011858,-87.666265900351,bicycle_rental
Clark St & North Ave,41.911966700203095,-87.63194829987413,bicycle_rental
Clark St & Schiller St,41.90799299987708,-87.63150099957141,bicycle_rental
Clark St & Wellington Ave,41.936496799887436,-87.64753869955132,bicycle_rental
Clark St & Winnemac Ave,41.97333119987502,-87.6678044002528,bicycle_rental
Clifton Ave & Armitage Ave,41.91821600006841,-87.65693599979653,bicycle_rental
Clinton St & 18th St,41.85794999979271,-87.64082599972005,bicycle_rental
Clybourn Ave & Division St,41.904621499982284,-87.64057520038517,bicycle_rental
Ogden Ave & Congress Pkwy,41.874998099782545,-87.67326319963689,bicycle_rental
Cottage Grove Ave & 43rd St,41.816498000182605,-87.60660139993462,bicycle_rental
Cottage Grove Ave & Oakwood Blvd,41.82298499985791,-87.60710000026478,bicycle_rental
Damen Ave & Charleston St,41.92008879955853,-87.67796450006159,bicycle_rental
Damen Ave & Chicago Ave,41.896090100277945,-87.67699229965484,bicycle_rental
Damen Ave & Cortland Ave,41.916026999846224,-87.67731980036848,bicycle_rental
Damen Ave & Coulter St,41.849200000079975,-87.67563999988607,bicycle_rental
Damen Ave & Cullerton St,41.85498399971186,-87.67562009968782,bicycle_rental
Damen Ave & Division St,41.903236300315086,-87.67845159986143,bicycle_rental
Damen Ave & Grand Ave,41.891271899678486,-87.67684389982605,bicycle_rental
Damen Ave & Leland Ave,41.967129400401575,-87.67904140044027,bicycle_rental
Damen Ave & Madison St,41.88141330028361,-87.67489699979666,bicycle_rental
Damen Ave & Melrose Ave,41.940538200277786,-87.67863539970392,bicycle_rental
Damen Ave & Sunnyside Ave,41.96319119991398,-87.6792473002227,bicycle_rental
Damen Ave & Wellington Ave,41.935878999816055,-87.67847629974142,bicycle_rental
Dearborn Pkwy & Delaware Pl,41.89894409969048,-87.6299105997943,bicycle_rental
Lake Shore Dr & Diversey Pkwy,41.932601200285205,-87.63640290007373,bicycle_rental
Emerald Ave & 28th St,41.84358099996325,-87.6454524999329,bicycle_rental
Emerald Ave & 31st St,41.83819799993779,-87.64514300004936,bicycle_rental
Fort Dearborn Dr & 31st St,41.838481700070474,-87.60814399984565,bicycle_rental
Green St & Randolph St,41.88407799960004,-87.64868399966679,bicycle_rental
Greenview Ave & Diversey Pkwy,41.932595000359015,-87.66593900038453,bicycle_rental
Greenview Ave & Fullerton Ave,41.92541479965331,-87.66582949983149,bicycle_rental
Greenwood Ave & 47th St,41.80983499958563,-87.59938299962567,bicycle_rental
Halsted St & 18th St,41.85750700004809,-87.64605039980609,bicycle_rental
Halsted St & 21st St,41.853801000016176,-87.64660569969323,bicycle_rental
Halsted St & 35th St,41.83067400010509,-87.64707679965454,bicycle_rental
Halsted St & 37th St,41.82705699968085,-87.64572049970127,bicycle_rental
Halsted St & Archer Ave,41.84720149964954,-87.64681909982158,bicycle_rental
Halsted St & Clybourn Ave,41.90955399991719,-87.64811739979814,bicycle_rental
Halsted St & Dickens Ave,41.91993600024625,-87.6488300001044,bicycle_rental
Burling St & Diversey Pkwy,41.93305569966088,-87.64775729955971,bicycle_rental
Green St & Madison St,41.88185189964548,-87.64891849968899,bicycle_rental
Halsted St & Maxwell St,41.864818699623356,-87.64712849988035,bicycle_rental
Halsted St & Polk St,41.87180209988708,-87.64663730007129,bicycle_rental
Halsted St & Roscoe St,41.94366199990145,-87.64891699961981,bicycle_rental
Halsted St & Willow St,41.91386640021426,-87.64884490007205,bicycle_rental
Hermitage Ave & Polk St,41.87151400027096,-87.66988599983898,bicycle_rental
Indiana Ave & 26th St,41.84571250023174,-87.6224953999427,bicycle_rental
Indiana Ave & 31st St,41.83881200037359,-87.62185159957164,bicycle_rental
Indiana Ave & 40th St,41.82166059975691,-87.62140950004834,bicycle_rental
Indiana Ave & Roosevelt Rd,41.86782660001762,-87.62304969978379,bicycle_rental
Kimbark Ave & 53rd St,41.79956800006323,-87.59474699987413,bicycle_rental
MLK Jr Dr & 47th St,41.80985100032348,-87.6162789999758,bicycle_rental
LaSalle St & Illinois St,41.89074899966664,-87.63206000016885,bicycle_rental
Lake Park Ave & 47th St,41.8094299997947,-87.59188710000961,bicycle_rental
Lake Shore Dr & North Blvd,41.911740199650524,-87.62681920004599,bicycle_rental
Lake Shore Dr & Wellington Ave,41.93668869992359,-87.63680639979549,bicycle_rental
Lakeview Ave & Fullerton Pkwy,41.9258579999468,-87.63897299970415,bicycle_rental
Larrabee St & Armitage Ave,41.91807830037334,-87.64374689969964,bicycle_rental
Larrabee St & Webster Ave,41.92182099993926,-87.64406950000739,bicycle_rental
Leavitt St & Armitage Ave,41.91780500000078,-87.68243700036726,bicycle_rental
Leavitt St & North Ave,41.91016259992409,-87.68226439978218,bicycle_rental
Lincoln Ave & Addison St,41.94617599982257,-87.67330800026394,bicycle_rental
Lincoln Ave & Belle Plaine Ave,41.95601660018599,-87.68031339974357,bicycle_rental
Lincoln Ave & Belmont Ave,41.93930410020414,-87.66827779978058,bicycle_rental
Lincoln Ave & Diversey Pkwy,41.93222500038354,-87.65861699997453,bicycle_rental
Leavitt St & Lawrence Ave,41.96889730027027,-87.68397550026907,bicycle_rental
Lincoln Ave & Roscoe St,41.94337030029919,-87.6709856000054,bicycle_rental
Logan Blvd & Elston Ave,41.92945760028806,-87.6841670999317,bicycle_rental
Loomis St & Jackson Blvd,41.87790659990969,-87.6620173995833,bicycle_rental
MLK Jr Dr & 29th St,41.84201659958643,-87.61692149992723,bicycle_rental
MLK Jr Dr & Pershing Rd,41.82453269982432,-87.61678309966027,bicycle_rental
Michigan Ave & 14th St,41.864059000022905,-87.62372699990107,bicycle_rental
Michigan Ave & 18th St,41.85779420034214,-87.62455169980109,bicycle_rental
Michigan Ave & Jackson Blvd,41.8778466996655,-87.62409339989046,bicycle_rental
Mies van der Rohe Way & Chicago Ave,41.89695089986418,-87.62175170018077,bicycle_rental
Milwaukee Ave & Rockwell St,41.92028579965,-87.69264010036028,bicycle_rental
Milwaukee Ave & Wabansia Ave,41.912615999928505,-87.68139099979476,bicycle_rental
Morgan St & 14th Pl,41.86242490038887,-87.65115589962505,bicycle_rental
Morgan St & 31st St,41.83778759971801,-87.6512321000813,bicycle_rental
Morgan St & Polk St,41.872004600232174,-87.6509897004143,bicycle_rental
Normal Ave & Archer Ave,41.849526999871216,-87.64059099967488,bicycle_rental
Ogden Ave & Race Ave,41.891766399999426,-87.65879419969252,bicycle_rental
Orleans St & Merchandise Mart Plaza,41.88831409961608,-87.63645389972766,bicycle_rental
Paulina St & 18th St,41.85790100023104,-87.66874500028149,bicycle_rental
Paulina St & Montrose Ave,41.96150499985589,-87.67144730025268,bicycle_rental
Peoria St & Jackson Blvd,41.877702100371664,-87.64965450035487,bicycle_rental
Pine Grove Ave & Irving Park Rd,41.95438299967577,-87.6480429997846,bicycle_rental
Prairie Ave & Garfield Blvd,41.79483129962483,-87.61880589977244,bicycle_rental
Racine Ave & 13th St,41.86505400004211,-87.65695899995785,bicycle_rental
Racine Ave & 15th St,41.86123140020902,-87.65664209955321,bicycle_rental
Racine Ave & Belmont Ave,41.93968919979676,-87.6588715000197,bicycle_rental
Ravenswood Ave & Berteau Ave,41.957958900183144,-87.67357769975098,bicycle_rental
Ravenswood Ave & Irving Park Rd,41.95466209977616,-87.67390590013713,bicycle_rental
Rhodes Ave & 32nd St,41.836769800086245,-87.61338079978407,bicycle_rental
Sangamon St & Washington Blvd,41.88315379960824,-87.6511842003905,bicycle_rental
Sedgwick St & Huron St,41.89464100018205,-87.63825730033409,bicycle_rental
Sedgwick St & Schiller St,41.90762590021518,-87.63855860019919,bicycle_rental
Sedgwick St & Webster Ave,41.922139600062565,-87.63889670032245,bicycle_rental
Seeley Ave & Roscoe St,41.943402999648754,-87.67961799987074,bicycle_rental
Sheffield Ave & Webster Ave,41.921687000055044,-87.65371399960134,bicycle_rental
Sheffield Ave & Wellington Ave,41.93621809998535,-87.65377790003004,bicycle_rental
Sheffield Ave & Wrightwood Ave,41.928712000258656,-87.65383299969312,bicycle_rental
Sheridan Rd & Buena Ave,41.95848270041637,-87.65506060036637,bicycle_rental
Sheridan Rd & Irving Park Rd,41.954317199878915,-87.65440559983853,bicycle_rental
Sheridan Rd & Lawrence Ave,41.96951699970981,-87.65469099968982,bicycle_rental
Sheridan Rd & Montrose Ave,41.96164480036731,-87.65461840011903,bicycle_rental
Shore Dr & 55th St,41.795222000195224,-87.58090140007954,bicycle_rental
Southport Ave & Belmont Ave,41.93929809992744,-87.66374170031918,bicycle_rental
Southport Ave & Clark St,41.95708099998819,-87.66419900018366,bicycle_rental
Southport Ave & Irving Park Rd,41.954151099593616,-87.66431240019705,bicycle_rental
Southport Ave & Waveland Ave,41.94815000002251,-87.66393999993102,bicycle_rental
Southport Ave & Wellington Ave,41.93577910042518,-87.6635632001815,bicycle_rental
Southport Ave & Wrightwood Ave,41.92878220043826,-87.66390760005567,bicycle_rental
St Clair St & Erie St,41.89444800027502,-87.62266300029717,bicycle_rental
State St & 19th St,41.856594000212965,-87.62754199956362,bicycle_rental
State St & 29th St,41.84170699987817,-87.62693799958896,bicycle_rental
State St & 33rd St,41.834734000273954,-87.62581299986999,bicycle_rental
State St & 35th St,41.83107430003895,-87.62701360019747,bicycle_rental
State St & Kinzie St,41.88931559993506,-87.62725430014581,bicycle_rental
State St & Pearson St,41.89741899968715,-87.62878910023676,bicycle_rental
Stave St & Armitage Ave,41.917756399738096,-87.69145130003744,bicycle_rental
Theater on the Lake,41.9262421003927,-87.63095739986409,bicycle_rental
Wabash Ave & Grand Ave,41.89142250014834,-87.62677739955728,bicycle_rental
Michigan Ave & Madison St,41.882153599708886,-87.62511979973891,bicycle_rental
Wallace St & 35th St,41.83062100035892,-87.64130879986118,bicycle_rental
Wells St & Concord Ln,41.9121980004374,-87.63466940017264,bicycle_rental
Wells St & Evergreen Ave,41.90672299976666,-87.63515320035987,bicycle_rental
Wells St & Polk St,41.87256750028996,-87.6335123998773,bicycle_rental
Wentworth Ave & 24th St,41.85014010008558,-87.63216699970724,bicycle_rental
Wentworth Ave & Cermak Rd,41.853099500041935,-87.63184269968082,bicycle_rental
Western Ave & 21st St,41.85406789991373,-87.68584779973611,bicycle_rental
Western Ave & 24th St,41.84846999969079,-87.68510900038001,bicycle_rental
Western Ave & Division St,41.90291450040394,-87.68731989999333,bicycle_rental
Western Ave & Leland Ave,41.966467699924465,-87.68869019969293,bicycle_rental
Western Ave & Winnebago Ave,41.91548409981141,-87.68706310038175,bicycle_rental
Wood St & Taylor St,41.86914799998027,-87.67104769999133,bicycle_rental
Woodlawn Ave & 55th St,41.79526400033342,-87.59647100023642,bicycle_rental
900 W Harrison St,41.87475539974196,-87.64981029980544,bicycle_rental
Potbelly,41.884255600415656,-87.63513239994029,fast_food
Chipotle,41.88117840006316,-87.63510100011104,fast_food
Noodles & Company,41.88141650007145,-87.63511740014786,restaurant
Starbucks,41.88225230030349,-87.63413470015627,cafe
Maxalto,41.89547139998518,-87.63627670000966,furniture_shop
Starbucks,41.8846115997456,-87.63733949991797,cafe
South Branch,41.88049699993667,-87.6378185004234,bar
Starbucks,41.880490399812174,-87.6375453997004,cafe
Starbucks,41.91054260036077,-87.65361799967093,cafe
Aldi,41.914541399865755,-87.65494720035298,supermarket
Trader Joe's,41.91465510025273,-87.65513880001555,supermarket
Bicycle Clinic,41.76603439976776,-87.5707034999665,bicycle_shop
Blackstone Bicycle Works,41.784034999615585,-87.59045210038408,bicycle_shop
Blue City Cycles,41.83612100038391,-87.6460814003363,bicycle_shop
Enterprise,41.91089489987979,-87.64195959965576,car_rental
nan,41.97634349975277,-87.7877101003408,post_box
Taqueria Traspasada,41.89633600010637,-87.66709870044463,restaurant
nan,41.669482899816046,-87.61675779993249,comms_tower
Potbelly,41.93236069998636,-87.65368059967989,fast_food
nan,41.77435629970353,-87.56760120043504,drinking_water
Spencer's Jolly Posh Foods,41.95423500004529,-87.66450299981358,supermarket
Freshii,41.88065259973774,-87.62672580005557,restaurant
Jimmy's Gyros & Grill,41.879619599764794,-87.62688649991202,fast_food
Escudo Nacional de Mexico,41.85744919972086,-87.66144440013892,monument
nan,41.73964739970779,-87.54119930040736,observation_tower
Pete's Barber Shop,41.93375699998563,-87.68987699992357,hairdresser
Weber Grill,41.8920577003027,-87.62786960010192,restaurant
Clyde's,41.937096000180304,-87.69796999991553,bar
Perkolator,41.9531702998695,-87.77825589998974,cafe
Big Smile Dental,41.93272729962524,-87.71314030018465,dentist
Aldi,41.93985000037725,-87.71149699958681,supermarket
TJ Maxx,41.94013399998414,-87.71150499995576,department_store
nan,41.9112428997401,-87.62654319990872,post_box
nan,41.91116849972656,-87.62869539987275,post_box
Peking Chinese Restaurant,41.91103599991152,-87.63276410008314,restaurant
Doughnut Vault,41.88946149964852,-87.63539019959802,cafe
Nile Restaurant,41.795179900232256,-87.59712620041375,restaurant
Cafe Vienna,41.928473500052064,-87.64203079988147,bakery
Sultan's Market,41.928449599669364,-87.64200929978932,fast_food
Big Delicious Planet Canteen,41.889194699575796,-87.67484679964008,bakery
Dunkin',41.97344180029887,-87.7482434998376,fast_food
Output Lounge & Sports Bar,41.89106590007128,-87.67183349971623,bar
Sonny's Food Store,42.00933300031778,-87.6619017000034,convenience
Subway,41.97335899971813,-87.74834440017389,fast_food
Tortorice's Pizza,41.89102160036663,-87.67141590042343,restaurant
nan,41.985769300412926,-87.74806830021186,post_box
nan,41.99715549992641,-87.72387030037402,post_box
nan,42.009058299700826,-87.66221370000221,post_box
Cheney-Goode Memorial,41.78707880004663,-87.58827249987593,bench
Cheney-Goode Memorial,41.78707880004663,-87.58827249987593,memorial
Bert Green Fine Art,41.88192989964523,-87.62470890039538,arts_centre
nan,41.89772179962142,-87.69693330013166,atm
Ada St & Washington Blvd,41.88286100013511,-87.66121200003374,bicycle_rental
Ashland Ave & Chicago Ave,41.89595749973887,-87.66776640029912,bicycle_rental
Ashland Ave & Grace St,41.950687000105006,-87.66870000000495,bicycle_rental
California Ave & 21st St,41.85380319975792,-87.69583119984998,bicycle_rental
Calumet Ave & 35th St,41.8313790002407,-87.6180339999691,bicycle_rental
Clark St & Wrightwood Ave,41.92955300037073,-87.64313280033844,bicycle_rental
Cottage Grove Ave & 47th St,41.8098549996086,-87.6067549996435,bicycle_rental
Cottage Grove Ave & 51st St,41.80300300018837,-87.60661899966709,bicycle_rental
Halsted St & Wrightwood Ave,41.92914300034926,-87.64907699980364,bicycle_rental
Kedzie Ave & Palmer Ct,41.92152499977897,-87.70732200040993,bicycle_rental
Lake Park Ave & 56th St,41.79324199971859,-87.58778199973943,bicycle_rental
Lincoln Ave & Fullerton Ave,41.92411990001341,-87.64637259991554,bicycle_rental
Racine Ave & Wrightwood Ave,41.928855100382634,-87.65909300034167,bicycle_rental
Ravenswood Ave & Lawrence Ave,41.96908350040326,-87.67425160043098,bicycle_rental
Wolcott Ave & Polk St,41.87126200034112,-87.6736879998013,bicycle_rental
New Line Tavern,41.885843099879196,-87.6411361003507,pub
Starbucks,41.88590479966683,-87.64308539977134,cafe
Wingstop,41.94135630005326,-87.68934520022077,fast_food
Chipotle,41.94136900027917,-87.6887411004214,fast_food
Starbucks,41.910787000120024,-87.64908789958685,cafe
Bank of America,41.881854100286546,-87.63104350005744,bank
Uniqlo,41.88273310035237,-87.62826649969918,clothes
Raising Cane's,41.88224799974546,-87.62470840037236,fast_food
Petterino's,41.88460089961188,-87.62965909988753,restaurant
Lakeside Bank,41.88666829980224,-87.62990520026472,bank
Bar Louie,41.8887361001909,-87.62940399999457,bar
Three Dots and a Dash,41.89042819980165,-87.63059409983782,bar
Bank of America,41.89260309955347,-87.62948740042316,bank
NYC Bagel Deli,41.891421699751675,-87.62944490026189,restaurant
Starbucks,41.894221800096034,-87.62949749980976,cafe
Dunkin',41.9041348003808,-87.63125470044406,fast_food
Napleton's Aston Martin,41.901674599703085,-87.63163670007361,car_dealership
Fifth Third Bank,41.85231859982355,-87.68877400031982,bank
Best Intentions,41.91724700034882,-87.71014359994712,bar
Four Moon Tavern,41.94312839975589,-87.67586829998203,bar
Revolution Brewing - Kedzie Brewery,41.942178800211536,-87.70829460011566,bar
Mr Zee's Famous Chicken,41.95274220009253,-87.7869764001407,fast_food
Bank of America,41.9226890003971,-87.64520700030278,bank
Lincoln Park Pizza,41.92294449958905,-87.64498619965337,restaurant
Wise Fools Pub,41.92328080016887,-87.64598829982015,pub
Johnny's,41.92377860010237,-87.64666850025105,fast_food
"Joe's Seafood, Prime Steak & Stone Crab",41.89186459967158,-87.62562519984306,restaurant
IF Optical,42.01219619979486,-87.70030289975898,optician
Masa Azul,41.93192080020481,-87.70026470015574,restaurant
Yusho,41.93359380001391,-87.70734639991639,restaurant
Medinah Barber Shop,41.894716300416974,-87.62789410033241,hairdresser
Quartino Ristorante,41.89343479977623,-87.62830589989733,restaurant
Byline Bank,41.91830759961607,-87.64869440032629,bank
Old National Bank,41.918050100331925,-87.64865960016039,bank
Soul Prime,41.917936899968026,-87.64834250010625,restaurant
Rustic House,41.91787499963158,-87.6483210000141,restaurant
Pasta Palazzo,41.917931899737425,-87.64866749980524,restaurant
Marquee Lounge,41.91806770006434,-87.64834019964047,bar
Coppervine,41.9177851996273,-87.64867149998969,restaurant
Brothers Beef,41.91808860030869,-87.64716539996323,fast_food
Maravilla's,41.794932399610616,-87.58785050020037,restaurant
Open Produce,41.79511039972522,-87.58512269995259,supermarket
Starbucks,41.79981480011298,-87.58760460037195,cafe
SGA cafe,41.95832909980817,-87.78808060033941,cafe
Rhapsody Theater,42.008094800234915,-87.66503319962243,theatre
Crave Cafe and Lounge,41.86707179992368,-87.62431990044303,restaurant
Telpochcalli Elementary School,41.84897570016847,-87.69656420037751,school
Ba Le,41.97317130041523,-87.66007940014418,fast_food
Phở Việt,41.97278569990016,-87.65950450043232,restaurant
The Berghoff Café,41.980481200447116,-87.90998399956192,restaurant
CVS Pharmacy,41.89008539982137,-87.63720299991849,pharmacy
Potbelly,41.88171040031477,-87.64140639968554,fast_food
Panda Express,41.88256120033918,-87.63999049986165,fast_food
nan,41.88238349969879,-87.640172900359,toilet
Chicago News Room,41.88238649983714,-87.64064779995596,bar
nan,41.881978499907916,-87.6399291004476,vending_any
Elephant & Castle,41.88558339995399,-87.62608540002117,pub
Cafe Laguardia,41.91757180039832,-87.68052600037458,restaurant
Fleet Feet,41.968275500014386,-87.68847530039477,shoe_shop
Artango,41.96838489984333,-87.68821370020208,restaurant
Barba Yianni,41.96823959997761,-87.68812480041919,restaurant
Tigerlilie,41.96814829990416,-87.68805749965384,hairdresser
Stanley Brown Jewelist,41.96805320019507,-87.68800010042423,jeweller
Timeless Toys,41.96798829972033,-87.68795739971421,toy_shop
PNC Bank,41.91942890042344,-87.6365691001838,bank
Bucktown Food & Liquor,41.91680129994012,-87.68766920027332,beverages
nan,41.91723809975855,-87.69979050023136,post_office
Mandy's Cleaners,41.91926239993984,-87.69710069993732,laundry
USPS,41.97738290020072,-87.89920199967253,post_box
nan,41.97649839988128,-87.90097889995621,post_box
Taco Burrito King,41.877816999554966,-87.64776889991475,fast_food
Bridgeport Ace Hardware,41.836880899633854,-87.66390939959905,doityourself
Tropicuba,41.92247050021348,-87.70240929994918,convenience
Sarima Cafe,41.9106342997332,-87.67610289982895,cafe
Yolk,41.89216419981801,-87.61809840042082,cafe
Walgreens,41.89649469987057,-87.62395680006625,pharmacy
Tiffany & Company,41.89595789993717,-87.62466099980526,jeweller
AMC Dine-In 600 North Michigan 9,41.89266010038335,-87.62522930029195,cinema
California Pizza Kitchen,41.892648800401844,-87.62643630019505,restaurant
Chief O’Neill’s Pub & Restaurant,41.944524000082595,-87.70551740010791,bar
Courtyard Chicago Downtown/River North,41.89024769957172,-87.62767999963222,hotel
Miska's,41.93965329976004,-87.68298450043432,beverages
Yauco Food & Liquors,41.90309149957312,-87.69621039988999,beverages
Cafe Mustache,41.9233284003854,-87.69780849966247,cafe
Aldi,41.994995799616504,-87.66017749999162,supermarket
Subway,41.916101999707564,-87.68761399988614,fast_food
The Whistler,41.925348400008716,-87.70104780011587,bar
The Chicago Diner,41.923745499655126,-87.69836409992325,restaurant
Uncommon Ground,41.95119629966956,-87.65994299996942,restaurant
Township,41.921848000285024,-87.69747780006037,bar
Bang Bang Pie Shop,41.91902000027284,-87.69710229983122,cafe
Julianne Carrara DMD MS Limited,41.9293371001271,-87.64222240044342,dentist
7-Eleven,41.87940449991777,-87.62635260029225,convenience
nan,41.91625200032962,-87.64145120031259,playground
Dia De Los Tamales,41.85789919978828,-87.65029500021404,fast_food
Alliance Bakery,41.90344709960402,-87.67144160034957,bakery
Bubbleland,41.90328520005198,-87.69411700029929,laundry
Spybar,41.89362390022285,-87.63584619994214,nightclub
D'Amato's Bakery,41.89124640030121,-87.65565140009198,bakery
Flying Saucer,41.90186560041718,-87.69666580038637,restaurant
Dos Urban Cantina,41.917355499956386,-87.6984205998308,restaurant
Chef Sara's Cafe,41.76444159970009,-87.56465809979142,cafe
Physicians Immediate Care,41.91105850004976,-87.63260009971481,doctors
Starbucks,41.89016160027768,-87.63128589972445,cafe
Dog,41.85396870019542,-87.63332659994262,artwork
Ox,41.854128999853515,-87.63299359987468,artwork
Horse,41.85418690000546,-87.63334009966582,artwork
Rabbit,41.85422060030049,-87.63306670036786,artwork
Dragon,41.85424280006521,-87.63321799961096,artwork
Rooster,41.854038600001445,-87.6333826996518,artwork
Snake,41.85422930034201,-87.63324950016425,artwork
Ram,41.85417169966428,-87.63337320011306,artwork
CVS Pharmacy,41.88596610015543,-87.62384879958239,chemist
Sweetwater,41.88651029971061,-87.62422429981154,restaurant
Jimmy John's,41.886546500120915,-87.623871699919,fast_food
Chicago Sports & Novelty,41.88767180021347,-87.6248298996801,clothes
Hoyt's,41.88730130021486,-87.62594849982338,restaurant
7-Eleven,41.886698699585395,-87.62654100016698,convenience
McCormick & Schmick's,41.886617099599505,-87.62722300014133,restaurant
Emerald Loop,41.88637019972498,-87.62651730033309,restaurant
Level Optical,41.88589360040936,-87.62547100028638,optician
Billy Goat Tavern,41.88588510001739,-87.62575780038213,fast_food
Dunkin',41.885626900161355,-87.62680780023976,fast_food
Subway,41.885052999596326,-87.62648670000118,fast_food
Loft,41.884275600438684,-87.62599190020597,clothes
Chase,41.88463479955641,-87.62498729992393,bank
Beck's Book Store,41.8858903997222,-87.62561320018898,bookshop
Chipotle,41.88726650004901,-87.62479849985084,fast_food
I Love Chicago,41.8873320003716,-87.62480779974015,gift_shop
Sugar Bliss Cake Boutique,41.883757400283855,-87.62596120004929,bakery
Subway,41.88339089957043,-87.62553370012012,fast_food
Pittsfield Cafe,41.88309679967762,-87.62557170007386,cafe
Oasis Cafe,41.882687199854445,-87.62593269963435,restaurant
U.S. Bank,41.8830112004066,-87.62646319981678,bank
America's Best Contacts & Eyeglasses,41.879159899609704,-87.6263445999233,optician
Cortiva Institute,41.88267599969765,-87.62652150016709,college
Ann Taylor,41.88252649999805,-87.62647289990434,clothes
TJ Maxx,41.882395100053884,-87.62711420016018,department_store
New York Jewelers,41.88253250027469,-87.62600010022442,jeweller
Prudential Jewelers,41.88241560009993,-87.6259908003351,jeweller
Chicago Landmark Diamond Center,41.8822590002527,-87.62598649977713,jeweller
Windy City Diamonds,41.88195959975576,-87.62595650019227,jeweller
Huntington Bank,41.88193430002798,-87.62639639997383,bank
Dunkin',41.88233650022937,-87.62647270025485,fast_food
Fiancee Jewelry,41.88294239957213,-87.6260010004458,jeweller
The Row Tavern,41.88262759998378,-87.62599300007685,pub
Mon Ami Jewelers,41.882822699807775,-87.62600339983697,jeweller
Luo M. Jewelers,41.882738900080255,-87.62600969958794,jeweller
Panda Express,41.88195270015706,-87.62697999972715,fast_food
Chipotle,41.88223070038657,-87.62706280030795,fast_food
Wedding Bands & Co.,41.9006157001545,-87.6266533003095,jeweller
Atwood,41.88305490026352,-87.62812960040071,restaurant
Anthropologie,41.88373320042689,-87.62819249988394,clothes
Magnolia Bakery,41.884167500130104,-87.62819650006838,bakery
Chick-fil-A,41.88562030003686,-87.62769760026401,fast_food
AT&T,41.885042699660914,-87.62817109961651,mobile_phone_shop
Wow Bao,41.88596440043676,-87.62823130023429,restaurant
State and Lake Chicago Tavern,41.88621450009913,-87.6277289002685,restaurant
Caffè Café,41.885894599556195,-87.62770819967363,cafe
Protein Bar,41.88588369977299,-87.62869060019102,restaurant
Subway,41.88786740006054,-87.62899180023135,fast_food
Chicago Curry House,41.87075570001559,-87.62837390033519,restaurant
Jewel-Osco,41.96562829970634,-87.83793619969583,supermarket
Montrose Food Mart & Deli,41.95244159989994,-87.79139479993006,supermarket
Subway,41.9531582003907,-87.73577970027293,fast_food
T-Mobile,41.95242870002454,-87.81075159990638,mobile_phone_shop
T-Mobile,41.95325449979538,-87.74769709964141,mobile_phone_shop
Mariano's Fresh Market,41.96903490014057,-87.67489360035933,supermarket
Dollop Coffee,41.95794179957443,-87.64963290043795,cafe
Motel Bar,41.89705039995607,-87.6433416004345,restaurant
The Black Barrel Tavern,41.91088550016576,-87.6408171000291,restaurant
nan,41.789498999779084,-87.60113520002943,post_box
nan,41.78946709992675,-87.60113429980805,post_box
Huntington Bank,41.96682089966487,-87.7668320998215,bank
Taco Burrito King,41.981240200375,-87.8067109999127,restaurant
Starbucks,41.88218389966727,-87.63910679993882,cafe
Bank of America,41.8821220002302,-87.639101500234,atm
Jimmy John's,41.882126000414644,-87.6392678001688,fast_food
nan,41.88238749988329,-87.64078179984017,toilet
Yolk,41.8821339000595,-87.64098309959036,restaurant
Arts & Artisians,41.88228959968535,-87.64016749993016,jeweller
Jamba,41.88227769985599,-87.64064110000675,fast_food
Hudson News,41.88252030007186,-87.6400817999351,newsagent
nan,41.882164899690395,-87.64016630023451,atm
Aaron Montgomery Ward,41.887856799751546,-87.63552900006329,artwork
Edward Albert Filene,41.887857699972926,-87.63545679979143,artwork
George Huntington Hartford,41.88785810017123,-87.63538389984706,artwork
John Wanamaker,41.88785989971467,-87.63530959965829,artwork
Marshall Field,41.88786099958554,-87.63516479981564,artwork
Julius Rosenwald,41.887862999677736,-87.63509149967291,artwork
Frank W. Woolworth,41.88786330005132,-87.63501849990382,artwork
Robert E. Wood,41.887863700249625,-87.63494600015775,artwork
McDonald's,41.88090909987511,-87.6305479996904,fast_food
nan,41.869612999840115,-87.65427899957615,post_box
Reno,41.92912520006797,-87.70720410018902,restaurant
See Thru Chinese Kitchen,41.694303100108016,-87.68084509962159,fast_food
Milano's Pizza,41.69411759964754,-87.68082730023968,fast_food
The Great American Bagel,41.940121000283966,-87.66091950003488,fast_food
Pescadero Seafood & Oyster Bar,41.9399692999433,-87.66119590037044,restaurant
Americanos,41.69216990012086,-87.68149469972059,restaurant
O'Rourkes Office,41.692063500430265,-87.6814651003341,bar
Waldo Cooney's Pizza,41.69195700001558,-87.68184170043406,fast_food
Fairplay Foods,41.69148699992513,-87.68030319963293,supermarket
McNally's,41.69074390001106,-87.6813816999055,bar
nan,41.99445610026885,-87.81662729981002,post_box
Chase,41.92937040022383,-87.64872170014633,bank
ZA bunker,41.91690909987511,-87.63661640002681,restaurant
North Community Bank,41.93292050008108,-87.64836739963573,bank
Sakura,41.93287680022422,-87.64788599973906,restaurant
Prost,41.92843459987694,-87.65318600043355,bar
nan,42.00896189957206,-87.69248139969682,toilet
BMO,41.88309059975143,-87.63062570021583,bank
Chase,41.88250649997502,-87.632584199701,bank
Dunkin',41.88185809957167,-87.63137309978868,fast_food
Potbelly,41.882460399827664,-87.63217800021448,fast_food
Qdoba,41.88334809993489,-87.63264979984837,fast_food
Fifth Third Bank,41.88463979978701,-87.63073789963431,bank
7-Eleven,41.88388890005274,-87.63265449970538,convenience
L&G Restaurant,41.759188200075414,-87.56058249998233,restaurant
The Snail,41.795129100227825,-87.5847839999816,restaurant
Chicago French Market,41.883808300113,-87.6406749001265,supermarket
Irish Eyes,41.92772430003646,-87.65169080019024,bar
Citibank,41.918499999675305,-87.6487057003078,atm
Cafe Ba-Ba-Reeba!,41.91897630041598,-87.64872029990187,restaurant
Dorothy & Toto,41.92170380029023,-87.64630840001263,artwork
nan,41.9760246001552,-87.81678620012298,post_box
Jewel-Osco,41.975114999757466,-87.81090199982737,supermarket
Garcia's,41.96808729978909,-87.6883734998371,restaurant
Lady Gregory's,41.977903100447804,-87.66852950023622,restaurant
Starbucks,41.97813630005027,-87.66851610033774,cafe
PNC Bank,41.94472150019715,-87.6543797002629,atm
Chase,42.019263600334966,-87.6760590003226,bank
Money Museum,41.8783299998297,-87.63256800021298,museum
Domino's,41.90460469974715,-87.64040090008143,fast_food
Illinois Bone & Joint Institute,41.93467779964078,-87.69735970018996,clinic
nan,41.911212499956946,-87.64707950031863,bench
nan,41.92022440023595,-87.64183570005747,bench
nan,41.920251000383416,-87.64182730038954,bench
nan,41.92027370017115,-87.64198910011686,bench
nan,41.920275200240326,-87.64183250026963,bench
nan,41.920290100208035,-87.6419753998448,bench
nan,41.9203056998482,-87.6419522998587,bench
LeaderBar Drafthouse & Eatery,41.95418799967649,-87.70336780008387,bar
The Friendly Wash,41.95191559992503,-87.7084166003458,laundry
Easy Street Pizza & Patio,41.95418799967649,-87.70171010044072,restaurant
Sticky Rice,41.95467649972073,-87.68872149969741,restaurant
BMO,41.945553999917195,-87.70066519973915,bank
Dapper's East Family Restaurant,41.94644379994145,-87.70072929981728,restaurant
Mi Cuidad,41.95377379982108,-87.70471859978352,restaurant
Beograd Cafe,41.953783800282224,-87.70205700043022,cafe
Dunkin',41.953745900153194,-87.70591750039227,fast_food
Dharma Garden,41.95376390008397,-87.70607849972293,restaurant
Fuller's Pub,41.95376990036067,-87.70828139986668,pub
The Famous Taco Burrito,41.95364020013517,-87.69917110026603,restaurant
Mr Bubble,41.95364620041187,-87.69896730040057,laundry
7-Eleven,41.95418350036829,-87.69865359978377,convenience
Subway,41.95430920040934,-87.69866160015266,fast_food
Lo's China Kitchen,41.95437900039059,-87.69866160015266,restaurant
nan,41.954442800095194,-87.69858649956728,laundry
nan,41.95368060037947,-87.70264749978224,laundry
Cheetah Gym,41.977465199859125,-87.66852609989957,sports_centre
Potbelly,41.9782229002667,-87.66850469963214,fast_food
Lonesome Rose,41.97838250025222,-87.6684938996737,restaurant
Simon's Tavern,41.97659589988092,-87.66856099989019,bar
Svea Restaurant,41.97728380030719,-87.668536899858,restaurant
Alleycat Comics,41.97821299963027,-87.66883990034108,bookshop
Ranalli's,41.97811279986587,-87.66884729996286,restaurant
BMO,41.98582280018212,-87.66914869965274,bank
M Henry,41.9856401002105,-87.66909820002189,restaurant
Uptown Lounge,41.96915419970662,-87.65918369966795,bar
Ellis Ave & 58th St,41.78875000031229,-87.60130490030087,bicycle_rental
Southport Ave & Clybourn Ave,41.920766499874105,-87.66377200027756,bicycle_rental
The UPS Store,41.89138610008848,-87.63577420021915,post_office
Robust Coffee Lounge,41.780362000206196,-87.59638230010302,cafe
La Borra Cafe,41.89928350023342,-87.62810400029934,cafe
Tempo Cafe,41.89846750037492,-87.62809070022558,cafe
Brown bag seafood Co.,41.903810199980796,-87.62886810028255,restaurant
Tweet,41.973987300273734,-87.65513749959587,restaurant
Bordel,41.903120199637556,-87.67082790028735,restaurant
Nick’s Beer Garden,41.909000999596515,-87.67558609991852,pub
The Bongo Room,41.90850219961686,-87.67484469972305,restaurant
La Colombe Coffee Roasters,41.90973879980584,-87.67769169971211,cafe
The Wormhole Coffee,41.908387099884806,-87.67462309957637,restaurant
Lucky's Sandwich Co.,41.91120920034439,-87.67853860027617,restaurant
Antique Taco,41.9064473998277,-87.67160540016903,restaurant
nan,41.87785920024197,-87.6485530997457,post_box
Coco Pazzo,41.89009459988591,-87.63573310030228,restaurant
Peet's Coffee,41.87164020033504,-87.626149099901,cafe
First Draft,41.873422099950005,-87.63045809986136,bar
House of Bing,41.76900359963645,-87.5668876999074,restaurant
Bank of America,41.97899439987174,-87.91030249986045,atm
beaudevin,41.97837880044136,-87.91024259961625,bar
Chi Life Market,41.98085149989686,-87.90975869960425,convenience
Ravenswood Animal Hospital LLC,41.961561200289225,-87.69802949996142,veterinary
Elston Ave & Cortland St,41.91641649982165,-87.66697160015917,bicycle_rental
Tacos Villa,41.77881909992158,-87.7022372002865,restaurant
Starbucks,41.89399590029063,-87.62259099967486,cafe
City Scene Bed & Breakfast,41.91998570037981,-87.65687210026715,guesthouse
Kids Off The Block Gun Violence Memorial,41.68192089962986,-87.62083510035956,memorial
Midway Liqours,41.79414020031004,-87.62597779973561,beverages
7-Eleven,41.8899283997759,-87.62815309968579,convenience
The Promontory,41.79909399978834,-87.58766330002123,theatre
Manuel Perez Jr.,41.84393679964364,-87.73289110034398,memorial
Mike's Place,42.00844480018742,-87.6899118999142,restaurant
Chicago Visitors Information Center,41.8841566003469,-87.62682120013824,tourist_info
Hans Christian Andersen Monument,41.91960159993397,-87.63466399974374,artwork
Innjoy,41.92073159988348,-87.69405059975531,pub
Masada,41.92200290041359,-87.69749579999115,restaurant
Computer One,41.95982740001455,-87.75411919974124,computer_shop
Walgreens,41.81069430000201,-87.59393519984957,pharmacy
200 Cut Rate Liquors,41.80954849986341,-87.6207604997972,beverages
Cavanaughs,41.87762649976321,-87.62966539963844,bar
Simone’s,41.858140999607485,-87.65103550018813,bar
Jefferson Park War Memorial,41.96884669991533,-87.76176679969802,memorial
Cobra Lounge,41.88638740015847,-87.66679910029819,bar
Taqueria El Milagro,41.84473259982968,-87.70223899982994,restaurant
PNC Bank,41.90292109962911,-87.66772140002257,bank
Taqueria Mazamitla,41.93932720019018,-87.71798729977405,fast_food
7-Eleven,41.93956570039683,-87.71787720027254,convenience
Señoritas Cantina,41.8739783998833,-87.62945880018344,restaurant
The Harding Tavern,41.930770800232324,-87.71044730010277,bar
Armitage Pizza,41.918109200179515,-87.64657189957347,restaurant
Salon Exhale,41.76576299966274,-87.56673100023545,hairdresser
Ming's Chop Suey,41.76570389981515,-87.56667119981597,restaurant
Hoagy House,41.7656521995894,-87.56694500021155,fast_food
Tom's,41.76483530040883,-87.5650854000711,bar
Haley's African Hair Braiding,41.76468019973146,-87.56494339981799,hairdresser
B Selfish,41.76603200037658,-87.56831739982812,hairdresser
Galewood-Mont Clare Branch Library,41.92080530022446,-87.79697959972873,library
Kennedy Fish and Chicken,41.76433400031391,-87.5654920995807,fast_food
Surf's Up,41.76639600007542,-87.5699856997802,restaurant
J-BEES,41.76634999975272,-87.57476049999701,shoe_shop
Shark's Fish and Chicken,41.76629499991435,-87.58221950042957,fast_food
Hair 4 U Salon,41.76436929960357,-87.56459430008687,hairdresser
Dan Ryan South Picnic Grove 12,41.73399570024145,-87.68002599980002,picnic_site
Quad Valet Cleaners,41.77337700004858,-87.56733590043143,laundry
Golden Nugget Pancake House,41.953392800237566,-87.73366329962153,restaurant
Berrista Coffee,41.953407100357424,-87.73334089986258,cafe
Dunkin',41.95336319995175,-87.73604989978298,fast_food
VCA Animal Hospital,41.95357419978956,-87.70030599972205,veterinary
Shoe! Time,41.76634329980351,-87.57488300025022,shoe_shop
Boost Mobile,41.76634880005713,-87.57462679958712,mobile_phone_shop
Big Salem's Food Market,41.76638439972032,-87.58238619966335,convenience
Italian Fiesta,41.765963699565134,-87.57777239967646,restaurant
Chez Vouz,41.76596349991564,-87.57745409992674,clothes
Guyse Salon of Beauty,41.76602860003993,-87.56848769994735,hairdresser
Dubose Barber Shop,41.76603820030277,-87.57055510013771,hairdresser
AMC NewCity 14,41.908426699732445,-87.6465892996564,cinema
Pete's Market,41.880283599808365,-87.68548299964067,supermarket
Aritzia,41.899771600079305,-87.62674840001858,clothes
H&M,41.898074299689256,-87.6243852002168,clothes
Peter Millar,41.89898850011923,-87.62642400016745,clothes
Saint Laurent,41.899643399923036,-87.62722600027968,clothes
Marc Jacobs,41.899797100355954,-87.62730639967054,clothes
Suitsupply,41.90042230004917,-87.62718579968487,clothes
Moncler,41.90063599965174,-87.6260129002751,clothes
Citibank,41.900578700246854,-87.62811380021168,bank
Bank of America,41.89108299978068,-87.62450120017019,bank
The Purple Pig,41.89074860036766,-87.62460299982854,restaurant
Under Armour,41.892702300171095,-87.62455750042824,clothes
Peet's Coffee,41.88951779990657,-87.62481680015514,cafe
Chase,41.89277980014771,-87.62378180008994,bank
AT&T,41.8931635003953,-87.62458699999002,mobile_phone_shop
Salvatore Ferragamo,41.89399509989397,-87.62392180025086,shoe_shop
Zara,41.89515520015243,-87.62466440014191,clothes
Grand Lux Cafe,41.893129899924986,-87.62472840039533,restaurant
Zegna,41.8938035002314,-87.62391250036154,clothes
Saks Fifth Avenue,41.89554110014171,-87.62470440018791,department_store
Market Square,41.966781899664966,-87.68717400027987,fast_food
Potbelly,41.9669642003376,-87.68729570013642,fast_food
Dior,41.90008109996285,-87.62704540022503,clothes
La Colonial,41.9006352001544,-87.62606129998898,restaurant
Versace,41.900126700087185,-87.62706419965303,clothes
Oliver Peoples,41.90038830027987,-87.62717439987864,optician
Starbucks,41.89899010001318,-87.62807010035482,cafe
Wilson,41.90010939982898,-87.62600470025666,clothes
Madewell,41.900186999630364,-87.62742279982234,clothes
Walgreens,41.90008429975069,-87.62810379975053,chemist
Whole Foods Market,41.89646770042407,-87.62856049976722,supermarket
7-Eleven,41.892403799895476,-87.62253220020085,convenience
Consulate General of Serbia,41.892411900089144,-87.62244769990139,embassy
Whole Foods Market,41.891628899953844,-87.62050129989501,supermarket
Protein Bar,41.87913829969284,-87.63508159993586,restaurant
Phoenix,41.85354490007711,-87.6329632999163,restaurant
High Five Ramen,41.883696499993505,-87.64891620012253,restaurant
Green Street Smoked Meats,41.88364949962477,-87.64904500012659,restaurant
Ravenswood Breakfast House,41.971854200111295,-87.67908029971602,restaurant
The Den,41.90611859959375,-87.67055579961044,theatre
Webster's Wine Bar,41.9289565996674,-87.70697039966416,bar
nan,41.89182940020669,-87.60855940029603,gift_shop
Dunkin',41.9316380002935,-87.64914100005706,fast_food
7-Eleven,41.96154619959748,-87.7011315998434,convenience
Chicago Filmmakers,41.977462000071284,-87.66808400037627,cinema
Margaritaville,41.89132740043925,-87.60859619965487,bar
nan,41.91907740040176,-87.71202019997219,post_box
Thaiday Street Cafe,41.93837909981568,-87.649088899633,restaurant
Starbucks,41.89891560017486,-87.62368869957379,cafe
Heritage Outpost,41.894554300140896,-87.63338760005763,cafe
Pizza Capri,41.913710400214825,-87.64819920033278,restaurant
Boka,41.913638600141326,-87.6482024999454,restaurant
Vinci,41.91368749987828,-87.64855120037754,restaurant
Alinea,41.9134371996671,-87.64819899978397,restaurant
iO Theater,41.908499400027324,-87.65183450016201,theatre
Nordstrom Rack,41.90996380028918,-87.65286509984446,clothes
Pegasus Protein,41.91503399991922,-87.65503610013587,fast_food
Jaimito's Burritos,41.91351850017867,-87.65293189968736,restaurant
nan,41.79159460001085,-87.58886719996127,post_box
Seminary Co-op Bookstore,41.79012890022864,-87.59607940034402,bookshop
El Nuevo Mexicano,41.93530360008111,-87.64716280002318,restaurant
La Colombe Coffee,41.976050899929135,-87.66858800023596,cafe
Spray Feature,41.93033210014636,-87.72408630044237,fountain
Weegee's Lounge,41.917098800169526,-87.71904809959011,bar
America's Courtyard,41.86564059993378,-87.60657029957963,artwork
Spiral Galaxy,41.86600230006616,-87.60717059974337,artwork
Gold Star Families Memorial,41.8624399001813,-87.61410360020096,memorial
Chicago Firefighter & Paramedic Memorial,41.85072410003721,-87.60977670013455,memorial
Charles Gustavus Wicker,41.9080155998401,-87.67713539977882,artwork
Starbucks,41.88625509999292,-87.62158669976634,cafe
Carter Harrison Memorial,41.882998600005465,-87.66585879974377,artwork
James Connolly Monument,41.88264679961014,-87.66654019987027,artwork
Reading Cones,41.880606100291345,-87.61909140034783,artwork
Indian Garden,41.893243100288885,-87.62084090008744,restaurant
Dollop Coffee,41.892475099945955,-87.61874710029838,cafe
Mevyn,41.92927610001203,-87.70720229974631,clothes
Logan Liquors,41.92958009964195,-87.70722279979236,beverages
Choi's Chinese,41.92962409987234,-87.70854979983335,restaurant
Azucar,41.92982310005607,-87.70722379983846,restaurant
Dark Tower Comics,41.92966969999674,-87.70721950017975,bookshop
Flipside Cafe,41.929928800074094,-87.70722370001369,cafe
Intelligentsia,41.92974700032386,-87.70875569961584,cafe
Play,41.92795100023852,-87.70520809987386,toy_shop
Sparrow,41.9276377996448,-87.70477790017992,hairdresser
Logan Square Animal Hospital,41.92758909955734,-87.70471070013866,veterinary
La Lunita,41.92754830001411,-87.70461870039264,restaurant
Wolfbait & B-Girls,41.92780590002229,-87.70620209984702,clothes
The Bird's Nest,41.92781390039124,-87.70633349979113,hairdresser
Osteria Langhe,41.91769329970606,-87.6982558997899,restaurant
Scofflaw,41.91727740013198,-87.70720379981549,restaurant
Sink|Swim,41.917272899924455,-87.70758189998463,restaurant
Juanita's Puerto Rican Cuisine,41.91737719969808,-87.71958519989704,restaurant
Dena Kitchen,41.924841499835395,-87.71118139960186,restaurant
Carniceria La Mejor,41.93433739995112,-87.71571149968594,butcher
Tacos Tequilas,41.93438130035679,-87.71583490016047,restaurant
Spin Cycle,41.933142200052544,-87.71376959988709,laundry
The Spice,41.93370489956152,-87.71526360043475,restaurant
Giordano's Pizzeria,41.933347800360764,-87.71379100015452,restaurant
Late Bar,41.939345899793466,-87.71633150039838,bar
Marin Hair,41.92676520005398,-87.69763840009205,hairdresser
Home (Miner & Child),41.90345619984379,-87.69753820032764,artwork
Gap Factory,41.93173850043149,-87.7120889999074,clothes
La Oaxaqueña,41.94271190033396,-87.73000739992153,restaurant
Norman Cornwall Memorial (WWI Obelisk),41.87705260009744,-87.71600000039967,memorial
Robert Burns Memorial,41.88199480011997,-87.71736470002088,artwork
Lincoln the Rail-Splitter,41.881799800120746,-87.71607119972606,artwork
Conservatory Entrance Fountain,41.88627960022342,-87.71683839967238,fountain
Bulls with Maidens (World's Fair Bulls),41.88659980024062,-87.71873510044452,artwork
William McKinley Memorial,41.826269799711554,-87.68386470019573,memorial
Man with Fish,41.86713859976663,-87.61466200005123,artwork
Olmec Head,41.86715139981732,-87.61572139962288,artwork
Aaron Ward Montgomery Bust,41.86932609991965,-87.62359629962947,artwork
Sir Georg Solti Bust,41.87786759990985,-87.62363350008593,artwork
Flying Dragon,41.880288699863684,-87.62370260039467,artwork
Large Interior Form,41.88058289958121,-87.6239543997757,artwork
Fountain Girl,41.91216299972274,-87.62942409984231,artwork
Richard Oglesby Monument,41.93034540022012,-87.63706850001125,artwork
The Alarm,41.93626189966699,-87.6325292996874,artwork
Curve XXII (I Will),41.926171400190015,-87.63337899984094,artwork
Emanuel Swedenborg Monument,41.93147080013739,-87.6316844999397,artwork
Doctor José Rizal Monument,41.967140900032575,-87.6482030997932,artwork
7-Eleven,41.89153399989425,-87.64779230027438,convenience
El Guanaco,41.93197499964657,-87.72235839972035,restaurant
Overlook,41.8540832999044,-87.60786050026184,viewpoint
Paul Laurence Dunbar Monument,41.83855639955823,-87.62075710035987,artwork
Samuel Gompers Monument,41.9753134000934,-87.7285414995905,artwork
Veterans' Memorial,41.95261349991313,-87.78626810039248,memorial
Nathan Hale,41.89057099955204,-87.62375879992862,artwork
Benito Juárez,41.89012599971517,-87.6248827996015,artwork
Jean Baptiste Point Du Sable,41.88931840042392,-87.6240374998307,artwork
Cow,41.88335710034994,-87.62481870042262,artwork
Tin Man,41.92173859955676,-87.64409739967522,artwork
Scarecrow,41.92144310031887,-87.6443774998217,artwork
Cowardly Lion,41.920196999691825,-87.64390439976819,artwork
Wind Harp,42.009585500270646,-87.69213639997486,artwork
City Hall Keystone,42.00901559989006,-87.69345040031567,artwork
nan,42.00937949976418,-87.69228429978057,fountain
nan,41.993819700418896,-87.65469540007263,bench
nan,41.993822699657926,-87.65465120019269,bench
nan,41.993740900022544,-87.65469280013258,bench
nan,41.9937419000687,-87.65465249971305,bench
Stone Talk,41.858748700292324,-87.63253980017163,artwork
Fjällräven,41.91262710026052,-87.67768909977212,outdoor_shop
Dove's Luncheonette,41.90943799996376,-87.67729649983357,restaurant
Rainbo Club,41.90282180008603,-87.67740090033124,bar
Sight Optical,41.914146199987215,-87.68353589996178,optician
Red & White Wine Bar,41.91525700031036,-87.68471290028009,bar
Uprise,41.914476299741466,-87.68403500031496,sports_shop
Odd Obsession,41.91466890034951,-87.68433239982033,video_shop
Silom 12,41.91496240039453,-87.68478220023832,restaurant
El Nuevo Borinquen,41.91283030027819,-87.6972373995863,restaurant
Archery Bow Range Chicago,41.91324290023971,-87.71120710042732,sports_centre
Apartment No. 9,41.91454950005942,-87.67772330009018,clothes
RSVP Gallery,41.91399859965571,-87.67737459965804,clothes
Lemming’s Tavern,41.915296500333284,-87.67773669998866,bar
George's Hot Dogs,41.91605490041337,-87.67774740012237,fast_food
Seoul Stick,41.9101151004316,-87.67676150034293,restaurant
Stan's Donuts & Coffee,41.910010699933935,-87.67761109977238,cafe
Blue Line Lounge & Grill,41.909680899653836,-87.67761729969857,bar
Garfield's Beverage Express,41.91230299988359,-87.68104030016968,beverages
nan,41.91242939959716,-87.68119780023824,laundry
Easy Does It,41.92400800006919,-87.69939270041277,bar
7-Eleven,41.91811869971826,-87.69742709988071,convenience
Papa John's,41.918120500161024,-87.69752280033691,fast_food
Advantage Dental,41.91811530028093,-87.69766290032254,dentist
The UPS Store,41.918120500161024,-87.69776100016998,post_office
China Fast Wok,41.9181099996768,-87.6978544001604,restaurant
Kozy's Cyclery,41.94027090018193,-87.72547560011884,bicycle_shop
El Gallo Bravo #2,41.93901300044968,-87.72418679968104,restaurant
El Rinconcito Cubano,41.924899399987396,-87.70902170019127,restaurant
Rocky + Luella,41.92455219962437,-87.70803459981687,clothes
El Ñandú,41.92466099960552,-87.69622470000985,restaurant
Deborincuba Restaurant,41.92466699988222,-87.69604760011663,restaurant
Mia Mora,41.92468289989597,-87.69411109984736,clothes
Bucktown Food & Liquor,41.9250703997792,-87.68862079990993,beverages
Wonder Chop Sushi & Chinese,41.92507809977451,-87.68844090042717,restaurant
Fullerton Restaurant,41.925076099682315,-87.68787229956695,restaurant
Streeterville Post Office,41.892472800379494,-87.61794870017235,post_office
"The Langham, Chicago",41.88842389964333,-87.62751169960524,hotel
McCormick Bridgehouse & Chicago River Museum,41.88849540024256,-87.62468569968524,museum
Vietnam Veterans Memorial,41.88706639999441,-87.6271551004275,memorial
Village Laundry,41.900900599982776,-87.68676310003701,laundry
Vanderpoel Art Museum,41.718745300055616,-87.66781580005909,museum
The Double Urban Tavern,41.92433099967593,-87.71554810006472,bar
Drake Ave & Fullerton Ave,41.92437719964812,-87.71544659988064,bicycle_rental
Kosciuszko Park,41.93056789968887,-87.72386280002814,bicycle_rental
Avers Ave & Belmont Ave,41.93938880015304,-87.7235814003613,bicycle_rental
Central Park Ave & Elbridge Ave,41.935332800168624,-87.71683689960321,bicycle_rental
Kimball Ave & Belmont Ave,41.93939840041588,-87.7115990996187,bicycle_rental
Richmond St & Diversey Ave,41.93192340014485,-87.70119190028595,bicycle_rental
Barbara & Barbara,41.93195770028768,-87.70114549976495,hairdresser
California Ave & Altgeld St,41.92665719957017,-87.69771630026702,bicycle_rental
Campbell Ave & Fullerton Ave,41.92463429963328,-87.68931969994418,bicycle_rental
Humboldt Blvd & Armitage Ave,41.917513099849714,-87.70178639982248,bicycle_rental
Armitage Ave & Spaulding Ave,41.917111000372415,-87.71022710020048,bicycle_rental
Troy St & North Ave,41.9098243001514,-87.70539239973942,bicycle_rental
Central Park Ave & North Ave,41.90965890043793,-87.71665070036948,bicycle_rental
California Ave & Francis Pl,41.91810629986588,-87.69694979999326,bicycle_rental
La Bomba,41.91727470036716,-87.70783520033422,restaurant
La Estrella,41.917238900155155,-87.71069610024477,bakery
Tusk,41.91728059991982,-87.70739789959333,clothes
Shop 1021,41.929894300281774,-87.70898630017757,clothes
Hairpin Arts Center,41.93211439995963,-87.71272870026928,arts_centre
Elastic Arts Foundation,41.93181310009453,-87.71345659984217,arts_centre
Friendship Chinese,41.93258340000398,-87.7134313001144,restaurant
Passion House Café,41.929394400431306,-87.70721340007833,cafe
Boeufhaus,41.89984679959019,-87.68718430021522,restaurant
Sportsman's Club,41.89898249984253,-87.68728680044546,bar
Stella's Tap,41.89860110006077,-87.6866989001341,bar
Feed,41.8955110996576,-87.69696839977178,restaurant
The Gallery Cabaret,41.918274599892925,-87.68517070016765,bar
Enoteca Roma Ristorante,41.903284500379414,-87.68160459957255,restaurant
Letizia's Natural Bakery,41.90329049975679,-87.68150799979429,cafe
Folklore,41.90330029966913,-87.67987519968068,restaurant
Mirella's Tavern,41.903334400162464,-87.67951780010634,restaurant
Thai Village,41.90299499961958,-87.67936220030526,restaurant
Innjoy,41.90299499961958,-87.67927910025026,pub
The Fifty/50,41.9029711001362,-87.67908859955918,pub
Mirai Sushi,41.90333929966897,-87.67820339956722,restaurant
El Bagel Cafe,41.90335040000099,-87.67804259988606,restaurant
Whadda Jerk,41.903025699776265,-87.6778641995731,restaurant
Penelope's,41.90305689995603,-87.67549450037086,clothes
Cattails,41.90304889958708,-87.67619720004069,florist
The Boil Seafood,41.90310879983127,-87.6726539997822,restaurant
Mac's American Food & Drink,41.90311480010797,-87.67251990007327,pub
D/V Optical,41.90342820035124,-87.67223290032803,optician
Division Street Liquors,41.90309880026945,-87.67223290032803,beverages
Gold Star Bar,41.90310279955463,-87.67205049983068,bar
Bangers & Lace,41.90348210031874,-87.67027489996661,bar
La Pasadita,41.90270709965296,-87.66771460024859,fast_food
Alegrias Seafood Chicago,41.90048359963845,-87.6676382999675,restaurant
Five Star Bar,41.89629230024951,-87.66342899974848,pub
Lush Wine & Spirits,41.89633719980196,-87.66293419995333,bar
Manee Thai,41.89622439963637,-87.6668568997261,restaurant
Blind Robin,41.897295299738346,-87.68666379959461,bar
IHSP Chicago Hostel,41.91110660028943,-87.67766239979989,hostel
Holiday Jones,41.9030060999516,-87.67096230036981,hostel
Go Grocer,41.910580399765706,-87.67984810040946,greengrocer
Pink Nail Spa,41.910516900434686,-87.68269920040774,beauty_shop
Handlebar,41.91021399977632,-87.68531109962748,restaurant
Thai Lagoon,41.91046949986759,-87.68575000026226,restaurant
Rangoli,41.910145500214696,-87.68810709996268,restaurant
Ipsento,41.91864500006676,-87.68723350032576,cafe
Las Asadas,41.91891440007953,-87.68722549995681,fast_food
Quesadilla la Reina del Sur,41.922787299894026,-87.68738700020987,restaurant
Birrieria Estilo Jalisco,41.92260259983016,-87.68779140015295,restaurant
Danny's Liquors,41.92233269979431,-87.68780129989005,beverages
Tap Room,41.922267700394116,-87.68779919997309,bar
Dunkin',41.89647839965846,-87.62093089974121,fast_food
Potbelly,41.893263999633916,-87.62070830044769,fast_food
Dao,41.89274690024928,-87.62150230019097,restaurant
Gyu-Kaku,41.89272690022631,-87.62224259961624,restaurant
Burrito Beach,41.89269899965916,-87.62248929984128,fast_food
M Burger,41.89785850016972,-87.62306829956236,fast_food
Shake Shack,41.892677700115826,-87.62566610011038,fast_food
Bernard's Bar,41.89975529986725,-87.62761300013983,bar
Next,41.88659460036058,-87.65200690019827,restaurant
The Aviary,41.886456299918336,-87.65201849965399,bar
7-Eleven,41.8932528003765,-87.61789580025095,convenience
Starbucks,41.8933007000673,-87.61757660027985,cafe
Robert's Pizza Company,41.890633599561,-87.61705099960392,restaurant
Consulate General of India,41.88994960039378,-87.62122389976315,embassy
Consulate General of Brazil,41.88977270015005,-87.62301879997761,embassy
Consulate General of Colombia,41.891235299969196,-87.62472230029391,embassy
British Consulate,41.89310060001276,-87.62379219985013,embassy
Consulate General of Italy,41.89117489970192,-87.62476159976796,embassy
Consulate General of Canada,41.88550809971906,-87.62250819999338,embassy
Consulate General of the Federal Republic of Germany,41.89473449999724,-87.62469770023864,embassy
Consulate General of Spain,41.885485700304855,-87.62507659990513,embassy
Consulate General of Egypt,41.89126350001055,-87.6247655001277,embassy
Sable Kitchen & Bar,41.89105240034803,-87.6273558003299,restaurant
After-Words,41.89074689974967,-87.62709570020638,bookshop
Xoco,41.89069259958387,-87.63091329980892,restaurant
Topolobampo,41.890624699870045,-87.63091599957369,restaurant
Frontera Grill,41.89053689995802,-87.63092130017782,restaurant
The Pearl Club,41.89105739967931,-87.64710830020783,bar
Richard's Bar,41.89104359958253,-87.64700040044806,bar
La Scarola,41.89104389995606,-87.6468380997984,restaurant
The Drop In,41.889600899961636,-87.64486530019343,bar
Town & Country Pediatrics,41.908160799881045,-87.6484802996261,doctors
Myopic Books,41.90981279962108,-87.67684549972,bookshop
Chase,41.91065860031421,-87.67764210030265,atm
En Hakkore,41.91509580043089,-87.67774149967045,restaurant
Sarpino's Pizzeria,41.915365200443716,-87.67774149967045,fast_food
nan,41.917635699927644,-87.67781310009445,bar
Polonia Food & Liquors,41.9178979997929,-87.67746260011887,beverages
Presidio,41.91374239989187,-87.67732350017934,restaurant
Art + Science,41.92801549961564,-87.705464699836,hairdresser
National Museum of Puerto Rican Arts & Culture,41.90231070007877,-87.70318700037973,museum
The Spoke & Bird,41.857774999816456,-87.62208890008264,cafe
Bucktown Pub,41.91621079968871,-87.67012319962595,pub
Le Café Station Grill,41.91581480031283,-87.68707169969912,restaurant
Dante's Pizzeria,41.917562999632764,-87.70364900010122,restaurant
Zoku Sushi,41.910720700300146,-87.70702560005134,restaurant
Roeser's Bakery,41.91028500035253,-87.70752699997104,bakery
La Encantada,41.909861499708484,-87.71347349990208,restaurant
World Sport Chicago Archery Range,41.90667510007586,-87.66305179980066,pitch
Tribute to the Past,41.73807699995365,-87.53034069986336,artwork
Restoration,41.8198336998654,-87.60053649975964,artwork
Eagle Columns,41.92886230035492,-87.65392889979887,artwork
Dr. Sun Yat-Sen,41.848090199802925,-87.6344713002103,artwork
Entry Fountain,41.844255100292685,-87.64689859989045,fountain
Alchemy--Birds and Stone,41.87080869976171,-87.62915629972343,artwork
M3 Stuart Tank,41.89162579999072,-87.6894907995607,memorial
Lao Sze Chuan,41.89139559962729,-87.6244867004009,restaurant
Billy Goat Tavern,41.89138929987632,-87.60447010021494,pub
nan,41.88395579972041,-87.61933010020391,toilet
Overlook,41.85632479984969,-87.60809899956917,viewpoint
nan,41.98840469981707,-87.68918190042433,viewpoint
nan,41.98873629964055,-87.68824729977302,viewpoint
nan,41.98963610012595,-87.68863700029726,viewpoint
Belmont Harbor Inner Light,41.94305539998675,-87.63576810011767,lighthouse
Wilson Avenue Breakwater Light,41.968655999574764,-87.63102219961479,lighthouse
Mano Modern Cafe,41.89758390027686,-87.66705589990983,cafe
nan,41.913692699758315,-87.72011949971511,viewpoint
Central Observatory,41.91375159995641,-87.71142520041263,viewpoint
nan,41.91388440014498,-87.70179530041275,viewpoint
nan,41.9140476001167,-87.67753960007246,viewpoint
nan,41.91429900019875,-87.66817459987783,viewpoint
nan,41.98569190026103,-87.68770560033317,viewpoint
City Winery at the Chicago Riverwalk,41.88704890008671,-87.62874769994636,bar
nan,41.93361370021216,-87.66138509974252,shelter
nan,41.90509419983749,-87.75517650029519,swimming_pool
nan,41.78184939973005,-87.60493240030996,swimming_pool
Ecstasy,41.80265729989452,-87.58239949973711,artwork
St. Louis Ave & Balmoral Ave,41.98031949964525,-87.7161403000348,bicycle_rental
Kedzie Ave & Bryn Mawr Ave,41.982272499776116,-87.70891419973049,bicycle_rental
Cafe L'Appetito,41.89504299983463,-87.62662470006984,cafe
Big Shoulders Coffee,41.89613969968747,-87.65549690016178,cafe
Chase,41.910492400204134,-87.68886679956313,atm
Tony's Fresh Market,41.938845599744695,-87.76796559993244,supermarket
nan,41.90113190021708,-87.62354139961587,shelter
Del Seoul,41.929469699766855,-87.64294069975347,restaurant
Danny's Liquors,41.93600719997238,-87.71902270003756,beverages
Midtown Produce,41.93639450020606,-87.7196532003349,greengrocer
Central Park Bar,41.934529600360804,-87.71742279982232,bar
Podlasie Club,41.93435000035231,-87.71741480035274,bar
Ski's Lounge,41.935483100264946,-87.72195380012772,bar
The Renaissance Society,41.78914200040305,-87.60101999957328,museum
Raymond's Tacos,41.92474590010323,-87.71858960002999,restaurant
Vito & Angelo Pizzeria,41.924751799655894,-87.71878540042587,restaurant
Hoanh Long,41.993779700372954,-87.71325000038718,restaurant
Mas alla del Sol,41.98839349966033,-87.66054359960742,restaurant
Chase,41.890899799785984,-87.6179740997249,bank
Walgreens,41.89121739986314,-87.61848790039625,chemist
BMO,41.891279300199585,-87.61802930011208,bank
Cafe Descartes,41.89485850031957,-87.617259400401,cafe
Walgreens,41.894698799609955,-87.61655660000707,pharmacy
Walgreens,41.894400700432016,-87.62124100037181,pharmacy
Orvis,41.89349960042625,-87.6236959004454,outdoor_shop
El Pacifico,41.924788099890975,-87.71594079982799,restaurant
Garcia Medical Center,41.92480879958646,-87.716099700141,clinic
Neuro-Orthopedic Clinic,41.92478480027836,-87.7164414002504,clinic
nan,41.924777799955564,-87.71652729989495,beauty_shop
Joyeria Bahena,41.92477379977112,-87.71662520009289,jeweller
Bialystok Pub,41.931780999693444,-87.71925710023493,pub
Milwaukee Fresh Market,41.93171000001655,-87.71910380000031,greengrocer
J.J. Pepper's,41.93176840019157,-87.70762180020586,convenience
Subway,41.931773600071665,-87.707764199758,fast_food
nan,41.93176840019157,-87.70791830038922,laundry
Windy City Wash House,41.932159300411456,-87.7076054999938,laundry
nan,41.974945000011814,-87.66096019975339,playground
Upstairs at Gwen,41.891175299900226,-87.62518720032898,bar
Homewood Suites by Hilton Chicago Downtown,41.89185469993453,-87.62637060022297,hotel
WWII Memorial Fountain,41.77503269959948,-87.65583119975003,fountain
WWII Memorial Fountain,41.77503269959948,-87.65583119975003,memorial
Keystone Ave & Montrose Ave,41.96111940024019,-87.728969000419,bicycle_rental
7-Eleven,41.94623099966094,-87.72696330001622,convenience
City Food Mart,41.91711570022943,-87.72119480019984,convenience
Las Vegas Nightclub,41.91738649958734,-87.71949539989276,nightclub
Prius Medical Center,41.91738949972569,-87.71878400018142,clinic
Van Phat,41.931658899638535,-87.71246429958774,restaurant
Spicy Taco,41.93255469993949,-87.71286749983523,restaurant
Aurelio's Diamante Jewelers,41.932596799902456,-87.712941800024,jeweller
Kimball Medical Center,41.932781099767965,-87.71320719985238,clinic
Foot Locker,41.9318487995825,-87.71248390031172,shoe_shop
FoodSmart Urban Market,41.9316422001275,-87.71309319999114,greengrocer
Superwash Coin Laundry,41.93163939963864,-87.71327859972757,laundry
Azucar Delights,41.9391491002508,-87.71322929979232,bakery
Eat First,41.93905349961938,-87.71161439978471,restaurant
Subway,41.939059700444886,-87.71144230012203,fast_food
My Pollo,41.9394729002542,-87.70379610040965,restaurant
Reed's Local,41.93924319991379,-87.70344849984838,bar
Jaiyen Sushi & Noodle,41.93926889983993,-87.69764710013351,restaurant
Taxim,41.909700700027315,-87.6766754999743,restaurant
Carhartt,41.90905219979925,-87.67564380042103,clothes
Una Mae's,41.90918650005699,-87.67584910035566,clothes
Little Olive Lounge,41.90940910024983,-87.67619949960721,bar
Levi's,41.90963030019827,-87.676551600376,clothes
Dr. Martens,41.90992850010025,-87.67652639957362,shoe_shop
Steve Madden,41.90979689960727,-87.67629260012336,shoe_shop
Saint Alfred,41.909401199705655,-87.67567210028716,shoe_shop
Chrome,41.90934850033307,-87.67560669978934,clothes
G-Star Raw,41.909306400370156,-87.67553939992331,clothes
Crossroads Trading Co.,41.9091628002231,-87.67532349967973,clothes
Urban Eyecare,41.909119399840506,-87.6752545000951,optician
Eskell,41.90899030036212,-87.6750492001604,clothes
Vintage Underground,41.908938899610575,-87.67497489997163,clothes
Ragstock,41.908492700078114,-87.67428150019106,clothes
Artemio's Bakery,41.908199200033096,-87.67381629978235,bakery
Free People,41.90845179981079,-87.67467639969607,clothes
Buffalo Exchange,41.90866650035878,-87.67502960033573,clothes
Endless Supply,41.90774600017784,-87.67358670016603,shoe_shop
Nori,41.90724139957098,-87.6722879001664,restaurant
Oiistar,41.90719070029064,-87.67198870021832,restaurant
Transit Tees,41.906837100351936,-87.67168419966606,clothes
Futurgarb,41.90679240044898,-87.67160790028436,clothes
The Standard,41.905825999770116,-87.67058439985016,bar
Kokorokoko,41.90598180012006,-87.67033850002173,clothes
Fausto's Jewelry,41.905915299751314,-87.67020839959793,jeweller
Falafel & Grill,41.90587440038331,-87.6701575995935,fast_food
Belmont Army,41.90558090033835,-87.67019420020216,clothes
Forsite Optical,41.90510359955152,-87.66943199958706,optician
Salon M-Oka,41.90476319986186,-87.66842780040264,beauty_shop
nan,41.90516490004018,-87.66795590004472,laundry
Green Arch Food Mart,41.903878800266455,-87.667045900348,convenience
City Sports,41.90354890016164,-87.66646760029948,sports_shop
Butcher & Larder,41.90040480014147,-87.66211979998872,butcher
Polish Museum of America,41.89967369988142,-87.66104999975767,museum
Usagi Ya,41.903050299831534,-87.66625139968232,restaurant
Wicker Park Veterinary Clinic,41.902896600297936,-87.66601269982618,veterinary
Occult Bookstore,41.90282669959254,-87.6659001002094,bookshop
Crater Food & Liquor,41.9025272001702,-87.6654306999668,beverages
Kin Sushi & Thai Cuisine,41.90222380038813,-87.66499619971484,restaurant
Lovely Bake Shop,41.902171899613506,-87.66487809984437,bakery
An Orange Moon,41.91048520023185,-87.68810480039616,furniture_shop
So Gong Dong,41.91014109983195,-87.68775459989484,restaurant
Chipotle,41.94585219981923,-87.70912950012627,fast_food
Parachute,41.94477909997556,-87.70646420006273,restaurant
Albany & Elston Liquor Store,41.94442149985241,-87.70516130005393,beverages
The Tamale Spaceship,41.906210100216015,-87.67719010014298,restaurant
nan,41.90613429995801,-87.67719549967251,laundry
Craft Pizza,41.90488479989364,-87.67746620010502,restaurant
Wicker Park Cleaners,41.90479859987556,-87.6774601000036,laundry
D&D Liquors,41.90358830035984,-87.67785040037563,beverages
Consulate General of the Dominican Republic,41.98298929991631,-87.8454034999715,embassy
Consulate General of Honduras,41.924180199556645,-87.73815789986713,embassy
Lou Malnati's Pizzeria,41.908835199684745,-87.67794840039835,restaurant
Wicked Nails,41.90865559967625,-87.6778639999236,beauty_shop
Akira Men,41.91064220027738,-87.6755260998496,clothes
Amaru,41.91067789976529,-87.67536990020068,restaurant
Pasta Bowl,41.91065439958095,-87.67469009996807,restaurant
Chase,41.91041810001536,-87.67468549993583,bank
Akira Chicago,41.910671799663874,-87.67363940043793,clothes
Gallery Cafe,41.91068390004199,-87.672427500129,cafe
5411 Empanadas - Wicker Park,41.910340799688186,-87.67932239990881,restaurant
Asia Nails,41.910346799964884,-87.6794659002311,beauty_shop
U.S. Cleaners,41.910340799688186,-87.67956519977412,laundry
First Merit,41.91056539997328,-87.68125630023803,bank
Wicker Park Bodega,41.91028989985904,-87.68219509982396,convenience
Flash Taco,41.91028639969767,-87.67760070001225,fast_food
Underdog,41.91022269981778,-87.67762880022889,fast_food
nan,41.91036050023695,-87.67791169996497,dentist
Sushi Para M,41.91117669974494,-87.67846239981986,restaurant
Trim,41.91108059998976,-87.67832110013865,beauty_shop
Tom's,41.91090109980598,-87.6773378002992,shoe_shop
Enso Sushi & Bar,41.91094779980119,-87.67733509963512,restaurant
Dimo's Pizza,41.91100970013758,-87.6773378002992,restaurant
AT&T,41.911085600220304,-87.67734319982878,mobile_phone_shop
Potbelly,41.91127519979068,-87.6772895004101,fast_food
Lululemon,41.9113450995967,-87.67732440040072,clothes
Finish Line,41.911446900154374,-87.6773323998703,sports_shop
Nike,41.9116923997845,-87.6776570002703,clothes
Belly Dance Maternity,41.911866000415614,-87.67731630020705,clothes
Diptyque,41.91183809984847,-87.67731899997182,clothes
Cynthia Rowley,41.91202570022591,-87.6773538999625,clothes
Steven Alan,41.91217340038219,-87.67733509963512,clothes
Joe's,41.91282610044425,-87.67734050006396,clothes
nan,41.9145389995752,-87.66806980008118,camera_surveillance
nan,41.91464049975929,-87.66887220039172,drinking_water
1st Dental,41.92700360043585,-87.70378430040512,dentist
Logan Square Nail Salon,41.925888999577694,-87.7019590004075,beauty_shop
Philly's Best,41.925524800229425,-87.70185440026034,fast_food
nan,41.92545069969009,-87.7020067004488,car_wash
Little Clown Pizza,41.93202650022283,-87.71703239962551,fast_food
Supermercado Picino,41.93202650022283,-87.71733740020085,convenience
La Cabaña de Don Luis #3,41.931504799906634,-87.73893260015933,restaurant
Martha's Food Market,41.93149690026178,-87.73906710006656,convenience
Poncitlan Jalisco,41.93176540005322,-87.73907770037556,restaurant
Fullerton-Kimball Medical Surgical Center,41.92484319955406,-87.71271960002946,clinic
Moneil Food & Liquors,41.92482499997385,-87.71237399956038,beverages
Jibaritos y Mas,41.924834100213616,-87.71227439964377,restaurant
Chez Francis Salon,41.924858300070525,-87.7106034997517,beauty_shop
Windy City Hand Car Wash,41.92451049985971,-87.71005260024725,car_wash
Avis,41.92452260023788,-87.70972329999029,car_rental
nan,41.92453469971667,-87.70950169984354,beauty_shop
Vishu Food & Liquor,41.9245331996475,-87.70898749987316,beverages
Garden Grill,41.917271100381015,-87.7056322003657,fast_food
Cheng Chopsticks,41.9175442002047,-87.70470999956677,restaurant
Red Lion Grill,41.91759560005693,-87.69974199979345,pub
SFR,41.9176017001584,-87.69844100005207,restaurant
Best Submarine #2,41.91008280038096,-87.69419190033591,fast_food
Boulevard Sports Lounge,41.91008879975834,-87.69385209959466,bar
Señor Pan Cafe,41.910113999661405,-87.6927745004428,cafe
Starbucks,41.90314350017246,-87.67008469964912,cafe
Anthem,41.90312169970673,-87.67097969955347,pub
Wicker Park Fitness,41.9031227995776,-87.67136179990712,sports_centre
Lilac Tiger,41.903440399654755,-87.67167760044089,restaurant
Ruby Room,41.90311940014027,-87.6715881997356,beauty_shop
Trillium,41.903442499571725,-87.67177380002084,clothes
nan,41.903413300383534,-87.67397649961572,restaurant
Fame Cleaners,41.90340329992239,-87.67437619970184,laundry
Winchester Club,41.90306119961474,-87.67588620008803,hairdresser
Phodega,41.903371400070114,-87.67587089992207,restaurant
Via Carducci,41.90337590027764,-87.67599190010606,restaurant
Shawarma Garden,41.90295909958286,-87.67682880020891,restaurant
World War I Memorial,41.92489820029175,-87.69980140001456,memorial
Yohel's Barber Shop,41.92495940005631,-87.69879920002302,hairdresser
California Foodmart,41.92204240043651,-87.69717960015839,convenience
Little Mel's,41.92194059987884,-87.69718499968792,fast_food
Subway,41.91065939981149,-87.69012420017168,fast_food
Dental Magic,41.91067140036489,-87.68986129955931,dentist
West On North,41.91012450014563,-87.69011879974278,pub
Barbaro Taqueria,41.91012750028398,-87.69075130013238,restaurant
Spin It Up Laundry,41.94878909963728,-87.71322350006443,laundry
Alex's Hot Dogs,41.95377269995021,-87.70663019962399,fast_food
Serbian Village,41.95409619958002,-87.70731319964443,bar
Penny Lane,41.9300689998845,-87.70959819979703,beauty_shop
Pearle Vision,41.930306400220275,-87.70973169965816,optician
Chase,41.899040599644024,-87.62267690021872,bank
Hanig's Footwear,41.89903699965788,-87.62298990026363,shoe_shop
Loyola University Museum of Art,41.897328900208606,-87.62505759992825,museum
Canada Goose,41.89695659976729,-87.6250370998822,clothes
RL,41.89651269980129,-87.62478600017374,restaurant
Anthropologie,41.89654669957059,-87.62510279985429,clothes
Nordstrom Rack,41.89653300019785,-87.62530380013021,clothes
Devil Dawgs,41.896934700376164,-87.62587390016034,fast_food
Pippin's Tavern,41.896521399842754,-87.62665979970996,pub
Neiman Marcus,41.89602009974783,-87.62392430036613,department_store
Nike,41.894443000044475,-87.62389720019559,clothes
Levi's,41.89293160031315,-87.62450869961674,clothes
Armani Exchange,41.891524000332424,-87.62477689993392,clothes
Labriola,41.89189350028488,-87.62344179969926,cafe
Sayat Nova,41.89241709996924,-87.62322719987532,restaurant
Second Story Bar,41.892344899697434,-87.62322719987532,bar
Jersey Mike's Subs,41.89244709955403,-87.62234259973116,fast_food
Jimmy John's,41.89245109973854,-87.6221935002298,fast_food
The UPS Store,41.89245490027349,-87.62205259984756,post_office
Nail Perfection,41.89245710001518,-87.62197340015229,beauty_shop
City Scents,41.892455099922984,-87.6218144000145,florist
Eye Society,41.89270740022641,-87.62172819999637,optician
Estrella Negra,41.92502789961793,-87.68706299965766,restaurant
"Mister ""G"" Cleaners",41.9253740999348,-87.68786770043397,laundry
Sonny's Pizza,41.9257821996888,-87.68747609964225,restaurant
The Boathouse Cafe,41.90557659978032,-87.700602800279,cafe
European Wax Center,41.89279339969568,-87.61874140039527,beauty_shop
Bombay Wraps,41.892799399972375,-87.61863950001288,fast_food
nan,41.91442210029976,-87.67738279967642,drinking_water
nan,41.9142487002174,-87.6767117003846,drinking_water
nan,41.913920599656024,-87.69120259972016,drinking_water
nan,41.91393189963753,-87.69789280031245,drinking_water
nan,41.914091499623055,-87.70489309973675,drinking_water
nan,41.91390819980364,-87.72037680024908,drinking_water
Ross,41.69781429979014,-87.59808030016569,department_store
Humboldt Haus,41.91036019986336,-87.70135920026684,restaurant
Humble Bar & Lounge,41.91034279978044,-87.7030290002881,bar
Floyd's Barber Shop,41.892459199932205,-87.62189440010644,hairdresser
Darius & Girenas Memorial,41.77151959964988,-87.69374269976572,memorial
Glazed and Infused,41.89023200010678,-87.62755379956815,bakery
Roots Handmade Pizza,41.89608810018575,-87.67567089969225,restaurant
nan,41.9027581002062,-87.62339759981933,drinking_water
Al's Beef,41.932794399841725,-87.6882960996852,fast_food
Rogers Park Provisions,42.00762459959566,-87.66627599973754,gift_shop
Hamachi Sushi Bar,42.01916670018312,-87.69975410017156,restaurant
pH Comedy,41.97790029995895,-87.66890570013794,theatre
nan,41.8660881997107,-87.60748330031402,drinking_water
Golas & Sons Bike Shop,41.87041650002152,-87.62474190011858,bicycle_shop
The Museum of Contemporary Photography,41.874207299827106,-87.62451390039615,museum
nan,41.891429999594834,-87.60509460023559,toilet
Crack The Whip,41.891314499664475,-87.61020830007294,artwork
Vienna Drinking Fountain (Hans Muhr),41.89749089958542,-87.62367610007192,drinking_water
The Park Grill,41.88268479956389,-87.62359790042274,restaurant
nan,41.881257499933724,-87.62373839970735,fountain
nan,41.88169560017184,-87.62375290037602,fountain
Spinzer,41.99761699962488,-87.68886099983524,restaurant
Cary's Lounge,41.997690000293346,-87.68697400005004,bar
Par-Birdie Foods,41.9978990000389,-87.6864690001442,supermarket
Zara,41.8843465002908,-87.6282186998331,clothes
Garcia's Restaurant,41.96898699955045,-87.67330209981202,restaurant
Norwood Park Historical Society,41.98359680005234,-87.79599410014754,museum
Usmania Fine Dining,41.99799600001546,-87.6868939999581,restaurant
nan,41.92749909990357,-87.68446760029946,water_tower
Usmania Chinese,41.99767300040867,-87.68706299965766,restaurant
Naf Naf Grill,41.883085100397125,-87.63569039959225,restaurant
Verizon,41.88308249955776,-87.63552759981883,mobile_phone_shop
Così,41.883328599935,-87.63514310007395,fast_food
Harold's Chicken Shack,41.79999829958189,-87.59594739965274,fast_food
Gotthold Ephraim Lessing,41.79426700022191,-87.60676669982331,artwork
A Greater Perspective,41.91408610009347,-87.67756839996167,artwork
Cellar Door Provisions,41.93193239966058,-87.70357619998163,cafe
Target,41.890856299578616,-87.61733409988875,department_store
Daata Darbar,41.997874999831424,-87.68793300020775,restaurant
Diversey Market,41.93217719961814,-87.70482889983384,convenience
Restaurant Ecuador,41.93196219959589,-87.70103700015738,restaurant
Tropical Optical,41.93150189959306,-87.71110660028933,optician
TCS Wireless,41.92983499988537,-87.708409600023,mobile_phone_shop
Look's Nails,41.929723799613726,-87.70870229967136,beauty_shop
Joyeria Moreira's,41.929695100448555,-87.7086575997684,jeweller
The Heavy Feather,41.924249000391114,-87.69888850000422,bar
DAS,41.92463159986852,-87.69942510028812,cafe
nan,41.9623962001246,-87.88252329981037,comms_tower
Walgreens,41.8443476998865,-87.7018992998128,pharmacy
Walgreens,41.8443476998865,-87.7018992998128,chemist
Inspiration Kitchens,41.88496209972118,-87.71411449978427,restaurant
McKie's DJ Lounge,41.779856000254256,-87.6056135998877,bar
Orthodontic Experts,41.857568000163155,-87.66942009975776,dentist
Spa DaBin,41.927952299758886,-87.70536209978104,beauty_shop
Asia Nails,41.92769569979674,-87.70490460026707,beauty_shop
Black Lion,41.925420399731706,-87.70167740019184,bar
Goose Island Brewery,41.887005800077645,-87.67221219973317,pub
nan,41.77099669963803,-87.69128269963682,artwork
Ravinia Brewing Co. - Chicago Taproom,41.93200679967413,-87.69319989955568,restaurant
Kitchen 17,41.93225340007439,-87.69258749991315,restaurant
R&S Food & Liquors,41.93204869998755,-87.68891920036077,beverages
Lee's Chop Suey,41.93205020005672,-87.68860820040811,restaurant
Boulevard Bistro,41.931905000015774,-87.68767109964148,restaurant
David's Bridal,41.931536900307776,-87.68652220043919,clothes
Chipotle,41.931595400307515,-87.68636199970649,fast_food
Potbelly,41.931605700242926,-87.68614630001167,fast_food
T-Mobile,41.93155640030767,-87.68593370028003,mobile_phone_shop
Verizon,41.93089860019029,-87.6853037000057,mobile_phone_shop
Burke’s Web Pub,41.921507099672965,-87.67883589995677,bar
The Corner Bar,41.92203320037197,-87.68283909984456,bar
Cal Harbor Restaurant & Lounge,41.68558229958353,-87.60965240033795,cafe
Kensington Korner,41.68575419959666,-87.6122972003555,convenience
nan,41.73385670012664,-87.57455160007623,drinking_water
Grand & Western Liquors,41.89130450010265,-87.6863622002553,beverages
Haymarket Police Memorial,41.83043599992152,-87.62432389972815,memorial
Walgreens,41.83244890029658,-87.61587219974217,pharmacy
Walgreens,41.83244890029658,-87.61587219974217,chemist
nan,41.924905000065735,-87.70444709985372,beverages
Acapulco Night Club,41.92447869983221,-87.71344160004975,bar
Monster Ramen,41.92448370006275,-87.7135274996943,restaurant
Logan Square Medical & Aesthetic Center,41.92448470010885,-87.71335669955198,clinic
Cafeteria Marcela's,41.924366500413726,-87.71400359988621,restaurant
Push Fitness,41.92480950015835,-87.71377999964722,sports_centre
Intersports,41.92491339973367,-87.71686709973682,sports_shop
Lakeside Bar,41.884916200122575,-87.71368720040391,bar
Sakura,41.92471519994655,-87.69021939970548,restaurant
Who's Next,41.92469720001583,-87.69165709999515,hairdresser
Papa Ray's Pizza & Wings,41.92469119973913,-87.69188509971752,fast_food
Dunkin',41.92465529970235,-87.6923759002276,fast_food
Moooh Dulce,41.92502049999615,-87.69279699968178,clothes
Air Gordons,41.925010500434325,-87.69359360026442,shoe_shop
Wingstop,41.9371181001203,-87.72679519963873,fast_food
Chase,41.9364043001184,-87.72652280038687,bank
Subway,41.93609740017496,-87.72671189993417,fast_food
Valumost Liquors,41.94086500041948,-87.72704730029261,beverages
Edelweiss Tavern,41.939276900208824,-87.72275309957587,pub
Milano Cafe & Bar,41.941064499726906,-87.72621850038342,bar
Outdoor Grill,41.94060359987628,-87.72601469961864,fast_food
Aldi,41.896822400233646,-87.7082675997699,supermarket
Roll,41.9206598996347,-87.66284380010126,bicycle_shop
Bank of America,41.920572999944056,-87.66271459989883,bank
Cook County Municipal Court,41.87306409962855,-87.70554999963275,courthouse
Shake Shack,41.88158820043515,-87.62466729955617,fast_food
Gadabout,41.976651399742366,-87.66855959964579,restaurant
nan,41.91407499976151,-87.70492830010096,bench
Kim's True Value Hardware,41.99242829992613,-87.66075610041366,doityourself
Dry Cleaner's,41.99235060030003,-87.6606756002987,laundry
Double Bubble,41.99201660018599,-87.66066089998048,bar
Patio Beef,41.99151730018332,-87.66058039986552,fast_food
Independent Wine & Spirits,41.99036830025693,-87.66004090016736,beverages
Moody's Pub,41.98943230026049,-87.66057429976411,bar
Ethiopian Diamond,41.99298690032526,-87.6606229000268,restaurant
Pete's Market,41.68211169979514,-87.53892129967818,supermarket
TJ Maxx,41.682059700095124,-87.53617250026065,department_store
Doña Naty's Tacos,41.89583789979929,-87.6728838997721,restaurant
Camp/Us,41.93380029964419,-87.7149036000211,shoe_shop
Savvy Coif,41.93356429955281,-87.71451579976429,beauty_shop
Bockwinkel's,41.89278149986637,-87.61896940011769,supermarket
Altgeld Branch Library,41.65693090014099,-87.59814779968116,library
Sinhá,41.87889409958308,-87.67740889980087,restaurant
Bongiorno's Cucina Italiana & Pizzeria,41.88970380039012,-87.62590489979124,restaurant
Illy,41.88972619980433,-87.62127049993359,cafe
Burger Bar Chicago - South Loop,41.86786900035412,-87.62437600015227,restaurant
Taqueria El Mezquite,41.85786849963159,-87.67085250034256,restaurant
Velvet Taco,41.90222219959486,-87.62850299981358,restaurant
Bottles and Cans,41.9562059002821,-87.68004430010433,beverages
Randolph Tavern,41.88474680022472,-87.63366810040247,bar
Lakeview Dental Arts,41.938090299627675,-87.64403639956015,dentist
AT&T,41.95432150043695,-87.6790518002004,mobile_phone_shop
T-Mobile,41.95431660003112,-87.6786157998792,mobile_phone_shop
The Victor Bar,41.954586300417475,-87.67860690018824,bar
Ajida,41.88585870041874,-87.63379359989466,restaurant
50th Anniversary of the Rainbow Division WWI,41.757866800112765,-87.55248539998121,memorial
William Powers Monument,41.66428049984523,-87.53736329977642,monument
nan,41.660290299657674,-87.5388662000151,toilet
Felt,41.92340710005766,-87.6979362996205,clothes
National Veterans Art Museum,41.95438449974495,-87.74863669962394,museum
Community Tavern,41.95409759982442,-87.74876510032908,restaurant
Filament Theatre,41.954430300418096,-87.74870110007566,theatre
Six Corners Bakery,41.95382929968247,-87.74831739982812,bakery
nan,41.956735699892704,-87.76695560012081,drinking_water
nan,41.95384349997761,-87.76659580025591,fountain
nan,41.953556299683555,-87.76620690012828,fountain
nan,41.95501969989931,-87.76690599981202,tower
nan,41.95337909996556,-87.7668320998215,drinking_water
Fairplay Foods,41.8106536002835,-87.6472053001844,supermarket
Rainbow,41.80937230019157,-87.64708930023096,clothes
Recycling Drop-Off Center,41.90241010034589,-87.65528550012567,recycling_glass
Recycling Drop-Off Center,41.88994009995571,-87.69960260037965,recycling_glass
Moore Family Aquatic Center,41.99540619983628,-87.67915710002012,sports_centre
McGee Park,41.99583679972858,-87.6787440998603,park
Tel Aviv Pizza,41.99690650013491,-87.71709920036778,restaurant
Ugo's,41.917354999933366,-87.69857900012073,restaurant
nan,42.00273409979894,-87.65736139980874,drinking_water
nan,42.002626899711686,-87.65730339983202,bench
nan,42.00259890021914,-87.65730339983202,bench
nan,42.002568000412964,-87.65730339983202,bench
nan,42.00246369974002,-87.65779740012988,bench
Bistrot Zinc,41.90277490044133,-87.62830420017866,restaurant
Thomas Jefferson Statue,41.969757199635126,-87.76209860007032,artwork
El Barakah Supermarket,41.76362669971246,-87.56107639955616,convenience
Room & Board,41.89228779994204,-87.6256933001057,furniture_shop
The Skin Bar at Ulta Beauty,41.86887690024878,-87.63236620043978,beauty_shop
Federal Building Columns,41.88419119996394,-87.61742010025739,monument
Broadway Playhouse at Water Tower Place,41.898246199702385,-87.62235339968959,theatre
Tesla,41.89933449988729,-87.62660150025897,car_dealership
Tod's,41.90066569976227,-87.62521690043957,shoe_shop
Tom Ford,41.90091969978437,-87.62595939960659,clothes
Dolce & Gabbana,41.900920900379276,-87.6258118001744,clothes
Lowe's,41.906492999952036,-87.66861029982545,doityourself
Kimball Arts Center,41.91334660016554,-87.71123969995216,arts_centre
nan,41.860003599886284,-87.63301119960715,bench
Spray Feature,41.97472380006337,-87.72388499979286,fountain
Spray Feature,41.97619760003926,-87.7348300998292,fountain
"USPS Finance Station ""K""",41.909737699934965,-87.72544580018348,post_office
Yacht 57,41.913589400030844,-87.69725820000588,restaurant
Greenhouse Theater Center,41.92322189997077,-87.64538239957807,theatre
Kelsey's,41.92332309978127,-87.64556870043515,bar
The Dime,41.92328140001666,-87.64548580002963,bar
Fishing Eagle,41.77959120027373,-87.57476140021839,artwork
nan,41.780167199856464,-87.57398810017065,bench
nan,41.78025289985152,-87.57400140024441,vending_parking
nan,41.78045290008134,-87.57350959968824,bench
nan,41.78046710037643,-87.5736833999689,vending_parking
nan,41.78721079983859,-87.58942979964547,bench
nan,41.788568400211545,-87.5822763996361,bench
nan,41.790731599783555,-87.59954399985565,bench
Grand River,41.936858199646224,-87.66505640033256,restaurant
The Wild Hare,41.92952399993271,-87.64919440000153,bar
Spray Feature,41.75862520019291,-87.5803016997636,fountain
Jimmy,41.89298300016537,-87.62558760008761,bar
Richard H. Driehaus Museum,41.89428459975454,-87.62650310003801,museum
Polo Ralph Lauren,41.89650909981515,-87.624647500082,clothes
Logan Square Auditorium,41.92774930029003,-87.70671889975739,theatre
nan,41.943582599657304,-87.6396588002134,drinking_water
Carol's Pub,41.966957100190086,-87.6669218002009,bar
nan,41.92219790041281,-87.63170600003184,drinking_water
nan,41.91814470001793,-87.6302589000282,drinking_water
Giant,41.91728589962463,-87.70748289991587,restaurant
nan,41.869164900040175,-87.71434310025381,swimming_pool
Mariscos San Pedro,41.85780030044356,-87.65744979956855,restaurant
La Casa del Pueblo,41.857309300284044,-87.66188959962528,supermarket
La Casa del Pueblo Taqueria,41.85698800039597,-87.66212990027464,fast_food
Taqueria El Milagro,41.85535870044373,-87.66305429991598,fast_food
The Publican,41.886614999682536,-87.64885600040407,restaurant
Starbucks,41.884576699754916,-87.65195379972806,cafe
Nando's,41.88411550043003,-87.65176179986713,restaurant
La Colombe Coffee Roasters,41.88408130011197,-87.651910699719,cafe
Girl & The Goat,41.88417479992711,-87.64788940007571,restaurant
Dunkin',41.85234700041377,-87.68539540027746,fast_food
Subway,41.852347399712755,-87.68529530033783,fast_food
Super Taqueria El Taconazo,41.85235189992028,-87.68515670042137,fast_food
nan,41.85235649995258,-87.68501959967477,dentist
Cermak Discount,41.852353099615925,-87.6848762999013,clothes
Wen Gai,41.852362299680465,-87.68472530013247,restaurant
Bank of America,41.8523210001141,-87.68460670023899,bank
Cricket Wireless,41.851929699695916,-87.68469600022019,mobile_phone_shop
Laura's Pizza and Pasta,41.851910800443136,-87.68497720023754,fast_food
Fairplay Foods,41.85148269976685,-87.68678539962644,supermarket
Chase,41.851151099943365,-87.68642769967857,bank
Canton Star,41.85116320032148,-87.68622639992839,restaurant
Fun Wash,41.851164700390655,-87.68661470020822,laundry
Black Cinema House,41.76401919982624,-87.5936091002797,cinema
nan,41.89414969964895,-87.72573659956436,comms_tower
nan,41.85503529973937,-87.65413679967355,toilet
Cheetah Gym,41.910232200255905,-87.67642860009977,sports_centre
Dairy Queen,41.92203280017367,-87.64422059960094,fast_food
Chavas Tacos El Original,41.89056409995328,-87.68555650033221,restaurant
Mariano's Fresh Market,41.90800999976176,-87.64604080044256,supermarket
Subway,41.95471289978053,-87.74984259965623,fast_food
USA Payday Loans,41.95573320042689,-87.7507989998739,bank
Fantasy Costumes,41.95508420017575,-87.749455099773,clothes
Lomas Verdes,41.954742900264705,-87.74902640014824,restaurant
Today's Avon,41.95469880020954,-87.74911420006026,beauty_shop
Inside Out Art Studio,41.95452919976282,-87.7486055003435,arts_centre
Chicago Ballet Center,41.95462890040346,-87.74851160033006,arts_centre
Jimmy John's,41.954124199971886,-87.74815219976415,fast_food
Pearle Vision,41.95402250013831,-87.74798589982936,optician
City Newsstand,41.95408389955236,-87.7475441996051,newsagent
Luxe Blue,41.953755000393016,-87.74819050009148,beauty_shop
Foxwill,41.953927600078714,-87.74843189971239,clothes
Quest Modern Design,41.95396049997714,-87.74855260042216,furniture_shop
Rico Music & Art,41.953138599666715,-87.74824549992985,arts_centre
Gato & Sons,41.95322939971709,-87.74923389982456,jeweller
Jesse's Barbershop,41.95308979975448,-87.74930500022555,hairdresser
Metro by T-Mobile,41.95314860012786,-87.74970199964753,mobile_phone_shop
Webster Dental Care,41.95318150002623,-87.75194830017386,dentist
Dr. Kenneth Brocker,41.95311870036778,-87.7519456004091,doctors
Irving Park Periodontics,41.95304890038648,-87.7520623000351,dentist
Dr. Spencer & Dr. Blount-Odum,41.95296209962123,-87.752070300404,doctors
MVX Beauty Club,41.95319549977256,-87.75238550019066,hairdresser
Associates for General Dentistry,41.953637299821594,-87.75210919967981,dentist
Optima Family Dental,41.95351860010334,-87.75198449968485,dentist
A&J Dental,41.95360640001542,-87.75184770021116,dentist
Dr. Wanda Sygieda,41.95356749984029,-87.75183559983304,doctors
Grand Vein Specialists Ever Clinic,41.953660299982914,-87.75174980001322,doctors
Munoz Medical Center,41.953729099918064,-87.75174040029918,doctors
Chicago Allergy Center,41.95377799965502,-87.75171089983814,doctors
Ysabel’s Grill,41.95362539999229,-87.75035359983872,restaurant
Brothers Hair Design,41.95366039980763,-87.75004359993216,beauty_shop
Chase,41.95359259991858,-87.74948189956996,bank
Cicero Irving Park Dental,41.95293560019786,-87.74749360014948,dentist
Hairways,41.95287419988449,-87.74748159959609,hairdresser
Rasenick's Workwear,41.95281190024906,-87.74748959996504,clothes
Peru Criollo,41.95274170006945,-87.74748299984054,restaurant
Villa Roma,41.952672499936,-87.74750030009875,hairdresser
Six Corners Bistro,41.95260319997777,-87.74748430026023,restaurant
Town Nails,41.952238200232784,-87.7477157003193,beauty_shop
Domino's,41.95218199979951,-87.74770769995035,fast_food
Family Dental,41.95211460010876,-87.74771699983961,dentist
Sunny Nails,41.95167630022115,-87.74684590031802,beauty_shop
Boost Mobile,41.951708000423935,-87.74684190013357,mobile_phone_shop
Famous Footwear,41.95424999983766,-87.74366960007194,shoe_shop
Pinstripes,41.89094949991954,-87.61624910021578,restaurant
RJ Grunts,41.92004470040263,-87.63660130040967,restaurant
Reggio's Pizza,41.97925170040571,-87.91035620017846,restaurant
Billy Goat Tavern & Grill,41.97917690019386,-87.91037429993395,restaurant
Salonica,41.79161259994157,-87.59012239992876,restaurant
57th Street Hair Salon,41.79163059987235,-87.58980210008679,hairdresser
Hair Design International,41.79136470002095,-87.59440140030432,hairdresser
Hyde Park Bank,41.791256700436406,-87.5943116003001,bank
FedEx Office,41.79136720013622,-87.59412309970128,post_office
Chase,41.79992019975748,-87.59629710013104,bank
Cedars Mediterranean Kitchen,41.79999890032906,-87.59612189960592,restaurant
A&S Beverages,41.79999800010768,-87.59578390020681,beverages
Fifth Third Bank,41.7996722998368,-87.59104530040025,bank
Nando's,41.799404999741,-87.58992589986036,restaurant
Rajun Cajun,41.79942499976397,-87.58950569972825,restaurant
Chant,41.799387400008584,-87.58863830001752,restaurant
Bank of America,41.79940799987935,-87.59028349998351,bank
nan,41.793528000316996,-87.58516210015074,restaurant
Kikuya Japanese Restaurant,41.79508910018188,-87.58657430016376,restaurant
Potbelly,41.797139600312335,-87.58823569961783,fast_food
Bob's Pizza,41.80043489975088,-87.5881686003006,restaurant
Almendro Cafe,41.80320079977713,-87.5866903001172,cafe
Louis Pasteur Monument,41.874791600152264,-87.67272460016011,monument
Brite Dental,41.92309529970839,-87.6979073000818,dentist
Smart Cleaners,41.923300499818254,-87.69772090029926,laundry
TulaYoga Studio,41.92319389957885,-87.6983556004306,sports_centre
Supermercade Barrera,41.92357330016773,-87.69869600012026,convenience
Owen + Alchemy,41.92406049979229,-87.69898409973638,beverages
El Condor,41.92398139992173,-87.69883779982456,convenience
Pub Royale,41.90299639986404,-87.67918220009841,pub
Queen Mary Tavern,41.90294800015016,-87.6807432999633,bar
GreenRiver,41.89391590019869,-87.62083520018433,bar
Lyfe Kitchen,41.893573600241496,-87.62050480005644,restaurant
Nando's,41.90829300022182,-87.64688720008417,restaurant
Dick's Sporting Goods,41.90932019956762,-87.64787929978979,sports_shop
Casa Blanca Flowers,41.9675360000864,-87.77686570009195,florist
Taquería Amigo Chino,41.96753619973589,-87.77710170018327,restaurant
Baumhart Lodging at Loyola University Chicago,41.89768800040093,-87.62710390022477,hotel
State and Grand by BridgeStreet,41.89100539997929,-87.62775329977495,hotel
Residence Inn Chicago Downtown/River North,41.88952209956528,-87.6298273000898,hotel
SpringHill Suites Chicago Downtown/River North,41.889664400191975,-87.62980610037118,hotel
Hyatt Place Chicago / River North,41.89118719972953,-87.63091739981809,hotel
Aloft Chicago City Center,41.891465799806895,-87.63082259958327,hotel
Grand Plaza,41.8919090999251,-87.62848590010418,hotel
Manilow Suites at The Grand Plaza,41.892093499615385,-87.62929639970906,hotel
Art of Hair Beauty Salon,41.96779300024684,-87.77577119998085,hairdresser
Lawrence Plaza Dental,41.967957700287684,-87.77535550005626,dentist
A Taste of the Philippines,41.96795510034764,-87.77550039972363,restaurant
Illinois Nails,41.96795830013548,-87.77520269984467,beauty_shop
OM Spa,41.96795799976195,-87.77527900012569,beauty_shop
Marszalek Dental Clinic,41.96777949962427,-87.7764140003058,dentist
Monica's Video,41.967778700126985,-87.77625099998363,video_shop
Simply Chic Beauty Salon,41.967778700126985,-87.7761993995826,hairdresser
Laszlo Moholy-Nagy,41.95691910043621,-87.65939230011452,memorial
Jack Johnson,41.957532900323145,-87.6582987002248,memorial
Friendly Tavern,41.96860270035438,-87.78178880031282,bar
Jackalope Coffee & Tea House,41.836120500360835,-87.64588249997735,cafe
Dunkin',41.96908350040326,-87.76162659988762,fast_food
Subway,41.96893480020094,-87.76149059991121,fast_food
7-Eleven,41.96934099968746,-87.76103940014815,convenience
nan,41.96910160015875,-87.76213929978883,atm
ANG Convenience Store,41.970752699677405,-87.76313870019084,convenience
Citi Wireless,41.9706899000189,-87.7630715999743,mobile_phone_shop
Gorilla Sushi Bar,41.97084339990306,-87.76321410025048,restaurant
Quick-Cuts,41.97047719956316,-87.76289090009493,hairdresser
Brighter Dental of Old Town,41.90548679977604,-87.63470409961445,dentist
nan,41.88631939972055,-87.71683660012894,waste_basket
nan,41.886319000421565,-87.71681250009675,bench
nan,41.886319700094134,-87.71685369983834,bench
nan,41.88623979982697,-87.71685269979224,bench
nan,41.88623919997917,-87.71682990017973,waste_basket
nan,41.8862405003988,-87.71681050000456,bench
nan,41.88659980024062,-87.71753390026925,bench
Bulls with Maidens (World's Fair Bulls),41.886602300355946,-87.71854590017313,artwork
nan,41.88639870013998,-87.71863410028345,bench
nan,41.885851100248146,-87.71836639998935,bench
nan,41.88634849998334,-87.71836639998935,bench
nan,41.88585010020199,-87.71840459959253,bench
nan,41.885764900230015,-87.71851360012249,bench
nan,41.88562120025824,-87.71836249962962,fountain
nan,41.90918349991864,-87.79122950004137,waste_basket
Jefferson Park Grill,41.970590499751836,-87.76266019970842,restaurant
The Gift Theatre,41.967948500223144,-87.76102479965476,theatre
House of Hair,41.96710380030021,-87.75992909984802,hairdresser
Polonia Bookstore,41.96707799965003,-87.75990869962675,bookshop
I Am Trendii Boutique,41.96699100013461,-87.76016219962577,clothes
nan,41.96640319964797,-87.75921050016439,atm
Hair Express,41.96898379976261,-87.76152990028464,hairdresser
Brighter Smile,41.96890629978594,-87.76092629960903,dentist
Presence Medical Group,41.96874319963899,-87.76128260021181,doctors
Nail Experts,41.968876300201146,-87.76100769994537,beauty_shop
Metro by T-Mobile,41.96882509999841,-87.76111149969591,mobile_phone_shop
Kawayan,41.969288999987384,-87.76098219966872,restaurant
Walgreens,41.91828389978218,-87.64994820004938,pharmacy
Big Apple Finer Foods,41.92495639991796,-87.6398943002817,supermarket
Byline Bank,41.910927299755144,-87.63451810003028,bank
James & Sons,41.90840149982938,-87.64787969998815,jeweller
Potbelly,41.91086969997673,-87.63491220003795,fast_food
Sedgwick Stop,41.91149660028793,-87.63876919983869,bar
Sedgwick's,41.91761729979862,-87.63862530021737,bar
Sushi Para II,41.92346810017273,-87.63936049958733,restaurant
Bank of America,41.87792369961909,-87.63709980001573,bank
Citibank,41.8794896998898,-87.63499799985777,bank
Larrabee St & Division St,41.9035203997467,-87.6433310001255,bicycle_rental
Paulas Thai Kitchen,41.92671470042313,-87.64858449957495,restaurant
Schiller Woods-West Grove #3,41.956236999737825,-87.8537649997549,picnic_site
Schiller Woods-West Grove #5,41.95874970013858,-87.85251830017938,picnic_site
Schiller Woods-West Grove #6,41.95818399959194,-87.8488271002904,picnic_site
Schiller Woods-West Grove #7,41.958221100223625,-87.8495591996973,picnic_site
Che Che Pin Qua Woods Grove #1,41.95169680026714,-87.84611190044382,picnic_site
Dan Ryan Woods East Picnic Grove 13,41.73636300005245,-87.67628829956533,picnic_site
Dan Ryan Woods East Picnic Grove 14,41.7363650001447,-87.67543000009437,picnic_site
Dan Ryan Woods East Picnic Grove 9,41.73640300009845,-87.67857620003156,picnic_site
Dan Ryan Woods South Picnic Grove 14,41.73467770021574,-87.68018280019601,picnic_site
Dan Ryan Woods West Picnic Grove 6,41.736920399856615,-87.68167009989514,picnic_site
Dan Ryan Woods West Picnic Grove 7,41.73690540006419,-87.68106800018802,picnic_site
Dan Ryan Woods West Picnic Grove 8,41.73688239990287,-87.68047389995047,picnic_site
Eggers Grove Picnic Grove 2,41.68744260029581,-87.52772950031613,picnic_site
Caldwell Woods Picnic Grove 2,41.99881919984625,-87.78694689967966,picnic_site
Subway,41.88550859974214,-87.64349350042465,fast_food
Athenian Room,41.9216938996538,-87.64909299964216,restaurant
Domino's,41.922705000235624,-87.64468210019874,fast_food
Jimmy John's,41.92276479975578,-87.64476880023989,fast_food
La Crosta Woodfire Pizzeria Italiana,41.9248942001073,-87.64822159974699,restaurant
Starbucks,41.921939300358474,-87.64883519998443,cafe
Toast,41.92195339992952,-87.64810700003801,restaurant
Adobo Grill,41.910983900386725,-87.63527500004119,restaurant
Bank of America,41.88302560035123,-87.62914179995408,bank
Citibank,41.88562590011526,-87.62478090011842,bank
Einstein Bros. Bagels,41.88298560030529,-87.63291840036385,fast_food
Open Books,41.885524099557585,-87.64471840043382,bookshop
Quarks VI,41.96774409961057,-87.76042999974464,artwork
Giordano's Pizzeria,41.89589880008958,-87.62568140027639,restaurant
Alexandra's place,41.89984779963629,-87.66638999959878,hostel
CPD Radio Tower,41.970532800148646,-87.7642701003848,comms_tower
Foremost Liquor Center,41.97735079979964,-87.76894040027923,beverages
Computer Planet,41.96802750026899,-87.7676530999106,computer_shop
ISP Radio Tower,41.95455079967974,-87.80259930041734,comms_tower
nan,41.96967430012887,-87.77403260002444,recycling_paper
nan,41.96965039974623,-87.77403260002444,recycling_paper
nan,41.96962579969096,-87.77403260002444,recycling_paper
Panda Cleaners,41.96793830011251,-87.7652632999613,laundry
nan,41.971463399716185,-87.7465339003192,atm
La Fournette,41.910518100130275,-87.63446710037636,bakery
State St. Barbers,41.91046299956781,-87.6344409004272,hairdresser
Cousins Subs,41.88228019997132,-87.63170170037313,fast_food
Live Wire Lounge,41.942900800231826,-87.73037909961573,bar
Big Bear Sushi & Thai,41.941562699858764,-87.72816130040366,restaurant
7-Eleven,41.883051300277316,-87.63407320001812,convenience
The River Hotel,41.887658299590896,-87.62555949987097,hotel
Starbucks,41.890638300317335,-87.61731519973665,cafe
Kanela Breakfast Club,41.89126169956785,-87.61494270004556,restaurant
Niu Japanese Fusion,41.89120440016296,-87.61874470000788,restaurant
Hyman's Ace Hardware,41.738881000158074,-87.55186280022804,doityourself
CBI Computer,41.762911700015025,-87.56335319969037,computer_shop
Cleaner Quality One Hour,41.76474429980965,-87.5650027002144,laundry
Quality First Cleaners,41.76556649959434,-87.56695539997168,laundry
Jeffro Furniture,41.76596769974958,-87.57675350017388,furniture_shop
The Dearborn,41.88420269959494,-87.62925770008275,restaurant
Starbucks,41.87800500013071,-87.6339196003093,cafe
Jefferson Park Hair Studio,41.9679274003293,-87.76537040022373,hairdresser
Cook County Municipal Court,41.69224540000528,-87.60435870029374,courthouse
Beautiful Cakes,41.97218810040056,-87.77408929958148,bakery
Dunkin',41.94613759967052,-87.68779650020826,fast_food
Big Boy Gyros,41.946071500399455,-87.68779469976556,fast_food
Pi-Hi Cafe,41.94601069993388,-87.6877924001991,restaurant
Pro Nails,41.945960200303034,-87.68779159980244,beauty_shop
Boost Mobile,41.945909099925075,-87.68779130032823,mobile_phone_shop
New China 2,41.94585539960707,-87.68779049993157,restaurant
Kauser's Salon and Spa,41.94582110036356,-87.68778940006075,beauty_shop
Potbelly,41.94842619980932,-87.68858940008073,fast_food
nan,41.97637419990946,-87.78764619991216,atm
PNC Bank,41.976635100429576,-87.78763770041951,atm
Kordian's Market,41.97623850030658,-87.78637600015225,greengrocer
European Hair Salon,41.97620389979022,-87.78627089998201,hairdresser
Nick's Gyros,41.97687330026264,-87.78804189981378,fast_food
Jay's Food & Liquors,41.976619900088394,-87.7883131002693,beverages
Ms. Z Nails,41.976708500397024,-87.78825970032489,beauty_shop
Subway,41.976771899903326,-87.78822580038036,fast_food
Sam Cleaner,41.976822100059906,-87.78819200026055,laundry
Dunkin',41.97597850000784,-87.78749660038778,fast_food
Nail Care,41.97588090018343,-87.78751680006025,beauty_shop
Final Touch Hand Car Wash,41.97587549975458,-87.78723309992756,car_wash
nan,41.9277150001472,-87.6378545002849,bench
nan,41.92637439965887,-87.63659730022516,bench
nan,41.9260360000614,-87.63600389966018,drinking_water
nan,41.92602710037045,-87.6360079996694,waste_basket
nan,41.926071599724594,-87.63625939975145,bench
Steel Roots,41.92612959970131,-87.63421609959329,artwork
Memorial to Extinct Birds,41.92643119994,-87.63416919994859,artwork
nan,41.9259458996836,-87.63546899999432,waste_basket
nan,41.926636700423444,-87.63486280027797,waste_basket
nan,41.92690429999351,-87.63696720037598,bench
nan,41.92657659963044,-87.63665830034023,bench
nan,41.9271424000018,-87.63721050026436,bench
nan,41.926624199847026,-87.6367002995791,waste_basket
nan,41.92754810036462,-87.63744109992678,bench
nan,41.92663950001298,-87.63670539963442,recycling
nan,41.92772199957068,-87.63853829980263,bench
Immediate MD,41.97542990006991,-87.7698827998513,doctors
Jet's Pizza,41.97606899968463,-87.76764990012276,restaurant
Chinese Kitchen,41.977169800446006,-87.76972829992104,restaurant
American Travel Abroad,41.97656559992254,-87.7697291003177,travel_agent
Subway,41.97648909999202,-87.76973370034995,fast_food
H&B True Value Hardware,41.977514399969664,-87.7690309997808,doityourself
Ham Tree Inn,41.97759730037518,-87.76910610036623,bar
Gladstone Park Laundromat,41.978270499583914,-87.77050810026856,laundry
Zachary's,41.97830279963455,-87.77053950009781,bar
Bank of America,41.9808960999751,-87.77293929960894,atm
"Dr. Peter Wlodarczyk, DDS",41.98217880031143,-87.77405400029187,dentist
Chicago Medical Health Group,41.982286100223405,-87.77413980011164,doctors
Community Food & Liquor,41.982363200001714,-87.77418180024983,beverages
Dream Nails,41.98239199989092,-87.77449030008722,beauty_shop
T'soma Hair Salon,41.98243850023664,-87.77453390011937,hairdresser
Tuxpan Mexican Grill,41.9824872003241,-87.77457559988397,restaurant
Rosati's,41.98255579971044,-87.77463619980074,fast_food
T-Mobile,41.9826243999961,-87.77469269970828,mobile_phone_shop
Oasis Family Dental,41.98178170016536,-87.77298909956727,dentist
Tortoise Supper Club,41.88876719964662,-87.62830970043228,restaurant
nan,41.66945290023119,-87.5355765995804,waste_basket
nan,41.66964289999987,-87.53580050019292,waste_basket
nan,41.66959579980636,-87.53585009960238,recycling
Chase,41.96612280002728,-87.75957509971107,bank
The Friendly Wash Laundromat,41.96606100041487,-87.75978019999621,laundry
China Star,41.965890800120405,-87.7598708003971,restaurant
Criss Hair Design,41.965880699834486,-87.75878460012916,hairdresser
Goca's Hair Salon,41.9631116000204,-87.75686590014112,hairdresser
AT&T,41.88051440001959,-87.63402270038728,mobile_phone_shop
T-Mobile,41.88039530010309,-87.63477079963263,mobile_phone_shop
Victoria's Secret,41.8978652999437,-87.62337780034517,clothes
nan,41.78858880043282,-87.57826039969763,drinking_water
Starbucks,41.87957439983876,-87.62808729988893,cafe
The Scout,41.865616599726366,-87.62549379989889,bar
NoodleBird,41.931958099586666,-87.70231000040616,restaurant
Marshalls,41.893197299615736,-87.62505159965156,department_store
BIG & little’s Restaurant,41.9054188002375,-87.6699429997696,restaurant
Walgreens,41.917842400106736,-87.70589490042926,pharmacy
Gold Coast Couture,41.90048120024727,-87.62475089963425,stationery
Hema's Kitchen,41.997445999833076,-87.69147330015267,restaurant
Taqueria y Restaurant Poncitlan,41.94261030032516,-87.74714460024308,restaurant
jenitor,41.79851600011335,-87.5907770002583,artwork
Austin Blvd & Lake St,41.88791820006492,-87.77448410016103,bicycle_rental
Walgreens,41.8396767003195,-87.64693690021772,chemist
Broadway & Ridge Ave,41.98403230035041,-87.66028289963606,bicycle_rental
Sudz,42.007686499932106,-87.66682309960635,laundry
Sheridan Rd & Greenleaf Ave,42.01062709956102,-87.66244279959551,bicycle_rental
nan,41.974633599860795,-87.90878840036436,drinking_water
La Tapenade,41.974694099952785,-87.90856179998707,kiosk
Starbucks,41.97467119961624,-87.90865290041097,cafe
Flight Information,41.974682600321785,-87.90870659982966,tourist_info
nan,41.78290899985052,-87.57846929961846,drinking_water
Flock,41.785992999977,-87.57771289963057,artwork
Mr. Big,41.7679401998804,-87.5637770996334,artwork
BlammO,41.76752600002493,-87.56488210022871,artwork
Leap,41.77362210037967,-87.56655760015309,artwork
Frederick Douglass Commemorative Marker,41.78882400012753,-87.57860240018061,memorial
Mena's Hair Design,41.76639850019069,-87.56956599967111,hairdresser
MLK Living Memorial,41.77143520007445,-87.70343059974232,artwork
Old Treaty Elm Historic Marker,41.98535309956594,-87.74082319993067,memorial
Starbucks,41.87809220019494,-87.62579399989312,cafe
Ben,41.89708849973454,-87.62220049965327,artwork
Estereo,41.925703099818236,-87.70217810043897,bar
South Shore Dr & 71st St,41.76640660038436,-87.56570370016561,bicycle_rental
63rd Street Beach,41.78094390024086,-87.57631899992185,bicycle_rental
La Vaca Margarita Bar,41.858170900266884,-87.65573099998562,restaurant
Potbelly,42.000037300081374,-87.6609260003346,fast_food
Chipotle,42.00267189998823,-87.66115249998785,fast_food
T-Mobile,42.00011680015024,-87.66092750040377,mobile_phone_shop
Taco Bell,41.99986859985603,-87.66092979997023,fast_food
Rainbow Beach Wade-In,41.757846499716265,-87.54864880040179,memorial
Bullhead Cantina,41.90237659970035,-87.69670840037236,restaurant
7-Eleven,41.79531690025482,-87.76259840009607,convenience
Subway,41.795260599996766,-87.76294999994252,fast_food
Country Fresh Food Mart,41.92993719974203,-87.64308229980827,convenience
D.O.C,41.929762000116284,-87.64329569993657,bar
Tarascas,41.929985100332146,-87.64315330038448,restaurant
Bojono's Pizzeria,41.9581264996383,-87.6496449999168,restaurant
Moti Modern Indian Kitchen,41.92398480025838,-87.64697619969184,restaurant
CVS Pharmacy,42.000589300355955,-87.66098489963338,chemist
Whole Foods Market,41.80215050044529,-87.58801320014902,supermarket
7-Eleven,41.938097399775245,-87.77597160040898,convenience
Walgreens,41.92787479978222,-87.64206600024568,pharmacy
Food Court,41.78804579967397,-87.7422273995748,picnic_site
nan,41.788171200240754,-87.74197050013845,tourist_info
Fuel Bar,41.78412660006262,-87.7419490000463,cafe
iStore,41.787358599819584,-87.7449602998779,gift_shop
Southside News,41.78529059978143,-87.74323159965854,newsagent
Hudson News,41.786803100282896,-87.74564680005972,newsagent
Big City Chicken,41.78838150040599,-87.74364729958319,restaurant
Big & Little’s,41.787197599589604,-87.74474949968965,fast_food
Hudson,41.78789949976215,-87.74428299976057,convenience
The Orange Line,41.786926599682886,-87.74549800003263,restaurant
Hudson,41.786417599592596,-87.7419387001109,convenience
Porkchop,41.787257200359534,-87.74467990025715,fast_food
Chicago Patrolmen's Federal Credit Union,41.882664400241936,-87.66318760012763,bank
Big Apple Butcher,41.92495320013012,-87.63931869999794,butcher
Parson's,41.98612989977511,-87.66923510021968,restaurant
Panino's Pizzeria,41.949237499810806,-87.64919740013988,restaurant
Tufano's Vernon Park Tap,41.87283349996608,-87.6540639995539,restaurant
Chinatown Post Office,41.84975100030846,-87.63178800021598,post_office
Doña Torta Restaurant,41.844230699886964,-87.7088776000212,restaurant
Lagunitas Tap Room,41.8577606996966,-87.69235180019541,bar
Walgreens,41.88219020031755,-87.62818050022986,chemist
CVS Pharmacy,41.87542399981777,-87.62786109970995,pharmacy
Dat Donut,41.74428650032178,-87.60473049981266,bakery
That's a Burger,41.74406669971847,-87.58489699979668,fast_food
Dialogo,41.78905109962858,-87.59816209980102,artwork
Nuclear Energy,41.79248520043171,-87.60104780031571,artwork
C-Bench,41.78898190039445,-87.60058150003618,bench
Paper Source,41.89683659962941,-87.63553920017392,stationery
Chipotle,41.87833719980199,-87.62725210040406,fast_food
Battle of Fort Dearborn,41.85796060010165,-87.6195130996498,memorial
Camp Douglas,41.835155800300015,-87.61765660037179,memorial
Brachiosaurus Replica,41.86665769989298,-87.61847079978753,artwork
American Doughboy,41.86117350005702,-87.61658179991008,artwork
Tribute to Freedom,41.86486400027343,-87.61695379997786,memorial
Stephen A. Douglas,41.83137450003318,-87.60848030042547,memorial
Hegewisch Veterans Memorial,41.64991350010797,-87.54740870005145,memorial
Nike Ajax Missile,41.66844059995378,-87.53732059996565,memorial
Memorial Day Massacre of 1937,41.68288439999509,-87.53991690044455,memorial
WWI War Memorial,41.67030580017257,-87.63085019977689,memorial
Veterans Memorial,41.71739610024986,-87.55528870011341,memorial
Mayor Harold Washington Memorial,41.738474100099666,-87.61304350005747,memorial
Skyway Motel,41.728517800156396,-87.58580689966863,motel
Back of the Yards Branch Library,41.807838299597904,-87.6773307999764,library
Amador Liquors,41.857856900175875,-87.65581669998068,beverages
Penelope's Vegan Taqueria,41.8578628995532,-87.65572480005943,restaurant
Ross,41.884622700077614,-87.62669669979283,department_store
The UPS Store,41.86957590010775,-87.65397599999238,post_office
Brighter Dental of South Loop,41.859490399962056,-87.62418949964564,dentist
Stussy's Diner,41.83065869993908,-87.64628100036782,restaurant
Commonwealth Tavern,41.94335080029924,-87.67860840025742,restaurant
Riverview Tavern,41.9434065996349,-87.67832010009249,restaurant
The Kitchen,41.88790480016644,-87.63121780036118,restaurant
nan,41.86805919977229,-87.63857379964111,camera_surveillance
Target,41.79972450008569,-87.59335410021151,department_store
Jeffery Pub,41.7667060998067,-87.57610440009796,bar
The UPS Store,41.880127900182515,-87.62636280040289,post_office
Starbucks,41.880347400412234,-87.62717439987864,cafe
Birrieria De La Torre,41.770570000105465,-87.72282310010593,restaurant
Bar Siena,41.884623399750126,-87.64882089986457,restaurant
Verizon,41.880858399695455,-87.6279652996588,mobile_phone_shop
T-Mobile,41.881061099690044,-87.62796610005546,mobile_phone_shop
Lobby Bar at Palmer House,41.88056489965044,-87.62675640038753,bar
7-Eleven,41.998374100184606,-87.65973569994259,convenience
Chase,41.998898299716814,-87.66041429958022,bank
7-Eleven,42.005683199819885,-87.66067320000815,convenience
Homeslice,41.921898999938946,-87.65247319957848,restaurant
Reuven Gitter Jewelers,41.881905000115694,-87.62596079985099,jeweller
Consulate General of the Czech Republic,41.88605299984613,-87.6237653002284,embassy
Cafecito,41.87583940026815,-87.62642300012135,restaurant
Shaw’s Crab House,41.88987980041253,-87.62715320016002,restaurant
Cactus Food & Liquors,41.95418229977338,-87.71274810044446,convenience
Fifth Third Bank,41.88178149981644,-87.63640740028126,bank
Chase,41.88145040001598,-87.63717780001542,bank
La Chapatta Grocery,41.84626010012357,-87.7017745998179,restaurant
LH Rooftop,41.88792110037855,-87.62525119968308,bar
Edgewater Athletic Club,41.99501099995774,-87.65740640008528,sports_centre
Al's Under the L,41.88430150001426,-87.69928319985974,fast_food
Edgebrook Coffee Shop,41.996965500157785,-87.76408490029786,cafe
nan,41.68673390034928,-87.57159389983855,tourist_info
7-Eleven,41.69187640007584,-87.70043410005366,convenience
Cardozo's Pub,41.883348199759666,-87.63320490008601,pub
Hertz,41.883077100028174,-87.63368219997352,car_rental
Mr. Submarine,41.88301319959953,-87.63367819978907,fast_food
nan,41.87472030010184,-87.63453109973045,bench
nan,41.87482890043344,-87.63435160044594,bench
nan,41.87486049991219,-87.6348353997339,bench
nan,41.87499359957502,-87.63481229974781,bench
nan,41.875006600174515,-87.63444260014586,bench
nan,41.925210200290564,-87.64826340023569,camera_surveillance
Dunkin',41.77297649956586,-87.57596289986787,fast_food
Mobil Mart,41.77316290024771,-87.57692509981348,convenience
The Chicago Dental Studio,41.8945841000762,-87.64018470036359,dentist
nan,41.89389430028177,-87.6432817001903,bench
nan,41.894119899713644,-87.64345500044789,bench
nan,41.89424070024819,-87.64366219975068,bench
Cricket Wireless,41.909896399699164,-87.71096040020228,mobile_phone_shop
Dollar Market Plus,41.90973329955216,-87.71025909987753,convenience
Dunkin',41.90988159955623,-87.7116588002134,fast_food
Foremost Liquors,41.90989240041398,-87.70977910022526,beverages
La Perla Tapatia,41.909942700395334,-87.70900959981316,restaurant
Little Caesars,41.90988349982371,-87.71151119988195,fast_food
Magic Touch Nails,41.90988220030334,-87.7121785004374,beauty_shop
PNC Bank,41.909884499869804,-87.71136899997936,bank
San Juan Bakery,41.909924900114106,-87.71082359982921,bakery
Subway,41.90974380003638,-87.71005849979991,fast_food
T-Mobile,41.909747800220885,-87.70998740029825,mobile_phone_shop
nan,41.909972500330696,-87.70805390016733,camera_surveillance
nan,41.91229360016956,-87.68221979970394,drinking_water
nan,41.91233200032161,-87.68224389973614,bench
nan,41.912430399643256,-87.68212069981041,bench
nan,41.9124743998737,-87.68207210044704,bench
nan,41.91348169992057,-87.72031780022627,camera_surveillance
nan,41.914394599930915,-87.6679757004182,bench
nan,41.92424629972703,-87.65592969979576,bench
nan,41.92447319957853,-87.65598900019216,waste_basket
nan,41.924473699601606,-87.65593839983723,bench
Archeworks,41.892934200253194,-87.64086449969687,school
Anna's Hair Salon & Spa,41.968545800248535,-87.78733639965509,hairdresser
Gaelic Imports,41.968544599653626,-87.78747029971453,convenience
Aloha Eats,41.92883489981085,-87.64257929999468,restaurant
Frank’s Bar,41.92801720023368,-87.64172580020545,bar
Great Clips,41.927997399860146,-87.64211389993648,hairdresser
China Wok,41.92776720039603,-87.64161119959715,fast_food
Starbucks,41.92863240036502,-87.64211310043919,cafe
The Tin Lizzie,41.927702299921236,-87.64157540028447,bar
Healthy Food Hub,41.75887160004436,-87.56548050012492,greengrocer
Fiya,41.98047439977381,-87.6681411001316,restaurant
Begin Historic Route 66,41.87942929962253,-87.6259242001417,tourist_info
Mariano's Fresh Market,41.93725620001368,-87.64456260008387,supermarket
Busy Beaver Button Museum,41.917189899694165,-87.71227069983291,museum
Los Gamas Tortilleria y Restaurante,41.91712090010952,-87.71150499995576,restaurant
Chevron,41.933389699774864,-87.63061700017437,artwork
Charitas,41.926590200077726,-87.63017479992703,artwork
Boost Mobile,41.961497100211034,-87.70846230029491,mobile_phone_shop
Bebe Elegante Children's Wear,41.94275100015858,-87.66904859971305,clothes
West Town Bakery & Diner,41.896091899821386,-87.67544590010817,restaurant
Sunrise Cafe,41.896048000315034,-87.67766969959695,restaurant
Pickwick Coffee,41.895873000338725,-87.66935449961045,cafe
Francesca's,41.86823080031121,-87.6322106995641,clothes
Starbucks,41.86810429987361,-87.6389401996305,cafe
Chicago Pizza and Oven Grinder Co.,41.92080330013226,-87.63731920042073,restaurant
The Allis,41.883784799928605,-87.648445700009,restaurant
A Listening Space,41.794295800111115,-87.61884220000746,community_centre
Jerk Jamaican Barbecue,41.896230200263574,-87.64820569973324,restaurant
Cafecito,41.882216599916205,-87.63363979963702,cafe
Cafecito,41.8982325003297,-87.62126210026565,cafe
P.F. Chang's,41.89185739969929,-87.62691899961209,restaurant
Gyu-Kaku,41.884419400235174,-87.66136070023612,restaurant
Aranoff True Value Hardware,41.74476619960046,-87.6048165001813,doityourself
McDonald's,41.97759499990934,-87.91063540010362,fast_food
nan,42.006191500237605,-87.65803180032731,drinking_water
Belmont Harbor Market,41.9399463996067,-87.63978489955343,convenience
Greenline Coffee,41.783797799828676,-87.61308350010341,cafe
Southport Hair Studio on Belmont,41.93975339969967,-87.67533500021005,hairdresser
The Buckingham Hotel,41.87583959991764,-87.63267859973757,hotel
JJ Thai Street Food,41.89588919982674,-87.67040129968018,restaurant
Forbidden Root Restaurant & Brewery,41.896165799811854,-87.67153929999864,bar
Yuzu Sushi + Robata Grill,41.89586230020507,-87.67172169959673,restaurant
Arami,41.89583329976705,-87.673351499572,restaurant
Sprout Home,41.89535490000867,-87.67688580013953,garden_centre
Joey G's Mac 'N Cheese,41.8992629003626,-87.6867057997328,restaurant
Xtreme Mobile,41.778846999589405,-87.74048990038858,mobile_phone_shop
Elite Nails SK Spa,41.910911899764415,-87.6354472004279,beauty_shop
Holiday Club,41.954618700292826,-87.65473490009555,bar
Dollar Car Rental,41.79374200029315,-87.7507157001694,car_rental
Avis,41.79373840030701,-87.75098529983171,car_rental
Enterprise,41.79373080013636,-87.75156540032293,car_rental
Thrifty,41.79374269996566,-87.75083370021508,car_rental
Hertz,41.79373840030701,-87.750572900419,car_rental
Midwest True Value Hardware,41.75192059965599,-87.56226200009121,doityourself
Pleasant Travel,41.99604419958018,-87.66989460005573,travel_agent
Old Crow Smokehouse - River North,41.88905980036952,-87.63314719958356,restaurant
Subway,41.9131248003693,-87.65285250034259,fast_food
Renaissance Park Sculpture,41.75072090044927,-87.65615759969342,artwork
"Dr. Martin Luther King, Jr.",41.75595990012931,-87.65482830008597,memorial
Wacker Dr & Washington St,41.883287699667676,-87.63651520021625,bicycle_rental
Field Blvd & South Water St,41.886350099877234,-87.61752950008633,bicycle_rental
Columbus Dr & Randolph St,41.88460809958417,-87.61952930003713,bicycle_rental
Casa Maggie,41.92751750003265,-87.75947239983134,chalet
Maria's Packaged Goods & Community Bar,41.838131899767404,-87.65113550030304,bar
Kimski,41.83809730015031,-87.65099989962562,restaurant
Magnifique Nail Salon,41.91097620039136,-87.6337832999593,beauty_shop
Damn Fine Coffee Bar,41.917217700436595,-87.7110483997638,cafe
Old Second National Bank,41.90961409981094,-87.7854804004001,bank
Lone Wolf,41.88463640034968,-87.64787259984058,bar
A Matter of Sight,41.92224279996532,-87.63859460006069,optician
The River Kitchen and Bar,41.93475529961745,-87.6537697000116,restaurant
nan,41.88441259956187,-87.67690589998728,comms_tower
nan,41.88446450033649,-87.67699980000071,comms_tower
The Netherlands Consulate General in Chicago,41.887607899784825,-87.62017859976254,embassy
Taqueria El Jardin,41.89424199976855,-87.65981300026971,restaurant
Café Colao,41.90312269975283,-87.69352149981734,cafe
Cermak Fresh Market,41.93204490035191,-87.7279336001555,supermarket
Kurowski’s Sausage Shop,41.93538140043131,-87.7179854004059,bakery
Nicky's Gyros,41.81698660005162,-87.63136169998245,fast_food
nan,41.90389079992053,-87.68691030017015,camera_surveillance
nan,41.903911200141806,-87.68719749956489,camera_surveillance
nan,41.911839699742416,-87.6678743998836,camera_surveillance
nan,41.91170640043009,-87.66757889974639,camera_surveillance
The Closet,41.94250680004882,-87.644294799965,bar
Whiner Beer Co.,41.810614000435805,-87.66066879962534,bar
Troy Mediterranean Grill & Turkish Kitchen,41.93524639960174,-87.64446329964153,restaurant
Westhaven Coin Laundry,41.88286539961854,-87.68611859999334,laundry
EZ Inn,41.898209799642586,-87.6866753999497,bar
Redeye Newpaper machine,41.927111400370904,-87.64149740028478,vending_any
Millie's Supper Club,41.92626230006516,-87.65012060008559,restaurant
Agami,41.96750279981444,-87.65909889989427,restaurant
Yak-Zies,41.94930820001349,-87.6584942002471,restaurant
The Izakaya at Momotaro,41.88585189974543,-87.64844700042869,restaurant
Nori Sushi Lincoln Park,41.932771600229216,-87.6535023999158,restaurant
Acanto,41.88152930023705,-87.6246710002664,restaurant
Old Lviv,41.89592659993269,-87.6831735001569,cafe
Seven Lions,41.8783913003183,-87.62508589979439,restaurant
The Gage,41.88124219976777,-87.62466929964842,restaurant
Heritage Outpost,41.96519729961574,-87.6633433995782,cafe
Breakfast House,41.969190099743344,-87.6559439000909,restaurant
Big Shoulders Coffee,41.89459470038514,-87.63137540025446,cafe
Plein Air Cafe,41.79002029989698,-87.59613659992414,cafe
Goddess and the Baker,41.881408399877785,-87.62594520021077,cafe
Jewel-Osco,41.86590380002042,-87.66845899968303,supermarket
Andy's Jazz Club & Restaurant,41.88993530027392,-87.62736300030218,nightclub
Jazz Showcase,41.87175260030233,-87.62879380009377,nightclub
Rosebud Prime,41.88141650007145,-87.62894570008393,restaurant
Sepia,41.88394299966973,-87.64251739965823,restaurant
Xurro,41.891474300198865,-87.60688219975367,restaurant
Riva Crabhouse,41.89130199998738,-87.60464870017734,restaurant
nan,41.8913912001438,-87.60382429975158,toilet
North Avenue Collection,41.910060900090514,-87.6902240995625,furniture_shop
LCM Dollar,41.91006700019193,-87.69433200032154,department_store
Van Cleef Salon,41.89503810032812,-87.63021499962252,hairdresser
Café Istanbul,41.903347700236225,-87.6778591004171,fast_food
Park & Field,41.92422719992538,-87.71430730004181,restaurant
Spilt Milk,41.92498929981639,-87.69724620035186,bar
The Athlete,41.889808399638014,-87.63834679996484,artwork
nan,41.896631500243586,-87.62022879991912,camera_surveillance
McDonald's,41.89402720029511,-87.6176392002888,fast_food
Chinese American Veterans Memorial,41.852524499606034,-87.63502490037882,memorial
Bright Horizons,41.88670600028172,-87.61779880027439,kindergarten
Chipotle,41.88560370035054,-87.63516620006004,fast_food
Brightwok Kitchen,41.87940149977942,-87.62677660006,restaurant
7-Eleven,41.78562400004762,-87.72322130012287,convenience
River Roast,41.88795190035995,-87.63228000042164,restaurant
Bye Bye Chicago,41.88111689992502,-87.6246649999897,gift_shop
Smack Dab Bakery,42.00446239981994,-87.67326939956308,bakery
Xi'an Cuisine,41.85264690003447,-87.63308840010956,restaurant
Dentologie,41.89167430042869,-87.61860979990229,dentist
Tesfa Ethiopian Cuisine,41.97970350001657,-87.66033049985265,restaurant
Regalia Bar & Restaurant,41.99062940042654,-87.6600251998031,restaurant
Weather Bell,41.88061130017144,-87.63070110027553,attraction
Walgreens,41.880578300448235,-87.63062260025276,chemist
Cosmic Bikes,41.96513840031696,-87.75816139962888,bicycle_shop
Hotel EMC2,41.89356450000173,-87.62163160021817,hotel
Christy Webber Farm & Garden,41.89523020001377,-87.69839980031048,garden_centre
Remington’s,41.882698900034256,-87.62471899978198,restaurant
nan,41.88631040020488,-87.61293820023769,toilet
nan,41.88635960031536,-87.61290359972134,drinking_water
Luke's Italian Beef,41.877995800066174,-87.63432800043682,fast_food
nan,41.89973639971515,-87.69690600031163,vending_parking
Adams & Son Gardens,41.90090720010727,-87.69667889991126,garden_centre
Yoli's Tacos,41.895816899730164,-87.69343200018665,restaurant
Glitz Car Wash,41.895820700265176,-87.69279599963562,car_wash
Tabb's Food & Liquor,41.8958326999192,-87.69193760033994,convenience
Squasht Boutique,41.89583360014058,-87.69161960006443,clothes
Chicago Motors Inc,41.89550720019719,-87.69129630008416,car_dealership
Connection Salon,41.895843499877685,-87.69031700042916,hairdresser
Union Sushi + Barbeque Bar,41.89418969969495,-87.63538949992545,restaurant
Hyde Park Day School,41.78067200011276,-87.60137690002387,school
Sonia Shankman Orthogenic School,41.78093299955833,-87.60242970037035,school
Michigan Ave & 8th St,41.87286160018277,-87.62396280034295,bicycle_rental
Jil Sander,41.90091049971983,-87.62649160040701,clothes
Escada,41.90065379993297,-87.62636429957274,clothes
Pomellato,41.900640700408076,-87.6267345999218,clothes
St. John,41.900915099752126,-87.62626240008967,clothes
Paul Stuart,41.900633600260505,-87.62549539979284,clothes
TGI Fridays,41.894011099732495,-87.62341490007753,restaurant
Serai,41.920738200007975,-87.69342800000214,restaurant
Dr. Jose Rizal (1861–1896),41.95452890028855,-87.6634021001268,memorial
Taqueria El Chorrito,41.99830480022638,-87.67089270003805,restaurant
Food Town,41.96195349985419,-87.65217999990705,convenience
Alarmist Brewing & Taproom,41.989842300281964,-87.73129280002269,bar
Colectivo Coffee,41.92865560017589,-87.64253929994868,cafe
Burrito Beach,41.79120920004459,-87.60398069994932,fast_food
Ryo Sushi,41.88222529995767,-87.62549000026326,restaurant
Burger King,41.86403790012906,-87.68645479984912,fast_food
JR Dessert Bakery,42.01911290004034,-87.70126919971375,bakery
nan,41.866265000129715,-87.61539100039431,waste_basket
nan,41.866666099560916,-87.61093419955364,waste_basket
nan,41.86623890000527,-87.60972349983962,waste_basket
nan,41.866252600277335,-87.61490479991653,waste_basket
nan,41.86637239986641,-87.61193729976651,waste_basket
nan,41.86625610043876,-87.61458640034209,waste_basket
nan,41.86658630001779,-87.61358330012916,waste_basket
nan,41.8663789999909,-87.61143029976847,waste_basket
nan,41.8661066996645,-87.6144746002226,waste_basket
nan,41.86650649957534,-87.6131502001216,waste_basket
Sun Wah Bar-B-Que,41.9739586002093,-87.6595710997264,restaurant
Monteverde Restaurant & Pastificio,41.88195799986187,-87.6530227995625,restaurant
nan,41.96959050040135,-87.7620179003058,bench
nan,41.96955739995411,-87.76199380027361,bench
nan,41.969850599625545,-87.762042000338,bench
nan,41.969779099925574,-87.76201190002911,bench
nan,41.9698258997455,-87.76192560018626,waste_basket
nan,41.96977640016081,-87.76215500015309,waste_basket
nan,41.96985209969472,-87.76198050019991,waste_basket
nan,41.96957589990791,-87.76200300033815,waste_basket
nan,41.96988110013274,-87.76226849999125,waste_basket
nan,41.96987099984682,-87.76225629978836,bench
Garden of the Phoenix,41.786776199761846,-87.58333849987184,tourist_info
The New 400 Movie Theaters,42.00478719986944,-87.66141980008365,cinema
Oasis,42.00580889986088,-87.66073970037684,bar
Deadbolt Bar,41.92509940021722,-87.70125989982449,bar
Ground Up,41.87677319962353,-87.64971129973668,cafe
Eastland Disaster Memorial,41.88703839960249,-87.63219380040351,memorial
Burger King,41.80935519958285,-87.6076256998661,fast_food
Little Black Pearl Art Gallery,41.809775100240756,-87.59950499985581,arts_centre
Archer Heights Veterans Monument,41.800541400165514,-87.72993270043372,memorial
nan,41.880367799734245,-87.70620190019753,post_box
Kedzie Ave & Lake St,41.88455380031769,-87.70629280007262,bicycle_rental
Kostner Ave & Lake St,41.88592119970366,-87.73539230021447,bicycle_rental
Central Ave & Lake St,41.88765039994604,-87.76552829959132,bicycle_rental
California Ave & Lake St,41.88443239993535,-87.6962924998989,bicycle_rental
Cocoro Restaurant,41.89442219962484,-87.63436489962038,restaurant
Honeyberry Cafe,41.870331700247846,-87.62725260042714,restaurant
Crisp,41.93612009996269,-87.64440450016752,restaurant
Kedzie Ave & 21st St,41.8535382001279,-87.70502969956095,bicycle_rental
Aldi,41.913447499602455,-87.68188480044313,supermarket
Ipsento 606,41.914426800156775,-87.68327879997662,cafe
Zarella Pizzeria & Taverna,41.89173920000411,-87.63377960014839,restaurant
Mexique,41.895952799881854,-87.66601770005678,restaurant
Sunda,41.890964200237704,-87.6316623999997,restaurant
Bavette's Bar & Boeuf,41.88928499960309,-87.63489189964145,restaurant
RPM Italian,41.89104370030657,-87.62997450022294,restaurant
Do - Rite Donuts & Chicken,41.894024399806256,-87.62150540015404,cafe
Garrett Popcorn Shops,41.893211599735594,-87.62363280041336,fast_food
Nisei Lounge,41.94470829994816,-87.65406620019496,bar
7-Eleven,41.88588850035404,-87.62973089996103,convenience
Laramie Ave & Kinzie St,41.88783400013904,-87.75570970024245,bicycle_rental
Cicero Ave & Lake St,41.88686040038721,-87.74528969995964,bicycle_rental
Pulaski Rd & Lake St,41.88540339974713,-87.72665029997131,bicycle_rental
Uncle Remus,41.8800578996524,-87.76540039980858,fast_food
Protein Bar,41.88303249994999,-87.63463359996064,fast_food
Mediterranean Kitchen,41.88302260021288,-87.63434929998016,restaurant
Chicago Rising from the Lake,41.88897270013007,-87.62078249991242,artwork
Justice Laura C. Liu,41.85871449997427,-87.63413530000406,artwork
Saucy Porka,41.795219500079895,-87.59705090017889,restaurant
The Armadillo's Pillow Bookstore,42.00506599959624,-87.66060859990694,bookshop
nan,42.010549399934916,-87.66241620034731,bench
nan,42.01253079975663,-87.66201779978161,drinking_water
Budget,41.79373270040384,-87.7511580002415,car_rental
National,41.793735499993375,-87.75130570039772,car_rental
Alamo,41.79372849967058,-87.75143649959472,car_rental
nan,42.01112019963756,-87.66069549959758,playground
Local Foods,41.91401289977557,-87.66313170006788,supermarket
nan,42.00845469992453,-87.90725620021345,tower
Dreihaus Gallery of Stained Glass,41.89146450028653,-87.60135620032833,museum
The Wave Wall,41.89124540025506,-87.60757859967259,attraction
DSW,41.93872559960681,-87.64944339979303,shoe_shop
Marshalls,41.938813400418155,-87.64950509958067,department_store
The Butcher and Larder,41.91401289977557,-87.66313170006788,restaurant
Kaiser Tiger,41.88382720026516,-87.6629791004051,restaurant
nan,41.9103271003155,-87.63239029957265,fountain
Jewel-Osco,41.90415600009936,-87.63179089963029,supermarket
nan,41.887656900245815,-87.76527960017336,camera_surveillance
Amos Blakemore (Junior Wells),41.769996100439755,-87.60057830024834,memorial
Enrico Fermi,41.771367900208475,-87.59642780040264,memorial
"James ""Big Jim"" Colosimo",41.7694669996024,-87.59923769976001,memorial
Staples Family,41.7708396995925,-87.59771879968281,memorial
Ida B. Wells,41.77016849957664,-87.60283859962163,memorial
Harold Washington,41.768760100098575,-87.60106990025565,memorial
Jesse Owens,41.771346900139406,-87.60198890036742,memorial
John Harold Johnson,41.76758090003858,-87.60319609992001,memorial
Arthur M. Brazier,41.76640930014912,-87.6041002998889,memorial
William Rainey Harper,41.769651300367286,-87.6013852996918,memorial
George Allon Fuller,41.769682399822955,-87.60213899991487,memorial
Paul Cornell,41.77100560022831,-87.60212900035305,memorial
Build Coffee,41.784229999614865,-87.59042500021354,cafe
7-Eleven,41.94587560017885,-87.74643400002907,convenience
J & B Laundromat & Dry Cleaners,41.945987299574256,-87.74645149993671,laundry
Chinese Kitchen,41.945794799690304,-87.7464273000798,fast_food
BP Shop,41.912462099846095,-87.63277289994932,convenience
Riccardo Trattoria,41.920718399634495,-87.63733129989953,restaurant
Riccardo Enoteca,41.920645999713145,-87.63765829969071,restaurant
The First Automobile Race in America,41.78648600022876,-87.58531640043151,memorial
Jackson Park,41.7870280000422,-87.58679369966944,tourist_info
Nichols Park Fountain,41.7954833998391,-87.5944841999858,fountain
Ulysses S. Grant Boulder,41.80116199982649,-87.60872050035078,memorial
Cornell Ave & Hyde Park Blvd,41.802408999775594,-87.58696439998704,bicycle_rental
Buckingham Fountain,41.87641639989698,-87.62035130017233,bicycle_rental
Burnham Harbor,41.85652149956758,-87.6132323001305,bicycle_rental
Shedd Aquarium,41.867240699798515,-87.6153199998181,bicycle_rental
nan,41.971666099710774,-87.75999310010144,drinking_water
Pulaski Savings Bank,41.83627379969613,-87.65125260012735,bank
AMC Dine-In Block 37,41.8836841999659,-87.62827169957922,cinema
Tiny Tapp,41.887051099828454,-87.63027420019415,bar
Vice District Taproom,41.862515900088795,-87.6242689997145,bar
nan,41.97158179996018,-87.71303760030497,atm
nan,41.89368590038407,-87.69088460034402,drinking_water
nan,41.89371890010722,-87.68958159961107,drinking_water
nan,41.89307780040025,-87.689465999856,fountain
nan,41.89240970034746,-87.69124750017198,drinking_water
Presence Medical Group,41.9175367996836,-87.70808329990433,doctors
Thousand Waves Martial Arts & Self-Defense Center,41.93995089981422,-87.65991830008943,sports_centre
nan,41.940212099808605,-87.66148199989436,post_box
nan,41.939946899629774,-87.65888020006116,post_box
Half Acre Beer Co. Balmoral Tap Room & Garden,41.97992710025551,-87.68149569976669,cafe
Carmine’s,41.90199369984941,-87.62792059975584,restaurant
Athenaeum Theatre,41.935457400338805,-87.66400250011526,theatre
Merchant & Rhoades,41.89968239992288,-87.62477189970338,hairdresser
Target,41.96295700026542,-87.65663069974698,department_store
Chicago Waldorf School - Buttercup Room,42.001179199860246,-87.66308009966684,school
Grand Lux Cafe,41.893198199837116,-87.62453059990725,cafe
Big City Tap,41.940013599647955,-87.65445660039177,bar
1000 Liquors,41.94001959992465,-87.65426349976065,beverages
Cheesie's Pub & Grub,41.94004860036267,-87.65378819996539,bar
Blaze Pizza,41.939801999962356,-87.65359269994309,restaurant
Subway,41.9400057000031,-87.6549797000531,fast_food
Jin Asian Cafe,41.93977470014232,-87.65613589995178,restaurant
Ukai Sushi,41.939770199934856,-87.6563654995681,restaurant
Bittersweet Pastry Shop,41.93998100012311,-87.65728050039473,cafe
Matilda,41.93820879969638,-87.65389540005265,bar
Redmonds,41.94340959977325,-87.65436309967725,bar
DMK Burger Bar,41.9360501003319,-87.65412560041608,restaurant
Kirkwood Bar & Grill,41.93547319962852,-87.65410610041619,restaurant
Barcocina,41.93467850021267,-87.65376640039904,restaurant
Vaughan’s Pub - Lakeview,41.93499699961188,-87.65379999996998,bar
Fish Bar,41.936131800142505,-87.65413090012089,restaurant
Andy's Thai Kitchen,41.93277589988793,-87.65332880018394,restaurant
Panes Bread Cafe,41.936481899919784,-87.6541397998119,cafe
Tanuki,41.936554299841134,-87.65414329997327,restaurant
Sabri Nihari,41.997987899821794,-87.69255519986257,restaurant
avec,41.88422769984851,-87.64338440006998,restaurant
Ceres' Table,41.93846529983375,-87.64455630033297,restaurant
Flora Fauna,41.89059349969028,-87.62851949967512,restaurant
HaiSous Vietnamese Kitchen,41.857884299820626,-87.65340959977317,restaurant
Han 202 Restaurant,41.837949000146295,-87.64171949955522,restaurant
Herb Restaurant,41.98074910039071,-87.66028010004652,restaurant
Luella's Southern Kitchen,41.96521109971252,-87.68611569967976,restaurant
American Writers Museum,41.88556079999097,-87.62499089991007,museum
Navigator Taproom,41.920958599559754,-87.6938554001066,bar
JPUSA,41.96569410040246,-87.6532009004012,community_centre
Ann Sather Restaurant,41.93982679966712,-87.65199639971405,restaurant
IDOF,41.9398405997639,-87.65126130016881,fast_food
Cesar's Killer Margarita,41.9394504001159,-87.6504571003149,restaurant
Gyro-Mena,41.939836999777754,-87.65176549967805,fast_food
Philly's Best,41.93983379998991,-87.65182170011133,fast_food
Mixteco Grill,41.93985039967623,-87.65112309955134,fast_food
nan,41.93982700021593,-87.6524668000028,restaurant
Strings Ramen Shop Lakeview,41.93982929978239,-87.65236510016922,restaurant
Trader Todd's,41.94045410017662,-87.65427350022185,bar
Jennivee's Bakery,41.93535480028385,-87.64891529990115,bakery
Lucky Horsehoe Lounge,41.93986779975921,-87.64909389986354,restaurant
Peking Chinese Food,41.939740599648985,-87.64911699984964,fast_food
Istmo Oaxacan Cuisine,41.94080400030441,-87.65118599993389,restaurant
Four Belly Asian Street Food,41.94068019963157,-87.65109350016485,fast_food
Royal Indian Grill,41.94373610044073,-87.65506719959154,restaurant
L & L Tavern,41.94023500014521,-87.65067790006498,bar
Matsuya,41.941048599713156,-87.65172880014399,restaurant
Consulate General of Japan,41.89603470024127,-87.62348589975443,embassy
California Ave & 23rd Pl,41.849122900301666,-87.69516459986636,bicycle_rental
California Ave & 26th St,41.844039799896905,-87.69531480013785,bicycle_rental
La Baguette Bakery,41.98579360009461,-87.66945020006665,bakery
Damen Tavern,41.894234399597906,-87.67684899988143,bar
Michigan Avenue Immediate/Primary Care (MAICOH),41.8855572998296,-87.6249109996429,clinic
Doll Revolution,41.96093630007027,-87.719423300345,hairdresser
Così,41.881143199698954,-87.63490940044841,fast_food
Central Ave & Madison St,41.88013589965209,-87.76321620016745,bicycle_rental
Central Ave & Harrison St,41.87299400017304,-87.76451629968744,bicycle_rental
nan,41.78762270012754,-87.58429170030166,viewpoint
nan,41.78316459976651,-87.58030090026631,viewpoint
Central Gyros,41.937619699689435,-87.76617810023907,restaurant
D'Angelo Law Library,41.78508799961156,-87.59904519987606,library
University of Chicago Police Department,41.78426229966544,-87.60471990040304,police
French Press Coffee,41.789708100248674,-87.60170749980125,cafe
Midway Market,41.78475820023078,-87.6009058000626,convenience
Maroon Market,41.791849899553256,-87.59852930018701,convenience
University of Chicago Bookstore,41.789786000423646,-87.6014985000557,bookshop
Garifuna Flava,41.77935170002098,-87.68693900023464,restaurant
Bonci Pizzeria,41.884839800016834,-87.65079830040122,restaurant
Lululemon,41.88461330036358,-87.6511957000215,clothes
Dad's Place,41.94341669992082,-87.65326129976916,bar
Old Crow Smokehouse,41.945868400206564,-87.65562460029503,restaurant
Vines on Clark,41.946838300147476,-87.65641989955867,bar
Fire & Water Smoke Team,41.91701129973177,-87.8052198996786,water_tower
Martinez Grocery,41.834682200223426,-87.65088999977365,convenience
nan,41.98612340037471,-87.65269200013569,drinking_water
Ventra,41.93915439995567,-87.7121597999348,vending_any
Christkindlmarket,41.88348469975915,-87.63010030008871,market_place
Rudy's Cycle and Fitness,41.9529512996628,-87.76998139972176,bicycle_shop
New Polonia Club,41.938243000014495,-87.7788444001489,pub
BG's Lounge,41.94186940015277,-87.78642480006442,pub
Smoque BBQ - The Sterling Food Hall,41.87965699987069,-87.63019579999616,restaurant
Jimmy John's,41.881802800259095,-87.63453750020545,fast_food
Walgreens,41.88180500000078,-87.63402240001369,pharmacy
Freshii,41.884600199939314,-87.6342567003864,restaurant
One North Kitchen,41.88235090017395,-87.63659449973636,restaurant
Rittergut Wine Bar,41.88161679977554,-87.63782089981464,bar
Roti,41.8794713995855,-87.63575020001167,fast_food
Potbelly,41.88147419967464,-87.63550039982357,fast_food
Jimmy John's,41.88333939989343,-87.63463450018202,fast_food
Windy City Cafe,41.896461999621636,-87.6550804996653,restaurant
University Ave & 57th St,41.79147850023264,-87.5998378002742,bicycle_rental
Jeffery Blvd & 67th St,41.77352920041233,-87.57739550010223,bicycle_rental
Cottage Grove Ave & 63rd St,41.780631099845436,-87.60609599983047,bicycle_rental
Cottage Grove Ave & 67th St,41.77371519999656,-87.60564270015044,bicycle_rental
Harper Ave & 59th St,41.78793909960979,-87.58857620003158,bicycle_rental
Ellis Ave & 55th St,41.79429339982062,-87.60144939976993,bicycle_rental
MLK Jr Dr & 63rd St,41.780079099570855,-87.61586459957158,bicycle_rental
Ellis Ave & 60th St,41.785123100151,-87.60109670005261,bicycle_rental
Ellis Ave & 53rd St,41.79935440028538,-87.60098399971179,bicycle_rental
Stony Island Ave & 64th St,41.77886389964931,-87.58665959996051,bicycle_rental
Stony Island Ave & 67th St,41.77346720025116,-87.5853226003577,bicycle_rental
Eberhart Ave & 61st St,41.784112700141065,-87.6145039999596,bicycle_rental
South Shore Dr & 67th St,41.77368139987675,-87.56737290033902,bicycle_rental
DuSable Museum,41.7915336997205,-87.60780079966713,bicycle_rental
MLK Jr Dr & 56th St,41.79345449962551,-87.61585390033719,bicycle_rental
Dorchester Ave & 63rd St,41.78041599999847,-87.59135769969805,bicycle_rental
Golden Teardrops,41.919632800113675,-87.69699449989622,bar
Lonesome Rose,41.9195959000308,-87.697084100251,restaurant
nan,41.86753030038312,-87.64351449959446,artwork
nan,41.953483600287996,-87.65698610012839,playground
BIG & little's Restaurant,41.89837730017234,-87.63745320030489,restaurant
nan,41.79153030028317,-87.59470330001727,post_box
nan,41.791292599573865,-87.59814619978727,post_box
nan,41.791463899739256,-87.60113970023696,post_box
Bridgeport Art Center,41.831017599582594,-87.65651739955831,arts_centre
Larry's,41.96948469965923,-87.65595489969883,bar
Punta Cana Restaurant,41.921119499965016,-87.71214349972269,restaurant
Demera Ethiopian Restaurant,41.96914999987263,-87.65946300031715,restaurant
Meli,41.875404800191404,-87.62943150036341,restaurant
Corner Bakery,41.88010389997504,-87.63248969983977,cafe
nan,41.96484219960786,-87.63558230018299,drinking_water
Clarendon Food Mart,41.95805440009053,-87.64964390004593,convenience
Michael's Original PIzzeria & Tavern,41.956847900210505,-87.65181769992688,restaurant
Beef & Brandy,41.87996970044139,-87.62753049993256,pub
Klein's Bakery & Cafe,41.95834130001106,-87.65278230016298,cafe
nan,41.962266599723876,-87.64172480015935,drinking_water
nan,41.962292000175694,-87.6416684999013,bench
nan,41.962339499668246,-87.64152849974045,bench
nan,41.962396600322904,-87.64130500022554,bench
nan,41.96241139956646,-87.64122629965397,bench
nan,41.96246380036416,-87.6407986000753,bench
nan,41.96247610039177,-87.64071790031079,bench
nan,41.96209629960458,-87.64193510032459,bench
nan,41.961947299928,-87.64315230033833,bench
nan,41.95862550016676,-87.64537740024679,fountain
Half Sour,41.87242800015213,-87.63042369989381,restaurant
The Annoyance Theater,41.9398331003174,-87.65136380039905,theatre
El Jardin,41.94271610016796,-87.65268399976674,restaurant
Chicago's Blarney Stone,41.94435200024469,-87.65441129974164,bar
Gold Crown Liquors,41.94458340030371,-87.65408680006573,beverages
The Graystone Tavern,41.94479089998009,-87.65409209977054,bar
Roundhouse 66,41.94540340034672,-87.65535010022688,bar
The Sandlot Wrigley,41.945385400415944,-87.65486189965691,bar
Lucky's Sandwich Co,41.945141999803525,-87.65504430015432,bar
Pret A Manger,41.791167000256905,-87.59862029988687,fast_food
Kurah Mediterranean,41.86455500041296,-87.62382099973934,restaurant
Bites,41.94219580009616,-87.65231570040919,restaurant
The Franklin Room,41.894551800025624,-87.63545700034024,restaurant
Astoria Marketplace,41.87064559961476,-87.62725110035797,convenience
Burnham Mart,41.871039699622486,-87.62614420039449,convenience
Starbucks,41.852630499997645,-87.63462070008518,cafe
Chengdu Impression,41.92860659971484,-87.6485212997182,restaurant
Starbucks,41.89137310038831,-87.64817100029137,cafe
Begin Route 66,41.87961449970942,-87.6246297996255,attraction
Food 4 Less,41.90836900012931,-87.74741109994227,supermarket
Cicero Ave & Quincy St,41.87759979979097,-87.74538900040199,bicycle_rental
Flournoy St & Cicero Ave,41.87211650017639,-87.74659870006991,bicycle_rental
Mr Gyros,41.90379010013305,-87.63187639997585,fast_food
Elston Ace Hardware,41.79743959975775,-87.58815320030993,doityourself
Seahorse,41.87598520015689,-87.6192306999368,artwork
Seahorse,41.87598930016611,-87.61872610022931,artwork
Seahorse,41.875610100126096,-87.61922080019974,artwork
Seahorse,41.87561830014448,-87.61872109999871,artwork
nan,41.8720041002091,-87.62392450001562,drinking_water
nan,41.87489709962148,-87.6239982003566,bench
nan,41.87496469986104,-87.62399859965564,bench
nan,41.87507979959315,-87.62395959965573,bench
nan,41.87517969988329,-87.6239079003293,bench
nan,41.87521400002612,-87.62379980002072,bench
nan,41.87526980026115,-87.62370149962447,bench
nan,41.876143999745864,-87.62365540037638,bench
nan,41.87550840029252,-87.62401060020898,bench
nan,41.87551129970677,-87.6237192999057,bench
nan,41.87550859994201,-87.62392369961901,bench
nan,41.8755097996376,-87.62381269989612,bench
nan,41.87611350013799,-87.62362949990148,bench
nan,41.87533409998878,-87.62361660002603,bench
nan,41.87596189962204,-87.6240245999553,bench
nan,41.875963399691216,-87.62393449957744,bench
nan,41.87596560033222,-87.62382349985461,bench
nan,41.87596720022617,-87.6237309002608,bench
nan,41.87629500041402,-87.62394409984029,bench
nan,41.87626399988375,-87.62383100020048,bench
nan,41.87621489959798,-87.62373960030226,bench
nan,41.876298999699145,-87.62403239977539,bench
nan,41.87637250039063,-87.62403649978461,bench
nan,41.876396100399745,-87.62399299957724,bench
nan,41.876501000021165,-87.6239952002183,bench
nan,41.87647570029338,-87.62399329995077,bench
nan,41.87655330009477,-87.62401110023205,bench
7-Eleven,41.874364899720376,-87.6293839999716,convenience
Sandmeyer's,41.87301080040817,-87.62933570008244,bookshop
Urbanbelly,41.90949840023103,-87.67759919994307,restaurant
Triple Crown Restaurant,41.85243619967093,-87.63187229996663,restaurant
Pilsen Community Health Center Lower West,41.85818189987481,-87.6657754002145,doctors
Uptown Shop and Save,41.96563339976166,-87.65462789965778,greengrocer
Artopolis,41.8776226003028,-87.64741420010523,cafe
Fulton Market Kitchen,41.88720969976788,-87.65072500025849,restaurant
Gus's World Famous Fried Chicken,41.886610600199106,-87.64938739990856,restaurant
Duck Duck Goat,41.886601699608775,-87.64963679989836,restaurant
Fire,41.88660500012071,-87.65187929988974,restaurant
Beatrix Fulton Market,41.88693969990726,-87.64896480038522,restaurant
Swift & Sons,41.88696859962124,-87.65243190001212,restaurant
Rossi’s Liquors,41.88977840005316,-87.6281826999716,bar
Radio Room,41.88941500020218,-87.62823090003599,restaurant
Dough Bros Pizzeria & Sub Shop,41.88953689970822,-87.62823140005901,restaurant
El Hefe Mexican Restaurant,41.88988720003431,-87.62863870031572,restaurant
O'Callaghan's,41.88988519994206,-87.62920370029047,bar
Henry's,41.890257600208145,-87.6286217004311,bar
Theory,41.88991409965604,-87.62851930002563,bar
Blue Frog's Local 22,41.89027949959927,-87.62712860010475,bar
Snickers Bar & Grill,41.89066450026655,-87.62826100034488,pub
Fremont,41.89064290034963,-87.62871110023707,bar
9 Muses Bar & Grill,41.87748539973148,-87.64707409988978,restaurant
Meli Cafe,41.877789000062364,-87.64710360035082,restaurant
Spectrum Bar and Grill,41.878246200102126,-87.64712880025388,bar
Forno Rosso Pizzeria Napoletana,41.884585700169964,-87.65420089975169,restaurant
Chase,41.8968431997539,-87.70722729999989,bank
Viaggio Ristorante & Lounge,41.8814724001312,-87.6532668998475,restaurant
Nohea Cafe,41.881714699973486,-87.66040480004148,bakery
Do-Rite Donuts & Coffee,41.88535030017624,-87.6519828999908,cafe
Shake Shack,41.885441500424974,-87.65199360012451,fast_food
Edgewater Tacos,41.98448939966613,-87.66038510039203,restaurant
Benny's Chop House,41.890672999759204,-87.6270304004326,restaurant
Star of Siam,41.8906810001281,-87.62747469969759,restaurant
Eddie V’s Prime Seafood and Steaks,41.8916023996311,-87.62521900035654,restaurant
Bodega,41.892294300241815,-87.62749440024635,bar
Fleming's,41.892274300218844,-87.62713770034458,restaurant
Big Bowl,41.8926617002773,-87.6260433000582,restaurant
Steak 48,41.89298910026679,-87.62648860026866,restaurant
True Food Kitchen,41.8939282002263,-87.62869539987275,restaurant
The Redhead Piano Bar,41.89343410010366,-87.62874290026463,bar
Portsmith,41.89426940031262,-87.62833719990181,restaurant
Apogee,41.894249799588636,-87.62850580030238,bar
Bijan's Bistro,41.894265499952894,-87.62792619983423,restaurant
Rosebud on Rush,41.89559500010921,-87.62583459978691,restaurant
Silver Spoon Thai Restaurant,41.895414599704054,-87.62566069968153,restaurant
Friends Sushi,41.895366500363764,-87.62585070034953,restaurant
Sunny Side Up & Coffee Shoppe,41.89593429992806,-87.6265696004067,cafe
Chicago Raw,41.894723600214036,-87.63002309958637,restaurant
The Kerryman,41.894175299750316,-87.63099170000692,bar
Chicago Chop House,41.89352099979436,-87.63043080004132,restaurant
Beatrix,41.89147239993139,-87.63072589998023,restaurant
Mastro's Steakhouse,41.89148439958541,-87.62986220008042,restaurant
Roka Akor - Chicago,41.890681699800666,-87.63138029976096,restaurant
Slurping Turtle,41.89025450024502,-87.63190059983276,restaurant
Hubbard Inn,41.89025839970543,-87.63160030001382,restaurant
Joy District Chicago,41.890282399912905,-87.6317505002853,restaurant
The Baton Show Lounge,41.890257600208145,-87.6314021002267,bar
Ema,41.8910012001453,-87.63085460015964,restaurant
Siena Tavern,41.88907919964538,-87.6298263000437,restaurant
Planta Queen,41.88968500006274,-87.6307669998971,restaurant
RPM Steak,41.88937469978265,-87.63059130024828,restaurant
Barrio,41.88908739966382,-87.6304313000644,bar
Nonnina,41.888692900357114,-87.63123149973387,restaurant
Untitled Supper Club,41.88907620040635,-87.63168099977827,restaurant
Havana Grill,41.8896818002749,-87.63146329999125,restaurant
Mercadito,41.88940670035896,-87.63197680028907,restaurant
Celeste,41.889849299905336,-87.63162800003215,bar
Moe's Cantina River North,41.889057200429534,-87.63320259962023,restaurant
Gilt Bar,41.88927369962158,-87.63533719985185,bar
Highline Bar + Lounge,41.88903659965939,-87.63374870034221,restaurant
Taco Joint,41.893393799684134,-87.63334590029302,restaurant
Le Select,41.89114950014937,-87.6342631997868,restaurant
Tanta,41.89180449977789,-87.63202620004904,restaurant
Al's Beef,41.892229700140604,-87.63428200011418,fast_food
Sound Bar,41.89340599988702,-87.63541469982852,nightclub
Penelope’s Vegan Taqueria,41.89673720026161,-87.63546380011422,restaurant
Headquarters Beercade - River North,41.897179600158495,-87.63527629956155,bar
Mr. Beef on Orleans,41.89442309984622,-87.63737330003772,fast_food
SIFR,41.89411440035934,-87.6373492998303,restaurant
Meli Cafe,41.891743399838106,-87.63429630023404,restaurant
Reverie,41.88968159972609,-87.63726309981217,bar
The Hampton Social - River North,41.88978500017765,-87.63769350005492,restaurant
Edie's All Day Cafe & Bar,41.89009509990899,-87.63771440029927,restaurant
GT Prime Steakhouse,41.89513019989886,-87.6338675997099,restaurant
Café Iberico,41.895970699987856,-87.6323717996188,restaurant
Centennial Crafted Beer & Eatery,41.89583100020053,-87.6323717996188,restaurant
Clark Street Ale House - River North,41.89608240028258,-87.63149769995886,bar
Chicago Winery,41.89580959993316,-87.63094480036222,restaurant
Bar Cargo,41.89266840022657,-87.63391850043843,restaurant
Beacon Tavern,41.889729299767396,-87.62564660011049,restaurant
Broken Shaker Chicago,41.89227640013581,-87.62732009994261,bar
Big Wig Tacos & Burritos,41.89640279994933,-87.63302930026197,restaurant
The Boss Bar,41.889900199734484,-87.6313596998902,bar
Brindille,41.891887900206484,-87.63139900026363,restaurant
CAVA,41.88905570036036,-87.6332639999336,restaurant
Da Lobsta,41.889750399661295,-87.63134360022696,restaurant
Streeter's Tavern,41.896910700168746,-87.62626650009884,bar
Doc B's Fresh Kitchen - River North,41.8915913001984,-87.62631439978969,restaurant
M Burger,41.8931176997221,-87.62858750011299,fast_food
Enolo Wine Cafe,41.89051239972753,-87.63128799964142,bar
Fabcakes,41.895297499879746,-87.6344707003625,restaurant
Freshii,41.88864029990998,-87.63286670013804,restaurant
Il Porcellino,41.889827500338924,-87.63026149996819,restaurant
La Mez Agave Lounge,41.88941870001304,-87.63159770007377,bar
Ironside Bar & Galley,41.892156099624344,-87.6342686002157,restaurant
Katana,41.888513499998055,-87.62930750004108,restaurant
Left Coast Food,41.895430899916164,-87.63389639959911,cafe
Mom's Place - A Chicago Gathering Spot,41.89389530032793,-87.6299888003428,bar
NAHA,41.89099810018223,-87.63144170007433,restaurant
Osteria Via Stato,41.89310239955614,-87.62836849990629,restaurant
Pizzeria Ora Chicago,41.89222560013138,-87.6322873002187,restaurant
Rebar,41.88880109959115,-87.62661600002832,bar
Protein Bar,41.88887329986295,-87.63123659978919,restaurant
Seoul Taco,41.896014899867794,-87.63143850028655,restaurant
Roy's Restaurant,41.89552489975438,-87.62869170006189,restaurant
Safehouse Chicago,41.89349729996047,-87.62591709999413,restaurant
Shanghai Terrace,41.895986799651155,-87.62500300028819,restaurant
Pierrot Gourmet at The Peninsula,41.89589970031096,-87.62526749989519,restaurant
SPIN Chicago,41.88866640003437,-87.62831040010485,bar
STK Chicago,41.889147100258526,-87.62855760035296,restaurant
Sushi-san,41.891467899723864,-87.63048749959842,restaurant
Sweetgreen,41.89314110008178,-87.62786619976526,fast_food
Taketei Sushi River North,41.89466799962855,-87.63161810029504,restaurant
The Bassment,41.88979599978563,-87.63784819963467,bar
The Drifter Chicago,41.89455099962896,-87.63739620037433,bar
The Library,41.889282200013554,-87.63511359961291,bar
Travelle Kitchen + Bar,41.888576500205374,-87.6275977997986,restaurant
Troquet River North,41.89467149978992,-87.63155900044745,restaurant
Watershed,41.8926249000192,-87.62789129984355,bar
Aloha Pokē Co,41.88422750019902,-87.64083290021813,fast_food
Vanille Patisserie,41.88419079976563,-87.64104039989451,cafe
Ovie Bar & Grill,41.884192799857885,-87.6399699998156,restaurant
CH Distillery,41.88466699978227,-87.64213540002868,bar
Saigon Sisters,41.8855761999817,-87.64222679992685,restaurant
Sarpino's Pizzeria,41.88551309994966,-87.6437809003682,fast_food
Tanoshii,41.88470489991124,-87.64666600013578,restaurant
ESCO,41.8849925004036,-87.6472212001982,bar
Nia Restaurant and Wine Bar,41.884185199687295,-87.64771650001643,restaurant
sushiDOKKU,41.884171000291474,-87.64841330013365,restaurant
Fox Bar,41.88369449990131,-87.64843130006443,bar
Nonna's Sandwiches and Sundries,41.88399850043049,-87.65080019976938,restaurant
El Che Steakhouse & Bar,41.8828776996462,-87.64929499996424,restaurant
Formento's,41.88413949973818,-87.65071620039231,restaurant
Federales,41.88543390025433,-87.6524621999705,restaurant
Oriole,41.88611779959683,-87.64513720032153,restaurant
Moneygun,41.885857099625525,-87.64511370013713,bar
SUNNYGUN,41.88595869963433,-87.64524760019657,restaurant
Leña Brava,41.88460809958417,-87.64995790013694,restaurant
Cruz Blanca Brewery & Taquería,41.884601299810186,-87.65014029973503,restaurant
BomboBar - West Loop,41.88472229999422,-87.6487696996619,cafe
BLVD,41.88550089974677,-87.64824400006052,restaurant
Bar Allegro,41.88427770035565,-87.6335417996143,bar
Luke's Lobster City Hall,41.884033000222814,-87.63267639999583,restaurant
IDOF - I Dream of Falafel,41.88036169963277,-87.6413836998978,restaurant
Blaze Pizza,41.881081699560866,-87.64137619955193,restaurant
Beggars Pizza,41.87775870010398,-87.64128569987508,restaurant
The Loyalist,41.88496979971654,-87.6604105997693,restaurant
Talay Sushi & Thai,41.8817668003976,-87.65789199981589,restaurant
Bocaditos Chicago,41.881792699973175,-87.6560814999612,restaurant
Sumu Tokyo Ramen & Sushi,41.881505200204856,-87.65555580035988,restaurant
The Great American Bagel,41.881826699742476,-87.65654010024537,restaurant
Third Rail Tavern,41.88150120002041,-87.65565769984295,bar
Booze Box,41.88416090000561,-87.64834779981106,bar
Ciao! Cafe & Wine Lounge,41.88144410026507,-87.65113829989258,restaurant
Buen Apetito,41.88395789963744,-87.64086689998743,restaurant
Beavers Donuts,41.88395190026006,-87.64101169983007,cafe
Cochon Volant Brasserie,41.88088719958466,-87.63101479999301,restaurant
Elske,41.88447170030878,-87.66092720003024,restaurant
Emporium Arcade Bar,41.88661599972863,-87.6491600998587,bar
Punch Bowl Social Chicago,41.88726690024731,-87.64903220007591,restaurant
FliP Crepes,41.88390100043085,-87.64092880032382,restaurant
Diego,41.8905209001195,-87.65918919992163,bar
Gibsons Italia,41.88663909971473,-87.63964340022272,restaurant
Le Pain Quotidien,41.8844647998107,-87.64075810000628,cafe
La Josie,41.8847596002754,-87.64728440005496,restaurant
Macello,41.88526679992293,-87.6582228999668,restaurant
Alhambra Palace,41.8846138003866,-87.6582389996301,restaurant
Proxi,41.884278599677714,-87.64247150005963,restaurant
Piccolo Sogno,41.89085669977692,-87.64783149992377,restaurant
Slightly Toasted,41.882402399850946,-87.64146889986978,restaurant
Smyth,41.88528029964618,-87.66058320035438,restaurant
The Breakfast Club & Grill,41.88973460037158,-87.66207539956002,restaurant
The Press Room,41.88315279956208,-87.65597229978175,restaurant
Porkchop West Loop,41.891252200029044,-87.65597539974488,restaurant
Sushi by Bou,41.887539599872696,-87.6518407000882,restaurant
Sparrow Coffee,41.88769130021336,-87.65203989992142,cafe
Port & Park,41.95449279970302,-87.66438430009532,restaurant
Tied House,41.9395264000234,-87.66362430012134,restaurant
Resi’s Bierstube Restaurant,41.954361100284586,-87.68019820018674,bar
The Gundis,41.93510650016492,-87.64656170036216,restaurant
Capriotti's,41.88528200026417,-87.62648839971985,fast_food
Gyuro Ramen,41.88506140016352,-87.65422299969163,restaurant
Blue Door Kitchen & Garden,41.90332939993192,-87.63060730008681,restaurant
Clever Rabbit,41.902989100066975,-87.67794469968811,restaurant
Beatnik,41.896339400443026,-87.66770650005492,bar
The Kennison,41.91536680033761,-87.63450489978129,restaurant
Coda di Volpe,41.9426479000806,-87.66359109984933,restaurant
The Globe Pub,41.95444239989689,-87.67777219982713,bar
Grassroots Restaurant,41.95035309981574,-87.66390839955295,restaurant
Pookie Crack Cakes,41.80918209987408,-87.62246450013652,bakery
T-Mobile,41.73656760031457,-87.5875279997174,mobile_phone_shop
Grand Chinese Kitchen,41.736573999890254,-87.58764930027496,restaurant
Subway,41.73658169988562,-87.58793990000635,fast_food
Wingstop,41.73658679994094,-87.58725449969535,fast_food
DaVita Dialysis,41.73615410013167,-87.5845308003561,clinic
M & H Market,41.75850040037324,-87.61694269964585,supermarket
Frances' Cocktail Lounge,41.75823329992693,-87.6180283998907,bar
Saint Roman School,41.85111560010489,-87.70183629960553,school
5Lua,41.99566060005668,-87.71257680027907,restaurant
Ex Libris,41.79254740024237,-87.59937479960729,cafe
nan,41.79588290027567,-87.59850119997037,cafe
5 Rabanitos,41.79933840044686,-87.59484330017813,restaurant
Mahari,41.79550360041088,-87.58861720012362,restaurant
Heartland Alliance Health Center,41.793818799697874,-87.64494459971348,clinic
Litehouse Whole Food Grill,41.79533640025471,-87.58418519988703,restaurant
Cornell Florist,41.795123299600675,-87.58486740041019,florist
nan,41.79153319969748,-87.59819759963949,post_box
Marshalls,41.802290100407845,-87.58804090016736,department_store
Citibank,41.78924820044415,-87.6047038996652,atm
Hing Wang,41.965520300121796,-87.65864250025118,restaurant
John's Place,41.94332160021173,-87.68225500006815,restaurant
Happy Cleaners,41.943333000018015,-87.6819307998665,laundry
Lucy's Cafe,41.943338600096354,-87.68104140004056,restaurant
Starbucks,41.9430634003557,-87.6794891000419,cafe
Man Jo Vin's,41.940330500052596,-87.67854809981492,fast_food
Taco Madre,41.87118200024918,-87.62732269988265,restaurant
Chi Cafe,41.853544999901885,-87.63455640035755,restaurant
Austin Blvd & Chicago Ave,41.89490549978905,-87.77426209981604,bicycle_rental
Laramie Ave & Madison St,41.88021379982706,-87.75537870026676,bicycle_rental
Austin Blvd & Madison St,41.88027060010813,-87.77446999969072,bicycle_rental
Central Ave & Chicago Ave,41.89495219978426,-87.76491279998567,bicycle_rental
Laramie Ave & Gladys Ave,41.875800300443586,-87.75532120031312,bicycle_rental
Kenton Ave & Madison St,41.880712099783636,-87.7409976998839,bicycle_rental
Subway,41.89262740013447,-87.62850659979972,fast_food
Starbucks,41.89150720009724,-87.62694569958433,cafe
437 Rush,41.890425300387335,-87.62511659995107,restaurant
The Royal Palms Shuffleboard Club,41.91315160016626,-87.6819687998202,bar
The StopAlong,41.914321899636036,-87.68380260020979,restaurant
Bridge Cafe,41.88738540031602,-87.7074544004002,cafe
Hampton Inn Chicago Downtown West Loop,41.88374780002101,-87.64300300028822,hotel
Interurban Boathouse,41.91695570004555,-87.66492799962742,restaurant
Athena Bitcoin ATM,41.91724090024741,-87.69970320034241,atm
Athena Bitcoin ATM,41.9316422001275,-87.71317899981096,atm
Trek,41.91138230005316,-87.67880230038583,bicycle_shop
T-Mobile,41.93174959986419,-87.74379339984552,mobile_phone_shop
Song's Cleaners,41.96925500021814,-87.76094850027306,laundry
Excelsior Garden,41.96922079990003,-87.76091580002412,restaurant
Five Guys,41.88116340027074,-87.64137230009152,fast_food
Naf Naf Grill,41.88129239992435,-87.64137330013767,restaurant
Starbucks,41.883003200037706,-87.64153030018315,cafe
Cermak Fresh Market,41.79802569962641,-87.72488359979826,supermarket
Chipotle,41.796228099647124,-87.72353180005251,fast_food
Metro by T-Mobile,41.796226200278966,-87.72364980009814,mobile_phone_shop
Athena Bitcon ATM,41.86893819983811,-87.63963069999676,atm
Good Foods Health Center,41.7626616003526,-87.57675529971726,restaurant
Floyd's 99 Barbershop,41.929546300421464,-87.64298799959647,hairdresser
Gallager,41.8529599999041,-87.70977479966723,attraction
nan,41.96798080027378,-87.76095100038833,bench
Slice of Cheesie's,41.940041400390385,-87.65393730036607,fast_food
Sheffield Market & Deli,41.93615609982419,-87.65381969961942,market_place
Penny's Noodle Shop,41.93277820035371,-87.65337619985172,restaurant
Qdoba,41.93236720028614,-87.65358070028907,fast_food
Starbucks,41.93276800024307,-87.65412520021778,cafe
Diversey Prestige Liquors,41.93278099994325,-87.65328560035016,beverages
Paddy Long’s,41.93273019993882,-87.65504470035262,bar
Rosati's,41.93238749978332,-87.6534318004372,fast_food
BeeZzee Fresh Food,41.93302529987773,-87.65369549964754,fast_food
Zizi's Cafe,41.9333105999043,-87.65370450006259,cafe
Chicago Waffles,41.881895300028134,-87.65474079964815,restaurant
Ross,41.810224399736285,-87.59533750012548,department_store
Binny's Beverage Depot,41.80992069958069,-87.59536370007464,beverages
The Original Pancake House,41.8098665999637,-87.59314549976494,restaurant
Bryn Mawr Breakfast Club,41.98315609987418,-87.71333759975039,restaurant
The J. Parker,41.915338100273175,-87.63441709986921,bar
Beermiscuous,41.932806600044614,-87.65939289996231,bar
Shields Ave & 43rd St,41.816217400013045,-87.63478640017217,bicycle_rental
Pizza Hut Delivery,41.79559820009689,-87.63029110025406,fast_food
Princeton Ave & Garfield Blvd,41.79496819982262,-87.6331095000034,bicycle_rental
Princeton Ave & 47th St,41.80931599993352,-87.63345890010811,bicycle_rental
Wentworth Ave & 63rd St,41.78008299993053,-87.62975640023762,bicycle_rental
Antica Pizzeria,41.98513510030466,-87.66893400000407,restaurant
nan,41.920254700194334,-87.64190800015405,fountain
Beatnix,41.943738499831966,-87.64956799996321,gift_shop
Broadway Cleaners,41.94436349987569,-87.64530820011333,laundry
Esencia,41.94320190044738,-87.6445894997056,bakery
El Mariache Restaurant,41.94384629976696,-87.64530159998878,restaurant
XO Studio and Spa,41.94398830002007,-87.64538260012688,beauty_shop
Jacquelines's,41.94381170014992,-87.64530729989195,bar
Hollywood Nails,41.94558909955737,-87.64647219983215,beauty_shop
Tasty Asian Restaurant,41.9455873998387,-87.6463742996342,restaurant
Replay,41.944767600344505,-87.6492558003149,bar
Lark,41.944888999827526,-87.64925089990908,bar
Trickery Chicago,41.94519169993703,-87.64926639972452,theatre
Pets First,41.94369739991515,-87.64489750041929,veterinary
Milt's Barbecue for the Perplexed,41.943624699620216,-87.64483600028115,restaurant
SOS Cleaners,41.94664149970549,-87.68357310041819,laundry
Sarah Mart,41.947003900409754,-87.6784012000553,convenience
Cozy Noodles N' Rice,41.94521899975706,-87.6544306000921,restaurant
PS Bangkok,41.94297449967348,-87.65290450004261,restaurant
Countryside Bank,41.94241259966179,-87.6524676003994,bank
Lowcountry Lakeview,41.94289260021338,-87.65285269999208,restaurant
Jimmy John's,41.94243950018284,-87.65291470015325,fast_food
Millard Ave & 26th St,41.8445681003376,-87.71591140009099,bicycle_rental
Advocate Medical Group,41.97848079974915,-87.66017530024988,clinic
Target,41.94012279982741,-87.65111190029393,department_store
Barry Cleaners,41.93789839959152,-87.65422890014361,laundry
Krung Thep,41.94017659997019,-87.64912130040767,restaurant
Poké Poké,41.94013430035773,-87.6495936998893,restaurant
The Playground Theater,41.94032029994196,-87.64914300014931,theatre
Momo Factory,41.94020899984554,-87.64455249979801,fast_food
Byline Bank,41.93990080038168,-87.64459430028671,bank
Day & Nite Best Dry Cleaners,41.93992870004951,-87.64397350007692,laundry
Step Down Café,41.85443810043802,-87.65615999998397,cafe
Garden Gourmet Grocery,41.902423699893916,-87.66770190002262,greengrocer
Super Jalapeno Grill,41.91758530012157,-87.69983689985298,restaurant
Jean Baptiste Point Du Sable Homesite,41.889389099727225,-87.62388559984055,memorial
BankFinancial,41.79527359969694,-87.5928092000845,bank
Definition Theatre,41.795215999918526,-87.5972237004134,theatre
Katsaros Pharmacy,41.7994168995703,-87.58839469975555,pharmacy
Virtue,41.79966769980456,-87.58930020014407,restaurant
Dino's Pizza,41.98042519966327,-87.80260839975779,restaurant
Brasa Roja,41.96130279988438,-87.70675279970192,restaurant
Hidden Cove,41.978763599660454,-87.69289399965834,bar
Fireside,41.98622889984392,-87.67439269956338,restaurant
Lincoln Karaoke,41.98188530026647,-87.69360969992766,bar
El Heredero,41.917504800006554,-87.70800699962331,restaurant
The Pink Squirrel,41.92515309963591,-87.70129310009645,restaurant
Mug's Pizza & Ribs,42.01258159976106,-87.80706569972222,fast_food
Nick's Drive-In,42.01231250012182,-87.80704700011893,fast_food
Chicken Inn,42.01799989997545,-87.80713010017394,fast_food
Rockwell St & Eastwood Ave,41.965865299843756,-87.69363959968774,bicycle_rental
Parkview Diner,41.85595169991109,-87.6761018997828,fast_food
Manolo's Tamales,41.84658919983178,-87.70479209957568,restaurant
O'Brien's,41.88803239957565,-87.62602050044569,restaurant
Sprinkles Cupcakes,41.90008929998129,-87.62650789971974,bakery
Victoria's Secret,41.89608669994129,-87.62466690025718,clothes
Nando's,41.89316360022002,-87.62159260021826,restaurant
Nutella Cafe,41.88556719956665,-87.62424200026805,cafe
Garrett Popcorn,41.885247399747755,-87.62422040035113,cafe
Wells St & Hubbard St,41.88989969971141,-87.63429139982821,bicycle_rental
LaSalle Dr & Huron St,41.894871300370255,-87.6323158995591,bicycle_rental
Delano Ct & Roosevelt Rd,41.86748070007428,-87.63216839995164,bicycle_rental
Clark St & 9th St (AMLI),41.870837999673995,-87.63106679969303,bicycle_rental
The Walk In Chicago,41.93091540042542,-87.71017770044051,bar
Boulevard Bikes,41.93156460032611,-87.71124019997524,bicycle_shop
Fervale Jewelry Inc.,41.93643059989233,-87.71910249958063,jeweller
Arley D. Cathey Dining Commons,41.785072999819135,-87.60038370044737,food_court
Karyn's,41.912638800440334,-87.6674838000373,beauty_shop
Floyd's 99 Barbershop,41.9172061000815,-87.65766200000127,hairdresser
Warby Parker,41.90259590028063,-87.6282128002805,optician
Fiesta Tapatia Restaurant,41.85205980011972,-87.69509910044309,restaurant
The Moonlighter,41.91772149974747,-87.70727850020256,bar
Rabbit’s Bar and Grill,41.97515740009402,-87.75216280017304,bar
Two Mile Coffee Bar,41.71355680000636,-87.66755679980645,cafe
Chicago Barbershop,41.91778059959506,-87.68222949979156,hairdresser
Sitdown Cafe and Sushi Bar,41.79964199987842,-87.59436979992631,restaurant
nan,41.79530699961839,-87.58775279965192,post_box
nan,41.79322680027667,-87.58804009977075,post_box
Vogue Cleaners,41.791633199812395,-87.58990749973128,laundry
Grounds of Being,41.788999699776355,-87.59997030008924,cafe
University Hair Stylists,41.79140150027905,-87.58915609997399,hairdresser
Nella Pizza e Pasta,41.794875399679995,-87.59876359966034,restaurant
Quantum Cafe,41.79211030005035,-87.60166110017957,restaurant
Hutchinson Commons Food Court,41.79122529970789,-87.59877410014457,food_court
Siam Thai Cuisine,41.79512600026476,-87.5849543999256,restaurant
Maria’s Beauty Salon,41.818654999828425,-87.69626319998667,hairdresser
Alulu Brewery & Pub,41.85474779997105,-87.66347500007117,pub
All Rise Brewing Company,41.88640209957731,-87.666732799579,pub
Corridor Brewery and Provisions,41.94475940032612,-87.66435240024305,pub
ERIS Brewery and Cider House,41.953849299705496,-87.7342629001127,pub
Monochrome Brewing,41.853375500179254,-87.65266940017267,pub
Chicken Hut,41.9401712004406,-87.64454789976571,fast_food
Moody Tongue Brewing Company,41.853279799723055,-87.64834190025846,bar
Motor Row Brewing,41.84995670044145,-87.62346289959311,bar
On Tour Brewing,41.88962550001685,-87.67057800027447,bar
Open Outcry Brewing Company,41.69438189960505,-87.68147469969762,pub
McGuire-Western Lumber Co.,41.88500120044512,-87.69839480007994,doityourself
Metric Coffee,41.88660929977942,-87.67767920003502,cafe
Flowers for Dreams,41.889933300181724,-87.67269719961604,florist
ArePA George,41.90977300012389,-87.70719049974173,restaurant
Porter Kitchen & Deck,41.885280500194995,-87.63821070016365,bar
Beatnik On The River,41.88543889958561,-87.63729809962757,restaurant
Good Funk,41.88542279992231,-87.6371722997618,bar
Subway,41.89057930029452,-87.62785899979298,fast_food
7-Eleven,41.89067199971305,-87.62786209975604,convenience
LaRon Jewelers,41.881798700249874,-87.62595600016925,jeweller
Tamago,41.79140110008075,-87.58963310038723,bicycle_shop
Creative Kidz Learning Center,41.986356299603585,-87.70119679979246,kindergarten
nan,41.86064449994376,-87.62387329981289,waste_basket
Toro,41.886134099808885,-87.62091220013787,bar
Funkenhausen,41.8958974996699,-87.67017780016533,restaurant
Baseballism,41.94707929957008,-87.65522280029194,clothes
Mordecai,41.947934099778934,-87.65731970004407,restaurant
McDonald's,41.94749119985903,-87.6569790998056,fast_food
Smoke Daddy BBQ,41.948123600423855,-87.65746459971149,restaurant
Big Star,41.94817839971341,-87.65750189999267,restaurant
West Town Bakery,41.94768440031487,-87.65710810035853,cafe
West Town Bakery,41.94768440031487,-87.65710810035853,bakery
Lucky Dorr,41.94881779970177,-87.65682340017975,bar
Brickhouse Tavern,41.94857730030225,-87.65725469974456,restaurant
La Unica Food Mart,41.99798620010313,-87.66852700012095,convenience
Annapurna Simply Vegetarian,41.99781160032512,-87.69494189984874,restaurant
Sukhadia's Sweets and Snacks,41.99742129995309,-87.69454190028841,restaurant
King Sweets,41.99788910030179,-87.68784959977916,bakery
Ne Diamond Grill,41.997596700127644,-87.68679809985241,restaurant
Uru-Swati,41.99739069962112,-87.69577029955963,restaurant
Naan on Devon,41.99761579992929,-87.68660740041116,restaurant
Khan BBQ,41.997577799975545,-87.69018539993624,restaurant
Nepal House,41.997470900261874,-87.69499210000538,restaurant
Wicker Park,41.976941199976466,-87.9106417996793,restaurant
1919 Race Riot Plaque,41.84249550026715,-87.60892840022547,memorial
Omakase Yume,41.88300449955807,-87.64453099970581,restaurant
Paradise Park,41.91022789969787,-87.67563899983992,restaurant
Irie Jerk Bar and Grill,41.94372009970289,-87.6539169001448,restaurant
Stan's Donuts & Coffee,41.932925500311626,-87.64518300009536,cafe
Bixi Beer,41.92714929960056,-87.70401249977698,restaurant
The Mayan Palace,41.931712699781315,-87.6487652003537,restaurant
nan,41.79160589999236,-87.58359719975095,post_box
Tacos El Pastor 53,41.7991036998759,-87.58385970016502,restaurant
Sip & Savor,41.79947860025726,-87.58382380012824,cafe
Los Artistas,41.9176131997894,-87.69706040041712,beverages
nan,41.87582079959026,-87.6267949003643,atm
nan,41.88130219983668,-87.66653480034074,artwork
Walgreens,41.96792629955911,-87.64990979989733,pharmacy
Everybody's Coffee,41.965287300168825,-87.65381430008983,cafe
nan,41.798107699810544,-87.58282439972623,post_box
Sport Clips,41.94483779962479,-87.65482949978156,hairdresser
Stretch,41.945731500008776,-87.6551574996189,restaurant
Lego,41.89796780017389,-87.62261320033889,toy_shop
Sayre Park Weightlifting Club,41.92081029955574,-87.79715370038292,sports_centre
American Girl Cafe,41.89814189992882,-87.62359040007686,cafe
South Loop Strength,41.87362789990772,-87.63031499973744,sports_centre
Chiya Chai,41.881987100124604,-87.62488660013645,restaurant
Tuco and Blondie,41.94330870033633,-87.66407520041014,restaurant
Four Letter Word,41.93227080015737,-87.7035248001294,cafe
Gao’s Kabob,41.85233430018786,-87.6333753998548,restaurant
Casa Índígō,41.85801619978787,-87.65956370010463,restaurant
Harbee Liquor & Tavern,41.857774099595076,-87.66061899966707,bar
Big City Optical,41.85801409987084,-87.66079399964332,optician
Fairfield Ave & Roosevelt Rd,41.866612999990025,-87.69452150006714,bicycle_rental
Kedzie Ave & Roosevelt Rd,41.866540600068674,-87.70648930014107,bicycle_rental
Walsh Park,41.91450790011953,-87.66798589962951,bicycle_rental
Elston Ave & Wabansia Ave,41.912930900240895,-87.66404939975996,bicycle_rental
Taste of Havana,41.92738669993628,-87.70425529964234,restaurant
Daley's Restaurant,41.78057600018229,-87.60560160023363,restaurant
Wow Bao,41.88632120016331,-87.62478989963415,restaurant
Corner Bakery,41.87839910013844,-87.62464170035418,cafe
Taco Pros,41.895782099564315,-87.6768770002733,restaurant
Prequel,41.89578459967959,-87.67680820033814,cafe
Streeter Dr & Grand Ave,41.89224190034349,-87.6119493003199,bicycle_rental
Casa Margarita,41.891310100181045,-87.61200010032434,restaurant
Paradise Unisex Spa,41.87150490003114,-87.62614680033454,beauty_shop
Huntington Bank,41.96156680036762,-87.65344590000825,bank
Huntington Bank,41.96333539990883,-87.65667589967302,atm
Gyu-Kaku,41.933277199982854,-87.64459759989927,restaurant
Milwaukee Ave & Kilbourn Ave,41.947061699837604,-87.73994290034454,bicycle_rental
Backlot Coffee,41.95335580032997,-87.7321275003838,cafe
Two Shades Cafe,41.869537300306206,-87.6563170000295,cafe
Amitabul,41.99411309973982,-87.7844856000304,restaurant
First Aid Comics,41.79507000038029,-87.58585979959003,bookshop
Wingstop,41.79937860014235,-87.59192600018474,fast_food
nan,41.97159169969723,-87.7131003001387,guesthouse
nan,41.88036200000636,-87.77420850022207,comms_tower
Furama Restaurant,41.84158250043208,-87.63214760043138,restaurant
El Catrin,41.97589459955617,-87.67664229970234,restaurant
Tamashii Ramen,41.8780600997938,-87.64778770024213,restaurant
Ramen-San,41.8863089001357,-87.64850410018403,restaurant
Plush Pup,41.97674879991723,-87.83692579968584,fast_food
Murphy's Lounge,41.75589160021724,-87.60553609991103,bar
The Spot Social Hour,41.67181309989468,-87.64150889991578,bar
Bar 22,41.851564199927964,-87.62395859960964,bar
Persona,41.876562099961006,-87.6338725999405,bar
Celtic Crossing,41.8963280995622,-87.63096940041748,bar
Sleeping Village,41.93928660029644,-87.72124670007508,bar
Pizza Lobo,41.925158199691225,-87.70253430031767,restaurant
Bronzeville Salon Suites,41.8236181000953,-87.62349700008645,hairdresser
Paulie Gee's,41.91013780021933,-87.67762379999834,restaurant
Stefani's Tuscany Cafe,41.981273200098144,-87.90607609993202,fast_food
Dunkin',41.980935299624434,-87.90621209990843,fast_food
Hudson News,41.98087769984602,-87.90622299969164,newsagent
nan,41.981081100412496,-87.90622940016664,drinking_water
Duty Free Store,41.97920760035055,-87.90685440021036,gift_shop
United Customer Service,41.97884459979849,-87.90651780015634,tourist_info
The Great American Bagel,41.98077580036295,-87.90624420030957,fast_food
Chili's,41.9808317004227,-87.90649260025327,restaurant
Pronto Sandwiches,41.98082019989238,-87.90623329962705,fast_food
McDonald's,41.98010179985823,-87.90666999962076,fast_food
Tortas Frontera,41.980007399821716,-87.90668889977286,fast_food
Barbara's Bookstore,41.97993850006179,-87.90670329971749,bookshop
CNN Newsstand,41.979287300068904,-87.9068326995694,newsagent
Eli's Cheesecake,41.97927359979684,-87.90666849955159,fast_food
AT&T,41.90490260017492,-87.63873250030463,mobile_phone_shop
LaSalle Cafe Luna,41.87432289958218,-87.62544130017585,cafe
Gibson's Bar & Steakhouse,41.90140800017912,-87.62801380009677,restaurant
Warehouse Liquors,41.87345780033729,-87.62619200026057,beverages
Rogers Park Fine Wine and Spirits,42.0045305999073,-87.67263439995753,beverages
Comrade Cycles,41.89608540042093,-87.67507919974526,bicycle_shop
Fatpour Tap Works,41.85266349972079,-87.62267850011267,restaurant
Green Line Performing Arts Center,41.794269299788425,-87.6180339999691,arts_centre
avec,41.893772100402145,-87.63297009969028,restaurant
Harry's Sandwch Shop,41.877210299815545,-87.62944850024803,cafe
Optimo,41.878018999876986,-87.62947770033554,clothes
Adrian's Foods Market,41.93223139995922,-87.71985099992366,supermarket
Sabas Vega,41.85745860033421,-87.66639339993543,restaurant
Bacchanalia,41.84799669998779,-87.68292310012095,restaurant
Cafe Mestizo,41.85788060000971,-87.67024069964856,cafe
Bruna's,41.847644500293484,-87.68327799957996,restaurant
Pizza Nova,41.85782870013446,-87.67278729999384,fast_food
The Jibarito Stop,41.85791059959456,-87.6680465004456,fast_food
Ignotz Ristorante,41.84780069994241,-87.68290770013022,restaurant
La Fontanella,41.8479126997114,-87.68324409963543,restaurant
Ochoa Sporting Goods,41.857829100332765,-87.67294079987795,sports_shop
Carlton Inn Midway,41.80391890033701,-87.72207440011346,hotel
Video Strip,41.833864599571655,-87.67167949980904,video_shop
La Bodega,41.88889999983519,-87.63084049968927,cafe
Land & Lake Kitchen,41.88777250000095,-87.62549899977898,restaurant
Surge Coffee Bar & Billiards - Albany Park,41.96093830016247,-87.70991050016943,bar
Perilla Steakhouse,41.88653400044382,-87.62610799998419,restaurant
Cornerstone Children's Learning Center,41.902516500036484,-87.63412120043301,kindergarten
RBC,41.794814000265944,-87.72348760017258,bank
Audiffred Salon,41.77871509962222,-87.73091419983041,beauty_shop
PERILLA fare,41.889352500017935,-87.64450670002412,restaurant
The Roost Carolina Kitchen,41.890910099721395,-87.64743270005903,fast_food
Big Sharks,41.75692710030546,-87.55827110023108,fast_food
Zees Supermarket Plus,41.76132960008101,-87.58663130009438,supermarket
The Slab Bar-B-Que,41.76633740025085,-87.5779585998095,restaurant
Taste of Chicago,41.76634450039842,-87.57812219997953,restaurant
Ta'golazo,41.76603699970781,-87.5694488998468,restaurant
Magal Restaurant,41.765950100017164,-87.56732029989189,restaurant
Dady Mart Food & Liquor,41.75115379990797,-87.60378860026367,beverages
East of the Ryan,41.75152360023401,-87.60204400003056,hotel
East of the Ryan,41.75153600008639,-87.60189059997117,nightclub
Food Town,41.751180200406,-87.60137599980249,convenience
City Life,41.744046900244314,-87.60691309955985,restaurant
Randy's Lounge,41.758062099586255,-87.60560000033973,bar
Shop-N-Save,41.76542579976092,-87.6203519998449,supermarket
Grand Palace,41.764579699593526,-87.62467029969451,convenience
Stewart Liquors,41.75820059967799,-87.63429709973133,beverages
Babas Halal,41.777744800382266,-87.61541630012209,fast_food
New Food Mart,41.78035590010478,-87.61521300027971,convenience
2 Potz & A Pan Eatery,41.78421540002074,-87.61339609995002,restaurant
Woodlawn Neighborhood Market,41.78403849977701,-87.61336449957196,convenience
Tony's Dollar Store,41.77692719973055,-87.6060820000842,convenience
Dog Haus,41.86494539971051,-87.64708670029097,fast_food
Great Clips,41.864326099569894,-87.64702970036035,hairdresser
Lalo's Mexican Restaurant,41.8646277996333,-87.64640680023359,restaurant
Hashbrowns,41.86462729961022,-87.64624200036798,restaurant
Bar Louie,41.86464579956407,-87.64668769987742,bar
Rosati's,41.864263700109746,-87.64669610044461,fast_food
Brothers Hair Salon,41.937917799766694,-87.7216654999628,hairdresser
Beatrix Market,41.88492590021019,-87.63665409960697,restaurant
Market Creations,41.88608079968918,-87.63961880016745,restaurant
Left Coast,41.88486769968466,-87.63514069978345,cafe
Digital Art Demo Space,41.84672069960067,-87.64696029967803,nightclub
MingHin Cuisine,41.85335989963971,-87.63482850013514,restaurant
nan,41.75151409979594,-87.60488539994122,atm
RockItCoin - The Galleria Bitcoin ATM,41.89578359963349,-87.63773350010092,atm
Vincennes Currency Exchange Bitcoin ATM,41.75830879981129,-87.63161610020285,atm
The Dill Pickle Food Co-op,41.93106209963622,-87.71095220018384,supermarket
U.S. Bank,41.7795504996559,-87.64545700014042,bank
Dress Code,41.78006220041027,-87.6468975998443,clothes
Wingstop,41.780193200156134,-87.64691230016251,fast_food
Oak Street Pharmacy,41.78031520038627,-87.64692570006099,pharmacy
Kenwood Cleaners,41.809988600193776,-87.59345530002201,laundry
Subway,41.81016649958434,-87.59344459988836,fast_food
Big Chicks,41.97404819966471,-87.65514790025537,bar
Metro by T-Mobile,41.97497939997936,-87.6551691997987,mobile_phone_shop
Rainbow Mart,41.97498650012693,-87.65530839956295,convenience
Subway,41.975105100020414,-87.65547869968219,fast_food
Shan Food,41.97503110020517,-87.65547270030481,restaurant
Rent-A-Center,41.96153400029391,-87.69786100028489,furniture_shop
City Sports,41.78029990022026,-87.60500859986695,department_store
Dos Toros,41.899039899971456,-87.62379340044504,restaurant
Benihana,41.89909470016033,-87.6238121998731,restaurant
Fresh Farms International Market,41.9978925995639,-87.69569879985971,supermarket
Banfield Pet Hospital,41.9065135998228,-87.6501432000486,veterinary
Three Stars Food Market,41.88591690004495,-87.70644460023806,convenience
Great Lakes Yard,41.88421370010224,-87.69314050023388,doityourself
Subway,41.88088859982906,-87.68493320000715,fast_food
Magic Nails Spa,41.88094890027156,-87.68493789986417,beauty_shop
Chan's King Wok,41.88080799988933,-87.68493329983187,restaurant
Metro by T-Mobile,41.88072930021707,-87.68492960002101,mobile_phone_shop
Western Beauty Supply,41.88044040020435,-87.68667270018494,beauty_shop
Elite Wireless Partners,41.88037599975263,-87.68667520030021,mobile_phone_shop
Pizza Hut Delivery,41.800123200125654,-87.72312909982804,fast_food
T-Mobile,41.800031200379635,-87.72243169986302,mobile_phone_shop
Foot Locker,41.79988729985905,-87.72238339997386,shoe_shop
Lux Nail Studio,41.799779300274565,-87.72239419993235,beauty_shop
Subway,41.79968929972148,-87.72238609973869,fast_food
Discovery Clothing Company,41.799459399731575,-87.72238080003387,clothes
El Taconazo,41.79917940030913,-87.72287960001347,restaurant
Chicago Taco Authority,41.95340810040358,-87.73340109958104,restaurant
Two Lights Seafood & Oyster,41.9109365996444,-87.63587420033406,restaurant
Lotus Bahn Mi,41.883345900193206,-87.63304639997136,restaurant
John's Food and Wine,41.920470200239606,-87.64877839970336,restaurant
BWS,41.8961030001534,-87.65542900044795,beverages
Swift Tavern - Wrigleyville,41.94736809975802,-87.65689150044233,restaurant
Alla Vita,41.88461180029441,-87.64249519989352,restaurant
Somerset,41.90237509963117,-87.62880810021363,restaurant
Elaine's Coffee Call,41.915262200190455,-87.63438529984165,cafe
Devereaux,41.902337999898805,-87.62880610012138,restaurant
Griddle 24,41.89677179987871,-87.63697350012689,restaurant
Philly‘s Best,41.877827599863906,-87.64680850041191,restaurant
The Rabbit Hole,41.90417230031147,-87.63474619957742,bar
Aloha Pokē Co,41.93985239976848,-87.65104299963468,fast_food
La Boulangerie,41.939837899999134,-87.65220099997612,bakery
3 Arts Club Café,41.90590849997733,-87.63048639972754,restaurant
Rock Hair Scissors,41.9975341999434,-87.76626130011886,hairdresser
Ann & David's Studio,41.99749119975911,-87.76605900032257,hairdresser
Maple & Ash,41.90196620037989,-87.6287408003476,restaurant
Starbucks,41.85265369980846,-87.62318350001846,cafe
Chase,41.881044699653216,-87.68492369956903,bank
Domino's,41.880592800217585,-87.68492159965206,fast_food
The UPS Store,41.87676019992335,-87.64997559969413,post_office
Primos Chicago Pizza,41.87682789998763,-87.64821010011599,restaurant
Mr Greek Gyros,41.878070499553985,-87.64740259975014,fast_food
Dugan's,41.87961100044737,-87.64745460034948,bar
Starbucks,41.881542200112506,-87.65225770043247,cafe
Subway,41.881154200206254,-87.66522309956633,fast_food
Wintrust Bank,41.88129459966609,-87.68669199963603,bank
Madison Street Barbers,41.88100950018833,-87.68759549993234,hairdresser
Lee Nails,41.9971606998065,-87.76402009964784,beauty_shop
Domino's,41.99748289991595,-87.76431540013556,fast_food
King Pho,41.99748370031256,-87.764485100407,restaurant
11 Degrees North,41.940101000260995,-87.65039579982624,cafe
1492 Cuban Fusion,41.910115599555354,-87.69279429991695,restaurant
AceBounce,41.88651150030557,-87.63118510011225,restaurant
2Twenty2 Tavern,41.878914399979635,-87.62632249998336,pub
312 Chicago,41.884334300087914,-87.63268760015256,restaurant
3rd Coast Cafe,41.90567590022266,-87.63030290025858,restaurant
439 Nightclub,41.89012940005182,-87.65952670019703,bar
5 Rabanitos Restaurante and Taqueria,41.858085499746096,-87.67094989961811,restaurant
The Whale,41.92546430013738,-87.70124749997211,restaurant
Ruk Sushi & Thai,41.9971836001431,-87.76469210006036,restaurant
Terry's Place,41.99682609984467,-87.76384149968544,hairdresser
Local Goods Chicago,41.99756940030761,-87.76468540011109,gift_shop
Target,41.903510800383174,-87.66970110012562,department_store
Le Petit Paris,41.89870069997738,-87.61968229989816,restaurant
676 Restaurant & Bar,41.89470689980362,-87.62512680006176,restaurant
720 South Bar & Grill,41.872946899979524,-87.62449920007799,bar
80 Proof,41.909299999895154,-87.63486609989059,bar
Base Community Cafe,41.83093119991497,-87.65637580040283,cafe
A Cup of Joe,41.7923622999802,-87.79197529972026,cafe
A Taste Of Heaven,41.979975499969385,-87.66809700007644,restaurant
A Tavola,41.89599570024143,-87.68142250034805,restaurant
A.J. Hudson’s Public House,41.9507984000262,-87.6687020000972,bar
Aba,41.88701879977782,-87.64887260009039,restaurant
About Last Knife,41.8851216997067,-87.62476249998934,restaurant
Entrée,41.85907899969612,-87.62527059985825,restaurant
Acapulco Bakery,41.77805340004443,-87.77328800004113,bakery
Ada Street,41.91253649985964,-87.66234450009858,restaurant
Ain’t She Sweet Cafe,41.816821399987646,-87.6129711999609,cafe
Ain't She Sweet Cafe,41.71312649958833,-87.68211709982427,bakery
Aje Cafe,41.93608569999509,-87.64776880009003,cafe
TRUCE,41.91699110005925,-87.6774206998054,bar
Welcome to Indiana,41.7030810003879,-87.52462059976085,tourist_info
320 River Bar,41.88808860000893,-87.63007450033786,restaurant
Albert’s Place Turkish Cafe,41.96844430006445,-87.69474040044906,cafe
Alba’s Restaurant,41.895782599587335,-87.67324819984452,restaurant
Alegre Bakery,41.96123900017977,-87.71406879983522,bakery
Alice’s Lounge,41.93934119993651,-87.71725769958312,bar
1959 Kitchen & Bar,41.91134470029772,-87.63535259984258,restaurant
Old Town Ale House,41.910989399741084,-87.63552699997103,bar
SUITE Lounge,41.90901209992853,-87.63491999985808,bar
The Fireplace Inn,41.90909799957308,-87.63487439973375,restaurant
Benchmark,41.90951769968217,-87.63494280036991,restaurant
Old Town Pour House,41.90828559970072,-87.63431380014174,restaurant
aliveOne,41.931457800437215,-87.64878919966179,bar
Broken English Taco Pub,41.907749100140904,-87.63485300036564,restaurant
Amber’s Coffee Cake,42.01184939963014,-87.80844990024269,cafe
nan,41.93501150028055,-87.7837102998904,artwork
nan,41.93426039999753,-87.7822740996699,artwork
nan,41.95794400021549,-87.67345389997746,artwork
nan,41.95821819991005,-87.67156399987863,artwork
Ambrosia Café,41.91771879998271,-87.65318079965414,cafe
American Ale House,42.01937900044055,-87.68913580027692,bar
Amy Beck Cake Design,41.89338049961043,-87.6576528997615,bakery
Angelo’s Wine Bar,41.96136339980109,-87.7043717996188,bar
Angie’s Bar & Grill,41.94858400025146,-87.70818139975177,bar
Angie’s Bar & Sunset Inn,41.79798399986174,-87.74265329961003,bar
Ann’s Bakery,41.89610329962761,-87.68181189959944,bakery
Antojitos Colombianos,41.9572465004257,-87.7517861002483,cafe
Ara On,41.87976460015625,-87.6331917996618,restaurant
Arabia Café & Hookah Lounge,41.900812600421204,-87.66277889962646,cafe
Arbor,41.931975100370664,-87.69215439990558,restaurant
Arifa’s Kitchen,41.799796399983904,-87.59285430018576,bakery
Art Institute’s Gardens,41.87937379976108,-87.62395630004318,bakery
Nano's Hair & Day Spa,41.997163600120075,-87.76264290034953,hairdresser
Villa Rosa Pizza Kitchen,41.99716949967274,-87.76278010002159,restaurant
Atlantic Bar & Grill,41.97342059968099,-87.69187670004965,bar
Arturo Express,41.87958529962191,-87.63985449988525,restaurant
ATE Music House,41.84837630022611,-87.64226989993591,bar
Au Bon Pain,41.97598500030756,-87.69873290020314,fast_food
Augie’s,41.928618399719426,-87.6715994997171,bar
Avanti Caffé,41.87822429981162,-87.63424049999907,bakery
Avenue Tavern,41.93540110008075,-87.64468630003267,bar
Avli Taverna,41.928641399880746,-87.66239010022292,restaurant
Avondale Tap,41.93944210027274,-87.71877899995087,bar
Azul 18,41.858047099594046,-87.65790460021708,restaurant
The Wolfhound Bar and Kitchen,41.939065400348,-87.69821129971166,restaurant
Babe’s On Milwaukee,41.96113909988958,-87.75508940005574,bar
Babushka Bakery,41.91705250037262,-87.74461599982851,bakery
Bake,41.910453500029064,-87.68418399999155,bakery
Miller Bagel,41.966381400081616,-87.68689369958452,bakery
Bakery Chef,41.92381650023134,-87.73917559967413,bakery
Baking For The Takin,41.985644399869216,-87.77715069974494,bakery
Bambu,41.97304429995455,-87.66007919959537,cafe
Bandera Restaurant,41.891945199611314,-87.62357340019224,restaurant
Villari's Martial Arts,41.99716369994485,-87.76299019963795,sports_centre
Bar 106,41.698975400094696,-87.72039549985237,bar
Bar Louie,41.981879700188074,-87.83559740029972,bar
Superior Eye Care,41.9363268999665,-87.64410620044077,optician
Bar Roma,41.974512400027265,-87.66805290002128,bar
Barney Callaghan’s Pub,41.70026910003901,-87.68176380025915,bar
Beautiful Morning Chicago,41.89220610013149,-87.62927560018875,bakery
Beauty Bar,41.896393699709506,-87.66414410017006,bar
Beavers Coffee & Donuts,41.88393579969744,-87.64099799955801,bakery
Beck’s Chicago,41.921793899768716,-87.66431719987884,restaurant
Begyle Brewing,41.955398700289834,-87.67454859973805,bar
Belarada,41.97678260003704,-87.80686790013345,bakery
Belford Tavern,41.939210399840135,-87.72734040013933,bar
Bia’s Café Marianao,41.94613580012714,-87.73616510023913,cafe
BienMeSabe,41.96141090019296,-87.67058670031594,restaurant
BienMeSabe Venezuelan Arepa Bar,41.87940430026828,-87.62648440043472,restaurant
Big Jones,41.97944339989306,-87.66798129959727,restaurant
Billy Sunday,41.927801700188354,-87.70654880018697,bar
Biondillo Bakery,41.90256939995788,-87.74874830009395,bakery
Birrieria Zaragoza,41.804474800072,-87.72377359987172,restaurant
Birreria,41.892213300103776,-87.62600949993845,bar
Biscotti’s Galore and More,41.8364409998523,-87.63318680033052,bakery
Bistro 6050,41.95321260038128,-87.7787617002922,restaurant
Bistro Grand,41.92327179975382,-87.8047184997589,bar
Bitter Pops,41.94311840019407,-87.6708557001304,bar
Blend Cafe,41.88934320012862,-87.68773049986265,cafe
Blind Barber,41.886885700115045,-87.65175879972878,bar
Blue Door Farm Stand,41.91856769973958,-87.64883129962476,restaurant
Bluebird,41.934459400181254,-87.64600269976472,restaurant
Boar's Head,41.88586829978226,-87.63439719967101,fast_food
USA Natural Health Clinic,41.989551300352275,-87.74810509957064,clinic
Bob Inn,41.92465739961938,-87.69300679982393,bar
Bobby’s Lincoln Park,41.92751649998655,-87.65195920015691,restaurant
Bodega Sur,41.950575700008585,-87.66387909964072,restaurant
Bohica Bar & Grill,41.79837750002167,-87.74735209991945,bar
BomBon Cafe,41.844484899558495,-87.71924330013815,bakery
BomBon Cafe,41.79078199958968,-87.72336070043593,bakery
Bonchon Chicken,41.853602499855526,-87.63494080027766,restaurant
Bonchon Chicken,41.90347710008814,-87.67125500001822,restaurant
Bongiorno’s Italian Deli & Pizzeria,41.88982080038966,-87.62637000037518,restaurant
Bot Bakery,41.766111100247144,-87.5630138000468,bakery
Bounce Chicago,41.896848199984504,-87.63681630043186,bar
Bourbon On Division,41.83264560001447,-87.6483810999078,bakery
Boxcar Betty’s,41.88235059980042,-87.64040690035813,restaurant
Brando’s Speakeasy,41.8772435000875,-87.62911640040153,bar
Brasil Legal Cafe,41.92142649973323,-87.68724189999364,bakery
Cariño,41.96688380004741,-87.65873769978498,restaurant
Brazilian Bowl,41.9402530999007,-87.64456019979337,restaurant
BRGRBELLY,41.95290850002732,-87.77098299986551,restaurant
Brick’s Sports Bar & Grill,41.88094990031772,-87.73646089985061,bar
Brickhouse Bar & Grill,41.95591059979438,-87.7078550996331,bar
Bridgeport Inn,41.841515000017296,-87.65769370020405,bar
Bridges Lobby Grill at London House,41.88803269994918,-87.62506739984059,bar
Bristol Lounge,41.93716470029074,-87.72102900028807,bar
Brobagel,41.91040050028289,-87.67619140031286,bakery
Broken Barrel Bar,41.92845359985381,-87.66364520036569,bar
All Together Now!,41.89566380004442,-87.68039699982165,restaurant
Brown Bag Seafood,41.88484669961554,-87.61878210011378,restaurant
Brownstone Tavern & Grill,41.95336460019621,-87.6778752000804,bar
Chai Asian Bistro,41.99010419994892,-87.74785270034181,restaurant
Brudders Bar and Grill,41.94653600023628,-87.7277383996074,bar
Bulerias Tapas Bar,41.91007749977683,-87.69002949976158,restaurant
Burke’s Public House,41.98008990002893,-87.65975119975803,bar
Butch McGuire’s,41.90419650016838,-87.62964190035336,bar
Butcher & The Burger,41.91790469974217,-87.65423350017585,restaurant
Butterfly Sushi Bar & Thai Cuisine,41.89092179990121,-87.65619740008992,restaurant
Cafe 53,41.7993520998196,-87.59236599979101,bakery
Cafe Central,41.89591889993733,-87.66386709998665,restaurant
Bocadillo Market,41.924809099960044,-87.64018309957038,cafe
nan,42.002472799979785,-87.67236209963113,beauty_shop
Cafe El Tapatio,41.94346559965777,-87.66900060019748,restaurant
Epic Kitchens Dining Room,41.94263569987771,-87.64465619972378,fast_food
Cafe Moderno,41.879838799620984,-87.62213800036841,restaurant
Cafe Prague,41.938351100323075,-87.79388109983284,bar
Cafe Vienna,41.92850449968296,-87.64206190023646,cafe
Cafe Utjeha,41.97907930036945,-87.69291260033617,cafe
Cafe Urbano,41.95668930027102,-87.72383319974233,bakery
Café Tola,41.926699500081895,-87.70328960043469,cafe
Spiaggia,41.90055930007168,-87.62462469957018,restaurant
Caffè Umbria,41.91733809987346,-87.69151619961286,cafe
Caffè Umbria,41.88880769971564,-87.63123690016278,cafe
Suda's Lebanese Cuisine,41.925333900239366,-87.66680380015521,restaurant
Cake Sweet Food Chicago,41.88601070023367,-87.66843229971084,bakery
Cake’n It - Home Bakery,41.9447185000588,-87.76648560003036,bakery
Deluxe Nails,41.99012660026244,-87.74777640006079,beauty_shop
Eden's Cleaners,41.99013290001335,-87.7476205997109,laundry
Argo Tea,41.89640139970487,-87.62096460003625,cafe
Starbucks,42.002243499837675,-87.66100560022824,cafe
Starbucks,41.8974109003928,-87.62576469998089,cafe
Au Bon Pain,41.885353699613574,-87.62161050032427,fast_food
Au Bon Pain,41.87369049991668,-87.65239850009067,fast_food
Au Bon Pain,41.87466030003287,-87.66870479968674,fast_food
Bake For Me,41.887327599988794,-87.62010800028395,cafe
Dunkin',41.89275529991721,-87.62249449972137,fast_food
Bel-Ami,41.981911900413934,-87.69361360028739,cafe
14 Parish,41.79977510044057,-87.58486760005968,restaurant
Billy Goat Tavern - at the MART,41.88880530032441,-87.63447190005809,restaurant
Blackwood BBQ,41.88560449984783,-87.635925700011,restaurant
Blackwood BBQ - Illinois Center,41.8869672002761,-87.62322409991225,restaurant
S&J Nails,41.99756730039064,-87.76303729983147,beauty_shop
Boleo,41.88084470032271,-87.6317482996443,restaurant
Bombon,41.844427600153665,-87.72106099996512,bakery
Brown Sugar Bakery,41.891784399930145,-87.60932500034846,bakery
Cafe Integral,41.8923190001218,-87.62733049970274,cafe
Cafe LAppetito Lakeview,41.943002500065404,-87.64484220020734,bakery
Cakes & Beyond,41.938570300179265,-87.77986689963768,cafe
Donegal Imports,41.99747850043252,-87.76293130033918,gift_shop
Happy Camper Old Town,41.90420680010379,-87.63429840015101,restaurant
Furious Spoon - Pilsen,41.85805819992606,-87.65965049997055,restaurant
Jam 'n Honey,41.92192589956068,-87.6533381000732,restaurant
Hello Jasmine,41.921581600410605,-87.65306050004199,restaurant
Quizhpi Express,41.9609312000149,-87.71719940013219,travel_agent
Caminos De Michoacan Bar,41.85484310022895,-87.66840530026434,bar
Cantón Regio,41.857994199672646,-87.66428649972215,restaurant
Capital One Café,41.94451670028553,-87.66374469955821,cafe
Cardinal Wine & Spirit,41.97104240008673,-87.6898753002049,beverages
Caribbean American Bakery,42.0192273999246,-87.66973309980267,bakery
Caribella,41.924449499744696,-87.71104970018348,cafe
Carniceria Ruiz,41.93584629956712,-87.70731540028544,bakery
Carnicerias Jimenez,41.938931199914975,-87.76028910026173,bakery
Carnitas Uruapan Restaurant,41.857589199881716,-87.66979519978861,restaurant
Carnivale,41.88711429968521,-87.64607570043319,restaurant
Casa Yari,41.9249420997981,-87.7102153001959,restaurant
Casey’s Corner,41.99743319978239,-87.69862410022199,bar
Caspian Kabab Fine Persian Cuisine,41.907447099703916,-87.66722960036572,restaurant
Cedar Palace,41.918048500437976,-87.64569729989046,restaurant
Cellar Door Provisions,41.93193239966058,-87.70357619998163,restaurant
Central Bakery,41.811516300137214,-87.6646860999835,bakery
La Central Bakery,41.91719849991091,-87.73583100030038,bakery
Charmers Cafe,42.016155799650505,-87.668312400297,cafe
Chayhana,41.95386989957626,-87.68543119959014,restaurant
Cherubs,41.92515270033692,-87.69114950014927,cafe
Chez Joel Bistro,41.86924320041339,-87.65508380017718,restaurant
Chicago Bagel Authority,41.91792860012487,-87.65301969959944,fast_food
Caribou Coffee,41.89293780023934,-87.64162780018279,cafe
Carniceria Jimenez,41.92479930004771,-87.72355520041214,bakery
Carnicerias Jimenez,41.91010559999347,-87.7315939002383,supermarket
Cassava,41.953191999611136,-87.71748449960995,bakery
Carver 47 Cafe,41.81011619960299,-87.5994737996761,cafe
Catch 35,41.886536100360786,-87.6284849998828,restaurant
Chelsea Room,41.88660889958112,-87.63149839963143,bar
nan,41.88166380014434,-87.62518480003843,restaurant
Chi Bar,41.88885860044411,-87.61877890032594,bar
Chicago Diplomat Cafe,41.93852329981047,-87.6675366999587,cafe
Chicago Fitness & Nutrition,41.89529179997663,-87.7142822997883,cafe
Chicago Grilled Cheese & Mac Factory,41.96695960030536,-87.66673999955128,restaurant
Chicago Q,41.90361519998157,-87.63041890021202,restaurant
Chicago Sports Bar & Grill,41.807641199681655,-87.73231509986192,bar
Chicago Sweet Connection,41.98231659983128,-87.78066579978679,bakery
Chicago Union Station Metropolitan Lounge,41.87863140041884,-87.6389954998424,bar
Chicken Works & Salad Company,41.953944099940315,-87.71981509988689,restaurant
ChiSox Bar & Grill,41.83122009992775,-87.63393319985727,bar
Chiu Quon Bakery,41.973144300069464,-87.65888089973367,bakery
Chiu Quon Bakery and Dim Sum,41.85137229989181,-87.6318548998837,bakery
Chiya Chai Cafe,41.93144639973161,-87.71153739983112,restaurant
Chloe’s Sweets & Treats,41.783969900390616,-87.60141129999147,bakery
Christmas Club,41.945013400348216,-87.6551172999234,bar
Chromium,41.92544399974082,-87.67927240030099,cafe
Churro Factory,41.89171900033165,-87.60847070016263,bakery
Cinnabon,41.882349499929546,-87.64034149986031,fast_food
City Cafe,41.94015280031152,-87.7274056999131,cafe
City News Cafe,41.954135199579866,-87.74753710035685,cafe
Cityfront Cafe,41.89017739956739,-87.62108839980976,cafe
Lincoln Park Hair Salon and Spa,41.91993829981271,-87.64184059956398,hairdresser
Cityscape Bar,41.88818230037293,-87.63759459981088,bar
Claddagh Ring,41.97612849973052,-87.6871299002247,bar
Uncharted Books,41.9755967998525,-87.66862939962704,bookshop
Cafe Nova,41.99919999978022,-87.66027220040166,restaurant
Cleos,41.895694299652234,-87.67599149990775,restaurant
Clover,41.89134819995951,-87.64683520038415,bar
Cloverhill Bakeries,41.91751090010803,-87.78453110032996,bakery
Consulate of North Macedonia,41.88285709977538,-87.62914780023078,embassy
Iridium,41.90578249956275,-87.67050820029317,clothes
Garfield's Beverage Company,41.90596320034149,-87.67083000020432,beverages
Milwaukee Furniture,41.906267600169656,-87.67078180013993,furniture_shop
Club Escape,41.75897939997935,-87.58706859993589,bar
Co-Op Sauce,41.99751799955607,-87.67081250029662,bakery
Coast Sushi Bar,41.9189969002868,-87.67735649990249,restaurant
Coco Club,41.808393300010835,-87.70836380024912,restaurant
Cocoa + Co.,41.91267139996518,-87.63451960009945,cafe
Cody’s Public House,41.93803400026894,-87.67090729963212,bar
Coffee Cats,41.70702780019286,-87.71616459971648,cafe
Coffee Joint,41.95396519983416,-87.68100580037736,cafe
Coffee Lab & Roasters,41.93329150010271,-87.65932169973661,cafe
Coffee Slasticarna Drina,41.968295599862074,-87.6917627001884,cafe
Coffee Tree & Tea Leaves,41.95046680020272,-87.6494386001113,cafe
Commons Club,41.885964799735746,-87.62598890006763,bar
Compass Bar,41.93271839993429,-87.64075910005238,bar
Cookie Spin,41.961030999581,-87.68396339989096,bakery
Copper Fox Gastropub,41.89319759998932,-87.62321349960331,restaurant
Cork and Kerry at the Park,41.83467920008508,-87.63419990010527,bar
Cork Lounge,41.94715230023854,-87.67493980033146,bar
Corner Bakery,41.878794999689546,-87.63870370041542,cafe
Corner Bakery,41.88460880015606,-87.63001949960017,cafe
Corner Bakery,41.89428879958848,-87.62297059991323,cafe
Corner Bakery,41.888027699718634,-87.62524780024575,cafe
Corner Bakery,41.888027699718634,-87.62524780024575,bakery
Corner Bakery,41.8914776996362,-87.63145250003282,cafe
Corner Bakery,41.8914776996362,-87.63145250003282,bakery
Corrib Irish Pub,41.98152090036933,-87.76230180008798,bar
Courtyard Cafe,41.93679630020915,-87.65117899961109,cafe
Crab Cellar,41.91777350034681,-87.64878919966179,restaurant
Crosby’s Kitchen,41.94511520000651,-87.66370609975667,restaurant
Queenie’s Supper Club & Cocktails,41.8810096000131,-87.67422870009437,bar
Crumb,41.99755119982808,-87.67086180023188,bakery
Cuba 312,41.94339690044666,-87.6806314998438,restaurant
Cuenca’s Bakery,41.960746300301594,-87.73392770030307,bakery
Cuernavaca Bakery,41.85199379977411,-87.70317670044432,bakery
Cunneen’s,41.99828449982988,-87.66654749966733,bar
Cup & Spoon,41.910132399790484,-87.68802209964014,restaurant
Cupitol Coffee & Eatery,41.890918899587575,-87.61557409966491,cafe
D’Amato’s Wholesale Bakery,41.89089490027948,-87.6556261003642,bakery
Daisies,41.92730629964609,-87.70411619970281,restaurant
D4 Irish Pub & Cafe,41.89208600016883,-87.61920759995076,bar
Dak,41.9946900004432,-87.65875800018154,restaurant
Danny’s Tavern,41.91943050031739,-87.67724090014741,bar
Dark Matter Coffee - Electric Mud Coffee Bar,41.915575899907935,-87.68766549956314,cafe
Dark Matter Coffee - The Mothership,41.89504420042954,-87.68705119965313,cafe
Declan’s Irish Pub,41.67786050016201,-87.67132260025778,bar
Defloured,41.97971179985973,-87.66778459987933,bakery
Del Real Bakery,41.77930580042238,-87.70007080002739,bakery
Del Toro,41.853210800138356,-87.64628720029401,bar
Delilah’s,41.93227929965002,-87.65807710007806,bar
Delipan Bakery,41.92853569986272,-87.80614750000706,bakery
Demitasse Coffee,41.869618000070716,-87.65366080020573,cafe
Cafe Deko,41.93284600024276,-87.64918079955424,cafe
Mojo Coffee,41.87977199977803,-87.63277709978331,cafe
Anor,41.921743099764285,-87.66513779976958,restaurant
Di’s Den,41.95353660003411,-87.7549130996598,bar
Diana’s Food & Restaurant,41.899386999610385,-87.69951609998799,restaurant
Dim Dim,41.841980300250725,-87.63215950026068,bakery
Distilled Chicago,41.92181100037743,-87.66629100042928,bar
nan,41.898629599576395,-87.62566760017955,restaurant
Division on the Rocks,41.90410379985053,-87.63207990036705,bar
DMen Tap,41.93917280008469,-87.69973820015775,bar
Do-Rite Donuts & Chicken,41.8940165001614,-87.6216897000196,restaurant
Do-Rite Donuts & Chicken,41.94708660026646,-87.65487910009034,cafe
Do-Rite Donuts & Chicken,41.8978433996532,-87.62295750038828,fast_food
Do-Rite Donuts & Coffee,41.88460949982863,-87.62990609958678,cafe
Doc B’s Restaurant + Bar,41.90020839989779,-87.62521090016287,restaurant
Dollop Coffee Co.,41.88021980010376,-87.62960949957869,cafe
Dolly’s Delectables,41.68393820038767,-87.71083799977384,bakery
Dolo Restaurant and Bar,41.85255969997024,-87.63609490025942,restaurant
Don Pedro Carnitas,41.85784069978854,-87.65379859972558,restaurant
Don Churro,41.85902919973785,-87.66041939963554,bakery
Don Pan Bakery,41.79920960044274,-87.70399490004456,bakery
Dorian’s,41.91038360022304,-87.67659969971635,bar
Dorothy’s Can Do Cafe,41.97168830037481,-87.69011819989498,cafe
Doughnut Vault - Canal St.,41.88368570003507,-87.63952459978043,cafe
Dr J’s Place,41.89538300022531,-87.70815309988564,bar
Draft Bar,41.95186499957015,-87.83267300015882,bar
Dram Shop,41.937738199758144,-87.64449909985353,bar
Drawing Room,41.88175699958589,-87.62475999987407,bar
Driftwood,41.96162199985548,-87.65577750033134,bar
Drink and Ink,41.96300899996544,-87.65558629996775,bar
DropShot Coffee & Snack Bar,41.89860090041128,-87.63640879962634,cafe
Drunken Bean,41.88675409962207,-87.6168157999092,cafe
Duke of Perth,41.93527349977222,-87.64665160019115,bar
Durango Bakery,41.96851689963529,-87.71798190024447,bakery
Earls,41.90924390018591,-87.64753129992948,restaurant
East Balt,41.83642540021208,-87.67149290037702,bakery
Easy Bar,41.90349889965455,-87.67663819969312,bar
Easy Street,41.94921389980169,-87.7671138996867,bar
Eat Me Sweetheart Bakery,41.923224300261325,-87.80461210006831,bakery
Ecos Cafe,41.937685700035104,-87.65236920017838,cafe
Ed and Jean’s Tavern,41.91795980030457,-87.67897909990552,bar
Edge of Sweetness,41.99195190026006,-87.66071270003107,cafe
Linda’s Magic Brownies,41.93796530015851,-87.6441465997857,bakery
Linda Marino PhD,41.88009310001661,-87.62507679955462,doctors
Eight Bar and Patio,41.90213589975201,-87.62874979986333,bar
Einstein Bros. Bagels,41.975160500057086,-87.71043969993218,fast_food
El Churrito Rojas,41.8349785996827,-87.64592469976503,bakery
EL Ideas,41.862505100130306,-87.6868714998198,restaurant
El Llano Restaurant - Northcenter,41.95354549972507,-87.67798609997851,restaurant
El Milagro Tortilla,41.85531620028246,-87.6631018003078,bakery
El Nopal Bakery,41.84451139988124,-87.71640119965559,bakery
El Plan,41.80136250007939,-87.68806809996283,bar
Sabroso! Mexican Grill,41.89321850023367,-87.66750869956678,restaurant
El Rincon Del Sabor,41.92377369969654,-87.80185359966384,bakery
El Trigal Mexicana Bakery,41.961033100397344,-87.70617329995781,bakery
Electric Hotel,41.89344299979467,-87.63507559965916,nightclub
Eleven Eleven,41.88529209965071,-87.65507090030178,restaurant
Eli’s Cheesecake,41.95918969974491,-87.7945173000333,cafe
Elite Boba,41.855115000357046,-87.63214780008087,cafe
Elixir Lounge,41.94520650007996,-87.64962649996295,bar
Atelier Restaurant,41.969575300060114,-87.68860370020059,restaurant
Ella Elli,41.94512769968367,-87.66348759957305,restaurant
Ellie’s Cafe,41.69907170039869,-87.66882739976467,cafe
Rivers & Roads,41.998037400305805,-87.66277240022606,cafe
Emerald City Coffee,41.965524199582205,-87.66058530027135,cafe
Emerald Isle,42.00235620017855,-87.81578810014065,bar
Emporium - Logan Square,41.92427280004972,-87.69908319962991,bar
En Hakkore 2.0,41.908677900165,-87.6743560998541,restaurant
Azul,41.90313670039848,-87.65764119958163,restaurant
EuroAsia Restaurant,41.90038489994322,-87.63765910008738,restaurant
European Classic Bakery,41.98908519972224,-87.77646499995973,bakery
Eva’s Sports Bar,41.92363850011674,-87.80543649959475,bar
Evelyns Food Love,41.79355270019698,-87.62599920000304,cafe
F. O’Mahony’s,41.94941709981936,-87.64830140018944,bar
Fairgrounds Coffee and Tea,41.881759300051726,-87.62467139956539,cafe
Paradise Nails and Spa,41.9969416995998,-87.74875049983564,beauty_shop
Big Gay Sal's Pizza,41.94499469984555,-87.64923699998752,restaurant
Falcon Inn,41.79939459998087,-87.58618909984705,bar
Family Den,41.73201550011527,-87.5858009002913,bar
Famosa Bakery,41.79349249957926,-87.6931945000261,bakery
Farm Bar Lakeview,41.93635970004016,-87.66140740023133,restaurant
Farraguts,41.97741349963337,-87.66858180030982,bar
Fig & Olive,41.90091830043929,-87.62556030026758,restaurant
Fennel & Iris,41.939898599740616,-87.67075419994632,restaurant
Figo Wine Bar,41.940243399813085,-87.65397540014459,bar
Filonek’s,41.99425850032958,-87.7845399001962,bar
Finch Beer Co,41.88631889969753,-87.67212699976119,bar
Finley Dunnes Tavern,41.94474860036769,-87.67256600022068,bar
Fiore Delicatessen,41.893247200298106,-87.68414859997785,restaurant
Firehouse Bakery & Grill,41.758717799786666,-87.60694770007626,bakery
First Sip Cafe,41.97312870042924,-87.65722000030274,cafe
First Slice,41.961764299582796,-87.67344670000517,cafe
First Slice Pie Cafe,41.979701999947395,-87.66938390024677,cafe
Flamingo Bar & Grill,41.89207229989677,-87.61615899983792,bar
Flat Top Grill,41.88117410040445,-87.62637980028751,restaurant
Flo,41.89633729962674,-87.66386569974219,restaurant
Flo & Santos,41.86538700011005,-87.62637559955425,restaurant
Floriole Cafe & Bakery,41.921755299967174,-87.65918249997236,cafe
Al Halal Zaiqa,41.91090810012878,-87.64048560003039,restaurant
Forest View Bakery,41.998526299649086,-87.78935780042212,bakery
Hinoki Sushiko,41.91376160041756,-87.66402050004598,restaurant
Foundation Room,41.888158099616646,-87.62890210005185,bar
Four Shadows,41.932281299742215,-87.66873709973731,bar
Adda Indian Cuisine,41.86950479970682,-87.66185209969461,restaurant
Franco’s Ristorante,41.83837859999244,-87.63436529981868,restaurant
Frank and Mary’s Tavern,41.93427620018656,-87.6905784000731,bar
Frasca Pizzeria and Wine Bar,41.94313749999566,-87.67142320022049,restaurant
Fresh Farms International Market,41.99776130034377,-87.69573100008557,bakery
Friar Tuck,41.93681749992771,-87.64456889983484,bar
Frida Room,41.85803049990767,-87.66342520011284,restaurant
Friends Ramen,41.897045500449565,-87.62835950039062,restaurant
Frietkoten Belgian Fries & Beer,41.88416940039758,-87.64100819966865,restaurant
Front Bar,41.912876600075094,-87.64852959956136,bar
Fritzy’s Tavern,41.994291199679196,-87.67049829965674,bar
Fudy T’s,42.008055499861484,-87.66651809993033,bar
PB&J,41.88591570034936,-87.64961069977392,restaurant
Fusion Poke,41.89808749993824,-87.62328800034089,cafe
Galway Bay,41.93321059978939,-87.64162079986,bar
Gamblers,41.97035990008936,-87.72834389965124,bar
Game Room,41.881601799983116,-87.62483520028422,bar
Gayle V’s Best Ever Grilled Cheese,41.88395879985876,-87.62841340035811,bakery
GBD Cakes and Sweets,41.91871909970672,-87.6871669001323,bakery
Geja’s Cafe,41.91859300036674,-87.63800769979548,restaurant
Gemini,41.9199929003521,-87.64086870043013,restaurant
George Street Pub,41.93440710010765,-87.6492749001165,bar
Geraldine’s,41.967833000292785,-87.68784820043408,cafe
Gigi’s Kitchen,41.9179762003414,-87.67738109995776,bar
Giordano's Pizzeria,41.885081300361776,-87.62363180036726,restaurant
Giordano's Pizzeria,41.8918167998055,-87.60953219965126,restaurant
Give Me Some Sugah,41.76639669974793,-87.57012259997799,bakery
Glass & Cup Coffee And Wine Bar,41.891619299691,-87.62082790038727,cafe
Global Grounds Cafe,41.835240199875386,-87.62581730042803,cafe
Go 4 Food,41.85109259994357,-87.63259210024518,restaurant
Go Tavern and Liquors,41.91723029993847,-87.70785129999746,bar
Goddess and Grocer,41.911926899806645,-87.67727489991665,cafe
Goddess and Grocer,41.89882320023054,-87.6427439002108,bakery
Goddess And The Baker,41.88667580014811,-87.63223479959629,cafe
Gogi,41.99513500028007,-87.69999809973245,restaurant
Golden Apple Cafe & Bakery,41.84879779987864,-87.63175379989792,bakery
Golden Dragon Fortune Cookies,41.85027889965153,-87.63942210044956,bakery
Goldie’s Pub,41.95158760008775,-87.67675140005701,bar
Goose Island Shrimp House Chicago,41.9034150001022,-87.65298900034207,fast_food
nan,41.968717399888135,-87.69599649973861,restaurant
Gordo’s,41.99475220025391,-87.65946699960233,cafe
Gorski’s Bakery,41.932390099723364,-87.76604060019349,bakery
Grand Mongolian Hot Pot,41.935152899786544,-87.64447869963226,restaurant
Great Central Brewing Company,41.88585420021121,-87.6712617997922,bar
Great Sea Chinese Restaurant,41.968600800086904,-87.71070640018019,restaurant
Grecias Bakery,41.80123350042578,-87.690911900164,bakery
Green Garden Cafe,41.86922230016904,-87.71341209958871,cafe
Green Tomato Cafe,41.85358139996168,-87.71901750015746,cafe
Greenlight Korean Pub & Karaoke,41.990225700155975,-87.69293570032227,bar
nan,41.94732360040388,-87.66176040032218,restaurant
Cafe ZoZo,41.97212000013798,-87.69116659985866,cafe
Guadalajara Bakery,41.91745609991915,-87.72725429994597,bakery
Guatelinda Bakery,41.931912799835914,-87.70694099992716,bakery
El Greco's Burritos,41.87962409997226,-87.62679739958031,restaurant
Volumes Bookcafe,41.90687730004743,-87.67174529960585,cafe
Birrieria y Taqueria El Arandas,41.808347799711214,-87.67573840010704,restaurant
Fruteria Favela,41.80659269989326,-87.67203490019045,greengrocer
Wingstop,41.92510929995427,-87.66055419991636,fast_food
Half Shell,41.93299830043128,-87.64655760035293,restaurant
Hangovers Sports Bar and Liquor Store,41.94547499987141,-87.72755180017538,bar
Happy Cake Bakery,41.931024700429646,-87.77322769959864,bakery
Harper Cafe,41.78797809960969,-87.59927040000889,cafe
Harrigan’s,41.93329159992743,-87.64927130013035,bar
Harry Caray’s Tavern,41.89185169979618,-87.60967040026873,restaurant
Harry’s Cafe,41.89659799959804,-87.618129300227,cafe
Haven Lounge,41.906157899967184,-87.67052129981812,cafe
Hearth and Crust,41.954105100170295,-87.7183010003908,bar
Hawkeye’s Bar & Grill,41.86948760017265,-87.66393249958514,bar
The Chicago Teachers’ Lounge & Eatery,41.90274260039075,-87.69048059969987,restaurant
Healthy and Simple,41.89655519996256,-87.66707100042629,cafe
Healthy Smoothies & Nutrition,41.96141950040965,-87.71210599979202,cafe
Heatlhy Choice Bakery,41.84986619986529,-87.70115250008774,bakery
Heineken Pub97,41.94763859964172,-87.69585040037566,pub
Hellas Fillas,41.94409860007039,-87.72763890041489,bakery
Hellas Pastry Shop,41.968449400119766,-87.69484849985832,bakery
Hendrickx Belgian Bread Crafter,41.900287700317165,-87.6250730997437,cafe
Herb N’ Kitchen,41.87248359983829,-87.62479580008608,cafe
Heritage Bicycles General Store,41.93576230019005,-87.66284969965386,cafe
Heritage Cafe,41.751395099704155,-87.57896250041904,cafe
Heritage Restaurant and Caviar Bar,41.895948400398424,-87.69440800022898,restaurant
Hermosa,41.91724589957863,-87.73614560023924,bakery
HERO Coffee Bar,41.87590069985748,-87.6290752995854,cafe
HERO Coffee Bar,41.895837999624064,-87.66939820036663,cafe
HERO Coffee Bar,41.935842900129785,-87.63979699993155,cafe
Hilary’s Cookies,41.97126939976306,-87.68994789977569,bakery
High Dive,41.8961862998579,-87.67619209998537,bar
Himalayan Restaurant,41.87408569979527,-87.62622170037116,restaurant
Holloway’s Bar,41.88964330029813,-87.62983840042182,bar
Hom Mali Thai and Sushi on North Ave,41.91088049993516,-87.63933639955513,restaurant
Homer’s,41.81190599976213,-87.66110899978048,bar
Homestead on the Roof,41.89627490016659,-87.67565339978455,restaurant
Hong Xuong Bakery,41.97313180039231,-87.65931149962597,bakery
The Tonk,41.85783900006987,-87.65665009992216,restaurant
Hook and Ladder,41.92334750018705,-87.64605029998131,bar
Hopewell Brewing Company,41.93122059975093,-87.71138909982704,bar
Moonflower,41.96043149981392,-87.75410539964446,bar
Studebaker Theater,41.87635889994334,-87.62457729990246,theatre
Hot Doug’s Wrigley Field,41.94887090017198,-87.65457020005465,fast_food
Hot Shots Cafe,41.90424780019589,-87.66831739962828,cafe
Howl at the Moon Chicago,41.89024849996838,-87.62914449971885,nightclub
Huck Finn Restaurant,41.83190040018337,-87.67582889978388,restaurant
Sakura Karaoke Bar,41.853146200037145,-87.63315970015998,bar
Sal’s Trattoria,41.93350759999578,-87.66388559994044,restaurant
Salaam Restaurant and Bakery,41.750891400217995,-87.64185949971608,bakery
Salgado’s Bakery,41.96096219964585,-87.71050510043,bakery
Salgado's Bakery,41.96694339991802,-87.7137752997902,bakery
Sam & George’s,41.936251200432594,-87.66418239959802,restaurant
Same Day Cafe,41.92987869974223,-87.70722429986154,restaurant
Sapori Trattoria,41.93165789959244,-87.64854470007782,restaurant
AT&T,41.99456690034225,-87.69028830036473,mobile_phone_shop
Sauce And Bread Kitchen,41.99756349985569,-87.67074930043981,restaurant
Savanna Restaurant,41.95639580022606,-87.67993030024314,cafe
Savemore Liquors,41.95568510018728,-87.68013920016392,bar
Sawada Coffee,41.883656699597054,-87.64875650031217,cafe
Lululemon,41.91096450021155,-87.652870100075,clothes
Schwa,41.90894110025164,-87.66794960029381,restaurant
The Hyde,41.80148400028645,-87.58893389997945,bar
Schweet Cheesecake,41.89477249995099,-87.75274920041522,bakery
Nic’s Organic Fast Food,41.88529089995512,-87.63283459973695,restaurant
Sean’s Rhino Bar & Grill,41.705467999848395,-87.68197110028603,bar
Señor Pan Café,41.93132090023943,-87.75379069988088,cafe
Hugo’s Frog Bar & Fish House,41.90116310039684,-87.6279773002122,restaurant
Hungry Brain,41.93932479989962,-87.68643339958169,bar
Shakers On Clark,41.939228799969214,-87.6502845995546,bar
I Due Mondi,41.9296844003149,-87.80615949966113,cafe
Shamrock Club,41.88928889996282,-87.63457529961033,bar
Sheffield’s Wine & Beer Garden,41.941590700250686,-87.65451079983353,bar
Iguana Café,41.89180969965798,-87.6474343997777,cafe
Sherwood Room,41.917165699837255,-87.7447667999478,bakery
Il Giardino Del Dolce,41.93242289979702,-87.8063805997848,bakery
Shinnick’s Pub,41.82543520007448,-87.64390710043233,bar
Side Street Saloon,41.934369500352204,-87.66590320017252,bar
Sidekicks,41.96099370019914,-87.73943330040646,bar
Sidetrack,41.943270700382584,-87.64923540009363,bar
Illinois Bar & Grill On 47th,41.80762259990314,-87.72740610011141,bar
Impallaria Bakery & Deli,41.84018380014231,-87.6418165004311,bakery
Stay & Play Board Game Cafe,41.953901800327856,-87.72657010022988,cafe
Infield’s,41.88390039968374,-87.6274021001268,bar
Ideal Pastry,41.967232499580234,-87.75978589989933,bakery
Infuse Coffee and Tea Bar,41.88861829979476,-87.6372734995723,cafe
Silli Kori,41.902949500219336,-87.67937849961805,restaurant
Silvana Bar,42.00998980038901,-87.67455970007006,bar
Simple Delights,41.99509390036326,-87.71195840035983,bakery
Sip & Savor,41.85178379998246,-87.62335940021609,bakery
Sip & Savor,41.816818600398165,-87.61287739977212,cafe
Bueno Days,41.8517180001856,-87.69958099956347,cafe
Sip Coffee House & Garden,41.890880000311824,-87.65835339968959,cafe
Sip of Hope,41.924445700109004,-87.70391409955602,cafe
Six Penny Bit,41.96070980041702,-87.77229490028935,bar
Omakase Shoji,41.89580699999311,-87.66893740034072,restaurant
Xi'an Cuisine,41.87782609979473,-87.6467025000203,restaurant
Slippery Slope,41.92421370020213,-87.69896909994395,bar
Smakowski Bakery,41.93844100015207,-87.795025100428,bakery
Small Cheval - Wells,41.90704910023584,-87.6340860000688,fast_food
Small World Inn Bar & Grill,41.702602599730255,-87.54271549982042,bar
Smart Bar,41.94983539968399,-87.65890840010252,bar
Smoke Filled Room,41.74952750009413,-87.70708269980673,bar
Sol de Mexico,41.93581589978402,-87.74700660017442,restaurant
Somethin’ Sweet Donuts,41.92435719962509,-87.75431619983272,cafe
Soule to Soule,41.89575479974428,-87.67582579982076,restaurant
South Shore Inn,41.64798479965884,-87.54505869959928,bar
Southern Cut Cafe,41.88944539998528,-87.6288876002825,cafe
Southern France Patisserie,41.954214599823956,-87.66458199985937,bakery
Southshore Bakery,41.90235399973733,-87.7617936003943,bakery
Sovereign Liquors,41.99478610019844,-87.66064650003591,bar
Park West,41.91853260009947,-87.63736769995933,bar
Pars Cove Restaurant,41.932596600252964,-87.64085450013505,restaurant
Parlay,41.89025770003286,-87.63180459990235,bar
Parson’s Chicken & Fish,41.926639199639396,-87.64851540016554,bar
Pastel! Cakes and More,41.805501699943534,-87.7238891996268,cafe
Pastoral,41.88411319996425,-87.64101810030508,bakery
Food Flight,41.93332480019944,-87.65943830043716,restaurant
Paulie Gee's,41.92590700040779,-87.70174820021924,restaurant
Peacock Liquors,41.96138849987943,-87.70563829956785,bar
Peet's Coffee,41.892888399580045,-87.64149719973597,cafe
Intelligentsia Coffee,41.87804280043497,-87.62963499985534,cafe
Intelligentsia Roasting Works & Offices,41.887069699607025,-87.67406590032101,cafe
International Sandwich Shop,41.882443200293494,-87.63495880020844,bakery
INTERSECT,41.85753910044917,-87.66978780016683,cafe
The Ravenswood Tavern,41.96135750024848,-87.67558989955421,bar
Spacca Napoli,41.963201599674164,-87.67372780019781,restaurant
Sparrow,41.903372300291494,-87.62906170003737,bar
Spinning J,41.89940820022832,-87.69697569956884,cafe
Spiteful Brewing,41.97986679981301,-87.6806858000096,bar
Spoken Cafe,41.961643300298135,-87.6750232996855,cafe
Sputnik Coffee Company,41.80667639979606,-87.6903059000972,cafe
Spyners Pub,41.96563289973858,-87.68851579956447,bar
St. Joseph’s Hospital - Lake Shore Cafe,41.93413329971207,-87.63734119963664,cafe
Stan’s Corner & Helen’s Kitchen,41.795573699866395,-87.76512980010017,bar
Stan's Donuts & Coffee,41.88512650028781,-87.65916099988021,cafe
Stan's Donuts & Coffee,41.89188979957464,-87.62324130034568,cafe
Stan's Donuts & Coffee,41.88548720037403,-87.62423010043875,cafe
Stan's Donuts & Coffee,41.89406039966775,-87.62051429959519,cafe
Penumbra Restaurant & Wine Bar,41.92443669969401,-87.71090140017941,restaurant
Pequod’s Pizzeria,41.92195359957901,-87.66434020004016,restaurant
Pete’s Fresh Market,41.85329409984291,-87.68933879974577,bakery
Ph.D Pub,41.86554259991112,-87.64671039966515,bar
Phlour Bakery & Cafe,41.98379270027294,-87.65957390021526,cafe
Pho Cafe,41.85312670003725,-87.63306690001741,restaurant
Pide Ve Lahmacun,41.95444640008134,-87.6746233999499,cafe
Pierre’s Bakery,41.89617049966887,-87.67683269966932,bakery
Pilates + Coffee,41.943453099980616,-87.68273890008015,cafe
Pipeworks Brewing,41.91832649976823,-87.72528460030401,bar
Pizzeria Bebu,41.909063800154286,-87.6508302002535,restaurant
Poke Poké,41.88036789955896,-87.62636600019073,restaurant
Pompei,41.86911560010492,-87.6655364998096,restaurant
Poppie’s Bakeshop,41.832177699841054,-87.6917198996536,bakery
Poppin Dough,41.72110389982515,-87.65437989991244,cafe
Porto’s Peri Peri,41.869095000234154,-87.66246939974297,restaurant
Potbelly,41.89116399991872,-87.63140809960407,fast_food
President’s Lounge,41.758344299649764,-87.6082471997484,bar
Printer’s Row Coffee,41.92707929996976,-87.65125410019652,cafe
Punch House,41.8578025001853,-87.65739460008069,bar
Racine Plumbing Bar & Grill,41.92986350030037,-87.65528619979824,bar
Ciccio Mio,41.88927860002741,-87.63522849969547,restaurant
"Raised, an Urban Rooftop Bar",41.88633290034312,-87.62835069962506,restaurant
Raisu Japanese Fine Dining,41.954248700317294,-87.70284420039951,restaurant
Ramen Wasabi,41.91958479969878,-87.69159950021674,restaurant
RAMEN-SAN,41.88969520017338,-87.63001829990458,restaurant
RAMEN-SAN,41.89453799992879,-87.62319970040579,restaurant
Rapha - Chicago,41.91280029979407,-87.67770120015024,cafe
Razpachos Neveria,41.79099880005464,-87.72279680033205,cafe
RealGood River North,41.89492590001032,-87.63394909987102,cafe
Red Eyes Coffee,41.9575578996774,-87.68143890038493,cafe
Red Ribbon,41.97330390005499,-87.7455934001153,cafe
Red Ribbon,41.97330390005499,-87.7455934001153,bakery
Red Square Cafe And Lounge,41.90353069968211,-87.67549789980819,cafe
Reggie’s Trainwreck Rooftop Deck,41.85390710023256,-87.62681519986154,bar
Standing Passengers,41.89631690030478,-87.66471720033849,cafe
Stanley’s,41.815994100147634,-87.66558050004,bar
Star Lounge Coffee Bar,41.89557190012317,-87.6901817999501,cafe
The Red Lion Pub,41.9263244000511,-87.65045880003356,bar
Spoken Word Cafe,41.80955280042144,-87.61599329975093,cafe
The Red Star Bar,41.891596900276795,-87.62082500007364,bar
SoJu BBQ,41.88030500007574,-87.66699210020522,restaurant
Sofi Restaurant,41.87387090032183,-87.6294660999805,restaurant
Sluggers World Class Sports Bar,41.94656959980722,-87.65633480031073,bar
Sloppy Joes Dive Inn Spirits & Music,41.792864000273426,-87.73512040008637,bar
Salsa Picante,41.89896940031764,-87.68669749988965,restaurant
Roanoke Restaurant,41.88172800004719,-87.63208489969833,bar
The Reservoir,41.96192579983585,-87.65171380035156,bar
The Revel Room,41.90981839969942,-87.6771282996313,bar
The Reveler,41.943522300114125,-87.67832310023084,bar
nan,41.965373600011674,-87.67559980019058,restaurant
Dicey's Pizza & Beer Tavern,41.89562560044118,-87.67996620027986,restaurant
Rica Arepa,41.91685989976463,-87.73370710020248,restaurant
The Rosebud,41.869478900131185,-87.66429569978669,restaurant
The Royal Grocer & Co,41.92013699962291,-87.67793630002018,restaurant
Ridman’s Coffee,41.968783400233804,-87.66764020023504,cafe
Ritual Coffeehouse,41.95400540042891,-87.67523879973078,cafe
ROOF on theWit,41.88608400037634,-87.62763579975234,bar
Riva Crabhouse,41.89178239983795,-87.60945109968844,cafe
Rooks Corner,41.87374999996257,-87.66610199980738,bar
River Shannon,41.91814870020238,-87.6398708000973,bar
Rivers,41.881263699859915,-87.6378366001789,restaurant
Room 13,41.9406511002681,-87.65438650003694,bar
Rooster’s Place,41.89204209976316,-87.70669000004341,bar
Rizzo’s Bar & Inn,41.948637400195935,-87.65792429986652,bar
Rootstock Wine & Beer Bar,41.89904419963017,-87.69695060038987,bar
Roanoke Restaurant,41.88185339971466,-87.63179239969946,restaurant
Roscoe Village Pub,41.94662969970091,-87.68323560014278,bar
Reggies Music Joint,41.85399290005233,-87.62678470025367,bar
Rose’s Lounge,41.93012000043774,-87.65563600010131,bar
Rosy’s Bakery,41.84431730010334,-87.70650949981354,bakery
Roti Modern Mediterranean,41.88297259970574,-87.62909660002805,restaurant
Renaissance Bronzeville,41.809931100240135,-87.61611069994882,bar
Royal Cafe,41.973744100210126,-87.69208839955996,cafe
Royal Coffee,42.00534390000104,-87.66133589963204,cafe
Ruby’s Fast Food,41.9612493999399,-87.7221138003116,restaurant
Rucker Cigar Lounge,41.67784560019436,-87.67129810002723,bar
Rudy’s Bakery,41.94348590005427,-87.68001309992457,bakery
RYUU Asian BBQ & Sushi,41.93139979956118,-87.71145119981298,restaurant
SABA Italian Bar + Kitchen,41.93066269992369,-87.70966889999971,restaurant
Peet's Coffee,41.881826099894624,-87.63285680040099,cafe
Sabroso! Mexican Grill,41.89890239992587,-87.67664989987293,restaurant
Saint Anna Bakery & Cafe,41.8535382001279,-87.63440970024743,bakery
Starfruit Cafe,41.9030060999516,-87.67168009965684,cafe
Steffens Cafe & Bakery,41.88388150043096,-87.63953389966969,bakery
Stella Barra Pizzeria,41.91762170018137,-87.64877860025217,restaurant
Stella’s Sports Bar,41.898625200092965,-87.68661050037423,bar
Stereo Nightclub,41.93151269955149,-87.76698680030057,nightclub
Steve’s Sports Bar & Lounge,41.91023809980851,-87.71515969996017,bar
Stewarts Private Blend Coffee,41.928556799756564,-87.73027649956077,cafe
Stix n Brix Wood Fired Pizza,41.83474520043069,-87.6325775995765,restaurant
Stock and Ledger Kitchen & Spirits,41.882233199602524,-87.63032660009247,bar
Stocks and Blondes,41.882940000180895,-87.63405980011964,bar
Stretch Bar & Grill,41.945785300151556,-87.65508520042164,bar
Sully’s House,41.908689299971286,-87.64913980036147,bar
Sumo Sushi and Hibachi,41.935962000046345,-87.64442419981691,restaurant
Sunlight Cafe,41.85263960023741,-87.63319639969404,bakery
Sunny’s Bar & Grill,41.87491270016102,-87.63992560028618,cafe
Sunnyday Tap,41.97082430010141,-87.7440370999322,bar
Sushi Taku,41.90345149998677,-87.6751445004183,restaurant
Sutherland’s Food & Spirits,41.953027299570294,-87.76171010014099,bar
Sweet Delights,41.89904090001755,-87.66710459999723,bakery
Swadesi Cafe,41.87714769980653,-87.64279439984165,cafe
The Scout Waterhouse + Kitchen,41.86565160044108,-87.62548459983435,bar
Sochi Saigonese Kitchen,41.94005440009056,-87.6634139999561,restaurant
The Spice Room,41.91764520036577,-87.69976240001472,restaurant
The Spoke & Bird Bakehouse,41.858116600101084,-87.6583805996849,bakery
Orleans St & Hubbard St,41.89001640023673,-87.63664419986986,bicycle_rental
Fairbanks Ct & Superior St,41.89576359961046,-87.62007899984593,bicycle_rental
Canal St & Jackson Blvd,41.878103199802865,-87.63996210017075,bicycle_rental
The Stockyard Coffeehouse,41.82727430016888,-87.64100359963635,cafe
The Store,41.91837550022922,-87.64873460002173,bar
The Tankard,41.91127650021036,-87.67846969961693,restaurant
The Twisted Shamrock,41.77453110003029,-87.76174259984106,bar
Chicago Private Car Service,41.99708610014346,-87.76164120038106,car_rental
Sweet Honey Tea,41.75618279979642,-87.738631400119,cafe
Sweet Mandy B’s,41.92178790039134,-87.65866520003891,bakery
Sweet Pepper Venezuelan Food Bar,41.968804299578835,-87.69419539959796,restaurant
Sweet Ride,41.8878173995534,-87.68265260023725,bakery
Sweet Tooth Cafe,41.89713629960062,-87.63742900044798,restaurant
Sweet Virginia’s Kitchen,41.97582380042809,-87.67898670007611,restaurant
Sweet World Pastry,41.98050710002269,-87.77253660028384,bakery
Swirlz Cupcakes,41.92350910026482,-87.64669170006187,bakery
T & A Too,41.957340799738176,-87.71578319993472,bar
T Opera Cafe,41.83064160022974,-87.67513700007248,cafe
"Table, Donkey and Stick",41.917692400384,-87.69589799969287,restaurant
Tacotlan,41.92458809966115,-87.73469059969136,restaurant
Tahoora Sweets & Bakery,41.99750320031251,-87.68928150034094,bakery
Takito Kitchen,41.903025900325076,-87.67782109956408,restaurant
Taipei Cafe,41.84496449991178,-87.64613769969503,restaurant
Tanaka Ramen,41.932653899657794,-87.64329879989964,restaurant
Tango Sur,41.950763800409106,-87.66392400009249,restaurant
Phở Xe Tăng (Tank Noodle),41.97313009977432,-87.6595523002984,restaurant
Tannourine Bakery,41.968697600413975,-87.70866219980064,bakery
Tanos Bakery,41.954177799565855,-87.70881759995223,bakery
Tapas Valencia,41.86106889990987,-87.62791270011098,restaurant
Tapster Lincoln Park,41.928722599668276,-87.65587710024795,bar
Taqueria El Heredero,41.917548499863415,-87.70796939986786,restaurant
Tortilleria El Milagro,41.84480820043814,-87.7021595995858,bakery
Taqueria Los Comales 3,41.85797590026766,-87.66558589956958,restaurant
Taste of Peru,42.00138270025144,-87.67134129986107,restaurant
Taste222,41.88639310006158,-87.64015789966732,restaurant
Tasty Place,41.85071439994965,-87.63212350039919,bakery
Tavern at the Park,41.885044799577884,-87.62315060012008,bar
Taylor Street Tap,41.869477099688424,-87.66147970032785,bar
Taza Bakery,41.99772440026089,-87.7071919998109,bakery
Te’amo Boba Bar,41.79487849964312,-87.59897990010228,cafe
Tea’se Tea Shoppe,41.952915299801305,-87.77160720041195,cafe
Ted’s Place,41.87987919986523,-87.77037759964645,bar
Teddy Bear Lounge,41.94497870000703,-87.727095500357,bar
Tempesta Market,41.89126679962317,-87.66182379982848,restaurant
Temporis,41.8989063002856,-87.66702049989613,restaurant
Ten Cat Tavern,41.953421500302056,-87.66870190027242,bar
Terry’s Toffee,41.9178850999175,-87.65388550031554,bakery
The Annoyance Theatre and Bar,41.93972280026708,-87.65128140001656,bar
The Arrogant Frog Bar,41.925112200267904,-87.66305599963465,bar
The Avondale Coffee Club,41.939148299854196,-87.69763799989374,cafe
The Unforgettable Bar,41.953816499631785,-87.73291149966593,bar
Windy City Ribs & Whiskey,41.85265619992373,-87.62440840002762,restaurant
The VIG Chicago,41.909912299712914,-87.63448689985051,restaurant
The Warbler,41.96425950007591,-87.68537879969182,restaurant
The Warehouse Bar & Pizzeria Chicago,41.925042299562506,-87.66412300027622,bar
nan,41.95942350009449,-87.68225950027568,bar
The Windsor,41.89510530036938,-87.62296640007924,restaurant
"Tinker to Evers, Wrigleyville",41.94550069979749,-87.65479690025671,bar
Tiny Tavern,41.891239700351946,-87.60558720028905,bar
Tiztal Cafe,41.966222499768605,-87.66667459995278,restaurant
Tobacco Road Tap Room,41.923094600035824,-87.64512230035382,bar
Today’s Temptation,41.91527240030109,-87.778713299679,bakery
Tom Tom Tamale & Bakery Company,41.806765099929464,-87.69205689990599,bakery
Tom’s Tap,41.79193470022631,-87.78950220006647,bar
Toms Roasting Co,41.91088629966305,-87.67716309979716,cafe
The Bagelers Coffeehouse,41.92694339981807,-87.65045980007966,cafe
nan,41.793801000315966,-87.58492750030388,bakery
The BallPark Pub,41.82376880038987,-87.63931240024704,bar
THE BAR,41.886180500329885,-87.6210462998468,bar
The Bar at Hotel Zachary,41.94781420036509,-87.65723850025654,bar
The Barrel,41.85440990039666,-87.67573339987649,bar
The Barrelhouse Flat,41.92946880044485,-87.654732499805,restaurant
The Beaumont,41.918799199623436,-87.64884499989677,bar
The Beer Temple,41.93886370039951,-87.6972279000475,bar
The Beetle Bar and Grill,41.89595999985414,-87.69073209960669,bar
The Bento Box,41.91782869983467,-87.6843750996311,restaurant
The Berkshire Room,41.89220879989625,-87.62749659998804,bar
Tony’s Original Steak & Gyros,41.746021000269025,-87.60453709970733,bakery
Toons Bar & Grill,41.952405100015426,-87.66381589978391,bar
Toro Sushi,41.932147600231644,-87.64505620018343,restaurant
Torres Bakery,41.77881730037814,-87.70121319982928,bakery
Tous les Jours,41.853834800135985,-87.63384940012969,bakery
The Brewery,41.950350700424565,-87.80752489985423,bar
The Bristol,41.92105160025119,-87.67798710002461,restaurant
The Budlong Hot Chicken,41.91828660044632,-87.65381099957796,fast_food
The Bureau Bar,41.85998650017689,-87.62436069998625,bar
The Butcher’s Tap,41.9468004000185,-87.66375860037908,bar
The Cabin At Old Irving,41.955774499993254,-87.72787150016956,bar
The Capital Grille,41.89389440010655,-87.62250920003953,restaurant
The Chicago Diner,41.94402169994157,-87.64925010041179,restaurant
The Continental,41.89540450031751,-87.69684870000748,bar
The Corner Farmacy,41.88791860026322,-87.68258609986856,restaurant
The Cove Lounge,41.79536889995484,-87.58193270033382,bar
The Crab Pad,41.92741890016214,-87.70419619979475,restaurant
The Crepe Shop,41.93589389978371,-87.64441909976159,restaurant
Tripoli Tap,41.9178321999961,-87.65727149997969,bar
Tropikava,41.90269910018338,-87.67096740042513,cafe
Tryzub Ukrainian Kitchen,41.895544299929554,-87.68219990040507,restaurant
Elia,41.90338139963194,-87.67638679961107,restaurant
Tuman’s Tap and Grill,41.89555569973578,-87.6817911999039,bar
Turquoise Restaurant,41.94289739989512,-87.68267859963765,restaurant
Turtles Bar and Grill,41.834686599706856,-87.63306170013732,bar
Tuscan Hen Market,41.95485969971543,-87.67851429969511,restaurant
Tutti Frutti Coffee Shop,41.938471899958245,-87.76115709982025,cafe
Tutto Fresco,41.93435530005712,-87.66816429994248,restaurant
La Victoria,41.92584259995607,-87.70167940028404,restaurant
Twisted Cantina,41.8586774002419,-87.66066380029412,bar
Twisted Spoke,41.891310100181045,-87.65856870008543,restaurant
Twisted Tap,41.93485519990759,-87.66155399961735,bar
Two Hearted Queen,41.94338120008234,-87.65924190019348,cafe
Two Zero Three,41.88588579968996,-87.62609670000268,bar
Umai,41.87234409970051,-87.63083040030267,restaurant
Uncle Mikes Sports Bar,41.9172825001873,-87.72706769961462,bar
University Of Illinois Hospital Cafeteria And Coffee Shop,41.86932609991965,-87.67052830014092,cafe
John J. Kelly DDS,41.99756790023844,-87.76264529974077,dentist
nan,41.99660360037592,-87.76377279957501,car_wash
Inspired,41.99747479972228,-87.76114009993563,clothes
Litehouse,41.79967529997515,-87.59240439994306,restaurant
Ireland’s Pub,42.00063169979319,-87.6598839999466,bar
Irene’s Bakery,41.94343109986539,-87.68002160031654,bakery
Iron Horse Ale House,41.993437000217455,-87.80133619990568,bar
Isabella Bakery,41.975928500400016,-87.67187060034792,bakery
Isla Pilipina,41.96829550003736,-87.69164050030878,restaurant
Ixcateco Grill,41.96133919994418,-87.7134361996209,restaurant
J & A Sports Bar,41.93136760023464,-87.76830780006486,bar
Jacaranda,41.84458079966424,-87.71525030036105,bar
J9 Wine Bar,41.91772959994114,-87.64830109981585,bar
Jack’s Place,41.857870499723845,-87.64275250042749,bar
Jacqueline Lounge,41.93067320040791,-87.80121400002605,bar
Jake’s Pub,41.935724499885794,-87.64756219973572,bar
JAM,41.93360219968184,-87.70715199976496,restaurant
Jarabe- Mexican Street Food,41.868889800124236,-87.68337019987479,restaurant
Good Night John Boy,41.884120599586026,-87.6501144001594,bar
The Dawson,41.891376800199225,-87.64732020026702,restaurant
The Delta,41.91040809955422,-87.67183790009898,restaurant
The Diag,41.93415799959206,-87.66391549970052,bar
The Empty Bottle,41.90048070022419,-87.68665289981146,bar
The Esquire Champagne Room,41.90091990033318,-87.62617419997929,bar
The Fat Shallot - Lincoln Park,41.92724190009369,-87.6417084999473,restaurant
The Fat Shallot - The Sterling Food Hall,41.87963809971859,-87.63054620014697,restaurant
The Field House,41.92709760027407,-87.6412308996862,restaurant
The Flat Iron,41.910068899560144,-87.67667819973911,bar
The Flower Flat,41.947882100078914,-87.64661689985002,restaurant
The Foodie’s Spot,41.76091359978284,-87.5866354001036,restaurant
The French Lunchbox,41.88423639988997,-87.64101350027278,restaurant
The Fudge Pot,41.910125500191725,-87.63499070006071,bakery
The Garage Bar & Sandwiches,41.99339800021761,-87.78456379967957,bar
The Glenwood,42.00837669992484,-87.66635640002778,bar
The Green Lady,41.94230729984207,-87.67073319987725,bar
The Green Room Tap,41.85773740006101,-87.65780989980698,bar
The Hangge-Uppe,41.903327899862745,-87.62925019973687,bar
Cook County Circuit Court Branches 23 & 29,41.91780340010689,-87.76511840029389,courthouse
The Hideout,41.913915700149516,-87.66263850016662,bar
The Hometavern,41.93314139965594,-87.65978709979476,bar
The Irish Nobleman,41.89329440031639,-87.66206320025645,bar
The Juice House,41.858162600423725,-87.65990819980357,cafe
The Junction,41.87867210013735,-87.63864089985759,bar
The Kedzie Inn,41.955938199988,-87.70832070024011,bar
The Lakefront Restaurant,41.92686470014587,-87.63042390044262,restaurant
The Land on Lincoln,41.93679919962341,-87.66497009959039,bar
Ghareeb Nawaz,41.924946099982606,-87.6482992004477,restaurant
The Little Pickle,41.924342600031025,-87.71969259963373,restaurant
The Living Room Bar W Chicago City Center,41.87972739969979,-87.63324559980452,bar
The Lobby,41.89602529962792,-87.62511600010328,bar
The Lodge Tavern,41.903763099787284,-87.62955229999864,bar
The Long Room,41.95451620006264,-87.66973450004713,bar
The Map Room,41.917591000024686,-87.6798154999853,bar
The Matchbox,41.89571119971214,-87.65484909960622,bar
The Native,41.92531900027171,-87.700854200361,bar
The Marq,41.87955310029537,-87.62991369975742,restaurant
The Moonlighter,41.91759960024143,-87.70739049997155,restaurant
Uptown Cafe & Gallery,41.97374500043145,-87.6551532997849,cafe
The Nest Bar & Eatery,41.95252510015331,-87.79852040009632,bar
Gracie O'Malleys,41.99751100013259,-87.6706957997713,bar
The Office,41.886511100107214,-87.65187259994048,restaurant
The Other Side Bar,41.92643489975086,-87.64125010021189,bar
The Owl,41.92722030017677,-87.70409059960144,bar
The Pasta Bowl,41.92635939986644,-87.64118619978325,restaurant
The Patio at Café Brauer,41.919082200083494,-87.63374610040216,cafe
The Peninsula Traditional Afternoon Tea,41.896010299835496,-87.62507190004811,cafe
The Pony Inn,41.93989339986058,-87.67019609957032,bar
The Priory Bar & Kitchen,41.9750479004403,-87.68951679986037,cafe
The Purple Tulip Cakery,41.97671299970523,-87.80685779984753,bakery
Uptown Phở,41.97344409986539,-87.6555498999079,restaurant
Ur Cafe,41.968580300040855,-87.70942679980692,cafe
Urban Icing,41.91718090017844,-87.67776669957351,bakery
Valerio's Tropical Bakeshop,41.972863000227335,-87.74594890032148,bakery
Chicago Sugar Daddy Patisserie,41.94136359985032,-87.64420120032509,restaurant
Vanille Patisserie,41.92050029964918,-87.63766310027182,bakery
Deep Purpl,41.800235400443455,-87.587943300343,fast_food
Varsity Club,41.9200991003932,-87.66263729957166,bar
Rewired Pizza Cafe & Bar,41.99020989996694,-87.65849260035321,restaurant
Veruca Chocolates,41.90616419971809,-87.64844679987988,bakery
Victory Tap Chicago,41.863520100172536,-87.62453159995334,bar
Village Inn,41.820676700069725,-87.64071600004331,bar
Village Tap,41.94298309989023,-87.68060060003762,bar
Vinnie’s Sub Shop,41.89122459983548,-87.65774090022234,fast_food
Vinny’s Pizza Bar,41.88430219968683,-87.64016099963038,bar
Volare Ristorante Italiano,41.891585399746475,-87.62252130041765,restaurant
VU Rooftop Bar,41.852657600168186,-87.62284609956782,bar
W XYZ Bar,41.891293100296366,-87.63081319986924,bar
Wagner’s Bakery,41.852324399551435,-87.68023200030655,bakery
Wang’s,41.94255640035766,-87.644306299596,bar
Avenue Tap and Kitchen,41.94357489966194,-87.67107280006962,bar
Watra Night Club,41.80617959990866,-87.72383459998679,bar
Weather Mark Tavern,41.86191850023863,-87.62355860004931,bar
Wellness Grub,41.8996885000243,-87.6249713000854,cafe
Werewolf Coffee Bar,41.91503459976701,-87.66406229963536,cafe
West 55th Street,41.79289659979827,-87.72823480019582,bar
West Town Bakery,41.89224979998835,-87.62749490026937,cafe
West Indies Bakery,41.75106909995907,-87.60360559991847,bakery
Whale Tale,41.922025299827794,-87.66450859989192,bar
Cubaneo,41.9349666996535,-87.64406459960156,bar
Whirlaway Lounge,41.92486779960933,-87.70852590034997,bar
Whiskey Business,41.906771100006324,-87.67154080006782,bar
Wiklanski’s Bakery,41.938708499897416,-87.7766024001806,bakery
Wild Blossom Meadery & Winery,41.72966289972311,-87.6672066002044,bar
Wildfire,41.893812100448145,-87.63350410003414,restaurant
Willow Room,41.913976499715716,-87.64864389979613,restaurant
Windy City Playhouse,41.95421490019754,-87.70382600016973,bar
Winfar Foods,41.820821400087596,-87.72789670007262,bakery
Winners Sports Bar & Grill,41.88039809969263,-87.77246349979066,bar
Wishbone,41.88512329960065,-87.64234129981111,restaurant
Salon Lofts West Lakeview,41.941650300121296,-87.67030300018325,hairdresser
Wolcott Tap,41.961640099610975,-87.67582229965939,bar
Wood,41.94282869978474,-87.64920469993689,restaurant
Workwell Food and Beverage,41.852776999558955,-87.65266409956848,cafe
World Fresh Market,41.99792469996498,-87.69154500040139,bakery
Xavier Players Club,41.812215299996126,-87.68476389993401,bar
XO Marshmallow,42.008918699738274,-87.66174539963043,cafe
XOchimilco Mexican Restaurant,41.9615448002524,-87.68031510036155,restaurant
Xurro,41.85747360012658,-87.66926650004888,cafe
Xurro,41.85169519967377,-87.67357680042898,bakery
Elevate Coffee,41.94318389961734,-87.64965379978298,cafe
Yellow Rose Cafe,41.98380779989009,-87.76630359973132,cafe
Yo Yo Food Mfg,41.94462619993925,-87.71219539959799,bakery
Yolk Test Kitchen - Bucktown,41.91368880029796,-87.68203430014279,restaurant
Yummy Yummy Noodles,41.84993659969439,-87.63240199975246,restaurant
Yvolina’s Tamales,41.85823129963484,-87.64727290042396,restaurant
Z Bar,41.89599480002005,-87.62511290014021,bar
Zakopane,41.903462700143564,-87.67134680011469,bar
Zaytune Mediterranean Grill,41.83704139984076,-87.65099119958415,restaurant
Zebra Lounge,41.90453000025934,-87.62915600024917,bar
Zero Degrees,41.84890340007189,-87.63871999972815,fast_food
Zombie Taco,41.891863300151215,-87.63310580019248,restaurant
Zorba’s Pastry Shop,41.937110400124936,-87.76620850002223,bakery
Le Paris Bakery,41.79402520040276,-87.72368560031015,bakery
Le Piano,42.0087285003201,-87.66634490039678,bar
Leaf and Bean Cafe,41.872812400072235,-87.67030960030775,cafe
Lebnan Sweets,41.96582829993616,-87.70875189998014,bakery
LeFlour Cafe & Bakery,42.002361400058646,-87.81697469982248,cafe
LG’s Bar,41.90985600035418,-87.63422500018356,bar
Lighthouse Tavern,42.014179599708825,-87.66376020027297,bar
Life Spring Health Foods & Juice Bar,41.939769600087004,-87.65077809982938,cafe
Lincoln Tap Room,41.936340600238566,-87.66436570031681,bar
Little Branch Cafe,41.86613129971977,-87.62139009987317,cafe
Jazzman’s Cafe,41.89545609981923,-87.61977600026216,cafe
Java & Mug Cafe,41.982934499727435,-87.71074259969117,cafe
Jean’s Cafe,41.694999099828635,-87.66164490039182,cafe
Jessica’s Bakery,41.76545959988067,-87.72211509983197,bakery
JIAN,41.884167699779596,-87.64104230016198,restaurant
Jibarito’s on Harlem,41.940453799803095,-87.8065293998119,restaurant
Jimmy Jamm Sweet Potato Pies,41.721375200105456,-87.66936519974416,bakery
Stan's Donuts & Coffee,41.89650070014727,-87.62571869965825,cafe
Joe & The Juice,41.89927850000282,-87.62787060014801,cafe
Joe & The Juice,41.88975029983652,-87.63483760037491,cafe
Joe & The Juice,41.895058300000585,-87.62778330025907,cafe
Joe’s Coffee,41.89735340043916,-87.63301710005908,cafe
Joe’s On Broadway,41.947222899717076,-87.64701879967782,bar
Joe’s On Weed St,41.91011150044545,-87.6521126002163,bar
Jovial Club,41.72042699990618,-87.55079729965564,bar
Joy Cafe,41.838363500375294,-87.633944400014,cafe
Joy Yee Noodle,41.85407409983986,-87.63387550025408,restaurant
JuiceRx,41.91612690013636,-87.67780080006685,restaurant
Juno,41.92971179995965,-87.65523730006129,restaurant
K-suerte Cookies & Cards,41.862483900411746,-87.6868950000042,bakery
Kabobi Persian & Mediterranean Restaurant,41.96861310011451,-87.70952999970967,restaurant
Kai Zan,41.89553550006332,-87.69155600000937,restaurant
Kai Sushi,41.86614919982577,-87.62688230007802,restaurant
Kamehachi,41.910071500399454,-87.63447490019644,restaurant
Kanela Breakfast Club,41.98031889979745,-87.66798410008613,cafe
Kanela Breakfast Club,41.90737290023918,-87.673180700329,cafe
Kanela Breakfast Club,41.9028803999106,-87.68084509962159,cafe
Karolinka Club,41.78152959991115,-87.76208549964605,cafe
Katherine Anne Confections,41.917346500440715,-87.69650990021171,cafe
Kazik Bakery,41.98688379964767,-87.77835940026608,bakery
Keenan O’Reilly’s,41.95300049977328,-87.66930209971207,bar
Ben's Grill,41.8903497996036,-87.6770520002496,restaurant
Kerelys Cuban Cafe & Pizzeria,41.934597199701045,-87.71682670039189,cafe
"Kibbitznest Books, Brews & Blarney",41.921875099556246,-87.66527100015651,bar
Dearly Beloved,41.899302600035014,-87.63612229990417,restaurant
Kimchi Pop,41.89911839999422,-87.66697599964266,restaurant
King Crab House,41.914366800087805,-87.64856400042822,restaurant
Kings Dining & Entertainment - Chicago Lincoln Park,41.90822969964097,-87.64661730004832,restaurant
Kite String Cantina,41.94674490015706,-87.6759528002815,bar
nan,41.95853830010253,-87.68158720038895,restaurant
nan,41.97758789976183,-87.90293629957051,toilet
Kitty O’Shea’s,41.8720909998998,-87.62447500022103,bar
Kizuki Ramen & Izakaya,41.90942119972863,-87.64783109972541,restaurant
Kolatek’s Bakery & Deli,41.92485930011668,-87.80596920041825,bakery
Komorebi Sushi,41.905667100356425,-87.67039569960184,restaurant
Kopi Travelers Cafe,41.97860380002538,-87.66815280031147,cafe
Kristoffer’s Cakes,41.83031270017102,-87.66932280030693,bakery
Kubo Chicago,41.939979300404445,-87.66033609993104,restaurant
Kung Fu Tea,41.85434780041072,-87.63283640017971,cafe
L’ Patron Tacos,41.92436339955128,-87.72136460029606,restaurant
Kyoto Black,41.99195059984038,-87.66068419961607,cafe
L Cafecito Jumping Bean,41.85466739968081,-87.67609839962142,cafe
L.A. Burdick Handmade Chocolates,41.89278319958504,-87.62789920038773,cafe
Kong Dog,41.86950410003425,-87.66270510036003,fast_food
La Baguette Bakery,41.84419079966574,-87.7032722003517,bakery
La Baguette Bakery,41.8148779002949,-87.66458790031129,bakery
La Baguette Bakery,41.78645849985992,-87.70292940037149,bakery
La Baguette Bakery,41.96783520003453,-87.70808589984438,bakery
La Boulangerie,41.92775119965819,-87.70606600004584,restaurant
La Boulangerie & Co,41.96484219960786,-87.67851800040535,cafe
La Calavera Chicago,41.89635350001407,-87.66396319974183,restaurant
La Canasta Bakery,41.91705589981001,-87.7164301002689,bakery
La Capannina Coffee,41.94492139970288,-87.81615629967348,cafe
La Casa del Pan Bakery,41.96270629985588,-87.70863270023887,bakery
La Catedral Cafe & Restaurant,41.96449989965072,-87.68910800043386,cafe
La Central Bakery,41.808001799943156,-87.72706890020953,bakery
La Central Bakery,41.85206530037334,-87.6932582997307,bakery
La Central Bakery,41.80864160012982,-87.68550840009254,bakery
La Chiquita Bakery,41.778755900064766,-87.70764130020581,bakery
La Colombe Cafe at the Ritz Carlton,41.89778050016997,-87.62225119983299,cafe
La Colombe Coffee,41.90334799971049,-87.62848730034858,cafe
La Colombe Coffee,41.91830189971296,-87.65079230012452,cafe
La Crêperie,41.934045200325784,-87.6456833999689,restaurant
La Cueva,41.844050099832316,-87.72911059957448,bar
La Dulce Bakery,41.92370749970138,-87.77272590037995,bakery
Maxi Bakery,41.73694480026239,-87.55164480006744,bakery
La Fiesta Bakery,41.776011500130664,-87.72299669983778,bakery
La Florencia Bakery,41.70544379999143,-87.53506100026493,bakery
La France Bakery,41.79510979987742,-87.70326949968762,bakery
La Lena Restaurant,41.91016429964276,-87.7212799003471,bar
La Luna Bakery Panaderia,41.923990500161494,-87.75203900039952,bakery
La Nonna,41.94293940003331,-87.72014850015313,restaurant
Not Just Cookies Wholesale Bakery,41.905774900291476,-87.71193729956667,bakery
La Pâtisserie P,41.973410399570355,-87.65697509962109,bakery
Petit Margeaux,41.89976759989486,-87.62749330037548,cafe
Poopsies Pastry,41.69202379985853,-87.53464480031727,bakery
Chicago French Press,41.873599699866304,-87.65103629968547,cafe
Pret A Manger,41.878657700192775,-87.63897620039131,fast_food
Qing Xiang Yuan Dumplings,41.85519649961884,-87.63201049968478,restaurant
Little Bucharest Bistro,41.947973400152364,-87.71050820039312,restaurant
Little Joe’s Circle Lounge,41.869307299592265,-87.65277319992322,bar
Happy Lamb Hot Pot,41.85060269965493,-87.63215159971651,restaurant
Little Toasted,41.877572099772635,-87.63878530040125,bar
Lizard’s Liquid Lounge,41.95415769971811,-87.7054051997901,bar
Loafers,41.96874459988345,-87.69396739987559,bar
Longman & Eagle,41.930063299981384,-87.70724129974616,restaurant
Loop Tavern,41.89628150029108,-87.66782159978698,bar
Los Pekes Ice Cream & Coffee,41.77899500011921,-87.71709670025245,cafe
Lost Larson Bakery,41.97862549976708,-87.6684825996922,bakery
Lotus Banh Mi,41.87111430018484,-87.6743989003889,restaurant
Lou Malnati's Pizzeria,41.902599500266774,-87.62887380018572,restaurant
Loving Heart,41.96192860032471,-87.65152810024159,restaurant
Muse Spirits,41.9396983998613,-87.64421350035275,bar
Lowcountry South Loop,41.8682720000528,-87.62607779985052,restaurant
Lucky Charm Cafe,41.95395749983879,-87.71798810017066,cafe
Ludlow Liquors,41.93561200009378,-87.69751000028623,bar
Luna’s Bakery,41.786144099570606,-87.70194720040291,bakery
Lutz Cafe & Pastry Shop,41.96144079995298,-87.6909627999932,bakery
Little Bad Wolf,41.9833736000117,-87.66905009978223,restaurant
LuxBar,41.901781899615,-87.62758370022755,restaurant
LYFE Kitchen,41.897876099902135,-87.62806679984288,restaurant
M & A Bakery,41.96852730029474,-87.66857260024528,bakery
M Lounge,41.861362899977905,-87.62597579964341,bar
Machu Picchu Restaurant,41.95232319965601,-87.66928430033016,restaurant
MaddAnthonys Bar & Grill,41.80833930021856,-87.70837289958962,bar
Maderos Latin Grill & Bar,41.9545773998272,-87.67440350042119,bar
Madison Tavern,41.88230990008185,-87.64041789996605,bar
Maison Cuisine,41.88786819955783,-87.68252499992877,bakery
Maison Marcel,41.93820590028213,-87.64460689978858,cafe
Maison Parisienne,41.94202049974632,-87.65216919994856,restaurant
Maplewood Brewery & Distillery,41.93084460039802,-87.6911398000617,bar
Marchesa,41.891883999846755,-87.63381040012985,bar
Marge’s Still,41.91459179967188,-87.63894960024379,bar
Margeaux Brasserie,41.899725599756664,-87.62762079995991,restaurant
Mariano’s Fresh Market,41.92086850008127,-87.66911350018785,bakery
Mario & Sandra’s,41.82759019962805,-87.69500139989464,bar
Mariegold Bakery and Fast,41.98645920003213,-87.69962570036574,bakery
Mariposa,41.89600540032899,-87.62381910037112,restaurant
Mariscos La Costa,41.902511399981165,-87.6678564997776,restaurant
Marisol,41.89740099975637,-87.62145789976222,restaurant
Markellos Baking Company,41.96867100026651,-87.71665349995902,bakery
Market By The Blackstone,41.873361800406826,-87.62455670003163,cafe
Martin’s Corner,41.85147849993285,-87.67812939975198,bar
Martini Bar,41.89982480037429,-87.62262040031118,bar
Herban Produce,41.876082799981305,-87.69886849998124,garden_centre
Marz Community Brewing,41.827772699950174,-87.65951590023855,pub
Mather’s More Than a Cafe,41.93974850019316,-87.76623710026195,cafe
Mather’s More Than a Cafe,41.981135799877336,-87.80600899991538,cafe
Matisse Tavern & Grill,41.93305750010359,-87.64650420040846,bar
Max’s Place,41.965938699811204,-87.66672890011858,bar
Rare Tea Cellar,41.949104099774445,-87.6733569000009,cafe
MCCB Chicago,41.85389719959613,-87.6336899997936,restaurant
Replay - Andersonville,41.979737399961095,-87.66844290001978,bar
Rex Tavern,41.97058029964114,-87.76286379992439,bar
Hudson,41.97619490027449,-87.90514629986183,convenience
BMO,41.97666049998213,-87.90545820003587,atm
Wicker Park Seafood & Sushi Bar,41.97682880000917,-87.90605440019038,restaurant
CIBO Express Gourmet Market,41.97686550044256,-87.90581949996994,convenience
nan,41.97603649998456,-87.90407370004118,toilet
nan,41.97598789972187,-87.9041192003408,toilet
Rolled Around Bakery - Corporate,41.943915200426204,-87.64788980027402,bakery
Rory Lake’s Karaoke Dreams,41.916227500099126,-87.67377450019302,bar
Rush Bar & Lounge,41.89229850007575,-87.62463079967165,bar
Saint’s Alp Teahouse & Gourmet,41.85375539989184,-87.63464260037568,cafe
Seasons Bar,41.89947750018655,-87.62224769967156,bar
nan,41.973525199828146,-87.90329579996114,toilet
nan,41.973565900445976,-87.90329579996114,toilet
nan,41.97379810000234,-87.90334530044521,toilet
nan,41.973717300413114,-87.90334530044521,toilet
nan,41.974816200007695,-87.90317200018762,toilet
nan,41.97490299987362,-87.90317059994322,toilet
nan,41.9758162002575,-87.90277930042436,toilet
Showroom Food Hall,41.85394439961442,-87.62035569965576,restaurant
Sicilian Bakery,41.9639989997541,-87.83739080044506,bakery
Sky Café,41.89626040039724,-87.62182889978385,cafe
Sky-Ride Tap,41.87677380037064,-87.6311032995776,bar
South Loop Cafe,41.850011399906236,-87.62587319958845,cafe
Southport Grocery & Cafe,41.94675980012471,-87.66428580004958,restaurant
SUBO Filipino Kitchen,41.96704330020822,-87.71380680034355,restaurant
Sugar Bliss Patisserie,41.880259700324984,-87.62635530005701,bakery
Tai Nang,41.898801600313675,-87.67674789989564,restaurant
TAO,41.89348469955928,-87.63007439961382,restaurant
Tavern Club at 333,41.88780799983937,-87.62417099969184,bar
MCM Pub and Eatery,41.95178360013307,-87.74752950018626,bar
Texican,41.898553700392995,-87.64271420010022,restaurant
McKellin’s,42.01220399961494,-87.6999529996312,bar
The Albert,41.89366459994136,-87.62162879972931,restaurant
McNamara’s,41.95375140040687,-87.73662869985458,bar
Dark Matter Coffee - Meddle,41.877853899637785,-87.64294660020539,cafe
Meeting House Tavern,41.97326540007822,-87.66792900042299,bar
Mekato’s Colombian Bakery,41.98024210039267,-87.69249429957222,bakery
Mercat a la Planxa,41.87326600012585,-87.62462730040954,restaurant
The Duplex,41.927716299667566,-87.70642699960632,restaurant
Mesler Kitchen | Bar | Lounge,41.79927669975996,-87.59154310033375,bar
Metropolitan Brewing Taproom,41.93763249974012,-87.691223699614,bar
Gorkha Kitchen,41.933070399979044,-87.6408034995818,restaurant
Mi Tocaya Antojería,41.928909100174906,-87.69770860027165,restaurant
Mia Francesca,41.94217930023456,-87.65219920043273,restaurant
Michael Jordan’s Steak House,41.89140450021756,-87.62382170031117,restaurant
Michael’s Sport Lounge,41.81147909968075,-87.70808809958606,bar
Middle East Bakery & Grocery,41.976298399651455,-87.66858300000541,restaurant
Min’s Noodle House,41.83538670033602,-87.6459307998665,restaurant
Mindy’s Hot Chocolate Bakery,41.881501500393995,-87.63012170035614,bakery
Miss Ricky’s,41.886000900321335,-87.62610070018712,restaurant
Modern Grill,41.939872100317245,-87.64912229955445,cafe
Mogadishu Restaurant,41.899839599617906,-87.63707000008043,restaurant
Mojo Coffee,41.87895559972122,-87.63722769979847,cafe
Molly’s Cupcakes,41.8919569996159,-87.63144079985301,bakery
Molly’s Cupcakes,41.89088270007659,-87.61667290033404,bakery
Momotaro,41.88590579971293,-87.6484698000412,restaurant
Mon Ami Gabi,41.923964200387616,-87.63681120037654,restaurant
Monsen’s Tally Ho Pub,42.01930589994737,-87.6795789998709,bar
Monsignor Murphys,41.93713719992189,-87.64410590006719,bar
Monterrey Bakery,41.8149199004331,-87.70338089960882,bakery
Monti’s,41.96827979967304,-87.6948314999737,restaurant
Moonlight Vulture,41.9339730998787,-87.71502060002064,bakery
Morgan Street Cafe,41.87938830042975,-87.65160650043958,cafe
The Century Bar,41.93357859967267,-87.64606200016112,bar
The Corner Farmacy,41.88811429993507,-87.68248020020104,restaurant
The Dugout Bar,41.94744940026965,-87.65393669961895,bar
Movie Mondays at the Drake’s Palm Court,41.900432099961506,-87.62341709981928,bar
Moxy Chicago Downtown,41.891845300220496,-87.63310980037693,bar
Mr Brown’s Lounge,41.8955064996253,-87.68455120037754,bar
Mr C’s Midway Bar,41.77866340029573,-87.73955300017076,bar
Mr Cak,41.93244790005059,-87.74230529974977,bakery
Mrs. Murphy & Sons Irish Bistro,41.95268820030026,-87.67732229958443,restaurant
Mughal Bakery,41.997015399940835,-87.69327919997505,bakery
JuiceRx,41.89312729998494,-87.62200660042424,fast_food
Barra Ñ,41.93569029956774,-87.69271090038768,restaurant
My Chocolate Soul,41.96275390007247,-87.65609990009028,bakery
My Buddy’s,41.962225200332796,-87.66637110034594,bar
Egg Tuck,41.88760829998313,-87.62482910018281,fast_food
Nak Won Korean Bakery,41.96854449982885,-87.72269709969135,bakery
Nando's,41.932930299993416,-87.64641319980927,restaurant
Native Foods Cafe,41.87891940021018,-87.63097730006228,restaurant
Nazareth Sweets,41.970215399720985,-87.7439900995634,bakery
Nellie’s,41.90330479987665,-87.68932299955674,restaurant
New Waves Cafe & Deli,41.94542429969175,-87.77826889968992,cafe
New York Bakery,41.9681404002593,-87.7156139996863,bakery
Newly Weds Foods,41.92662490041886,-87.73070589975742,bakery
Nibbles and Nosh,42.00895380027771,-87.66155480001396,cafe
Nhà Hàng Việt Nam,41.973445799584056,-87.65617489995162,restaurant
Nhu Lan Saigon Subs,41.968719499805104,-87.69446619985519,bakery
Nhu Lan Uptown,41.96955930022159,-87.65539000044811,bakery
Nick’s on Wilson,41.965504199559234,-87.65924939964003,bar
Nighthawk AM,41.92357909989562,-87.6457972001806,cafe
Nola Pub,41.94572609957987,-87.6550279999422,bar
Niu B,41.870779800047785,-87.62443540037339,restaurant
No Bones Beach Club,41.91037149984487,-87.67675309977568,bar
Noodles In the Pot,41.926965599582786,-87.64857990044203,restaurant
Nookies,41.91423700003759,-87.63497780018531,restaurant
Noon O Kabab,41.96698950006544,-87.70815760009316,restaurant
Nordstrom Ebar Artisan Coffee,41.89133460041154,-87.62594010015545,cafe
North Pond,41.92979699993168,-87.63750660024937,restaurant
North Shore Kosher Bakery,42.01182600016983,-87.7029290999979,bakery
North Pulaski Fresh Market,41.910256099739286,-87.72350870006642,bakery
Nuevo Leon Bakery,41.84440810015377,-87.7270591002972,bakery
O’Donnell’s,41.96246989956626,-87.73219099971482,bar
O’Donovan’s,41.95448890024261,-87.68142660035727,bar
O’Hara’s Tavern,41.702572500320684,-87.53728250018719,bar
O’s Tap,41.9189196997844,-87.68775380039756,bar
Oak Mill Bakery,41.787045300300406,-87.80087599972757,bakery
Oakwood 83,41.9612918002764,-87.67855899959812,bar
Oaza Restaurant,41.968249999737736,-87.70587689959922,bar
Odyssey II,41.79419079976566,-87.62029919974822,bar
Oggi Trattoria,41.89132629966906,-87.6554785000327,restaurant
Ola’s Liquor,41.89911709957454,-87.67690070010718,bar
Old 41 Saloon,41.945535800336984,-87.82045770036257,bar
nan,41.929300600242584,-87.65333600015623,bar
Bank of America,41.97858160026067,-87.90642330029505,atm
Old Irving Brewing,41.96054899983653,-87.73934000024076,bar
Old Town Pub,41.90691150036548,-87.63433199972195,bar
Olive Mediterranean Grill,41.910599999590374,-87.65365810044096,restaurant
Olivia’s Market,41.912511100307086,-87.67812319982579,bakery
Olympic Club,41.9683704998987,-87.69446789957385,cafe
nan,41.97806750011512,-87.90650099992115,tourist_info
nan,41.97857199999788,-87.90656099999012,tourist_info
nan,41.97875059996028,-87.9063368997281,tourist_info
nan,41.978934200153276,-87.90655460041444,toilet
nan,41.97884690026427,-87.90659079992543,toilet
nan,41.97885989996445,-87.90654879978723,toilet
Oooh Wee! Sweet Tea,41.89569150006275,-87.71432370007864,cafe
Noble Thai,41.89599689993702,-87.66216320037137,restaurant
Original Ferrara Bakery,41.869238999680135,-87.6815828000062,bakery
The Original Pancake House,41.93295160043607,-87.64445270023191,restaurant
Oromo Cafe,41.96684110023665,-87.68721889983232,cafe
Outdoor Cafe,41.98291489990277,-87.71097869960727,cafe
OverTime Sports Bar and Grill,41.93836000001403,-87.79403709983228,bar
Oyster Bah,41.917788099940935,-87.64894190004861,restaurant
Paddy Mac’s,41.9571861999832,-87.72741089979314,bar
Starbucks,41.977715400245586,-87.90697850035747,cafe
Smoothie King,41.97778179989018,-87.90696170012234,fast_food
nan,41.978249500414165,-87.9066632996715,toilet
nan,41.97828960028488,-87.90665330010967,toilet
nan,41.97820910016986,-87.90683070037647,toilet
nan,41.97812769983352,-87.90685149989679,toilet
Pak Sweets & Bakery,41.99783459958718,-87.69090370014561,bakery
Sazon Cubano,41.92317219983721,-87.6878523004433,restaurant
Pan Artesanal,41.92493150038848,-87.72048600042854,cafe
Panaderia Ayutla,42.00837810016924,-87.67366599968608,bakery
Panaderia Del Refugio,41.85774889969201,-87.66040730015675,bakery
Panaderia Coral,41.84411329968907,-87.72004130006593,bakery
Panaderia El Acambaro,41.857927800027994,-87.6695246000802,bakery
Panaderia Evita,42.00875549976655,-87.67373159983345,bakery
Panaderia Los Gallos,41.84400770039508,-87.72982879995914,bakery
Panaderia Marzeya,41.73336989980106,-87.55169829983663,bakery
nan,41.979753100325354,-87.90633290044298,toilet
nan,41.97971100036244,-87.90634399987567,toilet
nan,41.9798086001868,-87.90651270010102,toilet
nan,41.97989669957309,-87.90648800022097,toilet
Papa’s Cache Sabroso,41.90274499978199,-87.69022840012053,restaurant
nan,41.968319199871246,-87.6885150998919,restaurant
La Perla Tapatia Bakery,41.924787400218406,-87.72231180044918,bakery
La Petite Pastry,41.77825280042646,-87.76228160041546,bakery
La Storia,41.90345919998214,-87.63029289979744,restaurant
La-Concha,41.822929900194765,-87.69479869990005,bakery
Lady Di’s Bakery,41.75379829955193,-87.7318361002558,bakery
The Halal Guys,41.90379630005924,-87.63053929964894,fast_food
Laine’s Bake Shop,41.6923516998711,-87.66907440036323,bakery
Lake Effect Brewing Company,41.96045340010437,-87.74597310017839,bar
The Link@Sheraton Cafe,41.88937090014696,-87.62014619988719,cafe
Lakeview Men’s Club,41.93181290044504,-87.64122049992608,bar
Lalich Delicatessens,41.968396299649555,-87.73347400042474,bakery
Lange’s Lounge,41.94540369982093,-87.66418279979632,bar
Lao Sze Chuan,41.85332539984739,-87.63501099955795,restaurant
The Living Room,41.88745239980847,-87.62165480002898,restaurant
Laramie Bakery & Deli,41.935549400084824,-87.75680110039042,bakery
The Living Room Bar,41.8938743002588,-87.61566670015804,bar
Las Delicias,41.922418399789365,-87.78392999976961,bakery
Daisies,41.92450859959223,-87.6995197997989,restaurant
The Stanley Club,41.881834299913066,-87.66192339974509,bar
The University of Chicago Pub,41.788032299950714,-87.59556449980181,bar
The Windsor Tavern,41.96315479985418,-87.75697739988703,bar
Three Fox Five,41.88872039982664,-87.63717679996932,bakery
Tovala,41.91793120006486,-87.65246379986445,restaurant
Vanille Patisserie,41.884159399936436,-87.64103710028189,cafe
Vaughan’s Pub - NW Side,41.98053749980585,-87.7776143002597,bar
Vero Coffee & Gelato,41.92076480015544,-87.66912690008633,cafe
Vero Coffee & Gelato,41.836117000199465,-87.66378630039742,cafe
Winter’s Jazz Club,41.89066500028957,-87.61659710007609,bar
Woodie’s Flat,41.910212899905446,-87.63440000015981,restaurant
Woven + Bound Restaurant,41.85391769964218,-87.62041969990918,bar
Xurro,41.77823479959636,-87.7635478998157,cafe
Yard House,41.90817910018535,-87.64653379979501,restaurant
Yolk - Wicker Park,41.90299160018225,-87.67314030008475,restaurant
Moon’s Sandwich Shop,41.88059120032369,-87.68664850032798,restaurant
Ms. T’s Southern Fried Chicken,41.942958999858035,-87.64439659962335,restaurant
Nespresso,41.89962590001534,-87.62496019975339,cafe
No.18 Karaoke,41.85263309993769,-87.63173999980114,bar
Nob’s Wine Bar,41.96917919996014,-87.6749047996168,bar
Nob’s Wine Bar,41.937342300207035,-87.64470759957601,bar
NoMI Kitchen,41.89715490027845,-87.62547699966376,restaurant
North and Clark Café,41.91172789962292,-87.63158620044277,cafe
NYC Bagel Deli,41.91053119965517,-87.65355300027073,bakery
O’Neil’s on Wells,41.87641870036276,-87.63352579977578,bar
O’s Donuts and Cafe,41.756222000345076,-87.73702260021281,cafe
Off Site Bar,41.930099200018105,-87.70724269999056,bar
MacGuffins Bar & Lounge,41.88391090016796,-87.62837619990165,bar
Market Chicago,41.88733939999338,-87.62158130023676,cafe
Meadowbrook Egg & Dairy,41.84705619978382,-87.67521040003987,bakery
MingHin Cuisine,41.885174700352195,-87.61906049964233,restaurant
Le Parisien,41.95656739986566,-87.7422223004188,bakery
Le Royale Icing & Specialty Cakes,41.90054380025623,-87.62590470014175,bakery
Le Sud,41.94283999976625,-87.6858835001234,restaurant
Les Nomades,41.89366760007971,-87.6217795998486,restaurant
Leviathan,41.89434349995264,-87.62841200011366,bar
Old Jerusalem,41.90805509986302,-87.6344467999798,restaurant
Palm Court,41.90039209991551,-87.62345549997133,bar
Las Tablas Colombian Steakhouse,41.93521649984166,-87.6627816002906,restaurant
Lavazza,41.89225790018202,-87.62609440043622,cafe
Latin American Bakery,41.92475489961896,-87.72094979969347,bakery
Lavazza,41.88297990040212,-87.62916740005545,cafe
Lavazza,41.90016229975038,-87.62359650017828,cafe
Lawlor's Bar,41.7923737996112,-87.79373069991186,bar
nan,41.9772937000443,-87.90703400021891,toilet
nan,41.97717200018769,-87.90705550031106,toilet
nan,41.977236600288904,-87.90708110041243,toilet
Hoypoloi Gallery,41.97798230014308,-87.9071480000801,gift_shop
Hudson,41.97820290024373,-87.90707310004348,convenience
Oakley,41.97895809963666,-87.90690859965213,optician
Starbucks,41.97914479979272,-87.90689929976281,cafe
nan,41.97957839982337,-87.9068161997078,tourist_info
Le Colonial,41.900244899782365,-87.62712710003558,restaurant
Le Cafe du Marche,41.884223800388156,-87.64101500034195,cafe
nan,41.98105269982227,-87.9062196002543,toilet
nan,41.98109279969299,-87.90621050001454,toilet
Galileo,41.981128500080274,-87.90572490028387,bar
nan,41.981309600158,-87.90573560041759,toilet
nan,41.98131489986281,-87.90579410041738,toilet
United Club (B6),41.97802170034123,-87.9068821002287,bar
nan,41.9775959999555,-87.9068690996292,tourist_info
nan,41.977992799727986,-87.90680060006758,toilet
nan,41.97796530025846,-87.90680730001685,toilet
nan,41.97792299974668,-87.90682420007676,toilet
nan,41.97787259994061,-87.90678959956034,tourist_info
Sid's Clothing & Hat Store,41.86700419968412,-87.64261739977314,clothes
T-Mobile,41.867423299945415,-87.64239660002306,mobile_phone_shop
Patrick Knows Hair,41.867446599580944,-87.64178990028364,hairdresser
Sola Salon Studios,41.86746559955782,-87.64160079983702,hairdresser
Friistyle,41.80233499996035,-87.61921150031043,restaurant
Red Apple Food & Liquor,41.80194409974047,-87.61865499982832,convenience
Skidoe's Café & Grill,41.80193610027084,-87.61963530042874,restaurant
John Sengstacke Health Center,41.80240019990936,-87.61377799975486,clinic
Washington Park Children's Free Health Clinic,41.796922000350094,-87.61958450042431,clinic
Tai Nam Market,41.972374900381396,-87.65890520031468,supermarket
CVS Pharmacy,41.90407559980912,-87.6284859999289,chemist
nan,42.00294759975196,-87.78409779977358,water_well
nan,42.00350450043243,-87.78203859960166,bench
Verizon,41.90441949966021,-87.66781210024817,mobile_phone_shop
Foot Locker,41.90460319967798,-87.6681633997211,shoe_shop
Cricket Wireless,41.90423979982694,-87.66812460027006,mobile_phone_shop
Dunkin',41.90513319983734,-87.66776109969499,fast_food
Yes Shoes,41.90441550037508,-87.66839279968792,shoe_shop
Peet's Coffee,41.911099799616125,-87.65374710004858,cafe
Epic Burger,41.91183089987618,-87.65432869970971,fast_food
west elm,41.91147040033877,-87.65409269961833,furniture_shop
Pottery Barn,41.91171820043468,-87.65421069966402,furniture_shop
Burrito Beach,41.911886700111154,-87.65439780001844,fast_food
Gwendolyn Brooks: The Oracle of Bronzeville,41.81170339959226,-87.59990150015409,artwork
Nuts on Clark,41.78566960017196,-87.74226789964382,fast_food
Woodgrain,41.78591080014337,-87.74221470024816,fast_food
Big Shoulders Coffee,41.78499029996243,-87.74325569969074,cafe
Arami,41.78578750039287,-87.74210989955219,fast_food
nan,41.78565709959554,-87.74193929995869,food_court
Reilly's Daughter,41.78572979989042,-87.74236050013695,restaurant
Billy Goat Tavern,41.785968700295314,-87.74213599967663,fast_food
Ink,41.785506400200234,-87.74256320013154,bookshop
Rinse,41.917246699975294,-87.66592229997411,laundry
etta,41.910721899995735,-87.67424620000207,restaurant
ETA Restaurant + Bar,41.88987160039409,-87.61930069956759,restaurant
Illinois Appellate Court 1st District,41.88496359979035,-87.63290649963523,courthouse
North Pulaski Branch Library,41.910083400228814,-87.73386649963919,library
Lincoln Sqaure Medical Center,41.96844370021665,-87.69210970000262,clinic
nan,41.97744479963785,-87.91067929960997,toilet
Goose Island,41.977521099918874,-87.91066000015883,restaurant
nan,41.97808910003198,-87.91053239985035,toilet
nan,41.97800580032748,-87.9105487000624,toilet
nan,41.97865610009899,-87.91038450004459,toilet
United Club - C16,41.97816490028998,-87.9105199001732,bar
Sunglass Hut,41.977334999610605,-87.91047730018721,optician
Hudson News,41.97881529988621,-87.91034530039525,newsagent
nan,41.97804080014288,-87.91048019960147,drinking_water
nan,41.97739029982256,-87.91062960037573,drinking_water
United Club - Polaris Lounge,41.97888990044862,-87.91046590038098,bar
United Customer Service Center,41.978934200153276,-87.91032619969434,tourist_info
America's Dog,41.978704700361675,-87.91009419978747,fast_food
Saladworks,41.97920939989393,-87.91025310010048,fast_food
Manchu Wok,41.97916140037836,-87.91031860042301,fast_food
Zoots Café,41.9791338001848,-87.91027079965767,restaurant
Jazz Bar,41.97923709991227,-87.91030290005875,bar
nan,41.97930349955692,-87.91022819967162,toilet
nan,41.97963210014137,-87.91017610014688,toilet
nan,41.979711700034954,-87.91016149965344,toilet
Hudson News,41.979808899661066,-87.91011250009177,newsagent
Reggio's Pizza Express,41.9798440002005,-87.91006830021183,restaurant
Fresh Market on the Go,41.979925299812805,-87.90989340006035,convenience
Spirit of the Red Horse,41.97984569991917,-87.90991190001415,jeweller
Flight Information,41.97997420044902,-87.91014470031763,tourist_info
Flight Information,41.97948709974992,-87.90997349997701,tourist_info
Flight Information,41.97862699983625,-87.91016730028065,tourist_info
Flight Information,41.97765059959556,-87.91058529977175,tourist_info
nan,41.9772193000307,-87.91068450038932,tourist_info
nan,41.9796609998553,-87.91011130039618,drinking_water
nan,41.98031340044315,-87.90996720022605,drinking_water
nan,41.980361200309176,-87.91001480044264,toilet
nan,41.98027550031412,-87.91003559996295,toilet
Hudson News,41.980411100092226,-87.90978209996388,newsagent
nan,41.98074500038149,-87.9098686003556,drinking_water
Flight Information,41.98068770007734,-87.90998760044738,tourist_info
nan,41.97862299965175,-87.9105299995598,toilet
nan,41.97864270020051,-87.91052619992416,toilet
nan,41.9786618000021,-87.91052159989187,toilet
nan,41.978680299955954,-87.91051859975352,toilet
nan,41.978698500435485,-87.91051480011788,toilet
nan,41.978718000435435,-87.91051020008564,toilet
nan,41.97873729988652,-87.91050610007642,toilet
United Baggage Service,41.97908560012041,-87.90648249996735,tourist_info
Hudson News,41.97914369992185,-87.90627679983442,newsagent
nan,41.97906059986684,-87.90626890018956,tourist_info
Starbucks,41.97853509991501,-87.90640249987541,cafe
Goose Island Beer Company,41.977082399832966,-87.90722240009364,bar
Hudson News,41.977486600126554,-87.90700179999305,newsagent
La Tapenade,41.97745940013124,-87.90725179983065,restaurant
nan,41.97714509966664,-87.90714509976652,drinking_water
The Bronze Pizza,41.97829029995745,-87.90707260002046,restaurant
Johnston & Murphy,41.978077899875245,-87.90712359967432,shoe_shop
Jamba,41.97826500022961,-87.90685600010431,fast_food
The Field Museum Store,41.978846599890744,-87.90671809986037,gift_shop
United Customer Service Center,41.979023699783966,-87.90665969968535,tourist_info
Mother's Room,41.979852399868435,-87.90650049989813,toilet
nan,41.97992200020019,-87.90650910011482,drinking_water
Hudson News,41.98001669971097,-87.9065081998935,newsagent
Hudson News,41.98115210008939,-87.90594920019538,newsagent
nan,41.98127150037948,-87.90570020040388,drinking_water
Hudson News,41.981652699612425,-87.90498030030056,newsagent
nan,41.977135799777386,-87.90353230007554,hairdresser
nan,41.97719190038595,-87.90344700027879,gift_shop
The UPS Store,41.97751499981746,-87.90387950043856,post_office
Hilton Fitness,41.97765240003827,-87.90412960010093,sports_centre
Andiamo,41.97705629970852,-87.9033575995735,restaurant
nan,41.97723689976317,-87.90367039996897,toilet
nan,41.977207599850885,-87.9036278998077,toilet
Sport Edition Bar,41.977298700274844,-87.90357950009383,bar
Caffe Mercato,41.97737720029761,-87.9038843001203,restaurant
nan,41.97769929968297,-87.90425589998978,gift_shop
Gaslight Club,41.97774329991341,-87.90465639957313,restaurant
nan,41.97777879975183,-87.90457679967955,toilet
nan,41.97779330042056,-87.90461750029738,toilet
nan,41.97708220018342,-87.90330349995651,toilet
nan,41.97710790010956,-87.90333429993797,toilet
Camden Food Co.,41.7866245003205,-87.74549819968212,fast_food
nan,41.78745089993913,-87.74483900021966,toilet
nan,41.978250200086734,-87.90413079979652,toilet
nan,41.97821120008689,-87.9041546003545,toilet
Federal Building Columns,41.88419119996394,-87.61752859986495,monument
nan,41.97573320002721,-87.90294399956588,toilet
Mothers Room,41.975615500355104,-87.90348879986817,toilet
nan,41.97571200030865,-87.90343310035723,toilet
Customer Assistance,41.97431759967753,-87.90319479980013,tourist_info
nan,41.974033000222846,-87.90317100014153,toilet
nan,41.973749700288465,-87.90329539976284,drinking_water
nan,41.97484549991992,-87.90322030007673,drinking_water
nan,41.97357959981872,-87.90323880003058,drinking_water
American Consumer Service,41.97614200035309,-87.90226270016342,kiosk
Priority Parcel Service,41.97623939962864,-87.90206899968456,post_office
nan,41.976477999660005,-87.90154239986185,toilet
nan,41.97658090008849,-87.90134329985335,toilet
Starbucks,41.9765982003467,-87.90130799966443,cafe
nan,41.97716449984182,-87.90025320012506,toilet
nan,41.97703869997605,-87.90049640018867,toilet
Customer Service,41.97701200000387,-87.90054410022998,tourist_info
Customer Service,41.977187599827914,-87.90020609993155,tourist_info
nan,41.97753409961905,-87.89952739956982,toilet
nan,41.977414999702546,-87.8997545997949,toilet
Admirals Club,41.97757070022766,-87.89919820003689,nightclub
nan,41.977206400155296,-87.90015830006547,toilet
nan,41.977175399625025,-87.90022030022664,toilet
nan,41.97699839955652,-87.90049730041005,toilet
nan,41.97696830014701,-87.90055409979186,toilet
Publican Tavern,41.9767494995898,-87.90083479978614,bar
nan,41.97660609999156,-87.90135969989018,toilet
nan,41.976494600245644,-87.90157810024908,toilet
nan,41.97644380024121,-87.9015284999403,toilet
nan,41.97655489978882,-87.90131070032851,toilet
Terminal Gateway Spa,41.97609719972604,-87.9022213996978,beauty_shop
nan,41.97581999989313,-87.90251889992726,post_box
Flight Information,41.97605929959707,-87.90181749977774,tourist_info
Flight Information,41.97665020004672,-87.9006899999435,tourist_info
Flight Information,41.976979000280664,-87.90014850015314,tourist_info
District Brew Yards,41.889421999625654,-87.66678389995695,bar
Papa John's,41.853067000341866,-87.62406319975685,fast_food
Halsted St & 51st St,41.801743399838074,-87.64523380009973,bicycle_rental
Yolk - Marina City,41.88852630004874,-87.62835879981873,restaurant
Parlor Pizza Bar,41.889446099657846,-87.62928780039164,restaurant
Jojo's Shake Bar,41.88990910032476,-87.62895569964576,bar
Jeong,41.896306100346294,-87.66481070015368,restaurant
Obélix,41.894937500365415,-87.63874330026306,restaurant
Bistronomic,41.89787590025264,-87.62713799981879,restaurant
Takumi Ramen,41.857813700342035,-87.65798749972328,restaurant
nan,41.851656900245814,-87.64322820042105,vending_any
Aster Hall,41.89971210003347,-87.6249244004407,food_court
Three Squares Diner,41.969189800269135,-87.65572360036384,restaurant
Mango Pickle,41.98826059964699,-87.66041919998605,restaurant
Dancen,41.97453740028084,-87.69248260029173,restaurant
South Shore Brew,41.76562620018905,-87.5663513001723,cafe
Cabra,41.88591909978669,-87.64886909992896,restaurant
Mini Mott,41.92797060006319,-87.70475580023998,restaurant
RPM On The Water,41.887935699972616,-87.63063450008207,restaurant
Cira,41.88581830017449,-87.64886370039943,restaurant
Lazy Bird,41.88587820041869,-87.64886780040865,bar
Summer House Santa Monica,41.91756880025997,-87.64868470023868,restaurant
The Hampton Social,41.89197860043214,-87.62293240030999,restaurant
Steadfast at the Gray,41.880837699999915,-87.63159750042428,restaurant
Star Nails,41.88049320030103,-87.72888769990738,beauty_shop
Janitor's Closet,41.89867679959468,-87.63641370003222,bar
5411 Empanadas - Division,41.90310789960995,-87.67095249955815,restaurant
5411 Empanadas - Lakeview,41.9340863002426,-87.64621850018358,restaurant
Tamales Lo Mejor De Guerrero,42.00979030018226,-87.67441030019518,restaurant
El Sabor Pobloano,42.0099177997667,-87.67398650007686,restaurant
La Choza Mexican Grill,42.00971449992426,-87.67443440022737,restaurant
Birriería Y Carnitas El Gallito,42.00966870015043,-87.67391810034002,restaurant
bopNgrill,42.00280160021373,-87.6611074997113,restaurant
Rice Thai Cafe,42.004719499805105,-87.66117550014917,restaurant
Twisted Tapas,42.00570400023946,-87.66030830008793,restaurant
Great Wall,42.00492650035778,-87.66123119966011,restaurant
El Pulpo Loco Restaurant,42.002296999606926,-87.67180069964252,restaurant
Roger's Wing,42.00499950012687,-87.6611848998632,restaurant
TJam Kitchen,42.019376199951694,-87.66695930013157,restaurant
Denden Restaurant,42.00276200036609,-87.67200830004299,restaurant
Noon Hour Grill,42.007540500393816,-87.66628989965909,restaurant
South Of The Border Restaurant & Bar,42.00802200011526,-87.6666557996254,restaurant
El Famous Burrito,42.010452800156656,-87.67409730015027,restaurant
Asahi Roll,42.00574999966278,-87.66071250038158,restaurant
Rocky's Tacos,42.010358099746554,-87.67400199989237,restaurant
Su Taqueria El Rey Del Taco y Sus Mariscos,42.01235789969735,-87.67495470029917,restaurant
nan,41.95194000033081,-87.64119270008302,toilet
nan,41.95166179955248,-87.64099519996847,toilet
Ocean Prime,41.88785090019894,-87.62516070000629,restaurant
Staytion Market & Bar,41.88638120023228,-87.62831559998489,restaurant
El Asadero Colombiano,41.967934700126364,-87.76766690000738,restaurant
Hudson News,41.973386500086974,-87.90600339963714,newsagent
Hudson News,41.97491889988737,-87.90803799975384,newsagent
Chili's,41.97498509988253,-87.90613159979347,restaurant
Dunkin',41.974839499643224,-87.90612260027774,fast_food
Stanley's,41.97518019970653,-87.90659759969941,pub
Argo Tea,41.97532379985353,-87.90660829983312,cafe
Auntie Anne's,41.97577639986099,-87.90585990021418,fast_food
Uno Pizzeria & Grill,41.975154300130896,-87.90677190000315,restaurant
Delta Customer Service,41.974961800246945,-87.90754169988952,tourist_info
nan,41.9752190998816,-87.90640709990771,convenience
McDonald's,41.97524100017205,-87.9062381002081,fast_food
Wrigley Field Marquee,41.94747419997441,-87.6564252001628,memorial
Wrigley Field Marquee,41.94747419997441,-87.6564252001628,artwork
Cubs Team Store,41.9486165997763,-87.65692250007328,gift_shop
Chicago Architecture Center,41.88801310012451,-87.62362279995222,museum
Ceres,41.8776207998601,-87.63227150002967,artwork
Cafe Sushi,41.90683350036579,-87.6347844999047,restaurant
Protein Bar & Kitchen,41.9169512996628,-87.65729579966137,restaurant
KidSnips Lincoln Park,41.91668730007888,-87.65691370020704,hairdresser
The UPS Store,41.91727039980918,-87.65775389992251,post_office
Baobing,41.886480700324114,-87.64967610027179,restaurant
nan,41.88941379960721,-87.63282720011517,fountain
San Marco II,41.87595299993103,-87.63271459959907,artwork
Potbelly,41.69314750005714,-87.60207930021949,fast_food
nan,41.79190409989434,-87.57977619981176,toilet
Belly Up,41.79176290003784,-87.57974959966424,cafe
Galit,41.92628409963157,-87.64953059985726,restaurant
Lincoln Station,41.92610949985357,-87.65000799956948,restaurant
Flat & Point,41.924869100029014,-87.71558090013838,restaurant
Middle Brow Bungalow,41.91772330019023,-87.69888249972752,pub
Chengdu Bistro,41.910247200048275,-87.68287930043931,restaurant
Brightwok Kitchen,41.893648100079815,-87.62794169964968,restaurant
The Smith,41.88943130041423,-87.63133190004709,restaurant
Mako,41.88549960022641,-87.64688059995967,restaurant
Carnitas Uruapan Restaurant,41.79351039968526,-87.69450760014558,restaurant
Jewel-Osco,41.93557960021843,-87.6700855998705,pharmacy
Vito & Nick's Pizzeria,41.739295200013544,-87.72124799959545,restaurant
Hampton Social,41.891944900137105,-87.62245249958318,restaurant
Poke Poké,41.892511900204056,-87.61845970035483,restaurant
nan,41.929815400060704,-87.63778630019755,drinking_water
nan,41.92079369986942,-87.79790140032935,drinking_water
nan,41.920932600159404,-87.79786129955932,bench
nan,41.9209321999611,-87.79790150015407,bench
nan,41.92106740044022,-87.7973266004422,bench
MOD Pizza,41.94821150016065,-87.68804750009201,fast_food
City Grange,41.9817295997413,-87.68977549973948,garden_centre
Shit Fountain,41.89971550037012,-87.67462690011132,artwork
Obama Kissing Rock,41.7995890001323,-87.5916853002364,memorial
Obama Kissing Rock,41.7995890001323,-87.5916853002364,attraction
Independence Branch Library,41.95420479991162,-87.72025899985294,library
Crow Bar Inc,41.70256769973963,-87.52678220033823,bar
Waldo Cooney's Pizza,41.70258359975338,-87.53463219991608,restaurant
El Charro De San Francisco,41.70256380027922,-87.53432039956675,restaurant
VIP Cutz,41.7025542998411,-87.53319270008302,hairdresser
T-Mobile,41.70258349992861,-87.53508270000657,mobile_phone_shop
New Hot Wok,41.702346399966416,-87.53511530043073,restaurant
Subway,41.682102499730604,-87.53732710026543,fast_food
Love Nails,41.68211479975827,-87.5376055996187,beauty_shop
ACE Fadezz Barbershop,41.70426380043409,-87.53507709992817,hairdresser
Chicago Magic Lounge,41.97400900001537,-87.6683649000201,theatre
Ricobene's,41.84560249965568,-87.63394330014313,fast_food
nan,41.88706239980996,-87.63284000016586,waste_basket
nan,41.8870735999667,-87.6322705998083,waste_basket
nan,41.887208199698705,-87.62930309965827,waste_basket
nan,41.88711669997576,-87.6311591996373,waste_basket
nan,41.88704530010057,-87.63072330004024,waste_basket
nan,41.8870376001052,-87.63523609986606,toilet
nan,41.887198100312105,-87.62972689977659,waste_basket
nan,41.88773020038849,-87.62649149968291,waste_basket
nan,41.88705950039571,-87.63361759987231,waste_basket
nan,41.88719290043207,-87.62820350039118,waste_basket
nan,41.8885406001686,-87.62472509988339,waste_basket
nan,41.88717550034909,-87.63273990022617,waste_basket
Paulina St & Howard St,42.019139299638994,-87.67358529992163,bicycle_rental
Glenwood Ave & Morse Ave,42.00798540040597,-87.66540969989768,bicycle_rental
Volume Hair Salon,41.895893399660736,-87.67053750020546,hairdresser
Alcala's Western Wear,41.895879399914406,-87.67090769983042,clothes
Epic Spices,41.89588640023726,-87.67069710019098,greengrocer
South Central Bank,41.88706499975001,-87.65313809984337,bank
nan,41.82082009966791,-87.59616429994247,drinking_water
nan,41.924863300301126,-87.63405310017038,shelter
nan,41.920417999990775,-87.63554209958818,recycling
nan,41.92027840002817,-87.63533490028539,bench
nan,41.920400799557285,-87.63553739973116,waste_basket
nan,41.9944048002414,-87.68458839993468,waste_basket
nan,41.99434699991417,-87.68395729978954,bench
nan,41.99476960033684,-87.68423589986685,waste_basket
nan,41.994324399951154,-87.68442340041958,bench
nan,41.99453859957674,-87.68468100042782,bench
nan,41.99460180033287,-87.68376069989637,bench
nan,41.99492899977355,-87.6839092004492,waste_basket
nan,41.99436230008013,-87.68419920033278,bench
nan,41.87836110018469,-87.62597629966643,waste_basket
nan,41.87812700036085,-87.62597030028911,recycling
nan,41.87816579981188,-87.62597119961112,waste_basket
Perscpectives Leadership Academy,41.73920899999541,-87.6262148996978,school
The Licking,41.88022190002073,-87.75182479987456,restaurant
Hua's Open Kitchen,41.73025309960093,-87.55062429977158,restaurant
Gomez Tacos & Pizza,41.73026670004822,-87.55051859975356,fast_food
Expert Nails,41.73310359975136,-87.55115809956658,beauty_shop
D&O Food and Liquors,41.73723189983235,-87.55162730015974,beverages
Maya's Pizza,41.73954049999412,-87.55168220017339,fast_food
Boost Mobile,41.70599900005385,-87.53508689984051,mobile_phone_shop
Nail Art,41.70246930041793,-87.53552080024468,beauty_shop
East Side Florist,41.70242099962951,-87.53552080024468,florist
Sip & Savor,41.809428300076036,-87.62314709995866,cafe
The Woodlawn,41.75154410028006,-87.59506350008041,restaurant
111 West Boutique,41.69161520008146,-87.6807212000233,clothes
Bacci Pizzeria,41.868871900018235,-87.68392940012166,restaurant
nan,41.79559219982019,-87.5757883999147,drinking_water
Erie Neighborhood House,41.89315790031691,-87.66140509976549,community_centre
Domino's,41.881579700043176,-87.6499133000587,fast_food
JC Licht TrueValue Hardware,41.88104440017895,-87.65114359959739,doityourself
Lawndale Christian Health Center Pharmacy,41.852107000138005,-87.72266100000513,pharmacy
Abraham Lincoln: The Man,41.912625199993045,-87.63026810009274,memorial
nan,42.00125450009517,-87.68834729988794,drinking_water
nan,42.003257099635505,-87.68838989987393,drinking_water
Superkhana International,41.93190960004807,-87.704825700046,restaurant
Gente Bella Beauty Salon Inc,41.844325000098706,-87.73294689967963,hairdresser
Hallowed Grounds,41.7912563002381,-87.59831130002641,cafe
Bartlett Dining Commons,41.79209020020261,-87.5984991000534,food_court
Insomnia,41.7948629000029,-87.59918999971865,cafe
Baker Dining Commons,41.79443990028125,-87.59923399994909,food_court
Panera Bread,41.78919650021834,-87.60448839961992,fast_food
Sky Cafe,41.79092730035467,-87.60447909973061,food_court
Walgreens,41.97569310015649,-87.69295570034524,pharmacy
7-Eleven,41.885579700143126,-87.64212119973354,convenience
Totto's Market,41.87241880008759,-87.62897390012535,convenience
IDOF - I Dream Of Falafel,41.89125990002441,-87.60686689958771,restaurant
Offshore Chicago,41.89183259999453,-87.60053759963046,bar
My Place,41.85607079982759,-87.62741769976697,restaurant
Chase,41.85562179980627,-87.62741059961945,bank
TOMI,41.8798334000914,-87.63055330029454,restaurant
Krishna Lunch,42.0093864002622,-87.67306349978065,restaurant
Danke,41.8795910004244,-87.63048500038241,restaurant
Piggie Smalls Gyro Shop,41.88644659983078,-87.63413470015627,fast_food
Tabo Sushi,41.886699900180304,-87.63422610005443,restaurant
Frontera Fresco,41.88390639996044,-87.6274972996606,restaurant
Fontano's Pizza and Subs,41.87728540040098,-87.62459729992543,restaurant
Antique Taco Chiquito,41.87977869972724,-87.63020030020363,restaurant
Farmer's Fridge,41.88379659993319,-87.62836249962965,fast_food
Central Port Emporium,41.85018699973028,-87.63209669970291,gift_shop
South Central Bank,41.84999530024294,-87.63181839999913,bank
Peace Pharmacy,41.85032049959142,-87.63208749963837,pharmacy
MM Giftland,41.850393500259884,-87.6320982995968,gift_shop
EK Souvenirs,41.851379700412906,-87.63210620014098,gift_shop
Pacific Furniture Inc,41.85262110028361,-87.6321590002376,gift_shop
Pig,41.853943399568266,-87.633305400224,artwork
Monkey,41.85405910004749,-87.63340049993309,artwork
Tiger,41.854200299903994,-87.6330521996992,artwork
Rat,41.85411070044853,-87.63297400005001,artwork
Store Directory,41.85426270026346,-87.6333164996567,tourist_info
Cai Restaurant,41.854598699570374,-87.63241129964172,restaurant
nan,41.85443400042885,-87.63353890020005,waste_basket
Bingo Tea,41.853679099610815,-87.63418099995317,cafe
nan,41.79885920029193,-87.79717669964492,tower
nan,41.799130499672856,-87.79681279977086,tower
nan,41.81664740005755,-87.73881290039498,comms_tower
Happy Camper Wrigleyville,41.944951800385354,-87.65505369986829,restaurant
Bentley Gold Coast,41.897729799990316,-87.6263100003062,car_dealership
South Shore Pantry,41.76637729957275,-87.57156350005545,convenience
Potbelly,41.8778889003525,-87.64128080036858,fast_food
U.S. Bank,41.99231840007417,-87.79951470044301,bank
Walgreens,41.75013710014713,-87.654436899843,pharmacy
Majestic Florist,41.746312000198714,-87.60486370019959,florist
Smart Choice MRI,41.91480479960188,-87.65466970014648,clinic
Buffalo Wild Wings,41.91441950035971,-87.65476360015998,restaurant
Taqueria El Asadero,41.96127059965852,-87.68436519989405,restaurant
Pui Tak Christan School,41.85087089997211,-87.63177439976869,school
Pacific Global Bank,41.8502274997993,-87.6318333997915,bank
nan,41.8748064002952,-87.62465219993902,toilet
nan,41.979183500318356,-87.90680880008603,post_box
nan,41.97875029958669,-87.91059649992849,post_box
Dor Fook,41.848757000335354,-87.63206339960618,jeweller
Mag Vacations,41.84882800001225,-87.63206610027026,travel_agent
Best Choice Oriental Grocery,41.84898779964726,-87.63178380038204,convenience
Chinatown Mobile,41.84905220009898,-87.6317865001468,mobile_phone_shop
Evergreen Restaurant,41.848735600067926,-87.63175899977796,restaurant
Sze Chuan Cuisine,41.848655599975984,-87.63206269993361,restaurant
Silver State City Food Company,41.848451300087504,-87.63205540013655,supermarket
Tai Ho Yee Food Company,41.84837990021225,-87.6320580000766,restaurant
Color's Flowers and Gifts,41.848514800317844,-87.6320580000766,gift_shop
Sushi + Rotary Sushi Bar,41.94071470032321,-87.64427320004813,restaurant
Unabridged Bookstore,41.94149079996049,-87.64426650009887,bookshop
Zeglio Custom Clothiers,41.94144490036189,-87.64426779961923,clothes
Big City Optical,41.94100980026212,-87.64461270041573,optician
Blink and Polish Nail Salon,41.94093280030853,-87.64461690024973,beauty_shop
Gap,41.940747299848056,-87.64460489969633,clothes
Si-Pie Pizzeria,41.945302300360936,-87.64582740031426,restaurant
Coachlight,41.94516459976654,-87.64576840029139,laundry
Kameya Ramen & Sushi,41.940187899951695,-87.64471969995418,restaurant
Great Head Salon,41.940181899675,-87.64503889992528,beauty_shop
Broadway & Belmont Ave,41.94010739983668,-87.64549889955452,bicycle_rental
The Nail Collaborative,41.93992130042773,-87.64487600032714,beauty_shop
KA-POW Collectibles,41.93988989969915,-87.64736550001777,toy_shop
Mariny's Shoe Repair,41.93989439990668,-87.64732030009174,shoe_shop
Lakeview Threading Salon,41.939874200234215,-87.64858460029905,beauty_shop
nan,41.8353824996027,-87.60705390011736,drinking_water
Clark St & Lunt Ave,42.00905240014822,-87.67419830031128,bicycle_rental
Clark St & Touhy Ave,42.01258400005162,-87.67430489965136,bicycle_rental
REI,41.9067786003522,-87.65126199984138,outdoor_shop
Jimmy John's,41.90708999960384,-87.6499181995652,fast_food
Wherewithall,41.944215600069924,-87.70564200027803,restaurant
Utopian Tailgate,41.911375399555084,-87.63498290024063,bar
St. Clair Supper Club,41.88656659996866,-87.65186790008346,restaurant
"Mozzarella Store, Pizza & Caffè",41.897439499733196,-87.62511640030158,restaurant
Pizzeria Portofino,41.88798609977874,-87.63044439958935,restaurant
ROOP,41.884655099952965,-87.64713030032306,restaurant
Bosworth Ave & Howard St,42.019570299729594,-87.66956569999701,bicycle_rental
Clark St & Jarvis Ave,42.015962400444494,-87.67498000002695,bicycle_rental
Clark St & Schreiber Ave,41.99924810001983,-87.67136780018382,bicycle_rental
Sheridan Rd & Columbia Ave,42.00458580029448,-87.66128540000119,bicycle_rental
Eastlake Ter & Rogers Ave,42.02088940012578,-87.66500270001455,bicycle_rental
Wolcott Ave & Fargo Ave,42.01690489984128,-87.67774409961049,bicycle_rental
Clark St & Columbia Ave,42.00445069964013,-87.67241870026277,bicycle_rental
Greenview Ave & Jarvis Ave,42.01597030008935,-87.66865100044328,bicycle_rental
Ridge Blvd & Touhy Ave,42.01212320002571,-87.68291230016251,bicycle_rental
Glenwood Ave & Touhy Ave,42.0127333999265,-87.6660304002827,bicycle_rental
Ridge Blvd & Howard St,42.019271900178126,-87.68451519961673,bicycle_rental
Western Ave & Lunt Ave,42.00858719973951,-87.69041710036885,bicycle_rental
2112 W Peterson Ave,41.990964700060886,-87.68284260000593,bicycle_rental
Western Ave & Granville Ave,41.994165399813426,-87.68947589959305,bicycle_rental
Warren Park East,42.0045714003499,-87.68065409980682,bicycle_rental
Budlong Woods Library,41.983675300075106,-87.69641450012904,bicycle_rental
Warren Park West,42.001812899945435,-87.6888469002642,bicycle_rental
Western Ave & Howard St,42.01893509957523,-87.6900468998445,bicycle_rental
Oakley Ave & Touhy Ave,42.01233510008484,-87.68828100006806,bicycle_rental
Maplewood Ave & Peterson Ave,41.99026100034496,-87.69337579975331,bicycle_rental
Leland Ave & Kedzie Ave,41.96669419957772,-87.7080919999458,bicycle_rental
Kilbourn Ave & Irving Park Rd,41.95370919971987,-87.7405843004251,bicycle_rental
Knox Ave & Montrose Ave,41.96064819955484,-87.74539139979322,bicycle_rental
Albany Ave & Montrose Ave,41.96105790010205,-87.7058725999405,bicycle_rental
Kildare Ave & Montrose Ave,41.9610548999637,-87.73573019978886,bicycle_rental
Manor Ave & Leland Ave,41.9658749001066,-87.70082000004294,bicycle_rental
Drake Ave & Montrose Ave,41.96115740019394,-87.71661790029583,bicycle_rental
Milwaukee Ave & Cuyler Ave,41.95448270031642,-87.74957409986479,bicycle_rental
Kedzie Ave & Foster Ave,41.97567379980609,-87.7093034002317,bicycle_rental
Christiana Ave & Lawrence Ave,41.9683524001432,-87.7118647998206,bicycle_rental
Avondale Ave & Irving Park Rd,41.953378500117765,-87.73197660043974,bicycle_rental
Advanced Cleaners,41.91270310016802,-87.68708129996196,laundry
Starbucks,41.87271130008651,-87.67689989971058,cafe
Sawyer Ave & Irving Park Rd,41.95362980037504,-87.70930690039307,bicycle_rental
Central Park Ave & Bloomingdale Ave,41.91414469991804,-87.71679180040121,bicycle_rental
Winchester Ave & Elston Ct,41.924071199926004,-87.6765077997951,bicycle_rental
Bernard St & Elston Ave,41.94990800015415,-87.71396650015384,bicycle_rental
Drake Ave & Addison St,41.94738919965192,-87.7175896996049,bicycle_rental
California Ave & Fletcher St,41.938425199963035,-87.69795860010925,bicycle_rental
California Ave & Byron St,41.952162300150064,-87.69805359999361,bicycle_rental
Troy St & Elston Ave,41.945254499595535,-87.7066664000343,bicycle_rental
Keystone Ave & Fullerton Ave,41.92456239973501,-87.72788359964835,bicycle_rental
Monticello Ave & Irving Park Rd,41.9539558999449,-87.71914320019852,bicycle_rental
Let's Roast Cycles,41.89053599973664,-87.68634880035682,bicycle_shop
BFF Bikes,41.91757359994176,-87.68069030021712,bicycle_shop
California Ave & Cortez St,41.90025750018356,-87.69658430022525,bicycle_rental
Kedzie Ave & Chicago Ave,41.895438699736246,-87.70614230032686,bicycle_rental
Sacramento Blvd & Franklin Blvd,41.890466000105846,-87.7026808997037,bicycle_rental
Spaulding Ave & Division St,41.902710599814384,-87.709232200006,bicycle_rental
nan,41.97333190044691,-87.90053990039604,toilet
nan,41.97590190025255,-87.90102440025584,toilet
nan,41.975951100363034,-87.90107170009884,toilet
nan,41.97511990016329,-87.900546200147,toilet
nan,41.97519590007079,-87.90054980013315,toilet
nan,41.97500890044046,-87.89985529958238,toilet
nan,41.97505270012209,-87.89977299992398,toilet
American Flagship Lounge,41.974957600413006,-87.90000540002916,nightclub
nan,41.97518529976185,-87.89961869964321,drinking_water
nan,41.97452649959831,-87.90033370024003,toilet
nan,41.97444710025354,-87.90033370024003,toilet
American Customer Assisance,41.97433149959909,-87.90034390035066,tourist_info
nan,41.97377530038983,-87.90033549978347,toilet
nan,41.97384759958709,-87.90033820044755,toilet
nan,41.973330600027225,-87.90033640000485,toilet
American Rebooking Center,41.973132800438464,-87.90021799976086,tourist_info
nan,41.973361599658176,-87.90048400033629,drinking_water
nan,41.97381349999307,-87.90037880034134,drinking_water
nan,41.974717799786674,-87.90039890018903,drinking_water
nan,41.97550570032786,-87.90059519970868,drinking_water
nan,41.97616100032997,-87.90106569982214,tourist_info
Terminal Getaway Spa,41.97470170012343,-87.9003518998203,travel_agent
Walgreens,41.798784099706495,-87.74385039977608,pharmacy
Yates Blvd & 75th St,41.75874160034465,-87.56646100037483,bicycle_rental
Stony Island Ave & 75th St,41.75867669986985,-87.58690609963674,bicycle_rental
Jeffery Blvd & 71st St,41.76660280007923,-87.57644079960318,bicycle_rental
South Shore Dr & 74th St,41.762267699994425,-87.55917070016767,bicycle_rental
Phillips Ave & 79th St,41.75181250024673,-87.5652275999737,bicycle_rental
Jeffery Blvd & 76th St,41.757121600281664,-87.57588129988204,bicycle_rental
Rainbow Beach,41.75786890002979,-87.54937600030212,bicycle_rental
Stony Island Ave & South Chicago Ave,41.75116890042449,-87.58534489994713,bicycle_rental
Stony Island Ave & 71st St,41.76646610043025,-87.58646209984602,bicycle_rental
Bennett Ave & 79th St,41.75181179967484,-87.57850750012102,bicycle_rental
Exchange Ave & 79th St,41.75172120017328,-87.55279809965253,bicycle_rental
Phillips Ave & 83rd St,41.74452220003957,-87.56510540009413,bicycle_rental
Wabash Ave & 83rd St,41.74337949986409,-87.62287200004272,bicycle_rental
South Chicago Ave & Elliott Ave,41.747338999894964,-87.5800177001567,bicycle_rental
South Chicago Ave & 83rd St,41.743941300051006,-87.57525489959392,bicycle_rental
Commercial Ave & 83rd St,41.7446098003021,-87.55120450008758,bicycle_rental
Vernon Ave & 79th St,41.750951699761174,-87.6137877996672,bicycle_rental
Wabash Ave & 87th St,41.73667810001433,-87.62271419960058,bicycle_rental
Greenwood Ave & 79th St,41.75128650027182,-87.5974888996929,bicycle_rental
State St & 79th St,41.750779100075476,-87.62444270017045,bicycle_rental
Cottage Grove Ave & 83rd St,41.74344379959172,-87.60485400011197,bicycle_rental
Stony Island Ave & 82nd St,41.74657000040526,-87.58600100034585,bicycle_rental
MLK Jr Dr & 83rd St,41.74310849995737,-87.61479780037814,bicycle_rental
Ellis Ave & 83rd St,41.74411920034089,-87.5990564000328,bicycle_rental
Perry Ave & 69th St,41.769266100050515,-87.62820880009599,bicycle_rental
Vernon Ave & 75th St,41.75835890014321,-87.61414039955974,bicycle_rental
Evans Ave & 75th St,41.758497500059605,-87.6064910998843,bicycle_rental
Cornell Dr & Hayes Dr,41.78070759977595,-87.58604739996747,bicycle_rental
Cottage Grove Ave & 71st St,41.76573590039152,-87.60507060002811,bicycle_rental
Vincennes Ave & 75th St,41.75794770042609,-87.63122009992765,bicycle_rental
Calumet Ave & 71st St,41.76549520044318,-87.61694719985337,bicycle_rental
Woodlawn Ave & 75th St,41.75913890014016,-87.59576950026218,bicycle_rental
Michigan Ave & 71st St,41.765283099835244,-87.62180629982083,bicycle_rental
Cottage Grove Ave & 78th St,41.75317450010317,-87.60502299981158,bicycle_rental
Calumet Ave & 51st St,41.80224710022355,-87.61806820028715,bicycle_rental
Rhodes Ave & 71st St,41.766024199657124,-87.61172470003487,bicycle_rental
Woodlawn Ave & Lake Park Ave,41.8141033996522,-87.59701440029431,bicycle_rental
State St & Pershing Rd,41.82305539968701,-87.62656610024527,bicycle_rental
Prairie Ave & 43rd St,41.816661999651615,-87.6193773002222,bicycle_rental
State St & 76th St,41.756949999742744,-87.62462519959325,bicycle_rental
State St & 54th St,41.79661920041582,-87.62591590029854,bicycle_rental
Dorchester Ave & 49th St,41.80575310002558,-87.59246520040864,bicycle_rental
Chicago Sports,41.787744300159375,-87.7440688999597,clothes
Jesus People Evangelical Covenant Community,41.9657866001715,-87.65316579986171,hostel
Big Shoulders Coffee,41.88560170025829,-87.63455729967961,cafe
Pilot Project Brewing,41.919956000269224,-87.69287549970448,pub
nan,41.75815000022237,-87.61188780018182,comms_tower
Stewart Ave & 63rd Street,41.77982570029587,-87.6348269002412,bicycle_rental
Marshfield Ave & 44th St,41.81400000009995,-87.66664749978224,bicycle_rental
Eggleston Ave & 69th St,41.768907200407,-87.63580719994229,bicycle_rental
Racine Ave & 61st St,41.78318240004779,-87.65437019982483,bicycle_rental
Elizabeth St & 59th St,41.78953799977893,-87.65463609967622,bicycle_rental
Wentworth Ave & 33rd St,41.83452339973519,-87.63181940004523,bicycle_rental
Elizabeth St & 47th St,41.808322400158715,-87.65652270016244,bicycle_rental
Racine Ave & Garfield Blvd,41.79422550010679,-87.65509229966983,bicycle_rental
Halsted St & 63rd St,41.77940760008073,-87.64460670013904,bicycle_rental
Shields Ave & 28th Pl,41.842795300063074,-87.63550020017408,bicycle_rental
May St & 69th St,41.76891340033319,-87.65293499965048,bicycle_rental
Halsted St & 47th Pl,41.80811970016407,-87.64562399974773,bicycle_rental
Loomis St & Archer Ave,41.84165540037645,-87.65745970020498,bicycle_rental
Racine Ave & 65th St,41.77539899976409,-87.65431160000031,bicycle_rental
Halsted St & 69th St,41.76901829995461,-87.64462360019894,bicycle_rental
Ashland Ave & Garfield Blvd,41.79344070042805,-87.66440480014137,bicycle_rental
Seeley Ave & Garfield Blvd,41.794111299696795,-87.67549300030169,bicycle_rental
Throop St & 52nd St,41.799653700058286,-87.65719650011835,bicycle_rental
Union Ave & Root St,41.81912959995111,-87.64329900044845,bicycle_rental
Halsted St & 56th St,41.79303550008831,-87.64503820025271,bicycle_rental
Marshfield Ave & 59th St,41.786794599890925,-87.66614230022691,bicycle_rental
Ashland Ave & 50th St,41.802999400202225,-87.66468919994657,bicycle_rental
Damen Ave & 59th St,41.78604920041033,-87.67418900042202,bicycle_rental
Ashland Ave & 69th St,41.76869740026484,-87.66404660017042,bicycle_rental
Morgan St & Pershing Rd,41.82357840042289,-87.65090810042847,bicycle_rental
Ashland Ave & 66th St,41.77407170024884,-87.6637389996551,bicycle_rental
Damen Ave & 51st St,41.8009069997583,-87.67468359966836,bicycle_rental
Western Blvd & 48th Pl,41.8056455995648,-87.68345069998975,bicycle_rental
Ashland Ave & 63rd St,41.77935100034841,-87.6648990999135,bicycle_rental
Hoyne Ave & 47th St,41.80822680042655,-87.67721039964022,bicycle_rental
Halsted St & 59th St,41.7875931996665,-87.64489550032704,bicycle_rental
Ashland Ave & McDowell Ave,41.8088509002489,-87.66454690021925,bicycle_rental
Wentworth Ave & 35th St,41.830774199869495,-87.63249980012563,bicycle_rental
Carpenter St & 63rd St,41.77989939973759,-87.65093380035455,bicycle_rental
Shields Ave & 31st St,41.83835249986805,-87.63540949994842,bicycle_rental
Racine Ave & 35th St,41.83075719998482,-87.65583340039109,bicycle_rental
Leavitt St & Archer Ave,41.828736800163256,-87.6806539999821,bicycle_rental
Ashland Ave & Pershing Rd,41.82342839980089,-87.66558400020142,bicycle_rental
Wood St & 35th St,41.83010690021331,-87.67030700036776,bicycle_rental
Archer Ave & 37th St,41.82670780012495,-87.6831514002169,bicycle_rental
Ashland Ave & Archer Ave,41.839158400339954,-87.66569640016871,bicycle_rental
Damen Ave & Pershing Rd,41.82319100036443,-87.67668970026943,bicycle_rental
La Colombe Coffee Roasters,41.92463300011292,-87.69894359966736,cafe
Karen Marie Salon,41.9151765001954,-87.68464010016044,beauty_shop
Enterprise,41.91488460004433,-87.68467960018336,car_rental
Pearle Vision,41.89744700007907,-87.66711620035232,optician
East Village Dental,41.89803769997991,-87.66712050001104,dentist
nan,41.90174579992879,-87.6676543996308,optician
Coco Ice Cream,41.90183009967939,-87.66767069984286,cafe
Peanut Park Trattoria,41.869231400408864,-87.66149200035551,restaurant
Jimmy John's,41.878461499598586,-87.62748980021405,fast_food
Journeys,41.87988949980064,-87.62752830019087,shoe_shop
Peet's Coffee,41.88061130017144,-87.6281378004191,cafe
Central Park Ave & 24th St,41.848084900098115,-87.71509459983588,bicycle_rental
Albany Ave & 26th St,41.84451540006569,-87.70216309974722,bicycle_rental
Central Park Blvd & 5th Ave,41.875668299752306,-87.71549320005113,bicycle_rental
Kedzie Ave & 24th St,41.84819539979793,-87.70545349967921,bicycle_rental
Karlov Ave & Madison St,41.88085770002289,-87.72796290006772,bicycle_rental
Washtenaw Ave & Ogden Ave,41.861920899629865,-87.69347999970216,bicycle_rental
Pulaski Rd & Congress Pkwy,41.874321900435405,-87.72587189986825,bicycle_rental
Latrobe Ave & Chicago Ave,41.8947323002555,-87.75689379980895,bicycle_rental
Kostner Ave & Adams St,41.877902400075754,-87.73603420031804,bicycle_rental
Central Park Ave & Ogden Ave,41.85387740012197,-87.71514880017696,bicycle_rental
Kedzie Ave & Harrison St,41.87360689983859,-87.70488329982442,bicycle_rental
Pearle Vision,41.799903299697576,-87.59646120032409,optician
Hyde Park Barber Studio,41.80228400030643,-87.59023010003904,hairdresser
Nicky's Chinese Food,41.7999965000385,-87.59651050025934,restaurant
Uncle Joe's Jerk Chicken,41.80229890027408,-87.58942270039728,restaurant
Hyde Park Hair Salon,41.79984729981311,-87.59061530035581,hairdresser
May St & Cullerton St,41.855182700421324,-87.6541935001299,bicycle_rental
Western Ave & 28th St,41.841397499994684,-87.68508579966988,bicycle_rental
Wood St & Chicago Ave,41.89568470028871,-87.67205890039787,bicycle_rental
Paulina St & North Ave,41.91042370009376,-87.67005880007355,bicycle_rental
Damen Ave & Thomas St (Augusta Blvd),41.9013025996353,-87.67743359968085,bicycle_rental
Wood St & Augusta Blvd,41.89915210028926,-87.67220330004221,bicycle_rental
Leavitt St & Chicago Ave,41.89549330027563,-87.68201039976009,bicycle_rental
Artesian Ave & Hubbard St,41.88950120022025,-87.6881665001838,bicycle_rental
Leavitt St & Division St,41.903005699753294,-87.68377469964264,bicycle_rental
Smith Park,41.89201379989697,-87.68940959977317,bicycle_rental
Honore St & Division St,41.90313640002489,-87.67389760029397,bicycle_rental
Western Ave & Walton St,41.898424900388875,-87.68660669983927,bicycle_rental
Brown Bag Seafood Co.,41.87975060040992,-87.63053059960743,fast_food
Sip and Savor,41.983787799867116,-87.65786980005117,cafe
Walgreens,41.931525700150985,-87.69796859967113,pharmacy
nan,41.978620299886984,-87.75552150001715,shelter
Elizabeth St & Fulton St,41.886829600405804,-87.65898080002387,bicycle_rental
Loomis St & Lexington St,41.87216520026385,-87.6614337000052,bicycle_rental
Malcolm X College,41.87760859965721,-87.67390950012327,bicycle_rental
Damen Ave & Walnut St,41.885937200441504,-87.67702929956249,bicycle_rental
Aberdeen St & Monroe St,41.88041930031051,-87.65563950026268,bicycle_rental
Western Ave & Monroe St,41.87980470002691,-87.68606210008579,bicycle_rental
Racine Ave & Randolph St,41.88406690016734,-87.65695260038217,bicycle_rental
Racine Ave & Washington Blvd,41.88306039961782,-87.65709950014178,bicycle_rental
Desplaines St & Jackson Blvd,41.87814469991804,-87.64389400000806,bicycle_rental
Desplaines St & Randolph St,41.88461690034973,-87.64450429973363,bicycle_rental
Throop St & Taylor St,41.8687973003552,-87.65910419959908,bicycle_rental
Halsted St & Roosevelt Rd,41.867385399816385,-87.64864859965309,bicycle_rental
Ogden Ave & Roosevelt Rd,41.866522600137955,-87.68454400040525,bicycle_rental
Clinton St & Polk St,41.87143240028507,-87.64095820006082,bicycle_rental
Aberdeen St & Randolph St,41.88413189956759,-87.65425669998666,bicycle_rental
Canal St & Taylor St,41.87016769987952,-87.6394746001726,bicycle_rental
Paulina St & Flournoy St,41.87299030036212,-87.6691563996481,bicycle_rental
Western Ave & Fillmore St,41.868605099945455,-87.68622840002058,bicycle_rental
Western Ave & Congress Pkwy,41.87462680028665,-87.6864207002551,bicycle_rental
Seoul Taco,41.79133519955985,-87.59394239982186,restaurant
nan,41.95423290012832,-87.74720139962483,waste_basket
nan,41.953755399692,-87.7471710996665,waste_basket
nan,41.953780999793366,-87.74745660024189,bench
nan,41.95713809974359,-87.747603699651,post_box
Wood St & Hubbard St,41.88988670001123,-87.6715121998281,bicycle_rental
Damen Ave & Foster Ave,41.975607199612625,-87.67945670016655,bicycle_rental
Campbell Ave & Montrose Ave,41.96154549992491,-87.69118349991857,bicycle_rental
Lincoln Ave & Winona St,41.97490370044545,-87.69273500041987,bicycle_rental
Winchester Ave & Balmoral Ave,41.9798011996657,-87.67763879979071,bicycle_rental
Hoyne Ave & Balmoral Ave,41.97990310004809,-87.68192710005559,bicycle_rental
Lincoln Ave & Sunnyside Ave,41.963023599559506,-87.68479750040427,bicycle_rental
Washtenaw Ave & Lawrence Ave,41.96873570019244,-87.69616269984868,bicycle_rental
Francisco Ave & Foster Ave,41.975596899677214,-87.70143399957936,bicycle_rental
Ella Labagh,41.978709699692956,-87.74565769984292,memorial
CVS Pharmacy,41.86837500030606,-87.63130439967824,pharmacy
Starbucks,41.86838430019537,-87.63103029980846,cafe
Rustle & Roux,41.87994029980507,-87.63472609972968,food_court
Mr. Captain Hook,41.8151438001463,-87.60618210002389,fast_food
Just Turkey Grill,41.815217799961545,-87.60618610020833,fast_food
Tony's Stop & Save,41.815326799592185,-87.6061887999731,convenience
Self-Help Federal Credit Union,41.73642600025977,-87.60803100003056,bank
North Overlook,41.89242420011681,-87.60076710032138,viewpoint
nan,41.8911528995867,-87.60459740014988,bench
nan,41.891205500033834,-87.60107770007573,bench
nan,41.891144999941844,-87.60502569957634,bench
nan,41.89113150021859,-87.60532739963975,bench
nan,41.891153199960286,-87.60409309991661,bench
nan,41.891167699729635,-87.6031137004369,bench
nan,41.8911828002461,-87.60211070004874,bench
nan,41.89119139956347,-87.60144489956241,bench
nan,41.89110209958227,-87.60698989986395,bench
nan,41.89110180010806,-87.60712399957288,bench
nan,41.89109290041705,-87.60779990034507,bench
nan,41.89108959990517,-87.60793619979574,bench
Financial Pl & Ida B Wells Dr,41.87497539999475,-87.6331090998051,bicycle_rental
Federal St & Polk St,41.87210859963221,-87.62956900040899,bicycle_rental
Wabash Ave & Cermak Rd,41.852637899619424,-87.62650200016714,bicycle_rental
Calumet Ave & 21st St,41.854047800065985,-87.61915450037986,bicycle_rental
Wabash Ave & 16th St,41.86038050035984,-87.62578729994391,bicycle_rental
Wells St & Elm St,41.90324679989993,-87.63432789971279,bicycle_rental
Rush St & Hubbard St,41.89016639995947,-87.6260843001503,bicycle_rental
Rush St & Cedar St,41.90231530011107,-87.62767849956305,bicycle_rental
Franklin St & Illinois St,41.89105200014973,-87.63548270026638,bicycle_rental
Halsted St & North Branch St,41.899350200251604,-87.64846829997202,bicycle_rental
Rush St & Superior St,41.89577029955973,-87.6261969995918,bicycle_rental
Ritchie Ct & Banks St,41.90686109966009,-87.6262203001267,bicycle_rental
Dearborn St & Erie St,41.89399480041976,-87.62936890035445,bicycle_rental
Larrabee St & Oak St,41.90024849976851,-87.64300880001605,bicycle_rental
Orleans St & Chestnut St (NEXT Apts),41.898192799757965,-87.63755690023072,bicycle_rental
Cherry St & Blackhawk St,41.907211800184484,-87.65567169958922,bicycle_rental
Howard Brown Health,41.79493139956452,-87.58805299964615,clinic
Walgreens,41.99993090039078,-87.67146160037254,pharmacy
Howard Brown Health 63rd Street,41.779483000140374,-87.64128169969064,clinic
Howard Brown Health Diversey,41.93313040004796,-87.63990460021711,clinic
Walgreens Healthcare Clinic,41.955300200244096,-87.65429820010183,doctors
Howard Brown Health at TPAN,41.98282890043345,-87.6598017002882,clinic
Bestcom Wireless,41.99285699955095,-87.66060049971327,mobile_phone_shop
Starbucks,41.874663900019016,-87.62895440012545,cafe
Potbelly,41.87480369963106,-87.62938409979631,fast_food
Damen Ave & Clybourn Ave,41.931863599725375,-87.67778359963336,bicycle_rental
Shooting the Stars,41.94563530042882,-87.69035260009241,artwork
Ramo I. Zenkich Memorial,41.94563070039658,-87.69118290007077,memorial
nan,41.94572079987506,-87.69159220041968,swimming_pool
Riverview,41.93971150028557,-87.68920960044267,artwork
Leavitt St & Addison St,41.946631099945364,-87.68334249985645,bicycle_rental
Oakley Ave & Irving Park Rd,41.95427910010045,-87.6861190001917,bicycle_rental
Talman Ave & Addison St,41.946650400295766,-87.69463569957782,bicycle_rental
Western Ave & Roscoe St,41.9430403003696,-87.68735830014538,bicycle_rental
Leavitt St & Belmont Ave,41.93934270000568,-87.68327310007345,bicycle_rental
Lincoln Ave & Waveland Ave,41.948801600213756,-87.67523409987376,bicycle_rental
Wolcott (Ravenswood) Ave & Montrose Ave,41.96142449974093,-87.67621980000371,bicycle_rental
Anto Pizza & Pasta Chicago,42.015884000246444,-87.66987979991279,restaurant
Get A Grip Trapeze School,41.97694079977816,-87.64748929979129,sports_shop
Tzuco,41.89551170040471,-87.62849560019174,restaurant
nan,41.87510219990668,-87.63460480007143,bench
Oscar O. D'Angelo Park,41.874651299617824,-87.63490020038392,memorial
nan,41.8759361996959,-87.6354562997684,bench
nan,41.87593220041077,-87.63552740016934,bench
nan,41.87592069988045,-87.63558969980477,bench
nan,41.87603319967246,-87.63594839979879,bench
nan,41.876044600378066,-87.63591659977124,bench
nan,41.87603619981081,-87.63588820008033,bench
nan,41.87619999963033,-87.6348915003424,bench
nan,41.87616969967195,-87.63478039989548,bench
nan,41.876203300142265,-87.63491310025933,waste_basket
nan,41.87620580025754,-87.63461929984078,bench
nan,41.876272799749984,-87.63458270013149,bench
nan,41.87638750018306,-87.63489980018556,bench
nan,41.87638600011388,-87.63478649999695,bench
nan,41.87637270004012,-87.63466749990516,bench
Gifts R Us,41.85226700032189,-87.63214830010395,gift_shop
China Tours and Travel,41.852644300094425,-87.63287369956157,travel_agent
Ka Oriental Gift,41.85264470029273,-87.6328317003227,gift_shop
nan,41.958372699840254,-87.78842839965091,swimming_pool
BP Shop,41.96048520013193,-87.78642420021663,convenience
Grace Trading,41.85181350009299,-87.6321272002101,gift_shop
Sheeba Mandi House,41.975909700072634,-87.71553520018932,restaurant
Ban Po Jung,41.975911700164886,-87.71560490034585,restaurant
Jibek Jolu,41.973132099866575,-87.69128209978902,restaurant
Michael Jordan,41.880704799986574,-87.67308249975753,artwork
Madhouse Team Store,41.88107830012348,-87.67277130015532,clothes
Mad West & Atrium Bar,41.880794699815624,-87.6727821001138,bar
Queenie's Supper Club,41.88051909987661,-87.67273109956056,restaurant
"Stanislaw ""Stan"" Mikita",41.88123940017823,-87.67327329992281,artwork
"Robert Marvin ""Bobby"" Hull",41.8812107001138,-87.6732316001582,artwork
Jack Brickhouse,41.8898887999282,-87.6238654999928,artwork
Black Tiberinus,41.88603340002146,-87.63718890034744,artwork
Sweet Home Gelato,41.88704759966703,-87.63323470002138,restaurant
Beat Kitchen,41.88849450002124,-87.62482769993835,restaurant
U.S. Navy Submarine Memorial,41.88798499990787,-87.61799330025059,memorial
Weather Station,41.88854329993342,-87.62389050024638,artwork
nan,41.89029150015267,-87.61019020031745,picnic_site
nan,41.890346800364625,-87.60994330044292,picnic_site
nan,41.89039140044281,-87.60984769981144,picnic_site
nan,41.89051549969059,-87.60970950009335,picnic_site
nan,41.8905738000409,-87.60972569958136,picnic_site
First Northern Credit Union,41.88108419967614,-87.63490590028704,bank
Osito's Tap,41.844600100014645,-87.71828770031709,bar
Two Mile Coffee Bar. Co,41.72141189963952,-87.6673232998304,cafe
Billy Goat Tavern & Grill,41.891296499733755,-87.604977600236,bar
nan,41.891264800430235,-87.6016684998014,bench
nan,41.89126090007056,-87.60202609992456,bench
nan,41.89123400044883,-87.6045097998873,bench
nan,41.89122559988158,-87.60494599985799,bench
nan,41.891221099674055,-87.60511899974199,bench
nan,41.89148040030028,-87.59890509989043,viewpoint
nan,41.89223640008987,-87.5989240998673,viewpoint
nan,41.8911114003709,-87.60732170023624,tourist_info
nan,41.89120180022297,-87.60119870025977,tourist_info
nan,41.8911478004307,-87.60495379967807,tourist_info
nan,41.891102399955855,-87.60818990034358,tourist_info
nan,41.89121589979402,-87.60944820027419,bench
nan,41.891214899747865,-87.60937240001618,bench
nan,41.89121839990929,-87.60907470013728,bench
nan,41.89108160043554,-87.60914440029381,bench
nan,41.891080600389444,-87.60922019965244,bench
nan,41.891080100366366,-87.60929530023787,bench
nan,41.891079600343346,-87.60936570006697,bench
nan,41.89107810027417,-87.60943809998827,bench
nan,41.891088599859074,-87.60870250042001,bench
nan,41.891091099974346,-87.60855630033296,bench
nan,41.89109059995127,-87.6086300995994,bench
nan,41.89109260004352,-87.60848460008418,bench
nan,41.891094600135716,-87.608411499591,bench
nan,41.891222900116816,-87.60879369976936,bench
nan,41.89122440018599,-87.6087078999496,bench
nan,41.89122540023209,-87.6085663997195,bench
nan,41.89123089958639,-87.60848860026863,bench
nan,41.89123189963249,-87.60841549977545,bench
nan,41.89112859990502,-87.60638210025371,bench
nan,41.891131600043366,-87.60629030015718,bench
nan,41.89113360013562,-87.60621449989924,bench
nan,41.89113410015864,-87.60614879992715,bench
nan,41.891163599720414,-87.60389640019866,bench
nan,41.89116559981261,-87.60380860028664,bench
nan,41.89203920034885,-87.60928019972141,bench
nan,41.89238300037522,-87.60087550010422,bench
nan,41.89240350042127,-87.6008072001921,bench
nan,41.89240250037517,-87.60072610022928,bench
nan,41.89238549959117,-87.60066639963458,bench
nan,41.89234760036152,-87.6006529997361,bench
nan,41.89231469956377,-87.6006523998883,bench
nan,41.89227769965618,-87.60064899955165,bench
South Overlook,41.89111029960071,-87.60074250026616,viewpoint
nan,41.891710300290185,-87.60980449997766,bench
nan,41.89165579957552,-87.60980039996844,bench
nan,41.89285100037341,-87.60989310028629,bench
nan,41.89278450000472,-87.60989229988968,bench
nan,41.89271920023094,-87.60989000032322,bench
nan,41.89263949961327,-87.60988919992661,bench
nan,41.89255240027313,-87.60988619978826,bench
nan,41.89247330040257,-87.60988380039703,bench
Clark St & Newport Ave,41.9445348998658,-87.65476420000778,bicycle_rental
Sheffield Ave & Waveland Ave,41.94918910009693,-87.6544670001519,bicycle_rental
Pine Grove Ave & Waveland Ave,41.949401500179135,-87.6463831003997,bicycle_rental
Broadway & Waveland Ave,41.949066900217304,-87.64862000031275,bicycle_rental
Clark St & Grace St,41.950871700168875,-87.65917999985709,bicycle_rental
We All Come Together as One,41.73179799997774,-87.55100189991771,artwork
La Jerezana,41.73025609973928,-87.55025179968078,supermarket
The Mural @ 91st & Commercial,41.729970100040134,-87.55061070022361,artwork
Dunkin',41.72990170030329,-87.55190619971131,fast_food
Subway,41.72984020016514,-87.55190390014485,fast_food
South Chicago Coin Laundry,41.729705399884324,-87.55191060009406,laundry
Chase,41.72891469975366,-87.55143030006826,bank
Cricket Wireless,41.729034000218974,-87.55141430022974,mobile_phone_shop
Tropical Optical,41.72895950038071,-87.55104940030952,optician
Venus Fashions,41.728681599975914,-87.55103410014357,clothes
B M Jewelry,41.72861370026209,-87.55103019978384,jeweller
City Sports,41.72843880011061,-87.55101229967784,sports_shop
Attock Submarine,41.728403499921626,-87.55087269971528,fast_food
Family Dental Care,41.728113699687526,-87.55063869971616,dentist
Gel Nails,41.728399399912405,-87.55030369955603,beauty_shop
Fifth Third Bank,41.72809090007502,-87.55044829974918,atm
Safari Cafe,41.92418619983329,-87.63442520006288,cafe
The Dandy Crown,41.89421179963489,-87.6525504999056,bar
Lakefront Trail & Wilson Ave,41.967024999903856,-87.64311020037542,bicycle_rental
Winthrop Ave & Lawrence Ave,41.96889730027027,-87.65769559957221,bicycle_rental
Marine Dr & Ainslie St,41.97162010028745,-87.65010980012715,bicycle_rental
Lakefront Trail & Bryn Mawr Ave,41.98404260028582,-87.65230340038158,bicycle_rental
Clark St & Bryn Mawr Ave,41.98357350041675,-87.66917069976796,bicycle_rental
Clark St & Elmdale Ave,41.990427199555654,-87.66984220015735,bicycle_rental
Clark St & Berwyn Ave,41.977966599778824,-87.66888520009189,bicycle_rental
Broadway & Granville Ave,41.99482310010603,-87.66028119991739,bicycle_rental
Broadway & Thorndale Ave,41.989740399899574,-87.6601138999365,bicycle_rental
The Encompassing Center,41.873552700396885,-87.7018403996147,clinic
Eadie Levy's Landmark Café,41.92191360043239,-87.63424839964387,cafe
nan,41.92319679989248,-87.63346190024646,viewpoint
Charlie Haffner Kugel Fountain,41.923177399717304,-87.63364150025501,artwork
nan,41.91633789997417,-87.63278739971867,bench
nan,41.91651809983051,-87.63228480010338,bench
The Dial Boomshop,41.87645739998908,-87.6246625996992,bookshop
Diving Platform,41.95505450006516,-87.76293960018239,sports_centre
Little Caesars,41.95354949990957,-87.76750470008182,fast_food
Portage Grounds,41.95301570011452,-87.76475899972803,cafe
nan,41.91797670036448,-87.6326680003279,bench
nan,41.91763350018596,-87.63163810031801,bench
Carlson Cottage,41.91857649960582,-87.6341096999027,memorial
nan,41.921814600363575,-87.63261010017595,bench
nan,41.921838800220485,-87.63249210013026,atm
Rites of Spring,41.91926249976461,-87.63307340031713,artwork
Karkar Food,41.670270699633136,-87.6222289002435,convenience
J&B Liquors,41.67088329982448,-87.62046890001966,beverages
John Caldwell Meeker,41.92098299996553,-87.63370210017177,memorial
nan,41.92051549999036,-87.63395689969116,bench
nan,41.92050300031326,-87.63416810007772,bench
nan,41.92061960011449,-87.63370930014406,bench
nan,41.92047890028107,-87.63393240035992,bench
nan,41.920591400073135,-87.6336837000427,bench
Reva Logan Gardens,41.91977030015926,-87.63390649988503,memorial
nan,41.920244599908415,-87.63271049958985,viewpoint
nan,41.92246220037032,-87.63405739982909,viewpoint
nan,41.923947699626694,-87.63380089969172,viewpoint
nan,41.923569299983285,-87.63324690022421,viewpoint
Ventra,41.89225299977619,-87.60990490029087,vending_any
Ventra,41.79151660001111,-87.5831945004258,vending_any
Ventra,41.88551889967755,-87.64237950031367,vending_any
Ventra,41.88271329997889,-87.64078949983553,vending_any
Ventra,41.87872819984659,-87.63904479977765,vending_any
nan,41.92213009962444,-87.63392010033232,bench
South Deering Food Mart,41.702647699831516,-87.55986099998512,supermarket
Gusi's Pizza,41.7025528995967,-87.55985430003591,restaurant
Calumet Bark,41.71783809994838,-87.5287945997909,dog_park
nan,41.92010399989971,-87.6334526003572,viewpoint
nan,41.920700700077305,-87.63316890022452,artwork
nan,41.92116400021848,-87.63226420023261,bench
nan,41.92111919959143,-87.63226120009426,bench
nan,41.92107150044944,-87.63388759973293,viewpoint
nan,41.91985259981766,-87.63197380015072,viewpoint
nan,41.91996919961895,-87.63241229968787,viewpoint
Honorary Consulate of the Republic of Latvia,41.88538739990861,-87.63650889956602,embassy
South African Consulate-General,41.879298700075026,-87.62511559990497,embassy
Consulate General of the Arab Republic of Egypt in Chicago,41.88556130001405,-87.62507170039862,embassy
Consulate General of Denmark,41.89858920023147,-87.62337039982407,embassy
Honorary Consulate General of the Republic of Austria,41.886053800242735,-87.63196360004008,embassy
Consulate General of Hungary,41.88761309966486,-87.62040239965097,embassy
Consulate General of the Republic of Bulgaria in Chicago,41.896107799835136,-87.62382850008515,embassy
Consulate General of the Philippines,41.88009739967532,-87.62481410039038,embassy
Consulate General of the Bolivarian Republic of Venezuela,41.88287730034716,-87.63730600017175,embassy
nan,41.968533400396154,-87.73088370022253,atm
bb.q Chicken,41.98355410024158,-87.65824590012818,restaurant
nan,41.92320399986477,-87.63364279977537,viewpoint
nan,41.923697699789045,-87.633724999609,viewpoint
nan,41.924095299958196,-87.63367369958155,viewpoint
nan,41.92388110033255,-87.6333941003574,viewpoint
nan,41.923362800353004,-87.63398120027216,viewpoint
Dwarf Crocodile,41.92294770027621,-87.63398819969564,attraction
Klipspringer,41.923276299961344,-87.63409670020252,attraction
Binny's Beverage Depot,41.953148000280066,-87.75013919966432,beverages
Simon Tacos,41.95867129994059,-87.75227520014033,restaurant
nan,41.86991619997269,-87.6163380998234,bench
nan,41.87122629995383,-87.6163666002384,bench
nan,41.87264960029887,-87.61639430025673,bench
nan,41.874478500282635,-87.61635709980027,bench
nan,41.87660720006227,-87.61640739978162,bench
nan,41.877566100395256,-87.61642910042264,bench
nan,41.879941200026394,-87.61656770033909,waste_basket
nan,41.87897060041291,-87.61655020043139,bench
nan,41.878318900397005,-87.61674120024617,artwork
Magma,41.87448940006584,-87.61680109959104,artwork
nan,41.86865310036035,-87.61640539968943,artwork
nan,41.87729129995358,-87.61931549971052,drinking_water
nan,41.87428930001124,-87.6192475999967,drinking_water
nan,41.874290600430925,-87.6186184999438,drinking_water
nan,41.87477229980186,-87.61918240004769,drinking_water
nan,41.87681140012609,-87.6192414000705,drinking_water
nan,41.87481909962179,-87.62398669982628,bench
nan,41.875009799962356,-87.62395270005703,bench
nan,41.87718409986638,-87.62178419988089,monument
nan,41.877190500341385,-87.62131209987348,monument
nan,41.8751780999894,-87.62167439985365,artwork
nan,41.8751780999894,-87.62128870041317,artwork
nan,41.88270509996045,-87.61933639995488,waste_basket
nan,41.88299929967798,-87.61943299973314,waste_basket
nan,41.88323419989848,-87.61941749991763,waste_basket
nan,41.88310570026789,-87.61918640023214,waste_basket
nan,41.88382460032511,-87.61956930008307,waste_basket
nan,41.881893200111165,-87.61921830008447,bench
nan,41.881685999908996,-87.61894229994715,bench
nan,41.88172020022711,-87.61858219970873,bench
nan,41.88187010012507,-87.61856300008236,bench
nan,41.88199570034135,-87.61872219986958,bench
nan,41.88345630006825,-87.61945790016193,waste_basket
nan,41.88373130015941,-87.61920779960025,waste_basket
nan,41.88299319957656,-87.61899750033433,waste_basket
nan,41.88300040044817,-87.618284400005,waste_basket
nan,41.8831405004338,-87.61786200013114,waste_basket
nan,41.88288989984903,-87.61768790037627,waste_basket
nan,41.88265370010822,-87.61784429967463,waste_basket
nan,41.882093800188784,-87.61795039989101,waste_basket
nan,41.88203520036427,-87.61860610009143,waste_basket
nan,41.88160099958651,-87.61826230006506,waste_basket
nan,41.8820391996494,-87.61892420019166,waste_basket
nan,41.88181350039281,-87.61979900042348,waste_basket
nan,41.88280190028752,-87.61786560011734,waste_basket
nan,41.8820574999537,-87.61872079962518,bench
nan,41.88222849974551,-87.61887819986902,bench
nan,41.882231999906935,-87.61871549992037,bench
nan,41.882407699555756,-87.61874639972655,bench
nan,41.88232089968983,-87.61857790005001,bench
nan,41.88224630002679,-87.61848290016565,bench
nan,41.88226670024807,-87.61839839986624,bench
nan,41.8822471004234,-87.61861179999454,bench
nan,41.88215950016087,-87.61864090025728,bench
nan,41.88212860035469,-87.61865900001283,bench
nan,41.88223280030354,-87.61874179969425,bench
nan,41.88189379995896,-87.61884439974921,bench
nan,41.88181089955344,-87.61894759965196,bench
nan,41.881788799613446,-87.61916740025526,bench
nan,41.88189770031869,-87.61800830004296,bench
nan,41.88209480023488,-87.61832430022622,bench
nan,41.88218360019306,-87.61825229960391,waste_basket
nan,41.88220320001773,-87.61819119966407,fountain
nan,41.882212499906984,-87.61815800029143,fountain
nan,41.882227200225145,-87.61817469980252,fountain
nan,41.88265530000217,-87.62134339987796,toilet
nan,41.88263899979006,-87.62240080025668,toilet
nan,41.881219099781674,-87.62118839992468,bench
nan,41.881406999633384,-87.62119590027055,bench
nan,41.881685800259504,-87.62209440033627,bench
nan,41.881698399761376,-87.62175980037443,bench
nan,41.88143950023283,-87.62220559970865,bench
nan,41.881777100332954,-87.62253260039915,bench
nan,41.88175710030998,-87.6224823004178,bench
nan,41.88171389957688,-87.62247880025637,bench
nan,41.881722999816645,-87.62253160035306,bench
Park to Shop Supermarket,41.971139599712785,-87.65905450036485,supermarket
nan,41.880683200069655,-87.6240497000336,bench
nan,41.880685200161906,-87.62387720017261,bench
nan,41.88068720025416,-87.62370949999337,bench
nan,41.880567700139295,-87.623867500085,bench
nan,41.88056489965044,-87.62375510011776,bench
nan,41.88056589969659,-87.62362659958785,bench
nan,41.88047130001053,-87.62400529960485,bench
nan,41.880277899905195,-87.62400130031972,bench
nan,41.88022099979935,-87.62351299992497,bench
nan,41.88028600009886,-87.62351440016937,bench
nan,41.880359499891085,-87.62351509984194,bench
Cubi VII,41.88048400023649,-87.62380309963328,artwork
nan,41.87894400026545,-87.62393069994181,bench
nan,41.87886019963855,-87.62392759997874,bench
nan,41.878736899888054,-87.6239245998404,bench
nan,41.878576500405245,-87.62391949978507,bench
nan,41.87865210011438,-87.62392359979424,bench
nan,41.8784746000228,-87.62375779988253,bench
nan,41.87847329960317,-87.62366089973068,bench
nan,41.878474199824495,-87.62356170001243,bench
Addison St & Kedvale Ave,41.94625080003442,-87.73105119985297,bicycle_rental
Panera Bread,41.925594500385955,-87.67723990010126,fast_food
nan,41.87775849955517,-87.62375489956895,bench
nan,41.87775729985958,-87.62354439975422,bench
nan,41.87756050031686,-87.62375159995634,bench
nan,41.87756510034916,-87.62354210018776,bench
nan,41.877489999763725,-87.62353900022464,bench
nan,41.8774814004463,-87.62374620042675,bench
nan,41.877398199667255,-87.62374549985492,bench
nan,41.87740340044661,-87.62353750015546,bench
nan,41.87728819999052,-87.62363679969849,bench
nan,41.877956399868026,-87.62369300013182,bench
nan,41.877956899891046,-87.62361590035346,bench
Relish Chicago Hot Dogs,41.878085199872146,-87.6239831996649,fast_food
nan,41.877258099681626,-87.62360680011369,bench
nan,41.877228299746264,-87.62363309988763,bench
nan,41.87725890007823,-87.62366310037174,bench
Tân-Thanh Gift Shop,41.973134199783544,-87.65918700017988,gift_shop
Vietnam,41.97308460037408,-87.65706079961615,artwork
Lucks Food,41.9731613997788,-87.65817340038211,bakery
Kim Hing Jewelry,41.97340609991164,-87.6575470999187,jeweller
Heng Heng Jewelry,41.97340700013302,-87.65740669955949,jeweller
Hon Kee Restaurant,41.973411799814755,-87.65727800027946,restaurant
Kim Long,41.97341029974558,-87.65714169992947,jeweller
nan,41.97341289968563,-87.65719580044578,doctors
Lau Medical,41.97338910002702,-87.65800229986621,doctors
J&A Convenience Store,41.97338850017917,-87.65819379970407,convenience
Phở Loan,41.973381700405184,-87.6583821995788,restaurant
Thai Pastry Cafe and Restaurant,41.97316000043372,-87.65831830004947,restaurant
Mini Thương Xá,41.9730497003834,-87.6575316001032,clinic
Phở 777,41.9731205004108,-87.65741450027895,restaurant
Double Happiness,41.97312549974208,-87.65733989971659,restaurant
Mini Thương Xá,41.97312189975594,-87.65757010008002,pharmacy
Phnom Penh Jewelry,41.97341549962567,-87.65678850018912,jeweller
Chinese Lanterns,41.973418899962326,-87.6567029998435,restaurant
Đức Hùng Video,41.973451600211206,-87.6560995997167,video_shop
Cafe Hoang,41.97347949987909,-87.65601370007215,restaurant
Bosnian Herzogovinian American Community Center,41.97352739956989,-87.65575610006391,community_centre
Dollar Depot,41.97315850036455,-87.65574549975497,gift_shop
New Chinatown Restaurant & Coffee Shop,41.973156500272296,-87.65580580019747,restaurant
Phở Xe Lửa,41.97316239982496,-87.65587679987436,restaurant
Hoang Kim Jewelry,41.973166400009404,-87.6560173000583,jeweller
Miss Saigon,41.97314199960363,-87.65894709972883,restaurant
Argyle Store,41.97314029988496,-87.65900590010216,convenience
Phở 888,41.973133500110976,-87.65925460041944,restaurant
Salon M,41.97312859970515,-87.65728739999349,hairdresser
Hon Kee Restaurant,41.97365359963396,-87.65753860042605,restaurant
Hải Yến,41.97313150001878,-87.65712219992952,restaurant
nan,41.973400999856324,-87.65579379964407,artwork
Hong Hiep Mobile,41.973377999695,-87.6589628000931,mobile_phone_shop
Uni Uni,41.97337420005931,-87.6590499003326,cafe
nan,41.97337560030377,-87.65941730036809,dentist
Spa Nail Supply,41.97337160011932,-87.65956429995242,beauty_shop
nan,41.97317750034142,-87.65996790039827,artwork
Twin Beauty Salon,41.972864199922924,-87.66004510000135,beauty_shop
New Stars #3,41.97294000018093,-87.66007330004271,furniture_shop
Immm,41.97303219957638,-87.65954859958816,restaurant
Tiny,41.97295030011634,-87.65949790030783,beauty_shop
Kim Video,41.972906000411626,-87.6594985999804,video_shop
Queen,41.97267410032953,-87.65949600004035,beauty_shop
Thai Pastry Restaurant,41.972246100377276,-87.65947059958847,restaurant
Helen’s Beauty Salon,41.97231090012798,-87.65947600001738,beauty_shop
Lê’s Phở,41.97238270020148,-87.65948670015104,restaurant
nan,41.86767579989828,-87.62345669966692,bench
nan,41.867679300059706,-87.62332800038689,bench
nan,41.86767830001361,-87.62321129986157,bench
nan,41.86670199959764,-87.60836889960501,drinking_water
nan,41.86673810018323,-87.60737820014378,viewpoint
Soundings Cafe,41.86808810038559,-87.61341040006988,cafe
Dolphin,41.867918999961944,-87.6130245000806,attraction
Beluga,41.8673317003977,-87.61300309981317,attraction
Sea Lion,41.867417600042245,-87.61322570000601,attraction
Sea Otter,41.867863299551686,-87.61320340041658,attraction
Penguins,41.86759920014305,-87.61320329969249,attraction
nan,41.86502010009758,-87.60774129962124,bench
nan,41.86503919989923,-87.60783359974079,bench
nan,41.865097000226456,-87.60788260020178,bench
nan,41.86522180004607,-87.60772849957056,bench
nan,41.86519400020302,-87.60765139979225,bench
nan,41.86512659961295,-87.60761120009676,bench
Subway,41.87985540020662,-87.77443490005055,fast_food
nan,41.86106589977152,-87.61361889979236,bench
nan,41.861280100296426,-87.61389229998963,bench
nan,41.86194890002179,-87.61382409990227,bench
Chicago Police Memorial,41.861685600110434,-87.61394900044598,memorial
nan,41.862680100106616,-87.61423900032958,bench
nan,41.86290339997197,-87.61400729989691,bench
nan,41.86327049963393,-87.61418110017757,bench
nan,41.86360809973405,-87.61395749993864,bench
nan,41.86399480012,-87.61406210008579,bench
nan,41.86439219974028,-87.61377959964875,bench
nan,41.86218829955044,-87.61421240018211,bench
Two Wheel Tacos,41.95062549996692,-87.64308589979441,restaurant
Geography Earth,41.86460860000693,-87.61456750018993,artwork
nan,41.862901300055,-87.61524750007203,bench
Old National Bank,41.98615049964587,-87.83875759998324,bank
Outback Steakhouse,41.985113600212514,-87.8296885999489,restaurant
nan,41.85978359963349,-87.61408620011798,bench
nan,41.860162500199294,-87.61478989983397,bench
Shokran,41.95348029977606,-87.72882209976007,restaurant
nan,41.8869474997274,-87.61305980026953,picnic_site
nan,41.88743050041734,-87.61290089995651,picnic_site
nan,41.88645570007054,-87.618302300111,bench
nan,41.886450099992146,-87.61865809979145,bench
nan,41.886266999822226,-87.61904730029266,bench
nan,41.885583899977064,-87.61865459963002,bench
nan,41.8855931000416,-87.61823340035113,bench
nan,41.88559050010156,-87.61792550036154,bench
nan,41.885602999778655,-87.61692130027774,bench
nan,41.8856055997187,-87.61655850027455,bench
nan,41.88646659985375,-87.61696600018075,bench
nan,41.88645899968316,-87.61792600038456,bench
Whole Foods Market,41.99062640028819,-87.74870830004795,supermarket
Gordon's Norwood Park Ace Hardware,41.98851459966909,-87.7916427996754,doityourself
Bank of America,41.976077099878296,-87.80741919983615,bank
Oriole Park Ace Hardware,41.975815800059195,-87.80841429968012,doityourself
Starbucks,41.98988099990828,-87.73393400005403,cafe
Chase,41.9894959003156,-87.73362130038265,bank
nan,41.886163100246904,-87.64708039964069,vending_parking
nan,41.85108630019266,-87.61863959983765,bench
nan,41.85110919962989,-87.61853289977347,bench
nan,41.8511309002709,-87.61843210016127,bench
nan,41.85115450028002,-87.61832199976044,bench
nan,41.8511773997173,-87.61821540042035,bench
Hexe Coffee Co.,41.9325285998151,-87.67894529978571,cafe
McDonald's,41.85203529988922,-87.6158576001481,fast_food
Connie's Pizza,41.85220049995314,-87.6150426003357,fast_food
22nd Street Cafe,41.85207529993522,-87.61499130030825,cafe
Bella Bianca,41.90197100006168,-87.6289642998625,clothes
Snakes & Lattes,41.917421799776264,-87.68797260005539,cafe
nan,41.840439800256604,-87.60786100028491,artwork
Caracol,41.846138599916515,-87.6089430996443,artwork
BP Shop,41.70782480007449,-87.56004140039028,convenience
Dunkin',41.99763040042268,-87.80821039998995,fast_food
Uncharted Books,41.92934899995646,-87.70810499964597,bookshop
The Old Plank,41.930230099939195,-87.70954239956205,restaurant
Little Caesars,41.75177390044519,-87.55340549996379,fast_food
Citi Trends,41.75728149974145,-87.58762599974006,clothes
Rent-A-Center,41.76553209962674,-87.57363889971543,furniture_shop
Subway,41.76512569959141,-87.57586820035715,fast_food
Domino's,41.76512280017715,-87.57598859979402,fast_food
Metro by T-Mobile,41.76539869959038,-87.57647549994431,mobile_phone_shop
Chase,41.76571080031323,-87.57363240031498,bank
Cricket Wireless,41.76587279968999,-87.57364049960933,mobile_phone_shop
Metro by T-Mobile,41.761176100196906,-87.58662190038035,mobile_phone_shop
Metro by T-Mobile,41.75938220002854,-87.5607482998941,mobile_phone_shop
Bank of America,41.74199299977715,-87.58603900029959,atm
Stony Sub,41.74126250026421,-87.58609529965833,fast_food
Metra,41.68564140033044,-87.61233179997254,vending_any
South Shore Line,41.88424559995451,-87.62310869980661,vending_any
Metra,41.876992500203755,-87.62312609988959,vending_any
Metra,41.88443139988925,-87.62372959984111,vending_any
South Shore Line,41.79166070018124,-87.58793389972965,vending_any
Ventra,41.884419400235174,-87.62377920014995,vending_any
Metra,41.80234029966516,-87.58741609977312,vending_any
Metra,41.72675290042605,-87.54776530012845,vending_any
South Shore Line,41.87705739977923,-87.62312480036923,vending_any
South Shore Line,41.86930609989662,-87.62198200036897,vending_any
Metra,41.79164969967394,-87.58793660039373,vending_any
Metra,41.87539689964723,-87.63209499998425,vending_any
Metra,41.88272319971594,-87.64020070020212,vending_any
Metra Police Department,41.87539489955503,-87.63222789999753,police
Metra,41.878727199800494,-87.6390783004232,vending_any
Metra,41.88374470005789,-87.64052800036688,vending_any
Metra,41.88272319971594,-87.64049840008107,vending_any
Metra,41.85148319978987,-87.61652399958285,vending_any
Metra,41.8865886999086,-87.6234117002897,vending_any
Damenzo's Pizza,41.86912530019248,-87.68461480043266,fast_food
The Patio,41.869083300054285,-87.66432770036306,fast_food
Campus Market,41.869068599736124,-87.66507159977448,convenience
Ross,41.99367639974611,-87.7115501998818,department_store
America's Best Contacts & Eyeglasses,41.99438339997397,-87.7116696999966,optician
Starbucks,41.99293660034391,-87.71099699991157,cafe
Panera Bread,41.993161699752704,-87.71132690001639,fast_food
Wingstop,41.99386650023882,-87.7135268998465,fast_food
TJ Maxx,41.994630100199004,-87.71161220004296,department_store
The UPS Store,41.9946047995719,-87.7122732997729,post_office
T-Mobile,41.9970524996732,-87.7169736001515,mobile_phone_shop
Dhanteraz Indian Fusion,41.94332000031784,-87.68166170022727,restaurant
Popeyes,41.90317280008469,-87.6672647998306,fast_food
Magdalene,41.87573189980736,-87.62387849969298,artwork
Daphne 2,41.86062290002684,-87.60800580012756,artwork
nan,41.92976900043908,-87.63577270014997,drinking_water
Alta Dental,41.79603230015056,-87.76275869975416,dentist
Citi Trends,41.6771289997036,-87.64282280043187,clothes
Aldi,41.68366680028265,-87.64323710011206,supermarket
Subway,41.68308390020189,-87.64157140010002,fast_food
Cricket Wireless,41.683710900337815,-87.64160630009064,mobile_phone_shop
Bank of America,42.01920289969411,-87.69168530003651,atm
Ross,42.01885830017045,-87.69170139969981,department_store
Dunkin',41.991007899894726,-87.67924799989527,fast_food
Chipotle,41.989608599757105,-87.7056195999645,fast_food
Starbucks,41.99261790039583,-87.69017490035134,cafe
Jimmy John's,41.992821300062985,-87.69018299964569,fast_food
Subway,41.997718099610665,-87.69925149965695,fast_food
The UPS Store,42.01912420002185,-87.6741205997858,post_office
Byline Bank,42.00795790003713,-87.67348340043856,bank
Dunkin',42.0085340003439,-87.67426169981758,fast_food
Subway,42.0015846996742,-87.67141419980544,fast_food
Target,41.99913489965593,-87.66104550044946,department_store
Dunkin',42.00103649993457,-87.66095420037601,fast_food
BP Shop,41.997633899684786,-87.67626950013727,convenience
KFC,41.969388500079276,-87.65536970005155,fast_food
Starbucks,41.943541300091,-87.66410160000879,cafe
Al's Beef,41.943946200057155,-87.65407840039785,fast_food
Penny’s Noodle Shop,41.94369110016419,-87.65448729964913,restaurant
Reflexion Spa,41.94409020040246,-87.65440480034124,beauty_shop
Some Like It Black,41.816975999742624,-87.60634000029074,bar
Wingstop,41.67777540001475,-87.66477990017222,fast_food
Old Navy,41.680896300224106,-87.66426229986519,clothes
Forman Mills,41.68158340025377,-87.6641468997596,department_store
Pizza Hut Delivery,41.6807234999896,-87.66267170043858,fast_food
T-Mobile,41.67787290001439,-87.66408260003192,mobile_phone_shop
Subway,41.67779320029604,-87.66408260003192,fast_food
Panda Express,41.67772109984895,-87.66408519997196,fast_food
Harry Carry’s Shortstop,41.785434299753206,-87.74285339966463,bar
Moti Cafe,41.895070699852965,-87.63097150033445,restaurant
Stax Cafe,41.89162160015678,-87.64855759995322,restaurant
Franklin Super Foods & Liquors,41.89072879999418,-87.7060099003366,beverages
Popeyes,41.96873239968056,-87.71305849965,fast_food
Subway,41.96873429994804,-87.71291800036539,fast_food
Starbucks,41.93266499998981,-87.64506009964384,cafe
Kinton Ramen,41.88493450042688,-87.65080260005993,restaurant
Menya Goku,41.96127099985682,-87.6842043003881,restaurant
Schiller Woods Magic Water Pump,41.95211889976747,-87.84397990015225,water_well
Schiller Woods Magic Water Pump,41.95211889976747,-87.84397990015225,attraction
Chase,41.707857299774616,-87.6204541997015,bank
Jetty,41.99941819959031,-87.67165310021039,artwork
BMO,42.00175649986261,-87.66099399987314,bank
Blaze Pizza,42.00165890003825,-87.66101010043576,restaurant
Raising Cane's,42.002091400198026,-87.66103430029267,fast_food
Subway,41.9996856004102,-87.6604212000783,fast_food
Uptown Ace Hardware,41.96663430023284,-87.65862090033426,doityourself
nan,41.877862800228115,-87.64034659991563,vending_any
The Dock at Montrose Beach,41.96485890001827,-87.63615230038829,restaurant
Prime & Provisions,41.88646270039334,-87.6327897001845,restaurant
Ash GastroPub,41.79232909970824,-87.79252360018398,restaurant
Roebuck,41.9393946997057,-87.6442304004126,restaurant
Shine and Rise,41.921948500423014,-87.64846140037326,restaurant
Mild 2 Spicy,41.93290150010421,-87.64724239991676,restaurant
Tortello,41.9034729002542,-87.67186619996511,restaurant
Seadog Sushi Bar,41.903585800244514,-87.66522620042878,restaurant
Rock Wrap & Roll,41.92132069989043,-87.663686499932,restaurant
Trader Joe's,41.79632220020943,-87.58847529969529,supermarket
Hyde Park Bank,41.79933640035466,-87.58819540009762,bank
PNC Bank,41.8022376996102,-87.58806400015345,bank
Dunkin',41.79991049966986,-87.59106929970835,fast_food
Dunkin',41.810453400404185,-87.59236969960193,fast_food
Citibank,41.81034480007253,-87.5945320996766,bank
Subway,41.799881000108144,-87.59163939973848,fast_food
7-Eleven,41.909366699913335,-87.79502880023892,convenience
Jet's Pizza,41.91278789994169,-87.80519350007995,restaurant
Dunkin',41.96143410000377,-87.66663850026652,fast_food
Subway,41.961272499926,-87.6661531001854,fast_food
7-Eleven,41.96128649967227,-87.66603770007976,convenience
Wingstop,41.96496889969501,-87.65694540040988,fast_food
Dunkin',41.96505259959787,-87.65675219995404,fast_food
Subway,41.96517630044599,-87.66158209983399,fast_food
Selam Ethiopian Kitchen,41.964838300147505,-87.65685639990289,restaurant
Mobil Mart,41.97812269960298,-87.68975129988257,convenience
AT&T,41.97904910023584,-87.69206989960617,mobile_phone_shop
Subway,41.97933020042848,-87.69208600016873,fast_food
Chase,41.97884369957711,-87.69241860003831,bank
Snappy's Car Wash,41.96894529978579,-87.6989762999163,car_wash
Citibank,41.97126860026572,-87.65942369994377,bank
Fifth Third Bank,41.947575499609684,-87.64723090028576,bank
Pizza Hut Delivery,41.936807100167584,-87.64759969966639,fast_food
Palm Beach Tan,41.93690489964143,-87.64765330015962,beauty_shop
Verizon,41.93715030034616,-87.64771499994725,mobile_phone_shop
The UPS Store,41.937152300438356,-87.64809319994117,post_office
Starbucks,41.952613099714824,-87.6494802998759,cafe
Dunkin',41.939813899791716,-87.65349140030781,fast_food
Shell,41.932677600391,-87.66787310036324,convenience
7-Eleven,41.932789100136915,-87.65367510032559,convenience
The UPS Store,41.94539630019915,-87.66377789983017,post_office
Gap,41.94402179976629,-87.66414000016084,clothes
Chipotle,41.97720149974947,-87.66043789958934,fast_food
Giordano's Pizzeria,41.8765153999658,-87.64787750024641,restaurant
nan,41.78791689984513,-87.59464160022964,post_box
New Warsaw Pizzeria,41.77799859985555,-87.77826500022957,restaurant
World War I Memorial,42.00174429965978,-87.81811430003489,monument
Belmont Bank & Trust,41.90338179983024,-87.67707100022642,bank
Gads Hill Center,41.815920899829734,-87.70087259959075,community_centre
Gabriela’s Carnitas,41.92438760030757,-87.72031580013402,restaurant
Bank of America,41.99805440019048,-87.66026920026337,bank
KIPP Ascend Middle School,41.85858569997015,-87.72194660015543,school
Kung FU Pizza Slices,41.90397830035835,-87.66721440002448,fast_food
7-Eleven,41.93270130022489,-87.64118340019371,convenience
Shell,41.93112399997267,-87.76571189978432,convenience
BP Shop,41.9315643997773,-87.7666828995961,convenience
Subway,41.92383719992688,-87.74602149989227,fast_food
AT&T,41.92204999970778,-87.74590609978662,mobile_phone_shop
Chase,41.93883100015057,-87.76756039959275,bank
Harbor Freight Tools,41.92517559977415,-87.7867286000448,doityourself
Rainbow,41.925087799862126,-87.78988950030015,clothes
Citi Trends,41.92575029983652,-87.78989489982973,clothes
Papa John's,41.92767619979685,-87.78601299960019,fast_food
T-Mobile,41.92781989976862,-87.7860291001628,mobile_phone_shop
Subway,41.92809129987364,-87.78603980029652,fast_food
Hair Cuttery,41.92822689965175,-87.78605060025495,hairdresser
Buffalo Wild Wings,41.92896130042374,-87.78605589995976,restaurant
Boost Mobile,41.92857419983949,-87.7860236997339,mobile_phone_shop
Cricket Wireless,41.92865000009749,-87.7860291001628,mobile_phone_shop
Chipotle,41.92851429959529,-87.78723340030115,fast_food
Dunkin',41.92894329959364,-87.78723610006591,fast_food
Kids Foot Locker,41.929458200135855,-87.7866085000822,shoe_shop
Shoe Carnival,41.929458200135855,-87.78679620028436,shoe_shop
Foot Locker,41.92945419995141,-87.78696789974873,shoe_shop
Sprint,41.929446199582515,-87.78720930026896,mobile_phone_shop
America's Best Contacts & Eyeglasses,41.92944819967471,-87.78736220030527,optician
Avenue,41.92944819967471,-87.78757670030444,clothes
Champs Sports,41.930657000020574,-87.7878625003541,sports_shop
Verizon,41.9306729998591,-87.78741190043883,mobile_phone_shop
Jimmy John's,41.930677000043545,-87.78720270014446,fast_food
AT&T,41.93067499995135,-87.78711690032463,mobile_phone_shop
Little Caesars,41.931654500155105,-87.74792279979732,fast_food
Metro by T-Mobile,41.932012600301334,-87.74686380042402,mobile_phone_shop
Dunkin',41.93193079976663,-87.74369200038547,fast_food
Boost Mobile,41.93186290005286,-87.74379129992849,mobile_phone_shop
Sprint,41.93193470012636,-87.74229459961606,mobile_phone_shop
Papa John's,41.93208839965996,-87.74235359963888,fast_food
Sarpino's Pizzeria,41.90948410011117,-87.78935590015465,fast_food
Boost Mobile,41.90948710024952,-87.78923659968927,mobile_phone_shop
Taco Burrito King,41.9094930996269,-87.7891332999618,fast_food
Metro by T-Mobile,41.909615599880055,-87.77562680033651,mobile_phone_shop
Boost Mobile,41.90947669959007,-87.77459590028053,mobile_phone_shop
Boost Mobile,41.90915450037994,-87.76488230037785,mobile_phone_shop
Save-A-Lot,41.90909860032019,-87.7651585001646,supermarket
T-Mobile,41.909683399769165,-87.75672070010017,mobile_phone_shop
BP Shop,41.90918840032447,-87.75527500034093,convenience
Ross,41.90820830027292,-87.7500655002226,department_store
Rainbow,41.90841389968176,-87.7485258995506,clothes
Sprint,41.90841989995846,-87.74830059959294,mobile_phone_shop
Subway,41.90825519991762,-87.74670740022628,fast_food
Metro by T-Mobile,41.90946839974691,-87.74589980003572,mobile_phone_shop
nan,41.90944229962247,-87.74558060006461,convenience
Boost Mobile,41.90208850008429,-87.75297550041898,mobile_phone_shop
Boost Mobile,41.902272200102004,-87.76583370036496,mobile_phone_shop
Subway,41.90200270026446,-87.76645329997979,fast_food
Boost Mobile,41.90189490032947,-87.77311829976969,mobile_phone_shop
Boost Mobile,41.89456889973496,-87.774898499666,mobile_phone_shop
Subway,41.89478239968804,-87.75662599969007,fast_food
Boost Mobile,41.89532450022557,-87.7552875998428,mobile_phone_shop
Our King,41.895180900078515,-87.74599410024751,artwork
Citgo,41.89896990034066,-87.74552799961748,convenience
Pyxis,41.895138999765095,-87.74846169964769,artwork
The UPS Store,42.01134649964132,-87.80707250039552,post_office
The UPS Store,41.966118299819755,-87.83810460044691,post_office
Jimmy John's,41.952355499706584,-87.81154110034146,fast_food
AT&T,41.72060979970257,-87.68173300027769,mobile_phone_shop
BP Shop,41.706087700187254,-87.68211659980119,convenience
Sims Metal Management Mural,41.72654279991036,-87.53944979976842,artwork
Pride Of East Side,41.71386789978379,-87.53546729957617,artwork
Domino's,41.79383290016824,-87.80112620011403,fast_food
Chiarugi Hardware,41.86953439999263,-87.66226569970223,doityourself
Mr. Greek Gyros,41.86955459966509,-87.6623491999556,restaurant
Yummy Thai,41.869554099642016,-87.66243070011666,restaurant
Kimura Japanese Cuisine,41.86954710021854,-87.66260429984851,restaurant
Tuk Tuk Indian Street Food,41.86912730028473,-87.66340260014982,restaurant
Living Water Tea House,41.86914709975889,-87.66366210042554,cafe
Potbelly,41.86915450027999,-87.66391189971438,fast_food
Metro by T-Mobile,41.880268199817635,-87.74547540006961,mobile_phone_shop
Subway,41.86573569964287,-87.76568219967373,fast_food
Little Caesars,41.8659934003752,-87.7656902998674,fast_food
T-Mobile,41.866434800225875,-87.76592360019396,mobile_phone_shop
Boost Mobile,41.86563580025205,-87.77254330023311,mobile_phone_shop
Metro by T-Mobile,41.8656277998831,-87.77313340028616,mobile_phone_shop
Boost Mobile,41.88682820016135,-87.75510299960371,mobile_phone_shop
Metro by T-Mobile,41.88009030042707,-87.75679970014602,mobile_phone_shop
Boost Mobile,41.880671400065125,-87.7654470998038,mobile_phone_shop
BP Shop,41.876378999791086,-87.7554224999484,convenience
Metro by T-Mobile,41.88656840041142,-87.76534199963356,mobile_phone_shop
Taylor Wine And Spirits,41.86914439999413,-87.66379289962259,beverages
Sweet Maple Cafe,41.869170900316874,-87.66074109972192,restaurant
Hana,41.86915469992954,-87.65973410004864,restaurant
First Aid Comics,41.86959979959113,-87.65595200028457,bookshop
Chase,41.8696541995817,-87.65550529982971,bank
Greetings from Chicago Mural,41.92111969961451,-87.6951404000094,artwork
Grape Park Playground,41.93350130024487,-87.69939369955955,playground
Groundswell Coffee Roasters,41.88176399990874,-87.65718529996161,cafe
The UPS Store,41.7095909003998,-87.53248030032557,post_office
Amoco,41.866410600368965,-87.73537659985016,convenience
Subway,41.86650050019796,-87.72621350015288,fast_food
Cricket Wireless,41.8658693002281,-87.72182269965782,mobile_phone_shop
Rainbow,41.86755309999563,-87.70662360039881,clothes
Subway,41.867768799690396,-87.70633120022467,fast_food
Boost Mobile,41.86658630001779,-87.72453790040373,mobile_phone_shop
Boost Mobile,41.866714000151035,-87.69627409976982,mobile_phone_shop
Mobil Mart,41.85208199988443,-87.70567009959541,convenience
Subway,41.852027900267444,-87.72425670038638,fast_food
Boost Mobile,41.85203389964482,-87.7241655001377,mobile_phone_shop
Taqueria Express,41.904904999566156,-87.63319849961101,fast_food
Naty's Pizza,41.89582449990081,-87.67191209956371,fast_food
Koko's Mediterranean,41.896200299604175,-87.6719856002552,restaurant
Spicy Fingers Seafood Kitchen,41.89587470005739,-87.66677870007692,restaurant
Edible Arrangements,42.01929369974448,-87.67572209989498,gift_shop
T-Mobile,42.018941900248535,-87.67408330040394,mobile_phone_shop
nan,41.9998696997269,-87.65750509978051,bench
nan,42.000332599669775,-87.65687680012417,bench
nan,42.00032920023244,-87.65683060015203,bench
nan,42.00024939978999,-87.65868400036629,bench
nan,42.00022600032969,-87.65869469960069,bench
nan,42.0002648996055,-87.6585901003528,bench
Lunar Disc I,42.00016319977192,-87.65784539964545,artwork
nan,42.0002463996517,-87.65782400027734,waste_basket
nan,42.000591799571964,-87.65730229996115,waste_basket
Los Lobos de Loyola,42.00023199970707,-87.65862660023737,artwork
nan,42.00004740036729,-87.65784050013895,artwork
Chinese Armillary,41.999738899630586,-87.65795919985715,artwork
nan,41.99995970027999,-87.65763730012128,bench
nan,41.999930299643665,-87.65762459989531,bench
nan,41.99974039969976,-87.65753739983109,bench
nan,41.99970849984743,-87.65752369955908,bench
nan,41.99965919991217,-87.65682700016589,waste_basket
nan,41.99933730017631,-87.65720050030279,bench
nan,41.99935470025929,-87.65717829963876,bench
nan,41.999299400047335,-87.65714479989259,bench
nan,41.99931680013026,-87.6571226999526,bench
nan,41.99937170014391,-87.65715960003547,waste_basket
nan,41.99937709967344,-87.65755250034755,bench
nan,41.999101100435496,-87.65701270027586,bench
nan,41.999049199660874,-87.65701470036811,bench
nan,41.99901340034819,-87.6570523001235,bench
nan,41.99901090023292,-87.65711730042307,bench
nan,41.99897500019614,-87.65711730042307,bench
nan,41.9993025000104,-87.65668630033247,bench
nan,41.99925010011208,-87.65664259957629,bench
nan,41.999262800338045,-87.65669300028168,bench
nan,41.999281900139636,-87.65661489955795,bench
nan,41.99931039965526,-87.65664830037872,bench
nan,41.999404500217565,-87.65662580024048,bench
nan,41.99939859976564,-87.65659159992236,bench
nan,41.999296399908985,-87.65577350014689,bench
nan,41.99927349957238,-87.65576349968575,bench
nan,41.9991538996328,-87.65661510010676,bench
nan,41.999161399978675,-87.65658559964567,bench
Salvadoran Martyrs Memorial,41.999709499893584,-87.65660570039273,memorial
nan,41.999125999964974,-87.65567500010116,bench
nan,41.999829099833164,-87.65619199966102,bench
nan,41.99987849959314,-87.65600419963408,bench
nan,41.999787700442084,-87.6564008995818,waste_basket
Connections Café,42.000575500259174,-87.65635330026458,cafe
nan,42.001140600058704,-87.65617299968414,bench
nan,42.0011770001185,-87.65618910024676,bench
nan,42.001562699558974,-87.65636139955893,bench
nan,42.001610500324375,-87.65638219997851,bench
nan,41.999262400139685,-87.65648809964603,bench
"Arnold J. Damen, S.J.",41.99909000010348,-87.65811600025319,artwork
nan,41.99884379990152,-87.65841370013214,waste_basket
Walgreens,41.939634100133674,-87.66257830044816,pharmacy
Northwestern Medicine Primary and Specialty Care Lakeview,41.9396430996494,-87.6623275002139,clinic
nan,42.00090009975986,-87.65958510037206,waste_basket
nan,42.00089110024413,-87.65959049990164,recycling
nan,42.00101439999463,-87.65981539966094,waste_basket
nan,42.00095370025309,-87.65995689989097,tourist_info
nan,42.0009939997733,-87.66004579967387,bench
nan,42.000991999681105,-87.66023020026347,bench
nan,41.998077600001295,-87.6585362003853,waste_basket
nan,41.99808479997358,-87.65853949999791,recycling
nan,41.99838039993557,-87.65858879993311,waste_basket
nan,41.99837489968195,-87.65858879993311,recycling
nan,41.9988632000767,-87.6579252000879,waste_basket
nan,41.99886019993835,-87.65782529979771,recycling
nan,41.998763000312294,-87.65730520027472,camera_surveillance
nan,41.99895519982266,-87.65711819974507,waste_basket
nan,41.998963600389914,-87.65711850011866,recycling
nan,41.998597900073094,-87.65718260019679,tourist_info
nan,41.998511600230245,-87.65614369977192,waste_basket
nan,41.99821600026826,-87.6555963004289,waste_basket
nan,41.998564299602776,-87.65698870006844,waste_basket
nan,41.99856900035911,-87.65698900044197,recycling
nan,42.00128310033489,-87.66098229969333,bench
nan,42.00132099956454,-87.66096820012228,bench
nan,42.00135440038531,-87.6609728999793,bench
nan,42.00138230005314,-87.66108489974829,bench
nan,42.00140769960569,-87.66111640030158,bench
nan,42.001428599850044,-87.66110639984043,bench
nan,42.00134339987807,-87.6610728002695,bench
nan,42.00140420034364,-87.66097359965187,waste_basket
BP Shop,41.72215989995948,-87.61374509985643,convenience
nan,41.998639500012985,-87.65614510001632,bench
nan,41.998609600252905,-87.65614510001632,bench
nan,41.998549299810406,-87.65614459999324,recycling
nan,41.99874589970358,-87.65601689985999,bench
nan,41.99874720012326,-87.655980700349,bench
nan,41.99853560043766,-87.65580630022055,waste_basket
nan,41.998450699939895,-87.65514189997867,artwork
nan,41.998702299671436,-87.65513269991413,bench
nan,41.99837239956662,-87.65492210027469,bench
nan,41.99841279981092,-87.6549463001316,bench
nan,41.99756209961129,-87.65695470029914,artwork
Wounded Angel,41.999584399700325,-87.65663369988528,artwork
nan,41.99902509962868,-87.65849470027018,tourist_info
nan,41.996676899619274,-87.6569803004005,bench
nan,41.9967890001123,-87.65698500025752,bench
nan,41.99684030013981,-87.65708019979132,bench
nan,41.9976824001227,-87.65869139998807,artwork
nan,41.995828800259005,-87.65855459961506,bench
nan,41.99824649987613,-87.65535840007004,recycling
nan,42.000853999612445,-87.65790100023094,bench
nan,42.001772899899436,-87.65966160030257,bench
nan,42.001772899899436,-87.65953519968969,bench
nan,42.001676700319535,-87.65965690044555,bench
nan,42.001679699558565,-87.65953349997102,bench
Mobil Mart,41.93194030020476,-87.68834739971271,convenience
Dunkin',41.93164370019667,-87.71302170029122,fast_food
nan,41.99660310035284,-87.65678319958494,bench
nan,41.99658820038519,-87.6567660998756,bench
nan,41.99457859962274,-87.65909300034167,camera_surveillance
‘Self-Portrait’,41.93904509995144,-87.63415100036832,artwork
nan,41.99767859958774,-87.65716100027993,bench
nan,41.99769250040862,-87.65695780026226,bench
Metro by T-Mobile,41.844397499844774,-87.72418869994851,mobile_phone_shop
Bank of America,41.844456099669344,-87.71985059972536,atm
Boost Mobile,41.84394050035388,-87.7320199000983,mobile_phone_shop
Byline Bank,41.844512700300925,-87.71619660029285,bank
Boost Mobile,41.84455390004251,-87.71503540016357,mobile_phone_shop
Metro by T-Mobile,41.84456179968737,-87.71372380011326,mobile_phone_shop
Wintrust Bank - Little Village,41.844591800171486,-87.70969250000883,bank
T-Mobile,41.84459580035593,-87.70959590023057,mobile_phone_shop
Subway,41.840421800325885,-87.70439190036586,fast_food
Domino's,41.85252780011791,-87.68881579990921,fast_food
Sprint,41.851365000094745,-87.68872459966053,mobile_phone_shop
Roscoe Village Bikes,41.94334399962594,-87.67924430008435,bicycle_shop
nan,41.997792600348305,-87.68030910008486,shelter
Associated Bank,42.01776969961202,-87.6749122001379,bank
Marathon,41.722046099747786,-87.57867249963613,convenience
dd's Discounts,41.72038399972189,-87.58197059956348,department_store
America's Best Contacts & Eyeglasses,41.72177330029763,-87.58138189975483,optician
nan,42.00087229991675,-87.67122549955712,comms_tower
nan,41.87961079989856,-87.62509750014948,post_box
nan,41.97022550000685,-87.77352400013245,post_box
nan,41.96829690028176,-87.76255770037756,post_box
nan,41.967605800067645,-87.76288920037626,waste_basket
nan,41.96761030027517,-87.7629523004083,post_box
nan,41.967611499970815,-87.76296549975797,post_box
Lis Food-Liquor,41.96797870035681,-87.76023199960707,beverages
nan,41.81998220041828,-87.6001560001992,bench
nan,41.819817399653346,-87.60046040002743,bench
nan,41.81978830028987,-87.60048869989356,bench
A & G Laundromat,41.71165740036878,-87.53546910001893,laundry
Martha's Salon,41.70620830017299,-87.53510720023706,beauty_shop
Ocampo Western Wear,41.703974400398295,-87.53549699968676,clothes
BP Shop,41.810538800025654,-87.7437782004036,convenience
Subway,41.80647650029033,-87.7425956000069,fast_food
Cricket Wireless,41.79939059979637,-87.74269610014488,mobile_phone_shop
Beggars Pizza,41.7995586003492,-87.74268809977593,restaurant
Boost Mobile,41.800024500430425,-87.74270149967441,mobile_phone_shop
Supercuts,41.79542759960407,-87.76175339979955,hairdresser
Metro by T-Mobile,41.79564359967242,-87.76175880022839,mobile_phone_shop
T-Mobile,41.795307600365504,-87.76273239998022,mobile_phone_shop
Wingstop,41.79414630041151,-87.77365680032102,fast_food
BP Shop,41.791832899668634,-87.7912388997554,convenience
Little Caesars,41.79006840013659,-87.80095339987946,fast_food
Taco Burrito King,41.790003399837076,-87.80094540040989,fast_food
T-Mobile,41.789946399906455,-87.80094140022538,mobile_phone_shop
Great Clips,41.78988639983754,-87.80093470027617,hairdresser
Buffalo Wings & Rings,41.83160010036437,-87.64642609968473,restaurant
Krispy Krunchy Chicken,41.801278300153456,-87.58835020040141,fast_food
Subway,41.99159199967107,-87.79803669973387,fast_food
PNC Bank,41.99624019962556,-87.78633719980189,bank
Subway,41.776299900120364,-87.74274339998789,fast_food
Boost Mobile,41.77645990030419,-87.74272199972046,mobile_phone_shop
nan,41.96294780020088,-87.63679190002614,bench
nan,41.96295440032537,-87.63664500026653,bench
nan,41.96295109981344,-87.63621950042955,bench
nan,41.962921500426944,-87.63597879958189,bench
nan,41.962818199800154,-87.63567799973987,bench
nan,41.96277209965274,-87.63559660030285,bench
nan,41.962464199663145,-87.63531430041462,bench
nan,41.962422800272066,-87.63529480041467,bench
nan,41.965072200321856,-87.63374770029611,tourist_info
nan,41.96420109990089,-87.63373149990878,tourist_info
La Celia Latin Kitchen,41.93380470002694,-87.71539229971484,restaurant
The UPS Store,41.78058820038518,-87.60496180004702,post_office
Subway,41.77990330009726,-87.60569410000267,fast_food
Metro by T-Mobile,41.779789300236075,-87.60568070010419,mobile_phone_shop
Boost Mobile,41.77775730005942,-87.61524680039946,mobile_phone_shop
Chipotle,41.87243110011525,-87.67723630011511,fast_food
AT&T,41.872640800432634,-87.67699739971022,mobile_phone_shop
Aaron's,41.746919899633724,-87.73980020041887,furniture_shop
Catherines,41.7454982000819,-87.74037419990935,clothes
Avis,41.743745100356136,-87.74039029957265,car_rental
Budget,41.743505000255595,-87.74040099970631,car_rental
Little Caesars,41.74743540002373,-87.74075499984332,fast_food
Subway,41.74789770011881,-87.74081669963095,fast_food
Wingstop,41.747849800428014,-87.74081540011059,fast_food
Metro by T-Mobile,41.7479398999065,-87.7408158003089,mobile_phone_shop
Boost Mobile,41.75127880027645,-87.74097810005924,mobile_phone_shop
Avenue,41.74739680022219,-87.74073230005558,clothes
Hyatt House Chicago - Medical / University District,41.87385190034496,-87.67201049978468,hotel
Hyatt Place Chicago - Medical / University District,41.873855699980595,-87.67333620030536,hotel
Dirty Birds Southern Kitchen,41.746987999896305,-87.65384900043097,restaurant
MeLatte Coffee Shop,41.92483470006141,-87.71112749963436,cafe
Eye Can See Now,41.77879900007383,-87.72298599970406,artwork
Boost Mobile,41.78561520018138,-87.72337310028831,mobile_phone_shop
Subway,41.77528990030868,-87.72317550034904,fast_food
T-Mobile,41.772203300242154,-87.72308959980518,mobile_phone_shop
BP Shop,41.771112999965055,-87.72304670034492,convenience
Little Caesars,41.76693160031317,-87.72295070041446,fast_food
Boost Mobile,41.76703370034505,-87.72295609994404,mobile_phone_shop
JCPenney,41.75588869990361,-87.73490160042849,department_store
Chipotle,41.754744200184746,-87.7406307998715,fast_food
IHOP,41.755236400039905,-87.74055039958125,restaurant
Potbelly,41.755428499725554,-87.74059870036967,fast_food
Foot Locker,41.75560049956346,-87.73717080039211,shoe_shop
Marshalls,41.75797800038447,-87.73942379996834,department_store
Old Navy,41.75800599987707,-87.73886590014115,clothes
Citi Trends,41.758014000245964,-87.73860310025282,clothes
Famous Footwear,41.75793800033847,-87.7379700998402,shoe_shop
Ross,41.75767790021496,-87.737331699898,department_store
Parking Tickets,41.99810649971522,-87.765998199857,vending_parking
nan,41.97813770029467,-87.75542269959789,shelter
BP Shop,41.80992479958991,-87.59728779959227,convenience
Snipes,41.80935890029309,-87.6068501002519,shoe_shop
Associated Bank,41.80935900011781,-87.60716830017685,bank
Metro by T-Mobile,41.80965689964626,-87.60872670027697,mobile_phone_shop
Boost Mobile,41.809242199767766,-87.61799120033356,mobile_phone_shop
Citgo,41.808773500097004,-87.67426210001588,convenience
Rainbow,41.8101753003499,-87.67766489991516,clothes
Boost Mobile,41.80887960031333,-87.6775687003352,mobile_phone_shop
Cricket Wireless,41.808873299663105,-87.67779460014066,mobile_phone_shop
Subway,41.81011759984739,-87.67766489991516,fast_food
Jimmy John's,41.87253370017015,-87.67709560028169,fast_food
nan,41.95985560005596,-87.7459234998696,shelter
nan,41.95976010014857,-87.74607379996587,shelter
nan,41.96046420006286,-87.74623359960088,shelter
nan,41.71728630022261,-87.5274558995701,comms_tower
Chicago Bell Garden,41.93976690032224,-87.6458736002864,restaurant
Wildberry,41.89784579994375,-87.62204499967697,restaurant
Citgo,41.749300200044274,-87.71409199964603,convenience
Citgo,41.74310859978209,-87.68312260032769,convenience
Subway,41.74946730037567,-87.68335729999939,fast_food
Dunkin',41.73649680028717,-87.70252939991184,fast_food
Subway,41.736855100082835,-87.70260720026204,fast_food
Wells Pantry,41.87415370023314,-87.6334642996377,convenience
nan,41.64527770000592,-87.5414038997701,vending_parking
South Shore Line,41.64562619988925,-87.54260240018061,vending_any
Philz Coffee,41.92438489964343,-87.64703800020351,cafe
Madison Street Books,41.881508900015774,-87.6554016997286,bookshop
Mother Peace,41.78815950006094,-87.58640350002145,artwork
Can't Believe It's Not Meat,41.799621800205955,-87.5923253000725,restaurant
Nathan's Chicago Style and Taste of Jamaica,41.79963889991535,-87.59214160005479,restaurant
Chicago by Night,41.93879720003082,-87.76673180023238,bar
Boqueria,41.88663599975166,-87.6477469996243,restaurant
Eto'o Modern Asian Cuisine,41.79936930025303,-87.59224229984221,restaurant
Rye Deli,41.88090080003195,-87.64716630018455,restaurant
nan,41.962420700355096,-87.64515349963426,tourist_info
Los Portales,42.008021199718655,-87.6667221003446,restaurant
Metro by T-Mobile,42.00862559989156,-87.67427979957307,mobile_phone_shop
Boost Mobile,42.00339390000852,-87.67260989972704,mobile_phone_shop
Boost Mobile,42.01087779997056,-87.67417360043129,mobile_phone_shop
Cricket Wireless,42.009323300230164,-87.67429959994655,mobile_phone_shop
Goddess and the Baker,41.881755200042505,-87.63313810024312,cafe
7-Eleven,41.896519999598354,-87.62644810019964,convenience
Chicago Children's Museum,41.89147199973303,-87.60920290029355,museum
Starbucks,41.89638959970034,-87.63587549985442,cafe
7-Eleven,41.888733100052605,-87.63229700030627,convenience
Popeyes,41.88479350021993,-87.6264980998074,fast_food
McDonald's,41.885870700072815,-87.63189110029401,fast_food
Dunkin',41.8794028001991,-87.62641849991383,fast_food
Subway,41.878596799902425,-87.62792700023084,fast_food
Potbelly,41.87788819978067,-87.62581359971779,fast_food
CVS Pharmacy,41.87815130004253,-87.62462039991146,pharmacy
Dunkin',41.87664419996992,-87.6246068003635,fast_food
Champs Sports,41.880393999683406,-87.62796030032757,sports_shop
Panda Express,41.87525209980464,-87.62738350034823,fast_food
Chase,41.881809299659494,-87.63012750008403,bank
nan,41.97707340031724,-87.64964049970928,tourist_info
Park Hyatt Chicago,41.897235100019884,-87.62526670039784,hotel
Hampton Inn & Suites Chicago Downtown/Magnificent Mile,41.89525179993069,-87.62298060037438,hotel
Homewood Suites by Hilton Chicago Downtown/Magnificent Mile,41.89524579965399,-87.62332390037767,hotel
Mobil Mart,42.018914800077994,-87.66646469998585,convenience
BP Shop,41.924698700085,-87.73870330001722,convenience
nan,41.969949999892606,-87.76185020012662,shelter
nan,41.97049540004275,-87.76207419966454,shelter
Verizon,41.95371560019487,-87.74754059961896,mobile_phone_shop
Citgo,41.960950299816545,-87.74797640029061,convenience
Shell,41.96114749955751,-87.74697480014686,convenience
Sanchez Bike Repair,41.844503000213365,-87.71649830035625,bicycle_shop
International Bike Shop,41.90975140020703,-87.72254659994559,bicycle_shop
Pilsen Bike Shop,41.829568100187714,-87.67872109969898,bicycle_shop
John's Hardware & Bicycle Shop,41.76010320000273,-87.6444728000796,bicycle_shop
Jamaican Jerk Villa,41.750530700131776,-87.64308329985437,restaurant
nan,41.92524610032734,-87.64679370026903,fountain
nan,41.925096099705286,-87.64679399974324,fountain
Martha Wilson Memorial,41.92495820036072,-87.64694799965042,memorial
Velvet Taco,41.9240249001291,-87.64652220033923,restaurant
Chase,41.925264499557045,-87.64815780004238,bank
nan,41.93038540026606,-87.64497610026677,pitch
nan,41.92529340017035,-87.64698100027289,artwork
Jollibee,41.97318039975568,-87.7457125000318,fast_food
nan,41.95994880039689,-87.74617280003463,waste_basket
nan,41.95977330039756,-87.74607730012724,waste_basket
Dayglow,41.91352770024321,-87.71157029972949,cafe
Al Noor Meat & Grocery,41.99779759967953,-87.69299170020679,convenience
Destiny Studio,41.99779859972563,-87.69330279998417,clothes
Huddle House Grill,41.968027100070685,-87.71354329988333,cafe
7-Eleven,41.96788490016809,-87.73881129960176,convenience
BP Shop,41.96093389977972,-87.70865930038639,convenience
Beatrix,41.89454619994723,-87.62252550025158,restaurant
Contrast Coffee,41.89507649958085,-87.65388400024636,cafe
Lizzie McNeill‘s Irish Pub,41.88903830027738,-87.61839789984316,pub
Dunkin',41.89662059956106,-87.70682769973854,fast_food
Foot Locker,41.895832000246685,-87.70720429983851,shoe_shop
Gourmet Food Inc,41.851088999957426,-87.632476399766,restaurant
China Cafe,41.85085149979693,-87.63211359976276,restaurant
Shell,41.91066399984379,-87.68760610024128,convenience
Kozy's Cyclery,41.94971369982744,-87.649740700373,bicycle_shop
Paterno's Pizza,41.977480800398666,-87.7687051996852,restaurant
Citgo,41.77958660024149,-87.63224699979918,convenience
Woodlawn Dining Commons,41.78495499977345,-87.59664340027268,food_court
Citgo,41.72810539984437,-87.58456509959962,convenience
Moreno's Liquors,41.84448720002433,-87.71822069992533,beverages
Allende Hardware & Plumbing,41.84454910036072,-87.7146453003403,doityourself
Four Star Family Cyclery,41.9319255998866,-87.70514869965274,bicycle_shop
Afro Joe's,41.74202000012298,-87.64403329959708,cafe
Art of Pizza,41.87239589975104,-87.62734579986875,restaurant
Wingstop,41.87452289981201,-87.62712300002642,fast_food
Big Kids,41.92774890009173,-87.70680680039351,restaurant
Lou Malnati's Pizzeria,41.95338539971647,-87.73218920017143,restaurant
T-Mobile,41.953664399992135,-87.71251530014098,mobile_phone_shop
Jet's Pizza,41.95352279993733,-87.71250190024244,restaurant
BP Shop,41.94642100032894,-87.70814730015775,convenience
BP Shop,41.93933910001948,-87.72678140044127,convenience
nan,41.88803980009675,-87.61842270044724,bench
nan,41.88800919976484,-87.61824470033264,bench
nan,41.8880372001567,-87.61869990028015,bench
nan,41.88793829991266,-87.61717979960804,bench
nan,41.8879360003462,-87.61709690010184,bench
nan,41.88793390042923,-87.61702340030962,bench
Island Party Hut,41.88799529984328,-87.61978409955651,bar
Allium,41.88791229961299,-87.61601379979697,artwork
Ross,41.931142499926466,-87.72803670023347,department_store
nan,41.88798409968649,-87.61778869998847,bench
nan,41.88812090005956,-87.62021010031583,bench
nan,41.88818679968114,-87.6202053995595,bench
nan,41.888339599892674,-87.62134809973497,bench
Aurelio's Pizza,41.86722269986774,-87.62465040039564,restaurant
Shell,41.79484490007212,-87.6321921996103,convenience
nan,41.88714570041378,-87.62837019962495,bench
nan,41.88714530021548,-87.62847029956464,bench
nan,41.88711350018792,-87.62836749986019,bench
nan,41.88710990020178,-87.62846950006735,bench
nan,41.88714490001718,-87.62863139961934,bench
nan,41.887109300353984,-87.62862049983619,bench
nan,41.88714010033539,-87.62884710021348,bench
nan,41.887108400132604,-87.6288711004209,bench
nan,41.88713999961135,-87.62901120040652,bench
nan,41.887108400132604,-87.62903070040647,bench
nan,41.88713920011406,-87.62911280041538,bench
nan,41.887107200437015,-87.62913180039226,bench
Daystar Academy,41.86043340028124,-87.62757140019994,school
Women & Children First,41.97723550041809,-87.6682416002696,bookshop
The Goddard School,41.85538259992711,-87.62195469964962,kindergarten
Dunkin',41.9960732000182,-87.78703440011742,fast_food
The UPS Store,41.995930500092584,-87.78730649989501,post_office
nan,41.887131099920396,-87.63027129988058,bench
nan,41.88713200014172,-87.6301533996596,bench
nan,41.88711429968521,-87.63070630015557,bench
B'Gabs Goodies,41.79161820001997,-87.5896287998292,restaurant
Metro by T-Mobile,42.018900499958136,-87.67306029999281,mobile_phone_shop
nan,42.0186644000421,-87.67230449985277,vending_parking
Dunkin',41.96829059963153,-87.71298520040665,fast_food
Dunkin',41.88331090037781,-87.68568559981054,fast_food
Dunkin',41.96634500002176,-87.68860499972095,fast_food
Ross,41.97421970037891,-87.74489040007188,department_store
Chase,41.96981909997152,-87.70810010013946,bank
Dunkin',41.969213699752515,-87.7080683001119,fast_food
Subway,41.96442630003378,-87.70881130020132,fast_food
T-Mobile,41.9667847999786,-87.71376139986864,mobile_phone_shop
nan,41.728365800341464,-87.66768159962606,monument
Fairgrounds Coffee,41.794330999576005,-87.59888669976135,cafe
Eméché Cakery & Cafe,41.83139900026373,-87.62040119995538,cafe
Capital One Café,41.799415000202146,-87.58924999998749,cafe
Philz Coffee,41.7993705997734,-87.59063719974694,cafe
Momentum Coffee,41.85357910039522,-87.62688950005037,cafe
Kusanya Cafe,41.76871299990506,-87.6455655995727,cafe
AndySunflower Café,41.71318899977257,-87.68211409968592,cafe
John + Pat Anderson's Cafe,41.83697290027919,-87.62818379984247,cafe
AT&T,41.82361900031668,-87.69110120026016,mobile_phone_shop
Clark's Pump-N-Shop,41.73715630012322,-87.58983800012356,convenience
Melville Fuller,41.812230000314344,-87.63460460042194,artwork
Giordano's Pizzeria,41.864567300440626,-87.62437240016612,restaurant
Pizano's Pizza,41.853221899571054,-87.62254450022846,restaurant
Wingstop,41.83152260038776,-87.61473180003253,fast_food
The UPS Store,41.83195620041835,-87.61500799981928,post_office
Rainbow,41.83279559973721,-87.61586630018957,clothes
Taco Bell,41.83290699965835,-87.61638579986476,fast_food
AT&T,41.832819400295136,-87.61637680034903,mobile_phone_shop
Foot Locker,41.79587899991594,-87.62915190023995,shoe_shop
Cricket Wireless,41.79622489985928,-87.62917329960806,mobile_phone_shop
Rainbow,41.79675880037837,-87.6293665000639,clothes
Fresenius Kidney Care,41.796958799708875,-87.6293717997687,clinic
Metro by T-Mobile,41.79685080012439,-87.63030789958987,mobile_phone_shop
Boost Mobile,41.795901000031165,-87.63027299959924,mobile_phone_shop
T-Mobile,41.79570299989359,-87.6302891001618,mobile_phone_shop
Fresenius Kidney Care,41.73651339997349,-87.5966501002219,clinic
Lao Peng You 老朋友,41.89609530015804,-87.67793270003403,restaurant
Midori,41.983184100266044,-87.71177819960417,restaurant
Hanabusa,41.88192669985739,-87.62677550018913,cafe
Domino's,41.940910599644496,-87.8072625001642,fast_food
Dunkin',41.9414896002649,-87.80645470032414,fast_food
Dunkin',41.831494099972815,-87.6150060995518,fast_food
Chase,41.83091830003957,-87.61760499997075,bank
AT&T,41.83097630001629,-87.6177739996703,mobile_phone_shop
PNC Bank,41.83067650022036,-87.62679710010605,bank
Subway,41.83122610020439,-87.6221032002025,fast_food
Harold's Chicken Shack,41.831223400439626,-87.62222940026658,fast_food
Boost Mobile,41.83122739972475,-87.62238090005843,mobile_phone_shop
Harry Caray's 7th Inning Stretch,41.898098500445485,-87.62209049997654,restaurant
nan,41.880800500442774,-87.66661309981464,waste_basket
La Moreliana,41.8463219995607,-87.71582000019282,convenience
Little Caesars,41.839279799822975,-87.64691399988118,fast_food
T-Mobile,41.839123899648314,-87.6468845003194,mobile_phone_shop
Wingstop,41.838830199953804,-87.64668069955462,fast_food
Chase,41.83062720028511,-87.64579939992234,bank
Verizon,41.837731199635186,-87.64594140017545,mobile_phone_shop
Citibank,41.831926799782025,-87.64634639996638,bank
Panda Express,41.86585850026961,-87.6401900000684,fast_food
Jason's Deli,41.86561210041816,-87.64019150013758,restaurant
Burlington,41.868780599944785,-87.63992989994489,department_store
Marshalls,41.86933990001643,-87.63873629994026,department_store
Dunkin',41.867679999732275,-87.63955699965578,fast_food
Chase,41.868050999753905,-87.64002000032269,bank
Staples,41.86788719993439,-87.64001729965861,stationery
Wingstop,41.86757159994943,-87.63968209984898,fast_food
Dunkin',41.882504599707545,-87.6406759001726,fast_food
7-Eleven,41.87837509993096,-87.6263451997711,convenience
Hector Guimard Metro entrance,41.876951299562904,-87.62388059960995,artwork
Lids,41.880062899883,-87.62752949988646,clothes
Lids,41.885388599604255,-87.62422789979769,clothes
Citgo,41.786471700108905,-87.6638630998022,convenience
On the Rocks,41.985747499947195,-87.66911879989266,jeweller
Mr. Bubbles Laundromat,41.73560669988933,-87.64946029985293,laundry
Stunod's Pizzeria,41.77744060020359,-87.7850371002819,restaurant
nan,41.79614250037616,-87.76050050029784,florist
Cafe Two07,41.79615850021469,-87.76042400036727,cafe
K's Nails,41.79606029964316,-87.7589605003268,beauty_shop
Archer Bank,41.79602079962024,-87.75936440024685,bank
Peoria's Packing,41.885920599855865,-87.6592045999123,butcher
nan,41.98650940018871,-87.68981470028814,tourist_info
nan,41.986956900140854,-87.68916960039672,drinking_water
Carbon Mexican Grill,41.845668699650844,-87.63475469996939,fast_food
Park To Shop Supermarket,41.84854870026237,-87.64121110021205,supermarket
"George Wellington ""Cap'n"" Streeter",41.891994600270664,-87.61791099969287,artwork
BP Shop,41.76520090000156,-87.66337800009461,convenience
nan,41.771792999847094,-87.66437569987863,convenience
Citgo,41.778874999981326,-87.67423409962396,convenience
Abraham Lincoln,41.77923939987846,-87.66820959969323,artwork
AT&T,41.780636400449566,-87.64511069999878,mobile_phone_shop
PNC Bank,41.78076869971579,-87.64511420016015,atm
Subway,41.78051709998425,-87.64237020042435,fast_food
Dunkin',41.78051709998425,-87.64213370031001,fast_food
Subway,41.76828349988364,-87.66487030002429,fast_food
Boost Mobile,41.76820930041896,-87.66487669959997,mobile_phone_shop
Foot Locker,41.76784479979773,-87.66486820010732,shoe_shop
Chase,41.76700689964878,-87.6648343001628,bank
Circle K,41.7928480004349,-87.72369640026864,convenience
Boost Mobile,41.79339749969489,-87.7239304002677,mobile_phone_shop
nan,41.750865200268834,-87.68247129961077,shelter
nan,41.99349789960843,-87.88240000005993,waste_basket
nan,41.98679499968955,-87.68930110016561,tourist_info
Firehouse Community Arts Center of Chicago,41.85232539959759,-87.7196717002887,arts_centre
Papa T's,41.778955799570554,-87.69514430036912,restaurant
IMAN Beloved Community Ceramics Studio,41.7789647999856,-87.69282419967703,arts_centre
La Bodeguita Beto’s Produce,41.81614040005945,-87.70120609968171,convenience
Munchiez,41.7209513999872,-87.66778979975942,cafe
Taqueria La Iguanita,41.82514429996951,-87.70430399972975,restaurant
Chicago Urban Art Retreat Center,41.85374929979042,-87.7075346999664,arts_centre
Sammy's Breakfast,41.70755570043531,-87.61664139978075,restaurant
Burst Into Books,41.69429440006655,-87.62061770004681,bookshop
Art West Chicago,41.871386800160735,-87.69618090032827,arts_centre
New Pine Valley Restaurant,41.85874720022315,-87.72513669959898,restaurant
The North Face,41.898993000326755,-87.62356839996164,clothes
Shell,41.938842399956854,-87.7227932003459,convenience
Great Clips,41.9458611004095,-87.70926740037021,hairdresser
Dunkin',41.93292279964754,-87.68818230037283,fast_food
nan,41.96242569968632,-87.6411367001985,bench
nan,41.961816300182136,-87.6444309995909,bench
Panda Express,41.87247210020729,-87.67718430041509,fast_food
nan,41.96206410027804,-87.64244430006437,artwork
Jersey Mike's Subs,41.87854380015631,-87.6386992002079,fast_food
News Now,41.87840549971412,-87.63897809975947,newsagent
News Now,41.87905049978082,-87.63896340034063,newsagent
Starbucks,41.87854029999488,-87.63899830033125,cafe
Robinson's,41.8785693004329,-87.63902119976854,fast_food
Jamba,41.87888479969382,-87.63871600044303,fast_food
Dunkin',41.878975599744194,-87.63884340020275,fast_food
Chick-fil-A,41.87883890009522,-87.63899089981015,fast_food
nan,41.87846990016584,-87.63900560012831,atm
Subway,41.70644800007517,-87.66932590027005,fast_food
Amtrak,41.878673100183505,-87.64035210016925,vending_any
nan,41.87865710034498,-87.63905259959773,tourist_info
Car Rentals,41.878515299741366,-87.63976200011615,car_rental
Subway,41.83731770035166,-87.66517850038747,fast_food
Great Clips,41.837229799715544,-87.66517579972333,hairdresser
Boost Mobile,41.835902199826705,-87.66619370007913,mobile_phone_shop
T-Mobile,41.83646669977844,-87.66602959988609,mobile_phone_shop
Domino's,41.83735249961819,-87.66404000004593,fast_food
Geographic Center of Chicago,41.826896299824455,-87.67159029965256,memorial
BP Shop,41.823911299766735,-87.65011950021471,convenience
MedVet Chicago,41.942344299749664,-87.69687459958305,veterinary
Boost Mobile,41.88081639955726,-87.70549480014489,mobile_phone_shop
Citgo,41.87473649958986,-87.72518870019832,convenience
T-Mobile,41.79296699962737,-87.70308769993738,mobile_phone_shop
T-Mobile,41.78755469968968,-87.70299589984086,mobile_phone_shop
Subway,41.78661370036201,-87.7029337000302,fast_food
Wingstop,41.78637909961583,-87.7029280999518,fast_food
Boost Mobile,41.78611590042851,-87.70312970007558,mobile_phone_shop
Subway,41.79384999987764,-87.69349300030166,fast_food
Rainbow,41.89574320028851,-87.70834349985262,clothes
Domino's,41.895978800181524,-87.7083568997511,fast_food
Wingstop,41.8961164998766,-87.70836420044748,fast_food
Cricket Wireless,41.895831100025305,-87.70708550029559,mobile_phone_shop
Subway,41.89576120021928,-87.7073806002345,fast_food
Boost Mobile,41.896625300317396,-87.70700510000535,mobile_phone_shop
BP Shop,41.91009170007197,-87.73697099981177,convenience
Drink Happy Thoughts,41.91015000042222,-87.68793979998173,cafe
Aldi,41.90362080005991,-87.63478649999695,supermarket
High Dynasty Fade Barbershop,41.93851959999961,-87.75338510024216,hairdresser
Buona,41.892971700183864,-87.61754830041372,fast_food
nan,41.876566500343756,-87.64691840026393,monument
nan,41.87418209992404,-87.63554740019231,bench
nan,41.87426879996519,-87.63555029960662,bench
nan,41.87420080042665,-87.63555810032602,bench
nan,41.874217699587234,-87.63556120028915,bench
Forever Beauty,42.01795219993414,-87.69162439974622,beauty_shop
Discovery Clothing Company,42.018520100222474,-87.69169140013798,clothes
Boost Mobile,41.72157420028918,-87.66246209994591,mobile_phone_shop
Chipotle,41.7214327000591,-87.67995300003088,fast_food
Chase,41.72143699971781,-87.68027909960074,bank
Starbucks,41.89165769984305,-87.65895860025915,cafe
Enterprise,41.97893039961832,-87.65477950017373,car_rental
Papa John's,41.97983919961939,-87.65973080043608,fast_food
True Value Hardware,41.94512630033853,-87.64574640017617,doityourself
Field Museum Map,41.86623589986692,-87.61701820042958,tourist_info
Walgreens,41.883964200287664,-87.6541232999503,chemist
McDonald's,41.883995699941636,-87.65365780006738,fast_food
Su Taqueria El Rey Del Taco,41.87934440002408,-87.66895030021612,fast_food
BP Shop,41.76580840013759,-87.62453129957976,convenience
Shell,41.75143859991152,-87.62405460043942,convenience
Mobil Mart,41.76594580035845,-87.62058940018062,convenience
Forman Mills,41.751891699942064,-87.62833929981878,department_store
Metra,41.878850899749295,-87.639432900408,vending_any
McDonald's,41.87887310041333,-87.63904269986068,fast_food
CIBC,41.899885400291055,-87.6232970996814,bank
nan,41.709647699781556,-87.60520430043806,track
Mercado del Pueblo,41.902610999897774,-87.69171490032238,market_place
Lito's Empanadas,41.927087699637696,-87.6415975002244,restaurant
First Ascent Block 37,41.88404359963249,-87.62877239982635,sports_centre
BP Shop,41.873274399793786,-87.7192941999673,convenience
Mobil Mart,41.88220129975025,-87.72481229974778,convenience
Foot Locker,41.88159619990478,-87.72436169983257,shoe_shop
BMO,41.88124870006749,-87.72354360005704,bank
Kids Foot Locker,41.88160220018142,-87.7242302998884,shoe_shop
Taco Bell,41.86673569989267,-87.71030429980357,fast_food
PNC Bank,41.86674260039075,-87.71011649977663,bank
Subway,41.77271790041084,-87.58675319960042,fast_food
Boost Mobile,41.77279390031828,-87.58675319960042,mobile_phone_shop
BP Shop,41.774867200061294,-87.58677550008923,convenience
BP Shop,41.75903759960556,-87.58663890026497,convenience
Boost Mobile,41.76124979963862,-87.58663480025581,mobile_phone_shop
Citgo,41.751425000363554,-87.56654079991796,convenience
Citgo,41.75930140043931,-87.56668189994969,convenience
BP Shop,41.75663999983618,-87.5920529997461,convenience
Dunkin',41.87707079967771,-87.62744460028802,fast_food
Dunkin',41.87807520031032,-87.62914299964967,fast_food
Dunkin',41.87424750042186,-87.62623160010821,fast_food
Homan Square Community Center,41.86926440013201,-87.71377889977634,clinic
Chicago Blackhawks 75th Anniversary Sculpture,41.88150429998353,-87.67420400021439,artwork
Flight and Motion Simulators,41.7906647999406,-87.5824199997831,attraction
nan,41.79029279987287,-87.58259589998079,toilet
YOU! The Experience,41.79101710035894,-87.5829334002562,attraction
Side Practice Coffee,41.97590879985131,-87.67924320021348,cafe
Geo Style Salon & Spa,41.99739140019301,-87.70014620008703,beauty_shop
nan,41.866911799739796,-87.61381100037732,toilet
nan,41.86737519970575,-87.61435750039828,toilet
nan,41.86732179976133,-87.61375200035451,toilet
nan,41.86790250010034,-87.61377739990706,toilet
nan,41.86787060024807,-87.61338310024985,toilet
Downstate Donuts,41.96552690024629,-87.65896139984869,cafe
In-On Thai,41.966537400080995,-87.65795149986178,restaurant
Taquieria Atotonilco,41.85903279972399,-87.65995229985873,restaurant
Pilsen Yards,41.8578693000282,-87.65559769977398,restaurant
Rice and Noodles,41.85461599982858,-87.66413549995332,restaurant
La Esperanza,41.85628999968378,-87.6627118003093,restaurant
Tamale Lady,41.857322200159444,-87.6617245002854,restaurant
Evan St. Liquors,41.85769249960924,-87.66457999976711,beverages
Pl-zen,41.85769220013498,-87.66454959998401,restaurant
El Berrinches Restaurant,41.857484099711485,-87.6659355002231,restaurant
Silver Room,41.79969429995202,-87.58883790004899,clothes
Sweetgreen,41.79969830013647,-87.58895459967499,fast_food
nan,41.875795999885554,-87.61897779978557,fountain
nan,41.87580209998697,-87.61932679969203,fountain
nan,41.87580729986706,-87.61862169973165,fountain
nan,41.87606460040104,-87.6189801002514,fountain
nan,41.875542999909555,-87.61896370021458,fountain
Chicago Dental Boutique,41.885158800338445,-87.6188453997953,dentist
Panera Bread,41.89473890037999,-87.62110710031237,fast_food
Ukrainian Cultural Center,41.89562420019672,-87.6836902002425,community_centre
Ukrainian National Museum,41.894607000412805,-87.68400670044883,museum
Italian Express,41.997466499879124,-87.69188130008189,restaurant
Latinos Progresando Resource Center,41.851968099847966,-87.70156400017845,community_centre
Pick Me Up Cafe,41.971241000072155,-87.66794300016926,cafe
nan,41.72105109972853,-87.65030270020941,shelter
Reggio's Pizza,41.738877499996704,-87.60542639970856,restaurant
Nike,41.739814099840885,-87.60516090005547,clothes
America's Kids,41.73983209977166,-87.6056624996246,clothes
nan,41.64538370039753,-87.54237179961882,vending_parking
nan,41.6456627995986,-87.5427405998987,vending_parking
nan,41.648085500345644,-87.54588419989585,vending_parking
nan,41.647446800029854,-87.54505869959928,vending_parking
nan,41.64708860005891,-87.54455579961041,vending_parking
Target,41.92589289993742,-87.70254780004092,department_store
Cindy’s,41.88164489999218,-87.62479730015525,restaurant
Chicago Lakeside VA Clinic,41.893153599758875,-87.62210210033163,clinic
Metro by T-Mobile,41.73672920039235,-87.7026090996302,mobile_phone_shop
Blue Bell Mart,41.894693499905145,-87.65276599995087,convenience
nan,41.88795779991261,-87.60997020006465,comms_tower
Vietnam War Memorial,41.99136430032223,-87.79928450007958,memorial
Cleo's Southern Cuisine,41.817075800208045,-87.60692479973966,restaurant
Surf's Up Bronzeville,41.8162363001652,-87.60650930036388,restaurant
The Norwood Restaurant,41.99251199982899,-87.79900849994226,restaurant
Raven Street Salon,41.99258489977336,-87.79884920033027,beauty_shop
Dr. Joseph Sadowski M.D. Family Practice,41.99266959972232,-87.79930800026398,dentist
Janus Travel,41.992853500288845,-87.79937420025908,travel_agent
The Pearl Botique,41.99275839968044,-87.80002059967092,clothes
Bangkok Belly,41.992870099975164,-87.80020870007144,restaurant
Norwood Park Hand Car Wash and Detailing,41.9939903000124,-87.80238579956495,car_wash
WineStyles,41.99401809985545,-87.80210969960291,bar
Fort Maner,41.87364329989845,-87.69689010029788,clothes
Supreme Cuts Barber Studio,41.65385140022198,-87.54608200038399,hairdresser
Carson's Ribs,41.890921899725925,-87.61533990001635,restaurant
5411 Empanadas,41.898307099992735,-87.6364049999907,restaurant
5411 Empanadas,41.94939959991166,-87.6638989000142,restaurant
Target,41.89340599988702,-87.63295340017925,department_store
Raiz Kitchen & Sushi,41.92485229979383,-87.71048859966908,restaurant
LCHC Eye Clinic,41.85188940017571,-87.72168859994889,clinic
LCHC Belle Whaley,41.85285329983998,-87.72048570005495,clinic
LCHC at the Gallery,41.852713799702144,-87.72085779994745,clinic
Esperanza Brighton Park,41.80806079996597,-87.69452469985498,clinic
Rent-A-Center,41.80780090039127,-87.70327270037478,furniture_shop
Little Caesars,41.80653539958905,-87.70545330002972,fast_food
Foot Locker,41.80763099957102,-87.7032539000474,shoe_shop
ACCESS Kedzie Family Health Center,41.80667930010969,-87.70550429968364,clinic
ACCESS Ashland Family Health Center,41.79975229992874,-87.66445579979529,clinic
ACCESS Centro Médico,41.84448219979373,-87.71740789985466,clinic
Little Caesars,41.80909630005425,-87.66022720012512,fast_food
Beijing 88,41.80933130009947,-87.66179499993927,fast_food
America's Best Contacts & Eyeglasses,41.8089317996629,-87.66021669964096,optician
University of Illinois - Mile Square Health Center at Back of The Yards,41.80941530037586,-87.66178429980556,clinic
FFHC-Ashland,41.80660030006385,-87.66521619996763,clinic
Esperanza Little Village,41.843586000193795,-87.70220790037428,clinic
ACCESS Servicios Médicos La Villita,41.84393569977277,-87.70780560004835,clinic
ACCESS Centro Médico San Rafael,41.8446264996133,-87.70530249991043,clinic
PCC Clinic at The Boulevard,41.890622400303585,-87.7131003001387,clinic
LCHC at Garfield Park FamilyPlex,41.88725389964782,-87.70707070015266,clinic
University of Illinois Mile Square Health Center - Humboldt Park,41.902957800062495,-87.70834340002784,clinic
Advocate Medical Group,41.92698680020072,-87.70677829997851,clinic
Selected Hardwood Flooring And Supply Co.,41.851305900247155,-87.72010139995962,doityourself
The Hot Dog Box,41.802244699933,-87.61836869975565,fast_food
Chase,41.95221849968408,-87.67760010016445,bank
Domino's,41.81480260005998,-87.66459810042198,fast_food
T-Mobile,41.81527379984601,-87.66459400041276,mobile_phone_shop
Subway,41.81532259975825,-87.66564350024731,fast_food
Cricket Wireless,41.815212799731,-87.66565580027492,mobile_phone_shop
Rainbow,41.80845199966012,-87.66476069964654,clothes
Foot Locker,41.80813529980429,-87.66472919999256,shoe_shop
Chase,41.80642249959874,-87.66461379988692,bank
nan,41.8757581995813,-87.63014240005168,artwork
nan,41.87576040022236,-87.63005560018576,artwork
nan,41.87576179956744,-87.62995719996479,artwork
nan,41.875761900291536,-87.62986899985441,artwork
nan,41.87575590001484,-87.63032700029078,artwork
nan,41.875756900060935,-87.63024030024962,artwork
nan,41.87575449977038,-87.63042109995376,artwork
nan,41.87576879989024,-87.63096419963807,artwork
nan,41.875455100172815,-87.63157929994469,artwork
nan,41.875464099688486,-87.63029720035547,artwork
nan,41.87546440006207,-87.63036829985714,artwork
nan,41.87546309964239,-87.63010380025014,artwork
nan,41.87546509973464,-87.63000919966481,artwork
nan,41.87546609978074,-87.62991529965132,artwork
nan,41.87546669962853,-87.62985430043557,artwork
nan,41.875472400430965,-87.62955079992946,artwork
nan,41.87547269990523,-87.62944609995753,artwork
nan,41.87549239955467,-87.62900370006065,artwork
nan,41.87549439964687,-87.62891349985807,artwork
nan,41.875473100103534,-87.62841910026123,artwork
nan,41.87547389960082,-87.62832840003557,artwork
nan,41.875476500440186,-87.6280899996537,artwork
nan,41.875477899785324,-87.62799780025824,artwork
nan,41.875477899785324,-87.62790330039695,artwork
nan,41.875517899831266,-87.62734260008091,artwork
nan,41.875551000278506,-87.62707210019721,artwork
nan,41.8756055000938,-87.62571139986119,artwork
nan,41.875607400361275,-87.62552979976039,artwork
nan,41.87580050009308,-87.62569530019789,artwork
nan,41.87547369995133,-87.62851219987806,artwork
nan,41.87578510010235,-87.62888920017639,artwork
nan,41.87578329965959,-87.62896749965034,artwork
nan,41.875785000277574,-87.62906069999127,artwork
nan,41.875770700157716,-87.62847169980904,artwork
nan,41.87577280007474,-87.62838849992932,artwork
nan,41.87577409959505,-87.62809130007338,artwork
nan,41.875776200411394,-87.62800329961254,artwork
nan,41.875775300190014,-87.6279236997189,artwork
Devil Dawg's,41.93980400005461,-87.65301410042036,fast_food
Jesse's Flowers & Balloons,41.84359849987095,-87.71461639972705,florist
Prosper Skate Shop,41.84372340041466,-87.71494429973961,sports_shop
Life on Marz Community Cafe,41.91730340043165,-87.68775440024535,bar
Sarpino's Pizzeria,41.96131910009643,-87.66660589984235,fast_food
Sarpino's Pizzeria,41.96917330040753,-87.7290215001421,fast_food
Sarpino's Pizzeria,41.85597379985103,-87.62789460035549,fast_food
Still Life by Solemn Oath,41.9173237997536,-87.70029450009105,bar
Bronzeville Winery,41.814354299711226,-87.60692910029769,restaurant
The Region,41.94305430011593,-87.68072260026776,fast_food
Thai Thank You,41.94094079977816,-87.66974119999634,restaurant
Pho's Thai Cuisine,41.942399900335204,-87.67075529981719,restaurant
Young's Chinese Restaurant,41.953892100240296,-87.66881630033197,restaurant
Being There/There Being,41.941906999908156,-87.6700578000274,artwork
Cafe Tola #3,41.9468488995571,-87.66958629986783,cafe
Brown Bag Seafood Co.,41.94342220017444,-87.67145309998057,restaurant
nan,41.65680970030746,-87.59874259959128,playground
nan,41.79658359985331,-87.57628769991737,toilet
Egg Harbor Cafe,41.891112699891266,-87.6212278999476,restaurant
CT Nails,41.80190609978672,-87.64586729963611,beauty_shop
Jamaica Island Jerk Chicken,41.80197670016463,-87.64515089969422,restaurant
Boost Mobile,41.80184580024354,-87.6458661997653,mobile_phone_shop
S2 Express Grill,41.8017658001516,-87.64588290017565,fast_food
goddess bakery,41.891832299621,-87.62648229961837,restaurant
nan,41.94536200005632,-87.67241810041497,bench
B Collective,41.94497900038061,-87.67217810013915,florist
Alice and Friends' Vegan Kitchen,41.98747610034184,-87.66047900040553,restaurant
Coalfire,41.94914080020783,-87.66387089962228,restaurant
Batter & Berries,41.93164730018282,-87.65766509996433,restaurant
Sine Qua Non,41.94387759977144,-87.67142060028044,hairdresser
Pelly's Liquors,41.944035000015276,-87.67153290042296,beverages
AMITA Health Digestive Institute Chicago,41.93411310003961,-87.63840849975242,clinic
Hot Woks Cool Sushi,41.88117389985564,-87.62466709990667,restaurant
nan,41.875451699836105,-87.63271380010178,artwork
nan,41.87544979956863,-87.63280500035046,artwork
nan,41.87544950009442,-87.63289619969981,artwork
nan,41.87573039973819,-87.63280910035968,artwork
nan,41.87573029991347,-87.63290079973211,artwork
nan,41.875761699742725,-87.63158130003694,artwork
nan,41.87573139978434,-87.63272040022628,artwork
nan,41.87573680021319,-87.63332569972124,artwork
nan,41.87573670038847,-87.63341639994684,artwork
nan,41.87544230012213,-87.63340819992845,artwork
nan,41.87544170027428,-87.63331770025161,artwork
Sweetgreen,41.91146840024652,-87.65075990024917,fast_food
nan,41.965551100103255,-87.64486249970457,bench
nan,41.965557300029445,-87.64395280038138,bench
nan,41.96555379986802,-87.64386160013271,bench
Montrose Yacht Club Anchor,41.96313300028777,-87.63848970043927,artwork
Englewood Branded,41.77962749960949,-87.6636694002226,clothes
Wrigleyville North,41.95280229998622,-87.65466529976374,bar
Breakfast House,41.95359870002005,-87.65468939979593,restaurant
Tac Quick,41.954342299957204,-87.65509179964681,restaurant
Subway,41.95428510037715,-87.65470650040464,fast_food
Artemio's Bakery,41.95295059999023,-87.6546735996069,bakery
Cook Brothers,41.9125208003947,-87.73790310034775,department_store
nan,41.87289359985982,-87.73964239997673,comms_tower
nan,41.872866200215014,-87.73949879982973,comms_tower
nan,41.87294010020554,-87.73840660018442,comms_tower
Cleaners On Division,41.903057599628596,-87.67558609991852,laundry
Beacon Doughnuts,41.91845849956013,-87.64906939963305,fast_food
Pinched,41.8906574999437,-87.6158586001942,restaurant
Majani,41.76463060032199,-87.56489829971673,restaurant
Fancy Plants Cafe,41.93903270009906,-87.64489960033626,cafe
Bombay Wraps,41.939029399587184,-87.64422320044031,restaurant
BLVDier,41.890253699848415,-87.64775349992402,clothes
Dunkin',41.99028349958388,-87.73121270010597,fast_food
Jersey Mike's Subs,41.99042909982313,-87.73119930020749,fast_food
Shake Shack,41.946406600384364,-87.6556426002258,fast_food
7-Eleven,41.86399000043821,-87.64701450001911,convenience
Reggies On The Beach,41.78150599990204,-87.57281760015206,pub
Bottles and Cans,41.99747600031719,-87.76351979959901,beverages
Eden,41.9429635000655,-87.69686229955545,restaurant
T-Mobile,41.692116699825874,-87.7010577996777,mobile_phone_shop
Dunkin',41.692118699918126,-87.70117850038747,fast_food
Shell,41.91834239978198,-87.67237040037367,car_wash
Subway,41.91828849981448,-87.67259570033127,fast_food
Nobody's Darling,41.97988019971149,-87.6741256000164,bar
Crushed Pizzeria,41.961443700266614,-87.6697555001162,restaurant
Disco Taco,41.961445700358865,-87.66962539969239,restaurant
meatheads,41.94113360003564,-87.68870509966058,fast_food
Lincoln Square Farmers Market,41.966651700315765,-87.68740619983623,market_place
Forest Cleaners,41.96606000036877,-87.68670460003722,laundry
Dimo's Cafe,41.966137199971854,-87.68676679984787,restaurant
Rolls N Bowls,41.96588000016192,-87.68660049991308,restaurant
nan,41.74687750019655,-87.64051720040845,comms_tower
Woodwind,41.89392830005107,-87.62059949956722,restaurant
Aspen Dental,41.86841870016292,-87.64108769973751,dentist
Culver's,41.96133450008716,-87.67538280007614,fast_food
Hazel Apparel,41.9615935003398,-87.67720119957568,clothes
Fountainhead Market,41.9615931001415,-87.67865920026185,beverages
Ascione Bistro,41.795380000286855,-87.58861240044189,restaurant
Black Beauty Collective,41.79936639993946,-87.58383390041416,beauty_shop
Chickie Curls Studio,41.79971360030248,-87.58623510016969,hairdresser
Lawndale Christian Health Center Immediate Care,41.85208659991673,-87.72273769958514,clinic
Exfolia Botanical,41.92839030017228,-87.71756260033368,florist
Rosie's Food Mart,41.92839630044898,-87.71925240037791,convenience
Beauty & Soul,41.92844310026891,-87.71726219979064,beauty_shop
Flight Forms,41.78456959980724,-87.74089099981973,artwork
Taqueria 5 de Mayo,41.96120160007382,-87.68936899987938,restaurant
Bronzeville Wingz,41.81638699956045,-87.62325559956622,fast_food
The Succulent City,41.90314030038462,-87.69116609983558,garden_centre
Famous Footwear,41.94526059969695,-87.70153020005864,shoe_shop
America's Best Dental Solutions,41.94526750019503,-87.70126420038252,dentist
Fresh Kickz,41.94594730042763,-87.70068729967909,shoe_shop
T-Mobile,41.94604219958791,-87.70069139968831,mobile_phone_shop
OshKosh B'gosh,41.94623089983622,-87.70072440031078,clothes
Carter's,41.94633730042614,-87.70072679970201,clothes
Moonbowls,41.95679629980947,-87.69314599958818,restaurant
nan,41.961708000224064,-87.68737959968871,bench
nan,41.9620474996924,-87.68621300002991,drinking_water
nan,41.962240899797735,-87.68700959971324,drinking_water
Ten Cafe,41.941243599712436,-87.6887045996375,cafe
Family Dental,41.94159470043513,-87.68956290000779,dentist
Joy Yee Noodle,41.941654499955234,-87.68956290000779,restaurant
Wanda Nail Spa,41.94178060019459,-87.68972609997951,beauty_shop
nan,41.88795269985724,-87.62881280007065,toilet
Beard Papas,41.93985480005904,-87.65122780042259,bakery
Lombard Lamp,41.967676400445555,-87.68740640038504,memorial
Slim's Chicago,41.961558200150876,-87.67987220044165,fast_food
Vincentian Bicentennial Memorial,41.92367280025957,-87.65462469986994,memorial
Monsignor John Egan,41.92345659964241,-87.653704199689,artwork
Target,41.921739399953424,-87.64326649984906,department_store
Taco Bell Cantina,41.91821590024364,-87.65279699958182,fast_food
Jimmys Pizza Cafe,41.96143250010982,-87.69009149992274,restaurant
3LP,41.83810779973521,-87.65125400037181,restaurant
Martinez Grocery Taqueria,41.83469109991438,-87.650563300356,fast_food
Al Capone's House,41.76250200036708,-87.6187847998786,attraction
Waller Apartments,41.88563069979699,-87.69838950037513,attraction
nan,41.963219599604884,-87.69515019992173,bench
nan,41.963224599835485,-87.69498249974254,bench
nan,41.963274499618535,-87.69523199955711,bench
nan,41.96266670000824,-87.68847679956463,bench
nan,41.962856199753844,-87.68844599958317,bench
nan,41.961614600233645,-87.68677099968187,bench
BP Shop,41.9463211000388,-87.75728760034247,convenience
nan,41.962277500406344,-87.68843049976772,bench
nan,41.96197330022767,-87.68841309968474,bench
Museum of Illusions,41.883060500341855,-87.62684299970465,museum
nan,41.88633979994188,-87.7174341996286,artwork
Idyl,41.88618200039906,-87.71741049979471,artwork
nan,41.88673249970515,-87.71765860026414,fountain
nan,41.885782599787206,-87.71741829961479,bench
Zellij Fountain,41.886798500050816,-87.71779799967788,fountain
nan,41.88576319961203,-87.7176419996785,bench
nan,41.886707000327874,-87.7173467000901,bench
nan,41.88577279987487,-87.71797489992167,bench
nan,41.886706299755986,-87.71728929996118,bench
nan,41.88572750012406,-87.71889590012563,bench
nan,41.88674870009248,-87.71743450000213,bench
Ras Dashen Ethiopian Restaurant,41.98831139965142,-87.66046580015649,restaurant
Five Guys,41.873080999688455,-87.67741859988843,fast_food
nan,41.886188599624234,-87.71710750021094,toilet
nan,41.88633240032004,-87.71711560040461,toilet
Cardiss Collins Post Office,41.874081099762975,-87.63878009962184,post_office
Men's Room,41.943060000019045,-87.64920109995074,clothes
Splash,41.94297120006087,-87.64918319984474,bar
Galaxy Comics,41.950536799833515,-87.68860360037581,bookshop
Winnemac Liquor Store,41.973168400101656,-87.68881749962787,beverages
Barbershop,41.963277499756884,-87.68851299997493,hairdresser
Kraken Sushi,41.95480800038894,-87.68870909984503,restaurant
Mi Fogata,41.96026190026652,-87.6888877996322,restaurant
Your Community Bike Shop,41.983311699675255,-87.68968779965218,bicycle_shop
Marathon,41.99627029993445,-87.67071129958674,convenience
Devon Dental,41.9979543002508,-87.66900809964403,dentist
Discount Laundry,41.9982481995948,-87.6745972998255,laundry
Touche,41.99854259986114,-87.67098390028673,bar
Malik Food Mart,41.99801879962797,-87.68035360033832,convenience
Laundromat,41.99810420014876,-87.68546120007431,laundry
Villa Palermo,41.9979344000526,-87.68471789961131,fast_food
Baghdad Hair Styles,41.99801990039816,-87.68046080042558,hairdresser
Satina World Market,41.99797829955895,-87.68240509961561,convenience
Dino's Bar,41.99820749987629,-87.67094049990413,bar
Tanoshii,41.982994499796405,-87.66849560029169,restaurant
Lahore Food and Grill,41.997970700287624,-87.6832917996768,fast_food
Rahmat Grocery and Zabiha Halal Meat,41.99794799960057,-87.68482900005824,supermarket
George's Deep Dish,41.99510330007729,-87.66987789964531,restaurant
Boukarou Lounge,41.9904715999844,-87.66973969992716,fast_food
Whiskey Girl Tavern,41.99704159989,-87.67064980034797,bar
Ebenezer Family Beauty Salon,41.99749100010962,-87.67014600013778,hairdresser
Northside Dental,41.98819269993322,-87.67022319974086,dentist
Esmeralda,41.99390090020643,-87.6704119998139,beauty_shop
Johnny Sprockets,41.980904200168766,-87.66855460031451,bicycle_shop
Graham Crackers Comics,41.973317899801316,-87.66824930026496,bookshop
Rainbow Dry Cleaners,41.97382549964715,-87.6679747003721,laundry
Domino's,41.98890669958456,-87.67022009977774,fast_food
1st Family Dental Andersonville,41.97906080041565,-87.66812849973041,dentist
NorthShore Immediate Care,41.97209979956614,-87.66807270039476,clinic
Lisseth Unisex,41.99162159995694,-87.67353159960362,hairdresser
Nina Beauty Salon,41.988965300308394,-87.67022500018356,beauty_shop
Dunkin',41.98368929982138,-87.66914060035839,fast_food
Primo Pizza,41.98360299997853,-87.66914110038147,fast_food
Chicago Bloom,42.01246680040259,-87.68825179998055,garden_centre
Alicia Beauty,41.98536960032686,-87.66322419983692,beauty_shop
Spirits and Liquor,41.98538050011007,-87.6633910996195,beverages
Orange Julius,41.92201089988316,-87.64418340004386,fast_food
Chi Tea,42.00027990029719,-87.66094670003014,fast_food
Himmel's,41.96852239988891,-87.68609220039468,restaurant
Chipotle,41.79971260025633,-87.58802400010751,fast_food
nan,41.973197399640355,-87.6824536998783,bench
Miku Sushi,41.96356860041061,-87.68540599968708,restaurant
nan,41.795301400439314,-87.5968500995524,atm
nan,41.79140329982249,-87.58952769984342,atm
nan,41.79137619965195,-87.59430879981124,atm
The Grooming Lounge,41.904587400388266,-87.66865639997286,hairdresser
Boat Drinks,41.86066009958398,-87.61257690030368,biergarten
MK Noodle,41.94270480018645,-87.67060139973478,restaurant
Homewood Suites,41.88360710018759,-87.64300369996073,hotel
Canopy by Hilton,41.878444499713964,-87.63506319980678,hotel
Chicago Parthenon Hostel,41.87750589977753,-87.64751780020629,hostel
Homewood Suites by Hilton - Chicago Downtown South Loop,41.86917910033526,-87.62530809978892,hotel
Physicians Immediate Care,41.87109039980214,-87.62731919972123,clinic
FreshMart,41.84882530024748,-87.6418162998823,supermarket
nan,41.791357199675076,-87.58268169980056,gift_shop
nan,41.79050109994586,-87.58139860016524,gift_shop
Hilton Garden Inn Chicago Downtown South Loop,41.86917539962502,-87.62553329992181,hotel
nan,41.7858437997516,-87.59744230042179,post_box
nan,41.78584500034657,-87.5973881000807,post_box
Citibank,41.789366999987124,-87.60176880028985,atm
Amarit,41.874299799596145,-87.62944040005436,restaurant
Ashland Ave & 74th St,41.75914290032466,-87.66348460033402,bicycle_rental
Halsted St & 73rd St,41.761631999816984,-87.64408690009031,bicycle_rental
Ashland Ave & 78th St,41.751974899821846,-87.66364599986298,bicycle_rental
Holy Grounds,41.851035199814646,-87.67934540007013,cafe
Shoe Carnival,41.81677920019996,-87.72547800040934,shoe_shop
Marshalls,41.817821599887,-87.7255680000631,department_store
Ross,41.8182494001897,-87.72556540012306,department_store
Hart's Coin Laundry,41.82450570037781,-87.68771090003798,laundry
Su Nueva Lavanderia,41.82014779978118,-87.68525060043481,laundry
Confessions,41.81972189974596,-87.6850912999235,bar
El Pescador,41.81927589986293,-87.6850378001543,restaurant
Naples Pizza,41.8155637997296,-87.68487880001658,restaurant
nan,41.68485940024118,-87.67159019982785,shelter
Conscious Plates,41.78059200002082,-87.60480830016286,restaurant
Apollo Family Medical Center,41.854180299880966,-87.68548299964067,doctors
Aloha Wagon,41.85404539977543,-87.68549910020329,restaurant
Workshop Apothecary,41.85412649973824,-87.68547109981137,general
Casa Cafe Restaurant,41.85397249983106,-87.68549340030017,restaurant
Exchequer Restaurant & Pub,41.878746000127876,-87.62631949984501,restaurant
America's Best Contacts & Eyeglasses,41.95252419993193,-87.81060420012369,optician
nan,41.95281679975557,-87.78792399959286,post_box
Philz Coffee,41.90348840006965,-87.66937520020531,cafe
nan,41.78780599994701,-87.59870759977588,post_box
Washington Park,41.78688249962772,-87.60587260014034,tourist_info
Dr. Bird's Jamaican Patty Shack,41.903855499731606,-87.66701220005297,restaurant
Fifth Third Bank,41.968825299647904,-87.68992899962359,atm
Jimmy John's,41.79506610002056,-87.58827039995896,fast_food
nan,41.954082100008975,-87.90911890031697,post_box
nan,41.78601800023057,-87.59385300001588,post_box
nan,41.78587099974692,-87.59926229981522,post_box
nan,41.785849899853076,-87.60143060034187,post_box
Lincoln Park Passerelle Viewpoint,41.9153430996044,-87.62754020002018,viewpoint
nan,41.966988400194566,-87.64603420031807,bench
nan,41.96695939975655,-87.64626429995747,bench
nan,41.96663249979008,-87.64580509982545,bench
nan,41.96665280018664,-87.64616429984255,bench
Southside Grinds Coffee Co.,41.80225599991451,-87.61826730029566,cafe
Lexington Betty Smoke House,41.693140200260075,-87.60258509962262,restaurant
Citgo,41.74438229970343,-87.55171369982736,car_wash
nan,41.96764339982309,-87.64693220036071,bench
nan,41.96754880013708,-87.64702620019892,bench
nan,41.967890299697615,-87.64527289992435,bench
nan,41.96801639993697,-87.64521720041341,bench
nan,41.968519799948865,-87.6456244997708,bench
nan,41.96858230013311,-87.64586090006043,bench
nan,41.9678901998729,-87.6470073998716,bench
nan,41.967779899822574,-87.64690529983966,bench
Kaathis,41.923431600288154,-87.64573400032384,restaurant
nan,41.96424939979005,-87.74912309975122,comms_tower
Tiki Tiki at the Silver Palm,41.89566820042717,-87.65480899973551,bar
nan,41.941780299821005,-87.66040890005064,fountain
nan,41.94175529956749,-87.66032959963127,fountain
nan,41.94184799988534,-87.66036639988943,drinking_water
Snuggle Cleaners,41.941742500416126,-87.6591337998849,laundry
nan,41.92164790023048,-87.63293719979191,viewpoint
nan,41.921588300359815,-87.63378410035591,viewpoint
nan,41.96924609962787,-87.6461920996856,bench
nan,41.969187300153806,-87.6459742002491,bench
nan,41.84449010033791,-87.65171989955371,comms_tower
nan,41.928441500375015,-87.68798730037355,memorial
Old Second National Bank,41.886263499660856,-87.63596400033833,bank
nan,41.97098790027144,-87.64689239996426,bench
nan,41.971234099574076,-87.6470212997931,bench
nan,41.972182199948634,-87.64815860043905,bench
Carved Stumps,41.97363270028893,-87.64744269962085,artwork
nan,41.97299960005154,-87.64720010030436,bench
nan,41.97370930004422,-87.64735589975493,bench
nan,41.98583319994225,-87.78772419991185,camera_surveillance
nan,41.92383650025431,-87.76977969977327,camera_surveillance
Elsdon Post Office,41.803729899715165,-87.70468660010647,post_office
TJ Maxx,41.8035699004306,-87.70526059959695,department_store
Chuck E. Cheese,41.80242220002458,-87.70485829957084,restaurant
nan,41.973858500269614,-87.64836540044286,bench
nan,41.974854199961385,-87.6481516001162,bench
nan,41.97348049992519,-87.64828409993123,bench
nan,41.97618620023303,-87.64781829967473,bench
nan,41.976410400319764,-87.64845859988446,bench
Jersey Mike's Subs,41.96899290000238,-87.67240790030434,fast_food
Chicago Dog House,41.92555939984646,-87.64957069972797,fast_food
Burger King,41.93312439977126,-87.64841230008756,fast_food
Auntie Anne's,41.878562300110104,-87.63906849961154,fast_food
Qdoba,41.87699770008385,-87.63352209996492,fast_food
Panda Express,41.877813100094556,-87.63391589959906,fast_food
BIBIBOP Asian Grill,41.87834959965437,-87.62662849970548,restaurant
Just Salad,41.87834620021704,-87.62685179957083,fast_food
Beatrix Market,41.87812829988121,-87.62682470029966,restaurant
Sweetgreen,41.97996639972962,-87.66845839983523,fast_food
The Clark,41.979396799722565,-87.6684475998768,clinic
Atmosphere,41.97966009963392,-87.66811330028855,bar
Styles Hair Salon,41.97914260005098,-87.66812999979959,hairdresser
Anteprima,41.978577699900995,-87.66848659987664,restaurant
Verizon,41.978491499882864,-87.6684890001672,mobile_phone_shop
Buffalo Exchange,41.977658199766154,-87.66853439974273,clothes
nan,41.97768379986752,-87.64903759960549,toilet
nan,41.97767130019042,-87.64909050042621,toilet
nan,41.977708300098016,-87.64904729969311,drinking_water
nan,41.97769509984903,-87.6491021997067,drinking_water
Foster Beach Concessions,41.97767089999212,-87.64918650035668,fast_food
Cowboys and Astronauts,41.97907239987143,-87.66780330038199,clothes
The UPS Store,41.97853800022858,-87.66816000028376,post_office
Play,41.97848810044553,-87.66815600009932,toy_shop
Enjoy Andersonville,41.97833259956985,-87.66818820032518,gift_shop
Big City Optical South Andersonville,41.97813620022549,-87.66819090008994,optician
Foyer Shop,41.978122300303994,-87.66797499984631,florist
Cassona,41.9774423004219,-87.66822170007134,furniture_shop
Ándale Market,41.977178100289166,-87.6685193999503,general
Visionary,41.97690339967221,-87.66855229984873,optician
Dearborn Denim & Apparel,41.976386199563535,-87.66857150037441,clothes
Jin Ju,41.97638010036138,-87.66825789958239,restaurant
Nail Palette,41.976426900181366,-87.66825519981757,beauty_shop
Jackhammer,41.998371299695805,-87.67093970040679,nightclub
Adé H,41.891975299920205,-87.61366049973225,memorial
nan,41.977704799936646,-87.64974500003171,bench
nan,41.978037200156734,-87.64996450026143,bench
nan,41.97849719978598,-87.65027329957309,bench
nan,41.97863739959638,-87.65036909985406,bench
nan,41.97869419987745,-87.65040470041657,bench
nan,41.97874280014014,-87.65043500037496,bench
Baltimore Ave & 87th St,41.73734789978579,-87.54846739995048,bicycle_rental
Steelworkers Park,41.73801230002766,-87.53068199977446,bicycle_rental
Houston Ave & 92nd St,41.72819810016222,-87.54956729959116,bicycle_rental
Shell,41.98084570016897,-87.80762990019969,car_wash
Shell,41.98081280027054,-87.80756689999242,convenience
Churro Parlor,41.94344060030352,-87.6690875997129,restaurant
Maharaj Indian Grill,41.8775204004462,-87.62739299988698,restaurant
nan,41.979589500155384,-87.65078009992163,bench
nan,41.98151070025864,-87.65225280002664,camera_surveillance
nan,41.98380569997312,-87.65115849956504,bench
nan,41.983727100125634,-87.65075709976031,bench
nan,41.98367570027341,-87.6507692999632,bench
nan,41.98335619992872,-87.65084040036413,bench
nan,41.98291799986583,-87.65090239962598,bench
nan,41.98285830017045,-87.65090849972745,bench
nan,41.98280090004158,-87.65091359978277,bench
nan,41.98204459987841,-87.65090849972745,bench
nan,41.9819954995927,-87.65090949977355,bench
nan,41.981938800035664,-87.65090949977355,bench
Foot Locker,41.737696399669176,-87.62710719983738,shoe_shop
Subway,41.736538800425365,-87.6270877996622,fast_food
Verizon,41.736532800148666,-87.62743919985917,mobile_phone_shop
Rainbow,41.73346889986988,-87.62682899995832,clothes
Boost Mobile,41.743374299984,-87.63164180012893,mobile_phone_shop
BMO,41.743228300445764,-87.63262610001448,bank
Potbelly,41.74324020027507,-87.63227300009885,fast_food
nan,41.78774919966588,-87.6050588998483,post_box
nan,41.78976610022539,-87.60362109973391,post_box
nan,41.78596320004169,-87.59294789982567,post_box
The Goat Parlor,41.92982329970556,-87.80626609990054,hairdresser
nan,41.9283549999833,-87.71477470019221,camera_surveillance
nan,41.953379900362165,-87.74691830023932,camera_surveillance
nan,41.92403999974624,-87.75599989977553,camera_surveillance
nan,41.98714739993261,-87.65399759990925,bench
nan,41.98700939986395,-87.65381170014979,bench
nan,41.986858200445624,-87.65362640023812,bench
nan,41.9867111001372,-87.65343579972233,bench
Cog Cycles,41.98290169965378,-87.70960849973244,bicycle_shop
Clyde Ave & 87th St,41.73721909978167,-87.57272789997256,bicycle_rental
East End Ave & 87th St,41.73676460040605,-87.58283480038568,bicycle_rental
Stony Island Ave & 90th St,41.73139259998857,-87.58579409961794,bicycle_rental
Greenwood Ave & 91st St,41.72827000006049,-87.59727930009956,bicycle_rental
Eberhart Ave & 91st St,41.72928640034718,-87.61170369996574,bicycle_rental
State St & 95th St,41.721597400099995,-87.62279359984473,bicycle_rental
Chicago State University,41.71902609987467,-87.60834250000636,bicycle_rental
Greenwood Ave & 97th St,41.718719600129475,-87.59696839997167,bicycle_rental
Yates Blvd & 93rd St,41.72616159977804,-87.56627840022793,bicycle_rental
Constance Ave & 95th St,41.722141800203985,-87.57893209973656,bicycle_rental
Dauphin Ave & 87th St,41.73651659976133,-87.60118209967413,bicycle_rental
Sweet Moon,41.96890240032559,-87.67872340016476,cafe
R&A Bread Bakers,41.96892340039466,-87.67789160011722,bakery
AT&T,41.96899719966109,-87.67219689956721,mobile_phone_shop
Dunkin',41.95423099986078,-87.65015550007621,fast_food
Wingstop,41.9496865996569,-87.64911439990959,fast_food
XMarket Uptown,41.9620659996462,-87.65024840004361,supermarket
Advantage Academy of DeVry University,41.968960500127025,-87.6773018004377,school
nan,41.96864499996684,-87.67850470033164,beverages
Bank of America,41.96862340004992,-87.67893640009476,atm
Cricket Wireless,41.96889980038554,-87.6790122003527,mobile_phone_shop
Tide Cleaners,42.0186777001158,-87.6916955001472,laundry
Starbucks,41.9164005998079,-87.74573469979651,cafe
T-Mobile,41.91650510013034,-87.74573839960743,mobile_phone_shop
nan,41.87634190005872,-87.69270580033236,comms_tower
Chipotle,41.97395910023232,-87.7458951001787,fast_food
Smashburger,41.97443840021208,-87.7459059999619,fast_food
Tropical Smoothie Cafe,41.999759899699654,-87.66093199971198,fast_food
Taco Bell,41.88250080007191,-87.64082489984924,fast_food
Popeyes,41.88260180023292,-87.64083019955405,fast_food
Halsted Street Deli,41.882609900426644,-87.64056610014535,fast_food
Shake Shack,41.8782183004343,-87.6356593999613,fast_food
Brown Bag Seafood,41.87837609997706,-87.63576149999318,restaurant
Do-Rite Donuts,41.878439399658646,-87.63576409993323,fast_food
Freeman Jewelers,41.73495900005787,-87.62730439957835,jeweller
Citi Trends,41.7345848002484,-87.62744909959622,clothes
dd's Discounts,41.7349744000486,-87.62878429965565,department_store
Chipotle,41.7357923999993,-87.62598599975405,fast_food
T-Mobile,41.735787899791774,-87.62619889985928,mobile_phone_shop
Humboldt Park,41.91035309971585,-87.70162899957865,tourist_info
Forman Mills,41.81070810009879,-87.67738340042354,department_store
Boost Mobile,41.706165399813415,-87.64241779974162,mobile_phone_shop
Metro by T-Mobile,41.70531819977515,-87.6423432999033,mobile_phone_shop
Metro by T-Mobile,41.68399549979256,-87.6442167999653,mobile_phone_shop
Citgo,41.68478209991406,-87.64276760004469,convenience
L1,41.79426900031416,-87.61832740018934,gift_shop
Krispy Krunchy Chicken,41.99118220019841,-87.67670980011712,fast_food
BP,41.9905240997075,-87.72928499970294,car_wash
Mobil Mart,41.99082979995535,-87.69267629987132,convenience
Citgo,41.99118260039677,-87.67685240021808,convenience
Magic Touch Nail Salon & Spa,41.945861700257296,-87.70068829972524,beauty_shop
nan,41.793386099888664,-87.59176669967343,post_box
Santa Baby Bar,41.94596919981876,-87.65536689956275,bar
Mobil,41.901852400168195,-87.74646019997823,car_wash
Cobb Coffee Shop,41.789119000241726,-87.60095379957818,cafe
Mobil,41.74459850032059,-87.72121549989538,car_wash
nan,41.79944799992529,-87.5881907002406,atm
BP,41.807738000008726,-87.7155590996727,car_wash
Shinju Sushi,41.799329400031866,-87.59216980009614,restaurant
Wesley's Shoe Corral,41.79556730029071,-87.58868569968524,shoe_shop
toys et cetera,41.79545140016205,-87.58868259972218,toy_shop
Calumet Park,41.7138658996916,-87.53090169965367,bicycle_rental
Ewing Ave & Burnham Greenway,41.71261150012066,-87.5347034999665,bicycle_rental
Commercial Ave & 100th St,41.713303399832114,-87.55122130032271,bicycle_rental
Oglesby Ave & 100th St,41.713304999726006,-87.5658770004232,bicycle_rental
Torrence Ave & 106th St,41.702839800416484,-87.55986140018342,bicycle_rental
Bradley Park,41.71785330028962,-87.56459229999462,bicycle_rental
Burnham Greenway & 105th St,41.70464060018361,-87.52841010004602,bicycle_rental
Ave O & 118th St,41.681010599559556,-87.53800440038276,bicycle_rental
Torrence Ave & 126th Pl,41.66625669978691,-87.55722709975083,bicycle_rental
Commercial Ave & 130th St,41.659067600289575,-87.55077579956344,bicycle_rental
Ave O & 134th St,41.651902000077314,-87.53955909977259,bicycle_rental
Hegewisch South Shore Line Station,41.64983049987774,-87.54785050010048,bicycle_rental
Big Marsh Park,41.68587219964235,-87.57383849974696,bicycle_rental
Altgeld Gardens,41.65698609962885,-87.59851519971664,bicycle_rental
Eberhart Ave & 131st St,41.65793520004951,-87.61076159986789,bicycle_rental
nan,41.78826150026805,-87.60378400023137,atm
Olive Harvey College,41.70966440019197,-87.59025450044481,bicycle_rental
Dauphin Ave & 103rd St,41.70732890040847,-87.60767690006884,bicycle_rental
Indiana Ave & 103rd St,41.70716580026152,-87.6184076997555,bicycle_rental
Vernon Ave & 107th St,41.7002008999516,-87.61230500017558,bicycle_rental
Cottage Grove Ave & 111th Pl,41.691600300113805,-87.61000679977394,bicycle_rental
Doty Ave & 111th St,41.69503280012367,-87.59862670036188,bicycle_rental
State St & 123rd St,41.670685199862135,-87.62270710035239,bicycle_rental
Major Taylor Trail & 124th St,41.66866050038186,-87.63707360006657,bicycle_rental
Ken Kee Restaurant,41.85434259963131,-87.63328089999351,restaurant
Byline Bank,41.88539020039747,-87.63294680005475,bank
Peach's Cafe,41.79018199979953,-87.60286269965383,cafe
Wintrust Bank,41.86276770036915,-87.69245380040252,bank
One Lawndale Community Care & Surgery Center,41.86267819983908,-87.69300050007297,clinic
nan,41.87127919987523,-87.68639090031974,convenience
nan,41.87099229995471,-87.68652869983958,car_dealership
nan,41.871131899917316,-87.68581940004526,car_dealership
Rosie's Donuts,41.8518895998252,-87.68497789991011,fast_food
nan,41.961385499741084,-87.67953339974656,post_box
Subway,41.78334099998722,-87.68404220028725,fast_food
Ja’Grill,41.86258980007926,-87.69303599991144,restaurant
Aspen Dental,42.018822300308955,-87.67585080007433,dentist
Robert's Cycle,42.010504600207184,-87.6744677003241,bicycle_shop
nan,41.99796079965125,-87.88801209967863,vending_any
Mobil,41.9278103004051,-87.72709389956378,car_wash
Gordon Ramsay Burger,41.89344859987301,-87.62793070004176,restaurant
7-Eleven,41.89387929959008,-87.62792319969589,convenience
Tangible Books,41.83405739982919,-87.64632859968509,bookshop
Cricket Wireless,41.99785690007593,-87.69028740014335,mobile_phone_shop
Cho Sun Ok Restaurant,41.95793570037233,-87.68169310005646,restaurant
GET NAIL'D Nails & Spa,41.96289009969837,-87.68900030032358,beauty_shop
Shear Image,41.962713300178734,-87.6889768999639,hairdresser
L&M Fine Foods,41.96125960005054,-87.68352769994334,supermarket
Royal Thai,41.96127309977379,-87.68427460039248,restaurant
Cobblestone,41.96060949992852,-87.68302189964089,bar
Pasta Bowl,41.960766800347585,-87.68310079986196,restaurant
House of Wah Sun,41.95414989989803,-87.70955480031375,restaurant
Au Levain,41.95975579959054,-87.68239500022906,bakery
Elderberries Threefold Café,41.959139499588275,-87.68206999963076,cafe
ROCKS Northcenter,41.956992899702584,-87.68098540015603,bar
The Rambler Kitchen & Tap,41.95674840011861,-87.68078349965873,bar
Don Pedro Mexican Restaurant,41.95585740039877,-87.68011999963824,restaurant
CVS Pharmacy,41.95563339996147,-87.67913850024155,pharmacy
MinuteClinic,41.955504000109556,-87.67920609958179,doctors
Bank of America,41.95519379965418,-87.67923150003367,atm
Cole's Appliance & Furniture,41.95496639977955,-87.67954500010165,furniture_shop
Ruby Nails in Chicago,41.95480050004312,-87.67901039991,beauty_shop
Black Eagle Club,41.95449069978599,-87.67796140009852,bar
Wintrust Bank,41.95440380009535,-87.67818700042972,bank
Davila's Mexican Restaurant,41.9543843000954,-87.67740150017903,restaurant
Bughouse Theater,41.95439180044127,-87.6768396001674,theatre
Chicago Pediatric Clinic,41.954369400127746,-87.67703500036492,doctors
Big Blue Swim School,41.95795089981425,-87.68833830037221,sports_centre
Armand's Pizzeria,41.957555199912576,-87.68831749995263,restaurant
Ricochet's,41.96602129984319,-87.68705629970844,bar
Thai 55,41.79509039970225,-87.58630340008182,restaurant
Huaraches Mexican Restaurant,41.79509000040326,-87.5862403998745,restaurant
nan,41.91713759962056,-87.66816780010384,bench
nan,41.917085699745314,-87.66830320023246,bench
nan,41.917208500372055,-87.6686025000053,bench
nan,41.916841899833855,-87.66829140022793,bench
nan,41.91755130035227,-87.66893750016544,bench
Minghin,41.86655979969504,-87.62435619977879,restaurant
nan,41.709456100118985,-87.58886639956467,post_box
nan,41.84779340014535,-87.64596350011539,tourist_info
nan,41.91452330011026,-87.7201276997335,toilet
nan,41.98300569995314,-87.7090240995825,post_box
nan,41.968797200330584,-87.68397510007077,post_box
nan,41.96890879990127,-87.67930909983505,post_box
nan,41.94698169974572,-87.68348600017873,post_box
nan,41.902158100416045,-87.62809289996733,post_box
New St & Illinois St,41.89084579999371,-87.61871740018785,bicycle_rental
nan,41.89247710003821,-87.63393000006943,post_box
nan,41.879215500195244,-87.63218220004848,post_box
nan,41.89690090025641,-87.63135080019924,post_box
nan,41.932332099746645,-87.66605429976607,post_box
nan,41.877804400053094,-87.64965980005968,post_box
nan,41.88318919962194,-87.65076319986173,post_box
nan,41.93988319974994,-87.66372559975656,post_box
Subway,41.94913889994035,-87.66425249995285,fast_food
Citi Trends,41.80998689957579,-87.64716770042901,clothes
Metro by T-Mobile,41.81034980030307,-87.64721860025816,mobile_phone_shop
Metro by T-Mobile,41.88092759982891,-87.72520989991693,mobile_phone_shop
T-Mobile,41.799884199895985,-87.59156520027375,mobile_phone_shop
Papa John's,41.79979690000698,-87.59106669976836,fast_food
The Light of Truth Ida B. Wells National Monument,41.82662970030049,-87.61012889982885,monument
Panda Express,41.885614500308975,-87.62651730033309,fast_food
Taco Bell Cantina,41.88539290016229,-87.62649249972907,fast_food
The Halal Guys,41.88521880040736,-87.62648820007036,fast_food
Fons,41.88464429999448,-87.62652169981658,restaurant
nan,41.94023750026048,-87.64658359975328,fountain
nan,41.68484360005215,-87.67137479960729,shelter
Windy City Gyros,41.95361760017215,-87.65029319977134,fast_food
Subway,41.96257820042365,-87.6559275998788,fast_food
Great Clips,41.96832460030009,-87.68718609975866,hairdresser
Lamon Ave & Chicago Ave,41.895230500387356,-87.748195000299,bicycle_rental
Harold's Chicken Shack,41.736764499681954,-87.62385470003431,fast_food
Subway,41.72295499957363,-87.57635509960812,fast_food
Chase,41.72293210013635,-87.57726410015806,bank
T-Mobile,41.7229574996889,-87.5751737996311,mobile_phone_shop
Boost Mobile,41.722985699730316,-87.57440039975859,mobile_phone_shop
Little Caesars,41.722991000334446,-87.5742700996853,fast_food
Vietnam Veteran's Memorial Mural,41.72979440039131,-87.54717870023677,artwork
nan,42.007809600033056,-87.66630240023557,post_box
nan,42.0079264003831,-87.66994139987565,post_box
A Vintage Bloom,41.99761910044117,-87.76456570034674,florist
Mona's Sweet Spot,41.99749369987438,-87.76439809999226,bakery
El Tejado Mexican Grill,41.99774700022391,-87.76347359962688,restaurant
nan,41.87625219987916,-87.67675450002014,camera_surveillance
Boost Mobile,41.801016100112975,-87.68460289970403,mobile_phone_shop
Marquette Ave & 89th St,41.73374389996104,-87.55846500035943,bicycle_rental
Porsche,41.880719299755924,-87.64232389972813,car_dealership
Sarpino's Pizzeria,41.90398200016921,-87.63383910019428,fast_food
Quiznos,41.90398200016921,-87.63407250034555,fast_food
nan,41.78394600000797,-87.60615640009775,post_box
nan,41.78408600016883,-87.60835360033838,post_box
nan,41.784107000237896,-87.59614089958279,post_box
The Gwen,41.89128030024574,-87.62518770035206,hotel
Chipotle,41.91773179968288,-87.6600899995538,fast_food
Men's Wearhouse,41.91897869980721,-87.6614034998716,clothes
Domino's,41.925305200174876,-87.66929529993809,fast_food
The Skin Bar at Ulta Beauty,41.93103910037422,-87.67720309984315,beauty_shop
Benefit Brow Bar,41.93112819980661,-87.67707200027257,beauty_shop
Lakeshore Cleaners,41.975158199591306,-87.65548079959916,laundry
Old World Market,41.97554840013862,-87.65959860009531,supermarket
Orlando Salon and Beauty Supply,41.975399500286755,-87.65897100011153,hairdresser
Citi Trends,42.01787240039101,-87.67375910020229,clothes
CVS Pharmacy,41.86650250029021,-87.65696569990706,pharmacy
Chase,41.86613350036083,-87.6659578996373,bank
nan,41.80241099986779,-87.5867313002093,post_box
nan,41.79938780020689,-87.58393910040911,post_box
Potash Market,41.9103929001123,-87.63148129992203,supermarket
nan,41.82394950026929,-87.63586510009424,comms_tower
Shell,41.87739370035905,-87.65219210028516,car_wash
Shell,41.87765529965242,-87.65239590015062,convenience
Chicago Cubs Turf Logo,41.94198299981565,-87.66001920042572,pitch
nan,41.89190390004501,-87.60898819974557,toilet
nan,41.891092299669936,-87.62557539988478,toilet
Shell,41.79351470024329,-87.64561839966939,car_wash
Consulate General of Peru,41.88548410041096,-87.62498500035747,embassy
nan,41.9972256002813,-87.89354749971733,vending_any
nan,41.99718789980176,-87.89348029967607,vending_any
nan,41.99736420019775,-87.89328760014257,vending_any
nan,41.99740220015144,-87.89335339993943,vending_any
nan,41.9986437996717,-87.88821309995456,vending_any
nan,41.99864419987,-87.8881499000978,vending_any
nan,41.99855420021623,-87.88821929988075,vending_any
nan,41.99844180024894,-87.88821560006983,vending_any
nan,41.98060850038206,-87.89678120009228,vending_any
nan,41.980606199916224,-87.89644229957241,vending_any
nan,41.980548899612074,-87.89644229957241,vending_any
nan,41.980491600207245,-87.89643919960935,vending_any
nan,41.98049050033637,-87.89678279998617,vending_any
nan,41.980546600045614,-87.89678279998617,vending_any
Recess,41.88923080016133,-87.64957810024907,restaurant
Shell,41.69237529988021,-87.60118270042125,car_wash
nan,41.97494440016396,-87.93279049998154,vending_any
nan,41.974677000243446,-87.9327857002998,vending_any
nan,41.97442050010602,-87.932778699977,vending_any
nan,41.97442310004607,-87.93300159964406,vending_any
nan,41.97467309988372,-87.93300869979163,vending_any
nan,41.97495460027466,-87.9330051996302,vending_any
nan,41.977618599918515,-87.9327808997187,vending_any
nan,41.97776749977032,-87.93277939964952,vending_any
nan,41.97785679975158,-87.9327808997187,vending_any
nan,41.97782930028205,-87.93294109955207,vending_any
nan,41.97774689989956,-87.93293960038221,vending_any
nan,41.977674699627755,-87.93294270034528,vending_any
nan,41.95324319981387,-87.91785209979452,tower
Chicago Post Office Station Q,41.96822729995,-87.71440970044728,post_office
nan,41.997578700196925,-87.93033669977882,vending_any
nan,41.99764049980928,-87.93040510041499,vending_any
TJ Maxx,41.93252079999496,-87.64464439971925,department_store
Speedway,41.94283289961868,-87.67869050026633,convenience
Rio Grande Fruit Market,41.90983369986543,-87.71456209956119,greengrocer
Eddie & Sons Food & Liquor,41.910200000030045,-87.71761450020898,beverages
nan,41.96867889991137,-87.6914008004066,post_box
The Brewed Coffee,41.932997000011596,-87.71357869989703,cafe
Etheria Cafe,41.91040930014913,-87.69722389986305,cafe
Spincycle,41.91038830008006,-87.70244079960321,laundry
Starbucks,41.898242700440335,-87.62539880001458,cafe
nan,41.77866009978385,-87.74685439981067,vending_any
Indiana Ave & 133rd St,41.65369860001044,-87.61702529967778,bicycle_rental
Michigan Ave & 118th St,41.67982020024209,-87.62074750009702,bicycle_rental
Michigan Ave & 114th St,41.68701510036664,-87.62107080007735,bicycle_rental
Ave L & 114th St,41.68801950009993,-87.53657030007923,bicycle_rental
Woodlawn Ave & 103rd St,41.70737449963349,-87.59403250019966,bicycle_rental
Maryland Ave & 104th St,41.705598899769484,-87.60289699979666,bicycle_rental
MLK Jr Dr & 111th St,41.69261549980553,-87.61544600023268,bicycle_rental
Wentworth Ave & 111th St,41.69259079992554,-87.62825040003588,bicycle_rental
Ada St & 113th St,41.68759929996776,-87.65538729978402,bicycle_rental
Homewood Ave & 115th St,41.68451600041317,-87.67069700036626,bicycle_rental
Western Ave & 111th St,41.691148999626705,-87.68128479975366,bicycle_rental
Kedzie Ave & 110th St,41.69239849969108,-87.70095819976109,bicycle_rental
Lawndale Ave & 111th St,41.69128510032715,-87.71280250043503,bicycle_rental
103rd St & Avers Ave,41.70586059978689,-87.71708790038628,bicycle_rental
Kedzie Ave & 104th St,41.703642000178206,-87.70135420003629,bicycle_rental
Western Ave & 104th St,41.70460720026216,-87.68112409989726,bicycle_rental
Hale Ave & 107th St,41.6991238997482,-87.66893180026233,bicycle_rental
Aberdeen St & 106th St,41.7012334997263,-87.64929990037007,bicycle_rental
Halsted St & 111th St,41.69226120019431,-87.64257009993014,bicycle_rental
Major Taylor Trail & 115th St,41.68489299981212,-87.64529690013183,bicycle_rental
Halsted St & 104th St,41.70516030040761,-87.64240299959869,bicycle_rental
Wentworth Ave & 104th St,41.70521430019983,-87.62913529965431,bicycle_rental
Vincennes Ave & 104th St,41.70490349989666,-87.65690519981507,bicycle_rental
Walden Pkwy & 100th St,41.71211139972138,-87.66786269970379,bicycle_rental
Prospect Sq & 91st St,41.728295399613046,-87.66754280006012,bicycle_rental
Halsted St & 96th St,41.71971169983516,-87.64287940016413,bicycle_rental
Eggleston Ave & 92nd St,41.72746549983299,-87.6348472995632,bicycle_rental
Elizabeth St & 92nd St,41.72685339966472,-87.65427979997276,bicycle_rental
Loomis St & 89th St,41.73241870036276,-87.65802839999066,bicycle_rental
Stewart Ave & 83rd St,41.743705100310194,-87.63403920024888,bicycle_rental
Summit Ave & 86th St,41.73781860044812,-87.64493829996252,bicycle_rental
Loomis St & 84th St,41.741537100157075,-87.65850460000723,bicycle_rental
nan,41.78832270003261,-87.75847150025947,comms_tower
DTLR,41.88051909987661,-87.7240373998061,clothes
DTLR,41.8816192000661,-87.7237879998163,clothes
U.S. Bank,41.88578690034524,-87.72597399990013,bank
Farmers Best Market,41.92519680039209,-87.7861949998993,supermarket
dd's Discounts,41.925157300369165,-87.78725059983526,department_store
nan,41.87795570019546,-87.66045049999053,bench
nan,41.87795880015858,-87.66022660027733,bench
The Outpost Mexican Eatery,41.874523600383895,-87.64039749974478,restaurant
Bank of America,41.97536470012085,-87.80752749979422,atm
Cluck'N Wings,41.968830299878505,-87.68232959973119,restaurant
nan,41.83081979999383,-87.62430079974206,artwork
nan,41.77828699984519,-87.7420398999214,shelter
Typica Cafe,41.903445200235865,-87.67871300040463,cafe
nan,41.89688469986908,-87.68295409975184,shelter
The X Pot,41.86765119984307,-87.63199509969405,restaurant
Northwestern Medicine Immediate Care South Loop,41.86800240039054,-87.6321048997213,clinic
Banana Republic,41.86836449982184,-87.63304349965773,clothes
Kildare Ave & Chicago Ave,41.8954067000592,-87.73355129985259,bicycle_rental
Monticello Ave & Chicago Ave,41.895269899686184,-87.71746320006662,bicycle_rental
Sacramento Blvd & Fulton St,41.88656569974728,-87.70167819968913,bicycle_rental
Central Park Ave & Ohio St,41.89184959987921,-87.71653909989948,bicycle_rental
Augusta Blvd & Laramie Ave,41.898655800424876,-87.75536330027603,bicycle_rental
Menard Ave & Division St,41.902397300295206,-87.770440500029,bicycle_rental
Lavergne Ave & Division St,41.90208049971534,-87.75095330015466,bicycle_rental
Kildare Ave & Division St,41.90230250006039,-87.73359110024904,bicycle_rental
Leamington Ave & Hirsch St,41.9058387998208,-87.75479690005687,bicycle_rental
Long Ave & North Ave,41.909171699914054,-87.76099310035124,bicycle_rental
Menard Ave & North Ave,41.90972470023479,-87.77022480033423,bicycle_rental
North Ave & New England Ave,41.90921820025977,-87.79714290042449,bicycle_rental
Washington Blvd & Peoria St,41.88303109970553,-87.64992710015554,bicycle_rental
Green St & Lake St,41.88555379966817,-87.6484217996263,bicycle_rental
Carpenter St & Lake St,41.885646400161306,-87.6531472000832,bicycle_rental
Washtenaw Ave & Madison St,41.88135299984111,-87.69398229984324,bicycle_rental
Mozart St & Jackson Blvd,41.877511599680645,-87.69733460011167,bicycle_rental
Sacramento Blvd & Polk St,41.87094430043919,-87.70014379979648,bicycle_rental
Whipple St & Roosevelt Rd,41.86655679955669,-87.70128819969062,bicycle_rental
Homan Ave & Fillmore St,41.8681119000442,-87.7109661001054,bicycle_rental
Keeler Ave & Roosevelt Rd,41.86643609974624,-87.73000610040117,bicycle_rental
Mayfield Ave & Roosevelt Rd,41.86578949978565,-87.77176650002394,bicycle_rental
Tripp Ave & 15th St,41.8607259002801,-87.731291499603,bicycle_rental
Central Park Ave & Douglas Blvd,41.86232900028318,-87.71580129969021,bicycle_rental
Lawndale Ave & 16th St,41.85916059968196,-87.7177070998028,bicycle_rental
Spaulding Ave & 16th St,41.858837199876916,-87.70797809990933,bicycle_rental
Albany Ave & 16th St,41.85936090028537,-87.70302640034805,bicycle_rental
Albany Ave & Douglas Blvd,41.86200730019681,-87.70310440034774,bicycle_rental
California Ave & 16th St,41.859261800391835,-87.69544140040028,bicycle_rental
Rockwell St & Cermak Rd,41.851676000047405,-87.6906261001144,bicycle_rental
California Ave & 29th St,41.84024900009132,-87.69413800036841,bicycle_rental
La Villita Park,41.839157000095554,-87.70194420026462,bicycle_rental
Lawndale Ave & 30th St,41.83892100000418,-87.71682320023046,bicycle_rental
Komensky Ave & 31st St,41.83667370033106,-87.72562879962936,bicycle_rental
Tripp Ave & 31st St,41.83700110032055,-87.73050150004417,bicycle_rental
Kildare Ave & 26th St,41.84422459978549,-87.73207459956308,bicycle_rental
Harding Ave & 26th St,41.84443940015825,-87.72325570009048,bicycle_rental
Sacramento Ave & 25th St,41.84654609982272,-87.7001233995752,bicycle_rental
Kildare Ave & Cermak Rd,41.851471299960565,-87.73112280027698,bicycle_rental
Pulaski Rd & 21st St,41.85346809977301,-87.72451760000718,bicycle_rental
California Ave & Marquette Rd,41.77150359981135,-87.6933455996197,bicycle_rental
Western Ave & 62nd St,41.78098760009772,-87.68333550043297,bicycle_rental
Rockwell St & 63rd St,41.77877599991251,-87.68858189973486,bicycle_rental
Spaulding Ave & 63rd St,41.779149400224696,-87.70563449993222,bicycle_rental
Hamlin Ave & 62nd Pl,41.77988950000048,-87.71780840033739,bicycle_rental
Kostner Ave & 63rd St,41.77879649995856,-87.73246640000434,bicycle_rental
Tripp Ave & 65th St,41.77489080007041,-87.72875989994941,bicycle_rental
Pulaski Rd & 60th St,41.78418500023764,-87.72251820025468,bicycle_rental
Homan Ave & 65th St,41.77517650029529,-87.70813839956747,bicycle_rental
Maplewood Ave & 59th St,41.786354399735785,-87.68743249961011,bicycle_rental
Richmond St & 59th St,41.78648309991519,-87.69733460011167,bicycle_rental
St. Louis Ave & 59th St,41.78597519969577,-87.71056189981181,bicycle_rental
Kedzie Ave & 57th St,41.78994239972201,-87.70320129960027,bicycle_rental
Rockwell St & 57th St,41.7903256997713,-87.68891060014403,bicycle_rental
Artesian Ave & 55th St,41.79408309965538,-87.68578569975023,bicycle_rental
St. Louis Ave & Norman Bobbins Pl,41.794397499944694,-87.7115393000986,bicycle_rental
Komensky Ave & 55th St,41.79328370038252,-87.72416319967186,bicycle_rental
Kildare Ave & 55th St,41.793309500133375,-87.73058739968872,bicycle_rental
Lawler Ave & 50th St,41.80216419981804,-87.74895169976111,bicycle_rental
Kenneth Ave & 50th St,41.802316300357006,-87.73439499972943,bicycle_rental
Pulaski Rd & 51st St,41.80045730006441,-87.72460890008063,bicycle_rental
Kedzie Ave & 52nd St,41.79904879986225,-87.70340160020368,bicycle_rental
Campbell Ave & 51st St,41.80090759960609,-87.6867594002261,bicycle_rental
Kedzie Ave & 48th Pl,41.80541690016986,-87.7040155997401,bicycle_rental
Francisco Ave & 47th St,41.80841459955417,-87.69659059997616,bicycle_rental
Kedzie Ave & 45th St,41.811396299999274,-87.70398870011837,bicycle_rental
Springfield Ave & 47th St,41.808046200371905,-87.7212139998262,bicycle_rental
Kildare Ave & 47th St,41.8075190996268,-87.73084730016274,bicycle_rental
Lavergne Ave & 46th St,41.809331499748964,-87.74781349979315,bicycle_rental
Pulaski Rd & Ann Lurie Pl,41.81626279958857,-87.72462339984997,bicycle_rental
Archer Ave & 43rd St,41.8154929997022,-87.7024248995894,bicycle_rental
Fairfield Ave & 44th St,41.81359229964494,-87.69321829968476,bicycle_rental
Rockwell St & Archer Ave,41.8234115995657,-87.68966140005352,bicycle_rental
California Ave & 36th St,41.82822389971324,-87.69450660009949,bicycle_rental
Sacramento Ave & Pershing Rd,41.82262229967944,-87.69926229961538,bicycle_rental
Hoyne Ave & 34th St,41.83194820004945,-87.6778515002465,bicycle_rental
Damen Ave & 33rd St,41.834080800188815,-87.67562330037498,bicycle_rental
Chicago Paramedic Memorial,41.85569309985675,-87.61279920012294,memorial
George Halas,41.860601399934694,-87.61679720013063,artwork
Walter Payton,41.86064059958403,-87.616242599916,artwork
Special Olympics Flame of Hope Monument,41.864939299609034,-87.6165321996013,monument
Paul Cornell,41.799912499762115,-87.58295190020999,memorial
Mayor Harold Washington,41.80084189963401,-87.58247160018419,memorial
Giuseppe Garibaldi,41.91619179971184,-87.63125120028263,memorial
Movement Lincoln Park,41.90798699960038,-87.64958449982475,sports_centre
Garfield Park,41.87460699991317,-87.72006569957233,tourist_info
Garfield Park,41.88510400014957,-87.7166550000282,tourist_info
nan,41.862742700115575,-87.70525959955086,artwork
Douglass Park,41.862757199884925,-87.70319570042119,tourist_info
McKinley Park,41.82588069993443,-87.6846001001145,tourist_info
Rosati's,41.970480400250324,-87.6588894001257,fast_food
Major Ave & Bloomingdale Ave,41.9125626998088,-87.7686297996255,bicycle_rental
Parkside Ave & Armitage Ave,41.91691720006878,-87.76716519971416,bicycle_rental
Narragansett Ave & McLean Ave,41.91589869986518,-87.78510759993577,bicycle_rental
Bloomingdale Ave & Harlem Ave,41.9120733004425,-87.80578980005919,bicycle_rental
Nordica Ave & Medill Ave,41.92227009978535,-87.80205989964463,bicycle_rental
Fullerton Ave & Monitor Ave,41.923787599618095,-87.77233729972659,bicycle_rental
Long Ave & Belden Ave,41.922631399719364,-87.76094779970117,bicycle_rental
Lavergne Ave & Fullerton Ave,41.923970900336826,-87.7511515997665,bicycle_rental
Lamon Ave & Armitage Ave,41.91669259978369,-87.7495079996944,bicycle_rental
Kilpatrick Ave & Grand Ave,41.91272539975745,-87.74365029972154,bicycle_rental
Kilbourn Ave & Belden Ave,41.922265200278844,-87.73901129983159,bicycle_rental
Falafel & Grill,41.96130849978749,-87.6665195999995,restaurant
Go Green Community Fresh Market,41.779410000371286,-87.65496179994705,supermarket
Paul Cornell,41.80252720037004,-87.66999539966793,artwork
Washington Park,41.80244499963709,-87.60398529998156,tourist_info
Bronzeville,41.83133950021784,-87.61715330018461,tourist_info
Map of Bronzeville,41.83127249982607,-87.61715130009242,memorial
Ida B. Wells Homes,41.82738799965654,-87.61669529974824,memorial
Pearl aesthetics & dentistry,41.921537700004876,-87.65393149973886,dentist
AllSaints,41.899745999977995,-87.62501690020974,clothes
Blue Bottle Coffee,41.88785760014821,-87.63703179957787,cafe
Mother's Ruin,41.93484089978773,-87.7165904997517,bar
Tesla Chicago-West,41.89094930027005,-87.65425729983446,car_dealership
European Wax Center,41.93121880020749,-87.68523089988611,beauty_shop
State Bank of Texas,41.99746220022041,-87.69537719959806,bank
nan,41.9683519999449,-87.72822939976697,post_box
Starbucks,41.968978199684216,-87.72901840017897,cafe
Pollo Campero,41.96907419961468,-87.72902159996681,fast_food
Domino's,41.97229509993895,-87.72861920011593,fast_food
nan,41.88671730026323,-87.6338017999131,camera_surveillance
Salon de Vive,41.93940930019909,-87.68224100032188,hairdresser
Lemon Tree,41.91514220005257,-87.63018419964106,artwork
Happy Lemon,41.925567400215414,-87.64974960006396,cafe
Potbelly,41.91152259968828,-87.65080059996768,fast_food
LensCrafters,41.911647699881485,-87.65095810003623,optician
nan,41.79495689984111,-87.5979868003505,post_box
nan,41.79497789991018,-87.596341800034,post_box
nan,41.795018900002276,-87.59467180036324,post_box
Chicago Public Library - Lincoln Park Branch,41.92547090026187,-87.65805869994898,library
Logan Square,41.92859169974719,-87.70694109975193,tourist_info
Lincoln Park,41.93249159990745,-87.63919450002612,tourist_info
nan,41.92054450042838,-87.70728889996275,post_box
Nature Museum Sign,41.92581640000691,-87.63406680044244,tourist_info
Nature Museum Sign,41.92602329983549,-87.6338975003693,tourist_info
nan,41.99744799992533,-87.76474929964041,post_box
nan,41.997976199641926,-87.67294670032993,post_box
nan,41.97038140018151,-87.6598427003803,post_box
nan,41.941313600242495,-87.74679970034583,post_box
nan,41.81105600013433,-87.60646539995821,post_box
nan,41.693391799991616,-87.62304549994985,post_box
nan,41.69248269961696,-87.62095730023918,post_box
U.S. Bank,41.70643520002449,-87.65759670022749,bank
nan,41.70668929987136,-87.65755629998324,post_box
nan,41.725722299844335,-87.54997829965879,post_box
Subway,41.73740410021912,-87.57556600027067,fast_food
DTLR,41.67837849976803,-87.6654087996763,clothes
Rainbow,41.682880600359454,-87.66392350006942,clothes
Starbucks,41.789843100178985,-87.59737129984558,cafe
Panera Bread,41.790461300448726,-87.60464670008508,fast_food
Wrigley Rooftops,41.94786829998213,-87.65399659986315,bar
Wrigley Rooftops,41.94760020038899,-87.65403490019048,bar
Wrigley Rooftops,41.94778329965959,-87.6539352004491,bar
Lake Park Ave & 35th St,41.83127759988139,-87.60876639994939,bicycle_rental
Dunkin',41.786774599867954,-87.7385310996305,fast_food
Mary Bartelme,41.88032819988655,-87.6506687000005,memorial
Potash Markets - State Street,41.8987068000788,-87.62806579979679,supermarket
Francesca's on Chestnut,41.89856210006093,-87.62163019997371,restaurant
Dollop,41.89858689976569,-87.62044279989527,cafe
BWS #2 - Beer Wine & Spirits,41.9103621001309,-87.64898340016373,beverages
nan,41.79654609992264,-87.75624180031878,memorial
nan,41.85765239973853,-87.63033949996793,memorial
nan,41.88406139991372,-87.7111964002936,memorial
nan,41.88472740004954,-87.7109778002852,post_box
nan,41.863503299937406,-87.68983280004363,memorial
Top Home Furniture,41.76056779966427,-87.66317239978639,furniture_shop
nan,41.905989099917065,-87.64250869961677,memorial
nan,41.900611100122205,-87.6344996999012,memorial
nan,41.893425700435785,-87.65686540031794,memorial
nan,41.796496200139586,-87.62982039959172,post_box
Redbox,41.7965722998718,-87.6294675002249,vending_any
Subway,41.787404299768696,-87.66502799974234,fast_food
Metro by T-Mobile,41.787406600234476,-87.6648580998214,mobile_phone_shop
Metro by T-Mobile,41.779991000184566,-87.66398180041972,mobile_phone_shop
Boost Mobile,41.780461899597015,-87.66473959975269,mobile_phone_shop
DTLR,41.68368380016727,-87.6439112004415,clothes
Dunkin',41.86642710023057,-87.66843999970621,fast_food
DTLR,41.8652386002812,-87.66839710024595,clothes
Rainbow,41.86543029976855,-87.66841050014443,clothes
Subway,41.86643699996762,-87.66899790043271,fast_food
T-Mobile,41.8654443004142,-87.66675560009082,mobile_phone_shop
DaVita Dialysis,41.865290500156505,-87.66710689956375,clinic
nan,41.94951220042776,-87.74114239990178,memorial
nan,41.94680490022603,-87.67842120007828,memorial
Avenue Cleaners,41.94673429984812,-87.67840480004145,laundry
Healthy Smiles Inc. Family Dentistry,41.94669059999126,-87.67879770035353,dentist
nan,41.946404499568075,-87.67326629960002,memorial
nan,41.946332300195536,-87.67348079959919,bench
nan,41.9463510996236,-87.67350660024937,bench
nan,41.946789299686486,-87.67379900042351,memorial
nan,41.9470604003173,-87.6734801997514,vending_any
nan,41.928560000443724,-87.68763390008439,memorial
The SoulFood Lounge,41.85907140042485,-87.72064709958391,restaurant
nan,41.917594299637244,-87.70713359963588,memorial
ABC Dental,41.93237020042449,-87.74231540003564,dentist
Jet's Pizza,42.01125180013054,-87.6745699001807,restaurant
nan,41.720982399618094,-87.60867159971451,post_box
Harold's Chicken Shack,41.79424419971008,-87.62047939960456,fast_food
African American Marine Corps Memorial,41.76769899990899,-87.62671879973277,memorial
Viertnam War Memorial,41.73001339969869,-87.54707700040319,memorial
Jet's Pizza,41.79526510020429,-87.59296749965034,restaurant
DTLR,41.76512819970668,-87.57552069962054,clothes
Lindo Michoacán,41.968622400003824,-87.70819550022213,supermarket
Sahar International Market,41.97002940013675,-87.70827729985746,supermarket
Burlington,41.91150859994201,-87.73787629965148,department_store
Taco Bell,41.79936470022079,-87.59258509982249,fast_food
North Shore Channel Trail & Argyle St,41.972192800257574,-87.7030338997946,bicycle_rental
California Ave & Winona St,41.974705099560765,-87.69792610040918,bicycle_rental
Lincoln Ave & Peterson Ave,41.99021469964873,-87.70857249962114,bicycle_rental
Richmond Ave & Lincoln Ave,41.98831320009418,-87.70306190018653,bicycle_rental
Francisco Ave & Hollywood Ave,41.98478470015385,-87.70158240030747,bicycle_rental
Virginia Ave & Catalpa Ave,41.98121949978014,-87.70517329970795,bicycle_rental
Washtenaw Ave & Peterson Ave,41.99063429993305,-87.69705369956853,bicycle_rental
Ardmore Ave & Western Ave,41.98675079980961,-87.68993010039378,bicycle_rental
Western Ave & Gunnison St,41.969655800175076,-87.68953489961586,bicycle_rental
Francisco Ave & Montrose Ave,41.96099239977946,-87.70097330027755,bicycle_rental
Campbell Ave & Irving Park Rd,41.95378469960423,-87.69077969982322,bicycle_rental
Western Ave & Grace St,41.950318799672914,-87.68808890038241,bicycle_rental
Whipple St & Irving Park Rd,41.95412329975056,-87.70444440008896,bicycle_rental
Sacramento Ave & Addison St,41.946098400021185,-87.70299270005302,bicycle_rental
Elston Ave & Henderson St,41.94149220020495,-87.7008920995907,bicycle_rental
Albany Ave & Belmont Ave,41.93952220018946,-87.70526850014113,bicycle_rental
Rockwell St & Fletcher St,41.938659299786934,-87.69299709973632,bicycle_rental
Elston Ave & George St,41.9339191999112,-87.69078470005383,bicycle_rental
Kedzie Ave & George St,41.93394890002179,-87.70227189972837,bicycle_rental
Milwaukee Ave & Fullerton Ave,41.924679999582395,-87.70057610030676,bicycle_rental
nan,41.720542800210126,-87.60904369960701,artwork
nan,41.70553410001878,-87.60291780021629,artwork
nan,41.70927040000902,-87.58890839970286,artwork
Kong Dog,41.85467830036333,-87.63038059988475,fast_food
nan,41.97774129982116,-87.72718969984476,monument
nan,41.70038610003854,-87.61328110004268,comms_tower
nan,41.69056799981337,-87.60239879966485,comms_tower
Damen Ave & Wabansia Ave,41.91224750002215,-87.67723029983841,bicycle_rental
Central Park & Augusta Blvd,41.898947000004114,-87.7165188004023,bicycle_rental
Narragansett Ave & Wrightwood Ave,41.92724979973855,-87.78488430007036,bicycle_rental
Newcastle Ave & Belden Ave,41.92102469973014,-87.79741119966707,bicycle_rental
DHL,41.88461919991619,-87.63043449985224,post_office
Barbara Vick Early Childhood Center,41.78613600027626,-87.69876630012459,school
nan,41.700254200071356,-87.6810224998884,memorial
nan,41.68798419991094,-87.68147629959151,memorial
Dollar City,41.953575400384466,-87.70043920010897,supermarket
Harlem Ave & Irving Park Rd,41.953228399670934,-87.80713050037224,bicycle_rental
Harlem Ave & Grace Ave,41.94896799997326,-87.80682749988915,bicycle_rental
Oak Park Ave & Wellington Ave,41.935166500233834,-87.79578999990855,bicycle_rental
Mulligan Ave & Wellington Ave,41.93473879975585,-87.78439079979552,bicycle_rental
Orange Ave & Addison St,41.944647799856114,-87.8242585995547,bicycle_rental
Shabbona Park,41.94485080022429,-87.79925999984908,bicycle_rental
Raw Bar,41.9494975001096,-87.65859089985008,restaurant
nan,41.78038059998477,-87.60275019986182,post_box
nan,41.78036519999404,-87.60479810005222,post_box
nan,41.77866569986219,-87.60609149962295,post_box
Hyde Park Blvd & 55th St,41.794889900348664,-87.58404819986447,bicycle_rental
First Black Owned McDonald's Franchise,41.775269699736896,-87.58648569985513,memorial
U-505 Submarine,41.79188080025875,-87.5812473998476,attraction
nan,41.76615229998873,-87.562766999997,post_box
Loaf Lounge,41.93457490011161,-87.71673710003711,cafe
Brite Tailoring Dry Cleaners,41.89579369991935,-87.6292766002349,laundry
Boost Mobile,41.735477100387925,-87.66261859996837,mobile_phone_shop
Go Grocer,41.87904420002985,-87.64938849977938,convenience
nan,41.815624199996876,-87.6185307998565,memorial
Seby Medical Center,41.69670679997887,-87.64275329992483,clinic
Irv Kupcinet,41.887701100125696,-87.62623189958248,artwork
Site of Fort Dearborn,41.88844219994763,-87.6248707001227,memorial
nan,41.99714109998183,-87.74850309993809,post_box
Tacos Loteria,41.91721330005379,-87.71124720029803,restaurant
Meraki Room,41.903347800061,-87.67848559963068,restaurant
Jimmy John's,41.903328800084125,-87.67914539984031,fast_food
FAO Schwartz,41.78628340005889,-87.7419745003229,toy_shop
nan,41.78512880005411,-87.7430747003371,toilet
nan,41.78569799986286,-87.74270170022322,toilet
nan,41.78596069992642,-87.74197529982018,toilet
nan,41.78658219980872,-87.74195810028607,toilet
nan,41.78841610002303,-87.74295570024532,toilet
nan,41.787808699711775,-87.74398210009383,toilet
Taco John's,41.99861210036818,-87.8877798002975,fast_food
nan,41.75167030034413,-87.54763430038264,artwork
nan,41.7146368003481,-87.61383890004515,post_box
BP Shop,41.73849770010884,-87.5861516997411,convenience
Jesse Owens,41.73532790016253,-87.57360170015829,memorial
Foot Locker,41.736976299916364,-87.6045691002837,shoe_shop
Rainbow,41.7368688003549,-87.60431040040464,clothes
Boost Mobile,41.737213200229064,-87.60457609970717,mobile_phone_shop
AT&T,41.73723049958795,-87.60525070005974,mobile_phone_shop
DTLR,41.73722779982313,-87.60611160037001,clothes
Subway,41.73692409966753,-87.60606400015342,fast_food
Chase,41.73723720043648,-87.60587939991433,bank
Subway,41.75057549985951,-87.62676089969574,fast_food
Metro by T-Mobile,41.765733000077944,-87.62240180030278,mobile_phone_shop
nan,41.76908270040633,-87.6373327999687,post_box
nan,41.76889350013499,-87.62999379967408,post_box
nan,41.75997649991558,-87.644169099924,post_box
nan,41.7559775996865,-87.64428960008496,post_box
Our Lady of the Angels School Fire Memorial,41.897351199798095,-87.72181399961636,memorial
Deli & More,41.933149999872626,-87.6386926000834,convenience
CVS Pharmacy,41.892350200301564,-87.6270495002342,chemist
El Faro,41.83704309955942,-87.72349509961913,restaurant
Elevate Dental Wellness,41.9143494998296,-87.63454880018696,dentist
Old Town Valet Shoppe Laundry & Dry Cleaners,41.91430780006499,-87.63497990010228,laundry
Lou Malnati's Pizzeria,41.889993099701826,-87.62497480024678,restaurant
Kumiko,41.88586829978226,-87.64406480015037,bar
Nueva Italy Pizzeria,42.01173949977817,-87.67429830042619,restaurant
nan,41.99795659981726,-87.6703759999524,post_box
nan,41.780455199647804,-87.59637410008463,post_box
DTLR,42.01920710042742,-87.67476759994474,clothes
Marjen Furniture of Chicago,41.998345599769664,-87.66944259989606,furniture_shop
Strewn,41.85728129989212,-87.64646099967536,arts_centre
nan,41.87790869982666,-87.62391489975278,toilet
nan,41.86807130015046,-87.6308279001874,toilet
nan,41.85271460009875,-87.63227019960999,post_box
nan,41.874268700140476,-87.62566860022571,atm
nan,41.85623249973014,-87.6613633001761,post_box
nan,41.88168380016731,-87.62739369955955,toilet
Art of Imagination,41.85720339971715,-87.64646580025646,arts_centre
nan,41.85782069976551,-87.65878749974326,post_box
nan,41.8581038000504,-87.66124999998749,post_box
First Ascent,41.896470300364115,-87.70155339986945,sports_centre
Farmer's Market,41.91582140043732,-87.63359070025058,market_place
Go Grocer,41.932723599814324,-87.64227089998201,supermarket
nan,41.872702900418574,-87.65003909992447,bench
nan,41.87271030004035,-87.65001780038114,bench
nan,41.8726949998744,-87.64999409964793,bench
nan,41.87263199966708,-87.6503674001354,bench
nan,41.87262290032663,-87.6503499002277,bench
nan,41.87263540000379,-87.65033009985422,bench
St. Luke's Hospital,41.862781100267625,-87.62387720017261,memorial
Original Lake Michigan Shoreline,41.928704900111086,-87.63643479992606,memorial
nan,41.76546810027264,-87.62466180020186,artwork
nan,41.76544009988078,-87.62675390027226,artwork
nan,41.692292799673,-87.60376240031451,artwork
nan,41.69277640021073,-87.60391929963595,post_box
Metra,41.86929219997512,-87.62197090003696,vending_any
nan,41.79156499972498,-87.58267890021102,tourist_info
nan,41.858021500392,-87.62746959964227,artwork
Walter Dyett,41.80549020031253,-87.62579149977785,artwork
Mayor Harold Washington,41.80927230007666,-87.61620259987006,artwork
nan,41.80954299960979,-87.61625840010504,post_box
nan,41.80570439993818,-87.6256348001059,artwork
John Hancock Post Office,41.89882470029971,-87.6226355997531,post_office
We Will Chicago,41.88442310004609,-87.62546580040635,artwork
Cultivate by Forbidden Root,41.96760239973099,-87.67493249963513,pub
The Runners,41.97689059962153,-87.88760730043651,artwork
nan,41.94096759957512,-87.8072673996707,dentist
nan,41.94082610024441,-87.8072673996707,hairdresser
nan,41.98292650025786,-87.84488510016718,artwork
Annabella,41.94055170000098,-87.80712729968508,clothes
Yellow Brick Road,41.91222390001303,-87.70147000034018,artwork
Dr. Pedro Albizu Campos,41.902697699938926,-87.69296009982872,artwork
nan,41.89548029967614,-87.68396909979407,artwork
nan,41.89502280016217,-87.68417789989013,artwork
nan,41.89524340026276,-87.6841860000838,artwork
nan,41.903347800061,-87.68648800012107,artwork
Shibam by Devon,41.99543899990999,-87.71251780025625,restaurant
Pho Le 777,41.99552729984504,-87.71268310014494,restaurant
nan,41.96902129969328,-87.7609098995722,post_box
nan,41.96906520009895,-87.76089780009335,post_box
Robinson Family Burial Ground,41.96744689975469,-87.84674649985106,memorial
nan,41.968003699711005,-87.73304219993753,memorial
nan,41.98078000019689,-87.7175828000062,artwork
Ross,41.95285169974619,-87.74706870016036,department_store
dd's Discounts,41.95245880033343,-87.74706600039559,department_store
Marshalls,41.95383780007444,-87.74359310014142,department_store
Huntington Bank,41.95526749999516,-87.74464960029877,bank
Edible Arrangements,41.95335380023772,-87.73699879965483,gift_shop
Cricket Wireless,41.96159219992012,-87.72738140023142,mobile_phone_shop
Subway,41.961831499624054,-87.72740019965943,fast_food
Little Caesars,41.961468499971375,-87.72762410027195,fast_food
Wingstop,41.962231400258986,-87.72742429969162,fast_food
nan,41.75981809962565,-87.56102199956558,post_box
nan,41.76633659985424,-87.57157020000471,post_box
nan,41.7664687003703,-87.60598020042585,artwork
Pepsi,41.98385139992223,-87.8392701002349,vending_any
nan,41.98275629996334,-87.84278849988931,fountain
nan,41.98397829965887,-87.839204199714,post_box
nan,41.98078129971725,-87.8431303996482,post_box
nan,41.98077619966193,-87.84309339974055,post_box
nan,41.97837259961585,-87.84444020015508,post_box
DTLR,41.69805339984458,-87.59798909991702,clothes
nan,41.92103589988693,-87.70684519964618,bench
nan,41.921307899839746,-87.70674049967431,bench
nan,41.921324200051856,-87.70528979968446,drinking_water
nan,41.92135809999638,-87.70459849982086,artwork
nan,41.920879399864475,-87.7039513998372,bench
nan,41.921114200260206,-87.70390479966676,bench
nan,41.92130870023635,-87.70390309994809,bench
nan,41.92092990039464,-87.7025386998011,bench
nan,41.9211677000294,-87.70242569998601,bench
Helping Hand,41.921259599950645,-87.70666880032485,artwork
Site of the Sauganash Hotel/Wigwam,41.885602099557275,-87.63687860006729,memorial
DTLR,41.73506200031113,-87.62943570019735,clothes
America's Best Contacts & Eyeglasses,41.73518210027379,-87.62985409988676,optician
nan,41.85610989965221,-87.66596049957735,post_box
Bobby's Bike Hike,41.892320500190976,-87.6153034999565,bicycle_shop
Benj Yehuda,41.88261439973479,-87.64001779968169,fast_food
nan,41.99987760027108,-87.76262479969472,post_box
Subway,41.692902100251786,-87.62640319974781,fast_food
Fresenius Kidney Care,41.69280599959728,-87.62715689997094,clinic
Brotherhood,41.93301159960566,-87.63963499965547,artwork
Brotherhood,41.93312529999264,-87.63948280019105,artwork
nan,41.942405399689505,-87.64010349967674,post_box
Eduardo's Enoteca,41.904382700301426,-87.63041819964019,restaurant
Sweet Mandy B’s,41.893523699559125,-87.6207448003322,bakery
BMO,41.876935899572175,-87.63995940040598,bank
nan,41.871944500338486,-87.64590319967289,artwork
Oz Animal Hospital,41.92202629987389,-87.64457149977488,veterinary
Nails Boutique,41.92200029957422,-87.64449919967831,beauty_shop
nan,41.912447899550955,-87.80578679992084,post_box
Gerber/Hart Library and Archives,42.000039099624814,-87.67147839970835,library
Mi Pueblo Two,42.01206090039028,-87.68319259995849,restaurant
Pittsburgh Ave & Irving Park Rd,41.951838900345024,-87.83294190014851,bicycle_rental
Egg Tuck,41.92585520035726,-87.64045949990594,restaurant
Foot Locker,41.88125890017818,-87.62815469957968,shoe_shop
Kids Foot Locker,41.88114740043221,-87.62827020040936,shoe_shop
Saks Off 5th,41.88172649997807,-87.62800450020745,department_store
Zumiez,41.881892299889785,-87.62797849990778,clothes
Louisiana Famous Fried Chicken,41.80194769972661,-87.61879369956955,fast_food
nan,41.80922739962483,-87.6164332004318,artwork
nan,41.809221300422735,-87.61674869969272,artwork
nan,41.8095536997435,-87.61675799958198,artwork
nan,41.80955459996488,-87.61644019985528,artwork
nan,41.78819769966418,-87.64517849988783,artwork
nan,41.94820590008226,-87.67451569983962,post_box
nan,41.94341019962104,-87.6711551995528,post_box
Farmer's Pride Produce,41.895510300160254,-87.68704559957473,convenience
nan,41.90223370012524,-87.7515554996865,post_box
nan,41.73717959975875,-87.5729156999995,post_box
nan,41.96716269959899,-87.6574063002605,memorial
Washington Park,41.79465009972239,-87.61614559993944,tourist_info
Washington Park,41.80224979998832,-87.61586630018957,tourist_info
The Blues Trail: Mississippi to Chicago,41.86793249968514,-87.62286220013038,memorial
Eagle,41.876437499790825,-87.62387710034784,artwork
In Celebration of the 200th Anniversary of the Founding of the Republic,41.8795918997464,-87.62104679986987,artwork
nan,41.88475179955594,-87.61717690019373,artwork
nan,41.820982400317575,-87.59995220033375,bench
nan,41.83981020018064,-87.63788159955612,memorial
Seaman First Class James Humbert,41.838219000006916,-87.6429858996795,memorial
"Lt. Joseph T. McKeon, Jr",41.82908820036022,-87.64132669996718,memorial
Sergeant Gregory J. Sintic,41.8425793998195,-87.64138810028055,memorial
Private Florian S. Jacolik,41.843859000192765,-87.6613445996735,memorial
nan,41.83056529994866,-87.67486309985213,memorial
nan,41.79607039992908,-87.761107799885,memorial
American Eagle,41.79245670001677,-87.7805777004005,artwork
Clearing-Park Shops Memorial,41.792427400104486,-87.78035739977412,memorial
State Street Souvenirs,41.88395440037533,-87.6281663997595,gift_shop
Dunkin',41.922185600385205,-87.69455749992864,fast_food
Bacino's Pizza,41.92212529994271,-87.64438939965106,restaurant
Xi'an Dynasty Cuisine,41.9222566000621,-87.64455199977493,restaurant
Vietnam Survivors Memorial,41.870872299816824,-87.68316680020763,memorial
nan,41.99818840007464,-87.66781649973166,post_box
nan,41.98600910013994,-87.80708340017873,post_box
nan,41.996822499858524,-87.81922029977699,post_box
nan,42.000730000189435,-87.80688370032249,post_box
nan,41.98474179979428,-87.82318790000153,post_box
nan,41.990173400082426,-87.82244570030878,post_box
nan,41.9961979000131,-87.80850259961522,post_box
nan,41.78850210039167,-87.60475910005238,post_box
nan,41.784934999750476,-87.58822260009288,post_box
nan,41.7801019999074,-87.62235410026148,post_box
nan,41.78385040027581,-87.62197190008311,post_box
nan,41.78391000014642,-87.61875950015076,post_box
Philz Coffee,41.91080120041511,-87.63447950022874,cafe
Gallucci Pizzeria Napoletana,41.91072940034161,-87.63447459982291,restaurant
Brown Bag Seafood Co.,41.889744699758126,-87.63440799962945,restaurant
Gianni,41.889451699736185,-87.63420109980086,furniture_shop
nan,41.94424010030042,-87.73871379960212,drinking_water
Mobil,41.985718299859684,-87.78812919970278,car_wash
Metro by T-Mobile,41.7468688999798,-87.6444128998354,mobile_phone_shop
Charisma Hair Studio,41.8997528995767,-87.68668960024479,hairdresser
Amish & Healthy Foods,41.90014360014709,-87.68671489997263,convenience
Rare Bird Beauties Studio,41.89995110026314,-87.68670879987116,hairdresser
Dunkin',41.896314599838945,-87.6863865997617,fast_food
Spa Social,41.895821899960765,-87.67426269986368,beauty_shop
Specialized Forensic Unit PC,41.89959719995085,-87.6866820000742,clinic
nan,41.97586049996215,-87.76823929960398,artwork
Earth Rider Cycling,41.91557949989408,-87.68526999971067,bicycle_shop
Chicago Computerland,41.929904899691394,-87.64910069963753,computer_shop
nan,41.93684269983078,-87.66875080000938,post_box
nan,41.936573399642725,-87.67019389982858,post_box
CVS Pharmacy,41.947085399671494,-87.6558382998976,pharmacy
CVS Pharmacy,41.947085399671494,-87.6558382998976,chemist
7-Eleven,41.947085399671494,-87.65547080003734,convenience
Chipotle,41.947085399671494,-87.65510070023709,fast_food
Lids,41.94709459973603,-87.65461220019284,clothes
Starbucks,41.94708999970379,-87.65497440034824,cafe
Taco Bell Cantina,41.94702019972249,-87.65747960040318,fast_food
Chase,41.94702009989777,-87.65734549979493,bank
Wintrust Bank,41.94757449956353,-87.65702899958865,bank
Dunkin',41.947125600266304,-87.65380230043576,fast_food
Subway,41.94712360017405,-87.65393099971584,fast_food
Wrigleyville Sports,41.94712360017405,-87.65414830020387,clothes
nan,41.94711170034475,-87.656659700185,post_box
nan,41.94915039957135,-87.65817850043743,post_box
Legacy Walk Rainbow Pylon,41.95066130017892,-87.6496824000227,artwork
Legacy Walk Rainbow Pylon,41.93897220000707,-87.64916469989095,artwork
Cilantro Taco | Grill,41.910845400295045,-87.63806700019188,fast_food
The UPS Store,41.91077720020769,-87.63812250005327,post_office
Dunkin',41.881802800259095,-87.63436600039057,fast_food
65 Express,41.88180380030519,-87.63445140001204,restaurant
Sweet Rice Thai Street Food,41.915928499800486,-87.68760140038427,restaurant
Bank of America,41.915482499917516,-87.68713379968506,atm
Can't Believe It's Not Meat,41.903473500101995,-87.6342875003678,restaurant
City Edge Dental,41.9959784996081,-87.7876899995938,dentist
nan,41.92450100032096,-87.73270090002649,post_box
Starbucks,42.012045600224326,-87.68958869975864,cafe
Buffalo Wild Wings,42.01197780033527,-87.68958599999388,restaurant
Los 3 Compadres de Guerrero,41.898014299620286,-87.68711660015094,restaurant
Dr. Barbara Klempel M.D.,41.89957090017697,-87.68716709978179,doctors
Do-Over Diner,41.900159799635105,-87.6871948996249,restaurant
Village West Veterinary,41.89679539988782,-87.68713810024309,veterinary
Starbucks,41.89568930032101,-87.67884109983686,cafe
Cricket Wireless,41.895937100416916,-87.68459059967637,mobile_phone_shop
Eternal Silence,41.95541999983317,-87.65968959979517,artwork
nan,41.85737040022383,-87.70078639957262,drinking_water
Momentum Coffee,41.77986349970081,-87.65304669994521,cafe
Powell’s Barbershop,41.77981750027749,-87.65304669994521,hairdresser
Christian Science Reading Room,41.887187199629636,-87.62605350016884,bookshop
Studio 41,41.92679690025682,-87.72813740002096,doityourself
Allende,41.92574290021474,-87.64944959971922,restaurant
Judy Maxwell Home Genrl Store,41.907175900147706,-87.63439590015065,general
7 am,41.907022500088374,-87.63480120031511,beauty_shop
New Image Works Medical Spa,41.90709020015265,-87.63480209963717,beauty_shop
Old Town Barbershop,41.90692600013483,-87.63434539962049,hairdresser
Dente Complete Dentistry,41.91074480033234,-87.67039809989234,dentist
nan,41.91482550019674,-87.63862170023123,post_box
Boost Mobile,41.91703360022052,-87.72672229969436,mobile_phone_shop
Seoul Taco,41.907700999901294,-87.67351890027697,restaurant
Rotofugi,41.93227030013429,-87.65853819957823,toy_shop
nan,41.78522300044119,-87.73919039981706,vending_parking
Northside Grill,41.95991679982052,-87.72796320044131,restaurant
Robert Chavez Hair Studio,41.95581810002534,-87.72787059994818,hairdresser
Justin's Hair Design,41.95998809987094,-87.72797229978175,hairdresser
Cuenca's Family Haircut,41.96846099957554,-87.72151860020318,hairdresser
Yummy Buffet,41.96807070010277,-87.72640070033202,restaurant
Johnny Blades Haircut,41.968134099609074,-87.72458739998848,hairdresser
Wash U Coin Laundry,41.91880910025981,-87.72608360027789,laundry
Pioneer Liquor,41.917021800215934,-87.72634690018924,beverages
The UPS Store,41.999647399907644,-87.6609304996428,post_office
Verizon,41.997987200149225,-87.66027030013419,mobile_phone_shop
Gong Cha,41.998060799766165,-87.65996109972491,cafe
Village Laundry Dry Cleaners,41.901095699806774,-87.68676119976953,laundry
Eye Mechanix,41.917132899763544,-87.65758659994162,optician
Pizza Friendly Pizza,41.90060430034822,-87.68674689964968,restaurant
Ross,41.8231871000047,-87.69119770021365,department_store
elephant & vine,41.92419139971338,-87.64674319973886,restaurant
Carnival Grocery,41.920249899613225,-87.64111499955754,supermarket
Subway,41.910757999682005,-87.63820000002994,fast_food
Stop and Shop,41.910763499935626,-87.63838189960495,convenience
Starbucks,41.97617509990101,-87.90462720038494,vending_machine
CVS Pharmacy,41.97621090011302,-87.90471030044,vending_any
nan,41.89247130031032,-87.63497100041133,atm
Andros Taverna,41.92729759960457,-87.70487199984291,restaurant
nan,41.95831750035239,-87.6564837001626,bench
Blue Rhino,41.86674649985116,-87.63971869955827,vending_any
Chicago Uniform Company,41.86748749984827,-87.64141189993921,clothes
Banfield Pet Hospital,41.86698390018688,-87.64390649968516,veterinary
Eppel’s Restaurant;Eppel‘s Restaurant,41.86747960020347,-87.64153609991104,restaurant
AT&T,41.86751660011106,-87.64112619971434,mobile_phone_shop
Mimi’s Tacos & French Fries,41.86759729987557,-87.64200550015369,restaurant
nan,41.86689560025178,-87.64613220034073,atm
Cricket Wireless,41.73865179984074,-87.60463199976692,mobile_phone_shop
Hudson News,41.9746812999021,-87.90600639977549,newsagent
Connect To Chicago,41.97608289960618,-87.90461889964246,bar
Summer House Santa Monica,41.976657900042085,-87.9054561001189,restaurant
nan,41.946166000260746,-87.66409730035008,bench
nan,41.94657359999172,-87.6639004999081,bench
nan,41.94685949986609,-87.6641549001285,bench
nan,41.944446000082905,-87.66406510012422,bench
nan,41.9449419995737,-87.66386750018495,bench
nan,41.94460019963958,-87.66406450027642,bench
nan,41.945668999824534,-87.66388440024485,bench
nan,41.945484299760665,-87.66360790008446,bench
nan,41.94555549998637,-87.66388400004655,bench
nan,41.94562739988464,-87.66388350002347,bench
nan,41.945691099764474,-87.66406319985674,bench
nan,41.945647999755465,-87.66388350002347,bench
nan,41.945545200051015,-87.66381179977469,bench
nan,41.94548460013425,-87.66371739973818,bench
BP Shop,41.899141800353846,-87.68732919988264,convenience
Veterinary Emergency Group,41.910737600359994,-87.64771590016863,veterinary
Consignment Lounge,41.93206009979383,-87.71562500019354,bar
Dragon Bowl,41.83842499961412,-87.6325479003653,restaurant
Scottfree,41.91328960023492,-87.63499859970557,hairdresser
Fleet Feet,41.91316840040139,-87.63498789957185,shoe_shop
nan,41.97284600034271,-87.68199149960799,bench
nan,41.975821999985385,-87.68105150032642,bench
nan,41.9758220998101,-87.68258399995159,bench
nan,41.97306349958092,-87.68016549993786,bench
nan,41.972978900356,-87.68079280044736,bench
nan,41.97320430013838,-87.68065850018962,bench
nan,41.91860659991471,-87.67776850001621,camera_surveillance
nan,42.008736300140185,-87.69324630007662,memorial
nan,42.00874419978504,-87.69333769997485,memorial
nan,42.00913479963134,-87.69220720000226,memorial
BadazzNailzz Salon,41.90068459991443,-87.68674219979266,beauty_shop
Swedish Medical Group - Mayfair,41.967539299698956,-87.73889980008568,doctors
T-Mobile,41.96924670037498,-87.72902050009594,mobile_phone_shop
Jerez,41.96844990014284,-87.72790030005876,restaurant
El-Jeeb,41.968514799718264,-87.72790030005876,convenience
Metro by T-Mobile,41.968362000406046,-87.72788569956532,mobile_phone_shop
Mayflower,41.97681669963106,-87.72886750023491,restaurant
Family Doctor,41.97681669963106,-87.72908489964834,doctors
Family Dentist,41.97681800005074,-87.72898560010532,dentist
Subway,41.98976890031457,-87.73393030024312,fast_food
Mission Control Arcade Bar,42.00803459961713,-87.66635859976952,bar
U.S. Bank,41.82728030044558,-87.64131590000875,bank
Subway,41.95171990025324,-87.64944279994523,fast_food
D&D Nail supply,41.97258209968419,-87.65539649984856,beauty_shop
Modern Smiles,41.95289510012884,-87.64950310038773,dentist
El Mariachi Tequila Bar & Grill,41.9530276997686,-87.64985589992978,restaurant
Sushi World,41.99518590010928,-87.71251189980427,restaurant
Beggars Pizza,41.747659100087446,-87.58634769978647,restaurant
Beggars Pizza,41.70635870009397,-87.64325200007971,restaurant
Subway,41.70530260013493,-87.64302560025124,fast_food
Bank of America,41.70523840023202,-87.64302029964705,atm
Beggars Pizza,41.8102115996856,-87.59211940029007,restaurant
Rosati's,41.879401800153005,-87.62670279989425,fast_food
nan,41.894495899965875,-87.65286030016267,memorial
Ton Farm Underground Railroad Site,41.650838499597114,-87.60777800005462,memorial
nan,41.72616359987029,-87.54683590025655,vending_parking
nan,41.686490499736806,-87.61243189991222,vending_parking
Big Star Mariscos,41.8923954002276,-87.65760910007987,restaurant
nan,41.95851720020869,-87.6529112998166,post_box
Promontory Point Marker,41.7957736002715,-87.57855100032839,memorial
Van-T Nails,41.95338789983174,-87.64992870004943,beauty_shop
Wash & Dry Coin Laundry,41.96867329983297,-87.71658639974254,laundry
Mariam Pharmacy,41.96867539974994,-87.7165073996967,pharmacy
Chicago Produce,41.968578200123886,-87.71630430040312,supermarket
Amici - Chicago,41.95371419995041,-87.64982950033112,restaurant
Lakeside Food Wine & Spirits,41.954440899827716,-87.64985699980065,beverages
Nano Ramen and Sushi,41.95445789971234,-87.65009940036697,restaurant
Kunafa Nabulsia,41.95937789997015,-87.72793579989724,restaurant
nan,41.947181000302976,-87.64958299975558,waste_basket
nan,41.94742470038966,-87.64962499989377,waste_basket
nan,41.94901770010682,-87.64944699977917,waste_basket
Chase,41.94959579960653,-87.64924269989064,bank
etta,41.894961200199305,-87.63140060015752,restaurant
nan,41.981742799990286,-87.66861589990384,bench
nan,41.981734599971844,-87.66822320014052,bench
nan,41.98162639983855,-87.66864469979305,bench
nan,41.98172759964905,-87.66864450014356,bench
nan,41.981753400299226,-87.66825200002972,bench
Hadramout Restaurant,41.997724099887364,-87.707250900009,restaurant
Chicago Eye Care Center,41.99772509993346,-87.70744590000822,optician
Yasini Jewelers,41.99758879958347,-87.70748990023867,jeweller
The Halal Burger,41.99498460035909,-87.6999517999356,fast_food
nan,41.87836270007858,-87.63654910016083,bench
nan,41.87829919984824,-87.63654789956587,bench
nan,41.87842179992617,-87.63655029985642,bench
nan,41.8785858002945,-87.63655349964426,bench
nan,41.87852170021637,-87.6365522001239,bench
nan,41.87846179997217,-87.63655110025303,bench
Wee Care Preschool,41.95199789958343,-87.64979100035436,kindergarten
Chicago Family Asthma & Allergy,41.92922580003068,-87.64242899989841,doctors
Famous Footwear,41.994605000120714,-87.71251299967514,shoe_shop
American Nail Spa,41.99461599972864,-87.71206510042401,beauty_shop
Lee Dental Clinic,41.951645000216615,-87.64947090016187,dentist
MyEyeDr.,41.95065069986998,-87.64945989965463,optician
Halsted Street Beach Tanning Salon,41.95027659988523,-87.64944010018041,beauty_shop
Pancake Cafe,41.95134039983964,-87.64947059978829,cafe
Egoist Underwear,41.95021559977016,-87.6494396001574,clothes
Mayfair Restaurant,41.96800509995546,-87.74048070032404,restaurant
Coffee Chat,41.96800149996932,-87.74021719986382,cafe
Wheat's End Cafe,41.932707900349385,-87.64292899957366,restaurant
CVS Pharmacy,41.88904469985306,-87.63187849989282,chemist
nan,41.88766920027342,-87.72080759979087,tourist_info
nan,41.79661339978861,-87.57687339958767,bench
nan,41.79667189978841,-87.57683100015049,bench
Dunkin',41.95412910037771,-87.72722120039805,fast_food
Zebda,41.95968970031947,-87.72810569981817,restaurant
Dunkin',41.96068070015423,-87.7273598003145,fast_food
Starbucks,41.87469689974216,-87.65014699968424,cafe
Panda Express,41.87211119957226,-87.64811200026855,fast_food
Chick-fil-A,41.87211989961372,-87.64783249996987,fast_food
Dunkin',41.872215699894696,-87.64798459960957,fast_food
Lockwood Ave & Wrightwood Ave,41.92781490043734,-87.75841150019056,bicycle_rental
Sayre Ave & Diversey Ave,41.930989599890154,-87.80107189994817,bicycle_rental
nan,41.945080200191114,-87.8117194997551,post_box
Oketo Ave & Addison St,41.94494820039915,-87.81189270018791,bicycle_rental
Meade Ave & Addison St,41.945908400252506,-87.77887019989976,bicycle_rental
Roscoe St & Harlem Ave,41.94159659980329,-87.807209000395,bicycle_rental
PCC Community Wellness Center,41.93580459980251,-87.78484470022272,clinic
Narragansett Ave & Irving Park Rd,41.95262489971941,-87.78537909986551,bicycle_rental
Long Ave & Irving Park Rd,41.95300630040049,-87.76213910013934,bicycle_rental
Cicero Ave & Grace St,41.94971579974441,-87.74691170011482,bicycle_rental
Lamon Ave & Belmont Ave,41.93899339972569,-87.74927320019799,bicycle_rental
Central Ave & Roscoe St,41.94227690005897,-87.7670615996131,bicycle_rental
Mason Ave & Belmont Ave,41.938312499622214,-87.77246110039943,bicycle_rental
Central Ave & Parker Ave,41.93023589966708,-87.76612899995337,bicycle_rental
Kilpatrick Ave & Parker Ave,41.93074270001563,-87.74405790035178,bicycle_rental
Kostner Ave & Wrightwood Ave,41.92793980008179,-87.73597780023528,bicycle_rental
Kenosha Ave & Wellington Ave,41.93458369997785,-87.73377409969493,bicycle_rental
Kilbourn Ave & Roscoe St,41.94274979956367,-87.73945419975149,bicycle_rental
Troy Ave & 27th St,41.842662999897584,-87.70406369997971,bicycle_rental
Roti,41.79971210023331,-87.58788919982669,restaurant
nan,41.886443200393444,-87.71817859996236,bench
nan,41.886413299734045,-87.71822499958404,bench
nan,41.88634599986807,-87.71777660030983,bench
nan,41.87945620014358,-87.62452649989802,waste_basket
Starbucks,41.87943970028198,-87.62464909997595,cafe
Citibank,41.791136899948015,-87.59830109991577,atm
Momentum Coffee,41.88710549981903,-87.71769929998266,restaurant
Phoenix Rising,41.961670500293394,-87.65489359985969,artwork
Steelworkers Park Climbing Wall,41.73949820038172,-87.53047230035634,sports_centre
nan,41.739420099657934,-87.5305978996733,bench
nan,41.73941780009147,-87.53052029987191,bench
nan,41.7394102997456,-87.53040859957719,bench
nan,41.73940509986551,-87.53033070030153,bench
nan,41.738112300142575,-87.53043130026424,bench
nan,41.736871699769154,-87.53024760024653,bench
nan,41.73781860044812,-87.52970599973207,bench
nan,41.73726639962467,-87.5296282002812,bench
nan,41.736334100338524,-87.529498900254,bench
nan,41.73553310027239,-87.52939489995464,bench
nan,41.73521750028743,-87.52979350016989,bench
nan,41.734832200145945,-87.52942500026353,bench
nan,41.73844180004909,-87.529787700442,bench
nan,41.73915279956208,-87.52987999966223,bench
nan,41.96642090010448,-87.6484438995663,bench
nan,41.96677629958663,-87.6481150004069,bench
nan,41.968119800388536,-87.64897060011305,bench
nan,41.78801770035665,-87.59849669976285,post_box
nan,41.80130250001042,-87.58847729978754,car_wash
Strings Ramen,41.79941259991159,-87.58982439967627,restaurant
Yehia & Co Hair Designs,41.79940220015146,-87.58971959987957,hairdresser
Dunkin',41.90293629997029,-87.68023160010824,fast_food
World Nutrition,41.90299999985018,-87.67846229999509,restaurant
The UPS Store,41.902998999804026,-87.67836270007848,post_office
nan,41.98863779959481,-87.72867140036482,post_box
nan,41.89587699962391,-87.6841037004254,post_box
nan,41.89621070026368,-87.66982050041571,post_box
The UPS Store,41.79938780020689,-87.5887705003583,post_office
Coin Laundry,41.91043500007527,-87.67271659979122,laundry
John M. Flaxman Library,41.881013500372774,-87.62569320028092,library
Urbanspace,41.88293189998723,-87.62858750011299,food_court
Leonard M. Louie,41.85908740026338,-87.63223939962853,artwork
Ping Tom Portrait Bust,41.856956900040984,-87.63490629958602,artwork
The Great Migration Centennial,41.8312060003567,-87.60809889974439,memorial
Eighth Regiment Armory,41.830688900072744,-87.61919770021365,memorial
nan,41.84980979978246,-87.72481169989999,post_box
DaVita Dialysis,41.848125599816626,-87.72367580039781,clinic
Venustiano Carranza,41.85317509975113,-87.66548889959302,artwork
José María Pino Suárez,41.853541100441475,-87.66525229965384,artwork
Emiliano Zapata,41.853635399753955,-87.66525729988444,artwork
Aquiles Serdán,41.85366519968926,-87.66510239975588,artwork
Cuauhtémoc,41.853814999762506,-87.66509819992194,artwork
Miguel Hidalgo y Costilla,41.853729699965754,-87.66498909956726,artwork
José María Morelos y Pavón,41.853776899983984,-87.66494250029609,artwork
Ignacio Zaragoza,41.85350990026171,-87.66455949972112,artwork
Josefa Ortiz de Domínguez,41.85354950010941,-87.66452189996568,artwork
Vicente Guerrero,41.85359670012764,-87.66449510016872,artwork
Emiliano Zapata,41.85680750016604,-87.67175890005313,artwork
Julián Carrillo,41.852698100237205,-87.66532370042842,artwork
Joe DiMaggio,41.869577800375225,-87.66287539958,artwork
Chicago Stadium,41.881471599734596,-87.67420279961948,memorial
Marquette Monument,41.843970599763395,-87.67550940033851,monument
nan,41.898211199887044,-87.68678360008306,bench
Green Tea Japanese Restaurant,41.922152300288474,-87.63856260038364,restaurant
Amazing Lash Studio,41.914744699708194,-87.65457589995776,beauty_shop
nan,41.93225149980691,-87.71191170036462,artwork
nan,41.93087359993672,-87.64390399956989,post_box
Chase,41.91801360044735,-87.65230789968979,bank
nan,41.903357099950256,-87.67216339982099,post_box
nan,41.90305589990993,-87.67735909984253,post_box
Verizon,41.91134530014551,-87.6792417001443,mobile_phone_shop
The UPS Store,41.91157019990487,-87.67980760034044,post_office
Infinite Beauty Salon,41.89686019963858,-87.68665179994059,hairdresser
nan,41.884073500291834,-87.77455449999013,memorial
nan,41.87602320011064,-87.75500539977935,post_box
nan,41.880789199561946,-87.73126340028568,post_box
nan,41.88020240002078,-87.68669129996351,post_box
Fifth Third Bank,41.925904600117235,-87.6485235003592,bank
Ellis Veterinary Clinic,41.89317480037681,-87.68654259976114,veterinary
655 Car Center,41.89355119992797,-87.68633750037532,car_dealership
nan,41.89338049961043,-87.63394030000478,fast_food
The Green,41.9205186997782,-87.67060499972092,golf_course
Black River Barbershop,41.91537729992251,-87.68714470036758,hairdresser
4th Ward,41.79829160037713,-87.59523869970621,arts_centre
nan,41.891012900325165,-87.61281450028895,artwork
The Shop Barber Co.,41.88492440014102,-87.71128649977209,hairdresser
Welcome to Englewood,41.78008800016113,-87.63199959990158,tourist_info
Citgo,41.99849639988901,-87.66825800030642,convenience
Burger Bite,41.99850519975524,-87.66846569963229,fast_food
nan,41.997678300113535,-87.6981905001914,memorial
FROTH,41.88003560006297,-87.66529310009645,cafe
Bunker,41.87981020028059,-87.66518020010614,bar
Chase,41.88775109973352,-87.64475910015233,bank
nan,41.991542000063305,-87.7486399003111,shelter
Happy Nails,41.79560869968179,-87.5886171002989,beauty_shop
PNC Bank,41.96188589961463,-87.65550739974668,bank
Amazon Go,41.88260359977636,-87.64011209989349,convenience
Starbucks,41.88241059986933,-87.6404265001828,cafe
nan,41.81645440015052,-87.60687680022409,artwork
nan,41.80957290026919,-87.61438730033359,artwork
FedEx Office,41.92562919982777,-87.6482095002682,post_office
nan,41.849747400322315,-87.63186319972687,post_box
Citibank,41.85449730011038,-87.63223850030653,bank
Cook County Sheriff's Police Substation,41.89507339961773,-87.75744749980225,police
nan,41.90288819973068,-87.71193640024461,post_box
JJ Fish & Chicken,41.879625600041436,-87.62673800025846,restaurant
Nail Studio,41.87961930029053,-87.6269233999949,beauty_shop
FedEx Office,41.8885046003071,-87.63436610021529,post_office
nan,41.700086800265694,-87.68108900025715,artwork
Eckhart Library,41.790243300288125,-87.59867019966993,library
The Social Work Library,41.785593299890934,-87.60198700009994,library
Special Collections Research Center,41.791975499769535,-87.60006210018571,library
Asian Mix Cafe,41.9540920995708,-87.65008460022409,restaurant
Brows Threading,41.953861300258836,-87.64994019968043,beauty_shop
Lakeview Food Wine & Spirits,41.95263979968706,-87.64923060041184,beverages
Charbella Salon,41.95446099967546,-87.64956849998623,hairdresser
Fey & Co,41.911071499749994,-87.64810420044847,jeweller
Forest Glen Animal Hospital,41.97798409968652,-87.75659040002688,veterinary
Sipping Turtle Cafe,41.93516259987416,-87.717123800423,cafe
Salon Sen,41.95046399971386,-87.64977389974564,hairdresser
Eden's Food and Liquors,41.975202400370506,-87.7485437996566,convenience
Imani's Original,41.758879499689215,-87.56553700003246,fast_food
Sankofa Center at AAABNA,41.89492570036083,-87.77123849995678,community_centre
nan,41.74951889987739,-87.71375460009466,post_box
Moving Everest Charter School,41.88847679956473,-87.75571619964285,school
Circle K,41.882090100377866,-87.63365170036565,convenience
Circle K,41.88592860022476,-87.63279930044735,convenience
Circle K,41.89263579980235,-87.62942760000368,convenience
Wingstop,41.69314769970663,-87.60212669988726,fast_food
Subway,41.696848800231976,-87.59843330025654,fast_food
Walmart Pharmacy,41.697144300369246,-87.59854439980415,pharmacy
Walmart Garden Center,41.6957984001761,-87.59902460000524,garden_centre
A.P. Deli,41.69820160002388,-87.62112939990186,fast_food
nan,41.77962060001073,-87.64079910009838,post_box
Definition Barbershop,41.923000100174534,-87.68736070043593,hairdresser
Starbucks,41.916423099946144,-87.68708770043696,cafe
LGBTQ+ Veterans Memorial,41.947496600287934,-87.64966869975063,memorial
Creative Mini Market,41.913734100048714,-87.64612250025317,convenience
Harper Foods,41.79140489971638,-87.5894463004064,convenience
Subway,41.791378599942504,-87.58971249973206,fast_food
Pollo Campero,41.896884799693794,-87.62739700007148,fast_food
Taco Bell,41.896884799693794,-87.62732450032541,fast_food
Chick-fil-A,41.89688879987824,-87.62709389976362,fast_food
Walmart Pharmacy,41.911280600219584,-87.74333169959823,pharmacy
Bank of America,41.750487000274916,-87.64585820029566,bank
nan,41.75068710032946,-87.68337370003621,atm
nan,41.780037499630964,-87.64130939970897,atm
Damen Ave & 74th St,41.75926760031956,-87.67360880010602,bicycle_rental
Halsted St & 78th St,41.752521899865826,-87.64364900040101,bicycle_rental
Dunkin',41.87370520023484,-87.6308289002335,fast_food
dd's Discounts,41.682316399881984,-87.66396259989403,department_store
Tom's Place Pancake House,41.80846789967387,-87.66296340004084,restaurant
Gourd Man,41.91954550022473,-87.63673879955593,artwork
nan,41.929090399902066,-87.63479210007534,bench
nan,41.92803410029353,-87.6343822997033,bench
nan,41.92797150028457,-87.63436760028446,bench
nan,41.9265144996445,-87.63339129986855,bench
nan,41.926538300202424,-87.63344590040793,bench
nan,41.92991769974208,-87.63534160023465,bench
nan,41.92938680026066,-87.63491470015327,bench
nan,41.93001490026751,-87.63539099999463,bench
nan,41.92996880012009,-87.63536870040514,bench
nan,41.929490099988186,-87.63499179993158,bench
nan,41.929438399762375,-87.63495270010696,bench
nan,41.92899499981945,-87.63473920015394,bench
nan,41.92904400028044,-87.6347664001492,bench
nan,41.81950009994972,-87.60134230040683,artwork
nan,41.819508100318615,-87.60084339970308,artwork
Hyde Park Bank,41.79896219964587,-87.5879916002321,atm
Pioneer Zephyr,41.79164010031042,-87.58294170009935,attraction
The Norway Building,41.789956199818846,-87.57958799958647,memorial
nan,41.94045799963703,-87.63945799958697,bench
nan,41.94047880005661,-87.63945799958697,bench
nan,41.94052609989967,-87.63945999967922,bench
nan,41.94050130019491,-87.63945760028798,bench
nan,41.937843700126734,-87.63923490027037,bench
nan,41.93803870012596,-87.63931739957832,bench
nan,41.937832699619435,-87.6395751003106,post_box
nan,41.939997900183016,-87.63963299956322,post_box
nan,41.9308853999413,-87.6439112004415,waste_basket
Asian Station,42.00775629991335,-87.6654393001835,restaurant
Spa Avenue,41.95436609961587,-87.65355749957888,beauty_shop
Sanchez Barber Shop,41.95440199965259,-87.65256329995628,hairdresser
Buffet City,41.765229000218255,-87.7229474997273,restaurant
Metro by T-Mobile,41.765227000126,-87.72322509975851,mobile_phone_shop
DaVita Dialysis,41.765229000218255,-87.72345039971611,clinic
nan,41.94076610017544,-87.72675530031682,bench
nan,41.95291360008264,-87.64799860025516,waste_basket
nan,41.952789699585026,-87.64780510032506,waste_basket
Sherman Park,41.793993100001614,-87.65502129999294,tourist_info
Raygun,41.97649450042093,-87.66823679968854,clothes
T-Mobile,41.809450800214336,-87.70439319988623,mobile_phone_shop
Verizon,41.94925530009209,-87.64939020039742,mobile_phone_shop
Humboldt Park,41.89912440027092,-87.70266349962077,tourist_info
nan,41.65428679979601,-87.54726099989517,post_box
Jerry's Sandwiches,41.96769209991055,-87.68774270006554,restaurant
nan,41.83063219961639,-87.6459975997094,waste_basket
Cloud & Bunny,41.961731600233236,-87.66948379963759,toy_shop
Dunkin',41.91299100013458,-87.65301720038343,fast_food
U.S. Bank,41.91702869981469,-87.65742160042646,bank
Heyday,41.916815000212125,-87.65711840029388,beauty_shop
Zeus Restaurant,41.878067799789164,-87.6475709996019,restaurant
The Chicago Lincoln,41.96876719984647,-87.68867179956385,artwork
Arby's,41.88231660003112,-87.63367049979371,fast_food
Dunkin',41.857637099572514,-87.66849429987201,fast_food
Associated Bank,41.85764409989537,-87.6680284996155,bank
Peluqueria Nuevo Mexico,41.85790050020796,-87.66676580020146,hairdresser
Ashland State Bank,41.85766889960007,-87.66639849999075,bank
Yami's Fashion,41.85789549997742,-87.6666782997637,clothes
Rockit Barbershop,41.8578857998898,-87.66821640036653,hairdresser
Pilsen Arts Community House,41.85764469974316,-87.6676615996031,arts_centre
Dental Sunshine Chicago,41.857662599849164,-87.6667197000541,dentist
Alvarez Hardware,41.85774350016243,-87.6598177999515,doityourself
Walter E. Smithe Furniture,41.918176800419076,-87.65927630016108,furniture_shop
nan,41.83593080006642,-87.6277932998209,tourist_info
nan,41.819896799897435,-87.64572299981654,post_box
Domino's,41.97685180017049,-87.70831119980198,fast_food
Tiba Restaurant,41.96830019989437,-87.69716010015844,restaurant
Halal Inn,41.96932990025476,-87.70807199992282,restaurant
Baladna Jewelry,41.96947610034181,-87.70808449959992,jeweller
Antepli Turkish Gourmet,41.969924899814316,-87.70810959967827,restaurant
Red Wing,41.91446360041488,-87.6541951000238,shoe_shop
Quick Snacks,41.79534680001484,-87.58458359955341,convenience
Manus Dental,41.79534749968741,-87.58486140013349,dentist
Edward Butch O'Hare,41.97712530019248,-87.9060192996509,memorial
Brachiosaurus,41.978986900425184,-87.90675969980026,artwork
Dock's,41.736536699609076,-87.6271830999201,fast_food
Specialized,41.88545590036955,-87.6507522002538,bicycle_shop
Preferred Imaging,41.91463880004062,-87.65446009965382,clinic
Fei Da Bakery,41.851994799820204,-87.63215629957352,bakery
Daiquan Noodles,41.851948300373806,-87.63220680010369,restaurant
Tbaar,41.85189660014805,-87.63213740032074,cafe
Oriental Tea House,41.851564899600476,-87.63215840038981,cafe
V Salon,41.851272799799915,-87.63177110015613,hairdresser
Crystal Flower Shop,41.840233899574855,-87.70453720023158,florist
Harold's Chicken Shack,41.761029599736275,-87.58662849960552,fast_food
777 nails,41.761100200114186,-87.5866243995963,beauty_shop
Allende,41.92254989955825,-87.64445079996443,restaurant
Big Shoulders Cafe,41.89844779982616,-87.62842099962938,cafe
nan,41.99855599975962,-87.88782269975775,toilet
nan,41.99855449969044,-87.8878596996654,toilet
Doppio Coffee House,41.93762219980471,-87.66630669989422,cafe
Little Caesars,41.96830529994969,-87.6915068997236,fast_food
nan,41.96849190028104,-87.65969209991044,artwork
nan,41.98777780040524,-87.70321039984003,post_box
nan,41.90962069993543,-87.75614530036529,post_box
Thurgood Marshall,41.75726239993986,-87.65439079969559,artwork
Mahalia Jackson,41.75080439980326,-87.62413189986722,artwork
nan,41.922759000027895,-87.6352153003458,artwork
Lurie Children's Pediatrics in Uptown,41.97068720025413,-87.65893190028692,clinic
nan,41.99796069982648,-87.88797719968795,vending_any
nan,41.998017099909305,-87.88801590021359,vending_any
nan,41.99801700008453,-87.8879799003521,vending_any
nan,41.99855270014706,-87.88815180036528,vending_any
nan,41.99844440018899,-87.8881529002361,vending_any
nan,41.78174109977198,-87.58366289972298,viewpoint
nan,41.783150400370744,-87.5793080999888,viewpoint
nan,41.78592050023093,-87.58072980043988,viewpoint
nan,41.783174799877145,-87.58128350043319,viewpoint
nan,41.78243589979701,-87.58321859955868,viewpoint
nan,41.78421289990547,-87.58314609981261,viewpoint
nan,41.78418019965653,-87.58166249992439,viewpoint
nan,41.963028199591804,-87.63432619999412,tourist_info
Naf Naf Grill,41.88128770006733,-87.6263666998633,restaurant
nan,41.73612259957838,-87.67963349968625,memorial
Michuu Ethiopian Restaurant,41.965300299869,-87.65581500026201,restaurant
Hippocrates,41.86930919985974,-87.67121759991227,artwork
Mortar & Pestle,41.87055149995183,-87.67124620015198,artwork
Momentum Coffee,41.86265490020355,-87.69276170039211,cafe
Green Apple Mini Mart,41.908640599883825,-87.63836260015381,convenience
Oscar and Sons Jewlers,41.83089160006733,-87.64524059987377,jeweller
nan,41.831362799853366,-87.64645079956472,atm
nan,41.889414400354326,-87.71028679989587,bench
nan,41.889472099957516,-87.71028799959146,bench
nan,41.88952669959758,-87.71028910036165,bench
nan,41.889581399961685,-87.71029020023252,bench
nan,41.88946459961164,-87.71053080035614,bench
nan,41.88952399983276,-87.71053140020393,bench
nan,41.88952099969441,-87.71075339964966,bench
nan,41.88946430013738,-87.71075069988484,bench
nan,41.889405899962355,-87.71099759975937,bench
nan,41.88945929990683,-87.71099890017905,bench
nan,41.889513500247915,-87.71100019969941,bench
nan,41.88956769968962,-87.71100159994387,bench
Veggie House,41.854601199685646,-87.63284539969538,restaurant
Astroterra,41.922670999567,-87.63889480005491,artwork
Eggholic,41.896093100416294,-87.64909349966524,restaurant
Morse Gyros,42.00803909982466,-87.66685350028877,fast_food
Morse Liquor,42.00804319983388,-87.66695689984101,beverages
PO Box Collective,42.006823399880034,-87.6662476998714,arts_centre
The LaSalle Chicago,41.87908429990057,-87.6324884003194,hotel
JW Marriott Chicago,41.87926599982609,-87.63302770036802,hotel
Stan's Donuts & Coffee,41.80014609956288,-87.58831879967283,cafe
nan,41.88126639962468,-87.68661959971473,waste_basket
nan,41.881089600104985,-87.68661439983464,waste_basket
Manuel Pérez Jr.,41.84402869956489,-87.7328487998322,memorial
Wild Fork,41.91026419993295,-87.65329390019332,supermarket
Wonder of Woodlawn,41.784171799988655,-87.60623299985303,artwork
Hops & Scotch,41.872311199802084,-87.63381099997764,beverages
Sun Rey Cafe,41.9065596001455,-87.68689800014255,cafe
Winter Globe Ski Shop,41.938505899727545,-87.78066550031258,sports_shop
nan,41.90982459962561,-87.74046530033331,bench
32 & U Dental,41.901832900168245,-87.68675890020302,dentist
nan,41.81634219983272,-87.64268380031712,memorial
nan,41.816366899712705,-87.64241919998608,memorial
nan,41.74822589960564,-87.55348530040624,camera_surveillance
nan,41.74814669991031,-87.55759969966635,camera_surveillance
nan,41.74101110018216,-87.55691320038386,camera_surveillance
nan,41.74091620012257,-87.5550499004325,camera_surveillance
nan,41.7373062998459,-87.55253030043298,camera_surveillance
nan,41.737412499887,-87.55550060017254,camera_surveillance
nan,41.73728810026569,-87.56405340014425,camera_surveillance
nan,41.73339359963495,-87.56019249998383,camera_surveillance
nan,41.733570300229246,-87.55264409974535,camera_surveillance
nan,41.73007530003514,-87.54578450015453,camera_surveillance
nan,41.750054199741555,-87.56078799956651,camera_surveillance
nan,41.74998029975109,-87.5667813002168,camera_surveillance
nan,41.74991809994043,-87.5717270004007,camera_surveillance
nan,41.737395400177604,-87.54372010010252,camera_surveillance
nan,41.73938269955198,-87.5428763004009,camera_surveillance
nan,41.75003059973244,-87.55352020039692,camera_surveillance
nan,41.75558949995553,-87.55660080018674,camera_surveillance
nan,41.755218900132206,-87.57418610030822,camera_surveillance
nan,41.75511949986509,-87.58273700001251,camera_surveillance
nan,41.75334089986268,-87.57789270018793,camera_surveillance
nan,41.753545000101724,-87.57171759978735,camera_surveillance
nan,41.75359229994473,-87.56813030037301,camera_surveillance
nan,41.74660689958881,-87.54735919956738,camera_surveillance
nan,41.74650740039624,-87.5545809003882,camera_surveillance
nan,41.74633300026778,-87.56634010001557,camera_surveillance
nan,41.74629260002354,-87.57037500010614,camera_surveillance
nan,41.742675599599295,-87.56910840033237,camera_surveillance
nan,41.74275620043835,-87.56308729983897,camera_surveillance
nan,41.74271509962222,-87.55630730014173,camera_surveillance
nan,41.737228000372,-87.55852629994877,camera_surveillance
nan,41.7445334001963,-87.56625280012656,camera_surveillance
nan,41.744969699991714,-87.57671290028009,camera_surveillance
nan,41.744484600284125,-87.55991089976817,camera_surveillance
nan,41.741163099997095,-87.5459565998172,camera_surveillance
nan,41.73920280006922,-87.55689919973827,camera_surveillance
nan,41.73901590026367,-87.5611090998051,camera_surveillance
nan,41.739125899940404,-87.56303099958092,camera_surveillance
nan,41.75177240037601,-87.5590938000388,camera_surveillance
nan,41.702802099937,-87.53121440022437,camera_surveillance
nan,41.70261839991929,-87.5287107002386,camera_surveillance
nan,41.7008159004335,-87.52518320034437,camera_surveillance
nan,41.699123799923484,-87.524642099853,camera_surveillance
nan,41.6971946003506,-87.52521169986005,camera_surveillance
nan,41.69172400006261,-87.52517069976795,camera_surveillance
nan,41.69232520044767,-87.52817550019915,camera_surveillance
nan,41.69195080008939,-87.54026240018959,camera_surveillance
nan,41.68829889967452,-87.5402691001388,camera_surveillance
nan,41.68103170035272,-87.53409409956299,camera_surveillance
nan,41.68634800036,-87.53348450040932,camera_surveillance
nan,41.68497509982103,-87.54027689995894,camera_surveillance
nan,41.68464629958709,-87.53226459973143,camera_surveillance
nan,41.69010929970449,-87.54074899996635,camera_surveillance
nan,41.69010550006885,-87.53761939971548,camera_surveillance
nan,41.68997589966807,-87.53463429983304,camera_surveillance
nan,41.688268200417156,-87.53158149988627,camera_surveillance
nan,41.72143680006832,-87.5364014002044,camera_surveillance
nan,41.72289379980907,-87.53561470025818,camera_surveillance
nan,41.79945219975929,-87.79243559972309,camera_surveillance
nan,41.79954299980966,-87.78633530043373,camera_surveillance
nan,41.799638600441085,-87.78024310043872,camera_surveillance
nan,41.79973439982274,-87.7753648997703,camera_surveillance
nan,41.79991909988661,-87.76731919962134,camera_surveillance
nan,41.79999340007538,-87.76317310015838,camera_surveillance
nan,41.695442999794636,-87.53826220004044,camera_surveillance
nan,41.69552290006186,-87.53158149988627,camera_surveillance
nan,41.69536830030688,-87.52521829998454,camera_surveillance
nan,41.793441499925336,-87.70462359989915,camera_surveillance
nan,41.95314650021089,-87.64514109978188,post_box
Ludwig Mies van der Rohe,41.88859929981788,-87.62739499997923,artwork
nan,41.794139599562925,-87.69359479996001,camera_surveillance
nan,41.79313629970051,-87.67419280005765,camera_surveillance
nan,41.77864719990839,-87.67380170018828,camera_surveillance
La Cantina Bar & Grill,41.856298599900526,-87.62358360030288,restaurant
nan,41.85923160025817,-87.6178155996102,tourist_info
nan,41.87361690029974,-87.66901969999913,tourist_info
nan,41.867348599558284,-87.66900990008679,tourist_info
Architectural Artifacts,41.90164419991993,-87.63714059955896,furniture_shop
The School House,41.901862799928324,-87.63710840023242,cafe
Hummus Grill,41.895486100303344,-87.67718590030904,restaurant
Epoch Salon,41.910414400204445,-87.67458459959954,beauty_shop
Subway,41.74328700009505,-87.62420229969632,fast_food
Lincoln C Mart,41.923026300123695,-87.6456250996186,convenience
Young's Cleaners,41.92260290020374,-87.64499999975015,laundry
Zenails,41.923054099966805,-87.64566420034254,beauty_shop
Lakeside #2 Food Wine Spirits,41.923946099732746,-87.64689220031477,beverages
Pure Green,41.924496699762926,-87.64769290000731,fast_food
Blowout Junkie,41.92439490010463,-87.64755220017383,hairdresser
Spirit Hub,41.92445249988299,-87.64762200015514,beverages
Sweetgreen,41.92506360000522,-87.64798749992315,fast_food
nan,41.9102138999516,-87.68755180007548,tourist_info
nan,41.91032860038467,-87.68265389975761,tourist_info
nan,41.91041819984008,-87.67790199987735,tourist_info
nan,41.910248100269655,-87.6771413002308,tourist_info
nan,41.91085980023962,-87.67757659998006,tourist_info
Pulaski & Lake Food Mart,41.885675899723026,-87.72601249987696,convenience
Terry's Place,41.880315200186374,-87.77379700013142,fast_food
Bell Heir’s BBQ,41.80877330044751,-87.64355799980183,restaurant
Starbucks,41.9179558999449,-87.65353879997559,cafe
Dentologie,41.90408389965228,-87.62975490016845,dentist
nan,41.83835700007552,-87.61342160022662,tourist_info
Burgundy Restaurant,41.952893400410176,-87.77662109978388,restaurant
Chicago Billiard Cafe,41.952891900341,-87.77573870028078,cafe
Pizza y Pan pa'ya,41.95307479996211,-87.78600199999227,restaurant
nan,41.953172200136976,-87.77713319983724,jeweller
Magic Jug,41.953049400409554,-87.7862895995853,restaurant
Drake Quick Stop,41.953187399578894,-87.77694229984724,convenience
Gosa Tea,41.95434809968509,-87.78699139993313,cafe
La Bodega - Food Market,41.96068489998822,-87.77478459962953,supermarket
nan,41.954348499883395,-87.67362039956174,post_box
The Understudy,41.982683099645385,-87.66840409966943,cafe
European Wax Center,41.91093249963518,-87.6388518996954,beauty_shop
Cricket Wireless,41.80250179991816,-87.60713890043985,mobile_phone_shop
nan,41.87995690039071,-87.66166669995818,bench
nan,41.88002339986008,-87.66166579973685,bench
nan,41.88003259992462,-87.66122870044416,bench
nan,41.879964100363,-87.66122520028273,bench
nan,41.89103279962404,-87.65124950016428,camera_surveillance
nan,41.891036600159,-87.65103900034956,camera_surveillance
nan,41.89128059971995,-87.65109460003572,camera_surveillance
nan,41.891278099604676,-87.65085449993518,camera_surveillance
nan,41.89634549964512,-87.6580629996077,camera_surveillance
nan,41.89634990002793,-87.65794320001862,camera_surveillance
nan,41.896344200124815,-87.65827150022949,camera_surveillance
nan,41.896111700194865,-87.65804699976917,camera_surveillance
nan,41.89609980036556,-87.65856589959657,camera_surveillance
nan,41.896107600185644,-87.65835460028455,camera_surveillance
nan,41.89610719998734,-87.65819989980548,camera_surveillance
nan,41.89247800025953,-87.64780799973937,camera_surveillance
nan,41.892539700047166,-87.64782499962399,camera_surveillance
nan,41.892376199701914,-87.6475126003262,camera_surveillance
RUSH South Loop,41.8636346000568,-87.62383989989144,clinic
nan,41.94966659963393,-87.64543919985914,waste_basket
Charleys Philly Steaks,41.810119000091845,-87.5921241999718,fast_food
Paper Source,41.918013999746336,-87.65175910010237,stationery
Paper Source,41.94662020016216,-87.66377489969182,stationery
Tasa Coffee Roasters,41.91008540032101,-87.73027629991128,cafe
nan,41.92830489965144,-87.71207459996276,camera_surveillance
nan,41.92824750042183,-87.71330379963064,camera_surveillance
Francisco Madero,41.853496199989706,-87.66542690033117,artwork
Rudy Lozano,41.85749129968377,-87.66101340004832,artwork
Álvaro Obregón,41.85301280000078,-87.66563649992452,artwork
Samuel Guthrie,41.874737299986464,-87.67189580025092,monument
West Side Grounds,41.87006659989373,-87.6715819998094,memorial
Father Arnold Damen S.J.,41.86722539963256,-87.65388390042165,artwork
Saint Ignatius,41.8671760996973,-87.65472339956523,artwork
Sue the Dinosaur,41.8662438004111,-87.61604349990756,artwork
nan,41.93743220003603,-87.63607240012112,bench
CityBird Tenders,41.87967559964926,-87.64747070001278,restaurant
nan,41.93721379967718,-87.63589180006647,bench
nan,41.87448670030102,-87.64278020044588,post_box
Dunkin',41.88669680021724,-87.6343887001783,fast_food
Lotus Banh Mi,41.87990350044623,-87.63397749956192,restaurant
Millenial Mart,41.89804499977697,-87.63743449980228,convenience
Dunkin',41.87673459982199,-87.63322599997986,fast_food
Taco Bell Cantina,41.876676500020494,-87.62909860012024,fast_food
Jiao By Qing Xiang Yuan Dumplings,41.88140450041743,-87.62637339981251,restaurant
Principle Barbers,41.85278399988175,-87.72073540041833,hairdresser
InFlorEscence,41.89950570022796,-87.686711999659,florist
BP Shop,41.82209469981058,-87.69068650038167,convenience
nan,41.81740070008232,-87.69934059998866,post_box
T-Mobile,41.822303800280224,-87.69157440013839,mobile_phone_shop
Subway,41.82238569974032,-87.69145909985752,fast_food
Starbucks,41.96319760038898,-87.65639890038892,cafe
Jakes,41.96192109997884,-87.65455320017003,fast_food
nan,41.958156400297696,-87.65303919959933,atm
Drink Happy Thoughts,41.96189759979444,-87.65416370019454,cafe
nan,41.961985999554315,-87.65219370017905,atm
Lucy's,41.965232599804665,-87.65759820029666,restaurant
Wabi Sabi,41.9643370998773,-87.65435369996322,restaurant
Epic Wine & Spirits,41.96222470030972,-87.65519279980782,beverages
Miso,41.963096000380176,-87.65575970005006,restaurant
nan,41.89103999959633,-87.61044759977688,vending_any
nan,41.890982100343706,-87.61047670003961,toilet
Sunflower Bakery & Cafe,41.95979259984864,-87.64705180030029,cafe
Ravenswood Used Books,41.9613437001517,-87.67928909981208,bookshop
Krasy Taco Stop,41.96900820016833,-87.67122169992149,fast_food
Nordstrom Rack,41.86856090006552,-87.63974500023153,clothes
J. Crew Factory,41.932942699845796,-87.64600180044272,clothes
Midwest Ink Bros,41.8075665001939,-87.66469599972055,clothes
BP Shop,41.97500240014068,-87.76889430013182,convenience
nan,41.78464919970088,-87.76433909996945,drinking_water
nan,41.77831569990968,-87.7530516001512,waste_basket
Around the Clock Food Store,42.01924899984152,-87.6714936998743,convenience
nan,42.01925040008592,-87.70005890019803,tourist_info
Pepsi,41.98203959964786,-87.80810910035467,vending_any
Justice of the Pies,41.737042999934545,-87.58766899992435,bakery
nan,41.802146100062544,-87.62602060027046,post_box
nan,41.81287739977222,-87.61637099972182,post_box
University of Illinois Extension - Cook County Office,41.73510809955923,-87.5960873998136,university
826CHI,41.90491170041469,-87.66916449984177,bookshop
Rosati's,41.94700629980093,-87.6878284000606,fast_food
Circle K,41.946898099667635,-87.68782310035579,convenience
Lane Tech Totem Pole,41.94652100044385,-87.68974230036685,artwork
Dave's Hot Chicken,41.94792710035546,-87.68799749958492,fast_food
Tropical Smoothie Cafe,41.94771759968751,-87.68798940029058,fast_food
MyEyeDr.,41.947637800144435,-87.68799210005534,optician
nan,41.933667899653926,-87.71955370024301,post_box
nan,41.93574340003795,-87.72699050001154,waste_basket
nan,41.94147060028803,-87.7275607996911,waste_basket
nan,41.94146159987298,-87.72753929959896,bench
nan,41.94242550043657,-87.72914949974955,bench
nan,41.94245850015972,-87.72920470013679,waste_basket
nan,41.942713400403136,-87.72992260014786,bench
nan,41.94268289989594,-87.72987499993127,waste_basket
nan,41.94301940012525,-87.73005290022115,bench
nan,41.943033999719376,-87.73002100036882,bench
nan,41.943023400309755,-87.72999979975094,bench
nan,41.942995599567325,-87.73000940001378,bench
nan,41.94298400011155,-87.73002200041498,waste_basket
nan,41.94417850033756,-87.73233209974654,waste_basket
nan,41.94421200008378,-87.7323869997602,bench
nan,41.944428500175206,-87.73244909974613,bench
nan,41.94446230029496,-87.73250010029938,waste_basket
Skunk Cabbage Books,41.93253279964904,-87.7133322002208,bookshop
nan,41.94511779994656,-87.73359060022597,bench
nan,41.945310899678304,-87.73390539981432,bench
nan,41.94542159992693,-87.73408449979979,waste_basket
nan,41.94573049996268,-87.73487529975523,post_box
nan,41.94997389977573,-87.74155930042133,post_box
Partners Animal Hopsital,41.874664800240396,-87.62939439973172,veterinary
nan,41.95058409967652,-87.74283570010743,bench
nan,41.950565800271534,-87.74280020026902,waste_basket
nan,41.951726799852,-87.744409600023,bench
nan,41.951707100202555,-87.74437770017067,waste_basket
nan,41.951807799990036,-87.74483869984607,bench
nan,41.9518577995978,-87.74491660002104,waste_basket
nan,41.95280170013842,-87.74647009971528,bench
nan,41.95278480007852,-87.74644100035187,waste_basket
nan,41.95322850039503,-87.74688350007341,bench
nan,41.95367240036103,-87.74761200039347,bench
nan,41.95365949958631,-87.74758940043046,waste_basket
Lincoln Cafe and Market,41.94928300011043,-87.6755220996651,cafe
The UPS Store,41.960026400198274,-87.78637669982481,post_office
Leon's Bar-B-Q & Grill,41.78082270040733,-87.58812689963668,restaurant
Burger Point,41.8562178003113,-87.62742560031114,restaurant
Maddie's Closet,41.856525200277815,-87.62683259994452,clothes
Girlfriend's Spa,41.85671269993122,-87.62684230003208,beauty_shop
Unique Shoe,41.856620399811675,-87.62684389992603,shoe_shop
L'Africa L'afrique Market,41.85514819972968,-87.62679100000463,convenience
Aroma Hot Pot,41.85459899994396,-87.63038329964951,restaurant
Hello Jasmine,41.85452409990734,-87.63038279962649,cafe
TSAoCAA,41.854751399957195,-87.63038080043356,cafe
Autea Sweets & Eats,41.854445000036776,-87.6303764000508,cafe
Pink Mi Up,41.854828499735504,-87.63036879988016,beauty_shop
nan,41.871333400216315,-87.75458449997467,camera_surveillance
nan,41.871678200288784,-87.75490450034238,camera_surveillance
nan,41.87139879981481,-87.74906559979758,camera_surveillance
nan,41.871371599819554,-87.74906399990363,camera_surveillance
nan,41.871770200034746,-87.74913570015241,camera_surveillance
nan,41.87174359988728,-87.74913400043374,camera_surveillance
Theatre Y,41.85147089976226,-87.715559499871,theatre
Adam Street Brewery,41.87932420035162,-87.62830170006339,pub
Viva La Med Spa,41.91276999983569,-87.63458060021446,beauty_shop
Bank of America,41.87933729987657,-87.62751209980354,bank
Fish Bar,41.90999189960655,-87.63451070040844,restaurant
Kanela Breakfast Club,41.91060060033749,-87.63449530041777,cafe
Gorée Cuisine,41.80974559977966,-87.59811289969053,restaurant
Stellar Cycleworks,41.91052310036082,-87.68321939975544,bicycle_shop
Bob Newhart Statue & Couch,41.891503500286376,-87.59875400029682,artwork
Max Mara,41.8993697002515,-87.62447760016107,clothes
Michael Kors,41.899457599988295,-87.62448830029479,clothes
J.Crew,41.8995334002463,-87.62449369982437,clothes
Gucci,41.89986280032804,-87.62452049962133,clothes
Louis Vuitton,41.89988249997742,-87.6239000996099,clothes
David Yurman,41.89969620001966,-87.62389710037087,jeweller
Buccellati,41.90091919976129,-87.6260613998137,jeweller
Chanel,41.90065489980384,-87.62587359978676,clothes
Hermès,41.90062490021904,-87.62711909966669,clothes
Giorgio Armani,41.900620300186745,-87.62699939990233,clothes
Loro Piana,41.90052519957834,-87.62672720030002,clothes
Maserati of Chicago,41.897800500193,-87.62632480044914,car_dealership
Lamborghini Gold Coast,41.89787240009122,-87.62633820034762,car_dealership
Rolls-Royce Motor Cars Gold Coast,41.89794620025697,-87.62635430001092,car_dealership
Ed Debevic's,41.89240959962336,-87.62308039994048,restaurant
nan,41.93357699977878,-87.63462110028354,toilet
nan,41.93378650044667,-87.63418390026675,toilet
Fraternity,41.93204219968783,-87.63983830039723,artwork
Patriotism,41.93260690018832,-87.63986029961308,artwork
Hope and Help,41.91019299970725,-87.62648839971985,artwork
Family,41.896571699824165,-87.62273819980805,artwork
Allow Me,41.89934110001178,-87.62485399971229,artwork
Eli Schulman,41.8971560999741,-87.62238810003078,memorial
Turtle Fountain,41.905603600126085,-87.62688389997197,drinking_water
Turtle Fountain,41.905603600126085,-87.62688389997197,artwork
M Burger,41.89785869981921,-87.62218239989778,cafe
American Girl,41.89815419995642,-87.62365760011812,toy_shop
Chicago Sports Museum,41.8980263999984,-87.62207779975063,museum
Potbelly,41.89650580020259,-87.62604210036261,fast_food
Bank of America,41.89651970012409,-87.62627539978985,bank
nan,41.89181229959797,-87.63102710002062,post_box
Mother and Child Mountain Lions,41.921046400371154,-87.63603569968774,artwork
U.S. Postal Inspection Service,41.873752400253125,-87.63736350012539,Postal
Vin Tea,41.897332799669016,-87.62836380004927,fast_food
Friends Sushi,41.89695530024699,-87.62836110028451,restaurant
Mister J's Dawg And Burger,41.89739689974715,-87.62836620033983,fast_food
nan,42.00239139964344,-87.78020000042966,viewpoint
nan,41.914886399587715,-87.639729000393,bench
Nature's Friends,41.914828899634074,-87.63964540031492,fountain
nan,41.91471720023867,-87.63961160019517,bench
nan,41.914720099652925,-87.63969470025017,bench
nan,41.91486069966163,-87.63974359998713,bench
nan,41.91494390044073,-87.63965029982143,bench
nan,41.91471830010954,-87.6396559997246,bench
nan,41.91490469989202,-87.63970650025476,bench
nan,41.91494219982269,-87.63962259980309,bench
nan,41.91482560002146,-87.63974769999635,bench
Food Mart,42.00775570006556,-87.66533520005942,convenience
nan,41.998140899682824,-87.78684679973998,bench
nan,41.99788660018652,-87.78654480020231,toilet
North Branch Trail System Map,41.99750690012337,-87.7676546998045,tourist_info
nan,42.001535799937244,-87.78425240042787,tourist_info
nan,41.99751419992043,-87.76787599957765,bench
nan,42.00240989959724,-87.78018959977015,bench
nan,42.00236690031227,-87.7802036004158,bench
nan,41.9967043001634,-87.820912400287,post_box
nan,41.996682399872896,-87.82091369980736,post_box
nan,42.007285899624605,-87.80679400014293,post_box
nan,41.98544079965325,-87.72277749998159,memorial
nan,41.938191299788684,-87.80669299998192,camera_surveillance
Caro Mio,41.965075699583906,-87.68608720016414,restaurant
Dahlia Blooms,41.953242599966075,-87.7740879002364,florist
Kasia's Bridal & Special Occasion Boutique,41.95289810026719,-87.7783282999111,clothes
nan,41.91466140000364,-87.6394912996837,waste_basket
nan,41.91485559960631,-87.63950459975746,bench
nan,41.9148327999938,-87.6395041995591,bench
nan,41.913886800435534,-87.63984579984373,bench
nan,41.975779700372925,-87.74378920001152,water_well
nan,41.97973770033468,-87.74464350019736,water_well
nan,41.74418760007774,-87.59542429999141,post_box
nan,41.95360980035207,-87.72745289993134,camera_surveillance
nan,41.953697999563076,-87.72778249966257,camera_surveillance
nan,41.924295900035816,-87.74650759964595,camera_surveillance
nan,41.92859250014379,-87.75639749994463,camera_surveillance
nan,41.83837740029685,-87.63178209976405,camera_surveillance
nan,42.00763229959102,-87.77959069985087,bench
nan,42.007615699904704,-87.77943719996676,bench
nan,42.00735590015472,-87.77934470019773,bench
nan,42.00719420025217,-87.7796710003164,bench
nan,42.00725919965237,-87.7796943997767,bench
BP Shop,41.77886429984761,-87.74015020037143,convenience
Giant Cow,41.77820770032514,-87.74006100021495,artwork
nan,41.705699899930494,-87.53542909997293,post_box
Belmont Laundry,41.93782360027899,-87.79403220032577,laundry
Home Run Inn Pizzeria,41.83258840043436,-87.61647149985981,restaurant
nan,41.8528748997569,-87.61891569979969,artwork
nan,41.97567310013352,-87.73833830027229,tourist_info
nan,41.981456699567104,-87.75631899992186,tourist_info
nan,42.00352930013713,-87.78205239969844,water_well
nan,42.00354379990648,-87.78210879978127,tourist_info
nan,41.98681799985087,-87.76223989975153,bench
nan,41.99829169980217,-87.78716310029682,tourist_info
nan,41.99824470033269,-87.78644509956166,water_well
nan,42.003304299653735,-87.78306319990674,bench
Veterans Canteen Service - Cafeteria,41.86964780000602,-87.67730710014251,food_court
Veterans Canteen Service - Retail Store,41.86986699986221,-87.67731149962594,convenience
nan,41.931199099658784,-87.76732629976885,waste_basket
nan,41.93132970010561,-87.76733060032689,waste_basket
nan,41.93116059968196,-87.76614599983799,waste_basket
nan,41.931390200197654,-87.762703100068,waste_basket
nan,41.93144550040955,-87.75874219979266,waste_basket
nan,41.931311799999605,-87.75873260042914,waste_basket
nan,41.931476900238806,-87.75666439984212,waste_basket
nan,41.93132750036392,-87.7567236004138,waste_basket
nan,41.931483799837565,-87.75624710002359,waste_basket
Centro Fresh Market,41.93194030020476,-87.74717530039976,supermarket
WaveMAX Laundry,41.93177400026997,-87.74793759994026,laundry
JV Hair Design,41.93109410021259,-87.77156139973874,hairdresser
nan,41.82361839956951,-87.62617210006232,newsagent
Giant Radio Flyer Wagon,41.923136500349244,-87.78834719986332,artwork
Mercy Care Center,41.8264568002412,-87.60797860013224,clinic
nan,41.83867660024498,-87.63515299981105,memorial
nan,41.85443270000917,-87.62700130016981,post_box
nan,41.83455280037151,-87.62877289984942,post_box
nan,41.83455180032536,-87.62879439994157,post_box
Pearl's Place Restaurant,41.823609999901635,-87.62285450013502,restaurant
Rothschild Liquors,41.82396979976647,-87.62198549963108,beverages
Fresenius Kidney Care,41.871857400098975,-87.6420301002089,clinic
Chicago Smile Design,41.910913899856666,-87.64015650032218,dentist
Sweet Vegan Bakery,41.91093089974129,-87.63902939978692,bakery
nan,41.936682199623874,-87.67840320014756,drinking_water
nan,41.96782070026518,-87.76051929972584,camera_surveillance
nan,41.96782420042655,-87.76390900010023,camera_surveillance
Jasmine Rise,41.9367110004124,-87.78571860023317,restaurant
nan,41.93642540001224,-87.78599360032433,post_box
nan,41.78055040008093,-87.5862333995517,camera_surveillance
Corner Bakery,41.8833469002393,-87.63369159968755,cafe
nan,41.883359499741175,-87.62986670028795,bench
nan,41.88336009958897,-87.62982980020507,bench
nan,41.883358100396094,-87.62995390035218,bench
nan,41.88335749964892,-87.62999209995542,bench
nan,41.88335610030384,-87.63007579985822,bench
nan,41.88335549955673,-87.63011539970591,bench
nan,41.88335370001329,-87.63023010013899,bench
nan,41.88335300034072,-87.63026829974223,bench
nan,41.88335169992109,-87.6303534997142,bench
nan,41.88335110007324,-87.63038899955262,bench
nan,41.88334960000407,-87.63048219989355,bench
nan,41.88334900015627,-87.63051769973202,bench
nan,41.88391879981282,-87.62962129958328,bench
nan,41.883974299674264,-87.62963669957401,bench
nan,41.88360989977713,-87.63074070012317,bench
nan,41.88361060034896,-87.63068229994815,bench
nan,41.88342080022977,-87.63073450019698,bench
nan,41.88342149990234,-87.63068229994815,bench
nan,41.88253960042226,-87.63583590000673,bicycle_rental
L.A. Tan,41.88185789992218,-87.63165799961695,beauty_shop
FARE,41.88118369976797,-87.63549750040926,restaurant
U.S. Bank,41.88117089971729,-87.63659010025287,bank
PNC Bank,41.882300100169516,-87.63512799955748,bank
Jersey Mike's Subs,41.88117320018307,-87.63403339962167,fast_food
Mezza,41.88139759991935,-87.63362810035653,restaurant
Visionary,41.88157540038446,-87.63364550043946,optician
Dei Giovani,41.88175009998719,-87.63364260012588,clothes
nan,41.88207520041021,-87.63333010010399,atm
Chipotle,41.88182850018518,-87.63280090034124,fast_food
Fifth Third Bank,41.88183310021748,-87.63254249993639,bank
nan,41.88187470015731,-87.63398060042431,tourist_info
7-Eleven,41.881850699949894,-87.63207330024255,convenience
State Bank of India,41.88184840038343,-87.63216880015,bank
Protein Bar & Kitchen,41.88097140040986,-87.63215919988716,restaurant
Starbucks,41.88079419979255,-87.63215209973959,cafe
Eyelines Inc,41.88080060026755,-87.63141030024514,optician
FedEx Office,41.88146110014969,-87.63103799980382,post_office
Burrito Beach,41.88136720013625,-87.63189720039543,fast_food
nan,41.88094540011019,-87.6299397000571,bench
nan,41.88103629998528,-87.62986120003433,bench
nan,41.88111220006806,-87.62986530004355,bench
nan,41.88118610005853,-87.62986730013574,bench
nan,41.880930400317766,-87.63039699992157,bench
nan,41.88114509996643,-87.63039699992157,bench
nan,41.88122050002613,-87.63044870014738,bench
Adamus Lounge,41.881561100264605,-87.62638190020448,bar
Bank of America,41.881980599824885,-87.62468759995272,bank
Diamonds on Wabash,41.88167579979836,-87.62595769988792,jeweller
Bubble & Brew,41.87263499980543,-87.63379169962718,cafe
Amigos & Us,41.9402780003295,-87.65076620000008,clothes
CRAM Fashion,41.94282059959107,-87.6443476998864,clothes
Clark Street Sports,41.94848369976296,-87.65778529975177,clothes
"Coffee, Hip-Hop & Mental Health",41.93978090006851,-87.6560806995646,cafe
nan,41.883213900401245,-87.63223569981767,camera_surveillance
nan,41.88320730027675,-87.63223569981767,camera_surveillance
nan,41.88309860012038,-87.63250020032393,camera_surveillance
nan,41.88455430034077,-87.63264779975611,camera_surveillance
nan,41.8843585997696,-87.63103880020043,camera_surveillance
nan,41.88436080041066,-87.63103539986378,camera_surveillance
nan,41.884405799787885,-87.63111599980351,camera_surveillance
nan,41.88441160041509,-87.63111249964209,camera_surveillance
nan,41.77974990003793,-87.77221059963944,camera_surveillance
nan,41.78495079993951,-87.78088959967522,camera_surveillance
nan,41.78701889980243,-87.77615810001629,camera_surveillance
nan,41.78894760025162,-87.77134789978572,camera_surveillance
nan,41.88460460032212,-87.63559720015064,bench
nan,41.88460479997161,-87.63566530041322,bench
nan,41.88460510034514,-87.63574059974883,bench
nan,41.88460539981941,-87.6358239003527,bench
Dunkin',41.88560979955264,-87.63410810000875,fast_food
Francois Frankie,41.884599299717934,-87.63462659963784,restaurant
Starbucks,41.88518369986792,-87.63075400019693,cafe
Kiwanis Field,41.66748059974992,-87.62369309995654,park
nan,41.91658350032833,-87.6389076001056,post_box
150,41.8846884000497,-87.62474939956508,artwork
Old Post Office Plaque,41.88588579968996,-87.63707629983134,memorial
nan,41.88603709983232,-87.62796350011541,bench
nan,41.88614699968434,-87.62796540038289,bench
nan,41.88646809992292,-87.62797299965416,bench
nan,41.886576399880994,-87.62797380005077,bench
Chase,41.8866769998437,-87.62832199956057,bank
Royalty Spa,41.77915419990643,-87.69923289987838,beauty_shop
nan,41.88711119972214,-87.63027799982979,bench
nan,41.88711030040008,-87.62854259966122,bench
nan,41.88710919962989,-87.62894160007477,bench
nan,41.88711219976824,-87.62829800025247,bench
nan,41.88710890015568,-87.62919290033204,bench
House of Blues,41.88826309996216,-87.62883060035188,restaurant
First Bridge at N Dearborn St,41.88790900000038,-87.62939760041888,memorial
Morton's The Steakhouse,41.88670889969603,-87.62557899987092,restaurant
Venteux Brasserie,41.886478600407145,-87.62479460039043,restaurant
Forward,41.88618179985025,-87.6247896999846,doctors
Starbucks,41.885953999777314,-87.62479279994773,cafe
nan,41.88813870034079,-87.62485530013197,newsagent
nan,41.885360500286936,-87.62975759993327,toilet
Burrito House,41.995064499726936,-87.7853488997319,fast_food
Pasta D'Arte,41.99558079961429,-87.78590679955914,restaurant
Silk Road of Chicago,41.881372700389875,-87.63172709992568,restaurant
nan,41.78269990028025,-87.69407579965838,camera_surveillance
nan,41.784844099875386,-87.68394380006629,camera_surveillance
nan,41.88004909978616,-87.6372732000981,bench
nan,41.88004859976314,-87.6372095002182,bench
nan,41.87979540013765,-87.63776609962576,bench
nan,41.87972510013333,-87.63776680019765,bench
nan,41.879901399629944,-87.63751230015248,bench
nan,41.87990100033096,-87.6374381996132,bench
nan,41.880038000353466,-87.63751840025395,bench
nan,41.88004000044572,-87.63744870009742,bench
nan,41.8799042001188,-87.63731460038844,bench
nan,41.879906200210996,-87.63726290016268,bench
nan,41.78444279989537,-87.6990019000176,camera_surveillance
The Nightingale,41.932922000150256,-87.64475879977874,artwork
The Ledge,41.878889600274874,-87.63632299980657,attraction
In the Heart of this Infinite Particle of Galactic Dust,41.878885400440936,-87.63637129969567,artwork
Sushi-san,41.87846399971386,-87.63596829999699,restaurant
Sweetgreen,41.87845929985684,-87.63581489993766,fast_food
Tortazo,41.87852880036388,-87.63601630041188,restaurant
Brownbag,41.87853079955681,-87.6357656000024,restaurant
Market Creations,41.87847679976454,-87.63601320044882,restaurant
Fifth Third Bank,41.87847679976454,-87.6354222999991,bank
Urbanspace,41.87845500019813,-87.63576369973492,food_court
Joe & The Juice,41.878424300041445,-87.63601109963253,cafe
Color Factory,41.878375299580455,-87.6358061998962,museum
nan,41.87866449996676,-87.63647799975985,bench
nan,41.87859610022991,-87.6364444001889,bench
nan,41.87850680024866,-87.63646070040096,bench
nan,41.878411400166044,-87.63646419966307,bench
nan,41.878346300041756,-87.6361441003699,bench
nan,41.878307399866685,-87.63609330036547,bench
nan,41.8784617001474,-87.63609380038855,bench
nan,41.878423100345856,-87.635694799975,bench
nan,41.87835540028158,-87.63551290039999,bench
nan,41.87843750029043,-87.63549720003573,bench
nan,41.878520399796685,-87.63552409965746,bench
nan,41.87903800010366,-87.63641489972781,bench
nan,41.878342200032534,-87.63631140035079,bench
Kindling,41.87915939958668,-87.6357287997443,restaurant
nan,41.878404499667965,-87.63534420017464,bench
nan,41.87847030036414,-87.63534510039602,bench
nan,41.878529800410035,-87.63534730013777,bench
nan,41.87859090034982,-87.63534809963505,bench
Copeland Dental Care,41.95290530023948,-87.77648449995968,dentist
J G Uniforms,41.9528684001566,-87.77629069965604,clothes
Chicagoland Foot and Ankle,41.95290420036861,-87.77604269991065,clinic
Walgreens,41.879505799553044,-87.63414369967194,pharmacy
nan,41.88071819988505,-87.63488490021791,vending_parking
Subway,41.885420100157546,-87.6184943997967,fast_food
nan,41.98994590038308,-87.7485403003945,camera_surveillance
nan,41.98989530002814,-87.66033199992182,camera_surveillance
ChiBoys,41.88838570004009,-87.6254029000238,clothes
Chiya Chai,41.888279800372516,-87.62565139979222,restaurant
Colores Mexicanos,41.888353200339964,-87.62548960006495,gift_shop
Feed Your Head,41.88831520038622,-87.62557010017991,restaurant
Wendella Tours - Dock 3,41.88912190035546,-87.62561249961715,attraction
Wendella Tours - Dock 4,41.88893110019018,-87.62593939958361,attraction
Wendella Tours - Michigan Avenue,41.88922150027207,-87.62463970026192,attraction
nan,41.88787789964539,-87.61471649986652,bench
nan,41.887917100194045,-87.61462190018051,bench
Banana Republic,41.931945699734285,-87.64482060029042,clothes
Big City Optical,41.932597700123836,-87.64465690029567,optician
Sport Clips,41.93271720023864,-87.64288000001193,hairdresser
LensCrafters,41.932365200193885,-87.64497820018374,optician
Allure Dental,41.93295780036226,-87.64382040039112,dentist
Everbrook Academy,41.93304060004368,-87.64314320009856,kindergarten
Zindaa Nail,41.93271470012337,-87.64283070007673,beauty_shop
XO Marshmallow,41.932163500245395,-87.64491620002258,cafe
Crossroads Trading Co.,41.93176540005322,-87.6442886000388,clothes
AT&T,41.93295160043607,-87.64356939960805,mobile_phone_shop
Jimmy John's,41.933129099628275,-87.64535900011771,fast_food
T-Mobile,41.932570599953294,-87.64502220041419,mobile_phone_shop
Dentologie,41.93268669973145,-87.64444450021347,dentist
refleKTion,41.93223030008835,-87.64494940029454,hairdresser
nan,41.88063500000527,-87.63124939983987,tourist_info
nan,41.879516100387775,-87.62915629972343,newsagent
nan,41.880661299779206,-87.62917999955732,newsagent
nan,41.88067750016654,-87.62797499974641,newsagent
nan,41.880733699700556,-87.62641930031043,newsagent
Chick-fil-A,41.87997579964349,-87.62466769975453,fast_food
Citibank,41.88071710001418,-87.62466469961618,bank
Pritzker Military Museum & Library,41.880619699839315,-87.62466320044632,museum
Sai Mai,41.918512199878194,-87.63789729992044,restaurant
Park No. 596 Fieldhouse,41.80529010025799,-87.68577479996702,sports_centre
nan,41.9756090998801,-87.7686347998561,camera_surveillance
Wingstop,41.99154579969894,-87.66070390016483,fast_food
Toyota of Lincoln Park,41.910019499800114,-87.65081740020281,car_dealership
Central Station,41.8679976996342,-87.62274040044906,memorial
Maxwell Street,41.8648411997616,-87.64662399999759,tourist_info
Maxwell Street,41.86474569985421,-87.64571069978894,tourist_info
Maxwell Street Vendor,41.86484849955866,-87.64600569990307,artwork
Maxwell Street Musician,41.86474619987729,-87.64610160000882,artwork
Maxwell Street,41.864848200084396,-87.64582979970544,artwork
Starbucks,41.864608099983855,-87.64707059972835,cafe
Popeyes,41.86569080009042,-87.6467004999281,fast_food
nan,41.95490019978445,-87.6444902999873,camera_surveillance
nan,41.95489809986748,-87.64449080001037,camera_surveillance
nan,41.95474860016782,-87.64429839995114,camera_surveillance
nan,41.96005749965394,-87.64597210033213,camera_surveillance
nan,41.960060899990594,-87.64597260035521,camera_surveillance
nan,41.963537400230905,-87.6464158995741,camera_surveillance
nan,41.96781679990545,-87.64739229981473,camera_surveillance
nan,41.967819200196004,-87.64739360023441,camera_surveillance
nan,41.974331100300105,-87.64906330043095,camera_surveillance
nan,41.97432440035084,-87.64906219966076,camera_surveillance
nan,41.97560349980171,-87.64944859967312,camera_surveillance
nan,41.953979300304525,-87.71305779997743,camera_surveillance
nan,41.92733949991805,-87.63127490011652,camera_surveillance
nan,41.93210069968757,-87.63164940029952,camera_surveillance
nan,41.93449930040242,-87.6319102000956,camera_surveillance
nan,41.93992169972671,-87.63741039977009,camera_surveillance
nan,41.93846410013816,-87.6357947002652,camera_surveillance
nan,41.938661799902206,-87.63605810000126,camera_surveillance
nan,41.94051289965063,-87.63796709990169,camera_surveillance
nan,41.94147589999284,-87.63872220036922,camera_surveillance
nan,41.94158620004316,-87.63878199988932,camera_surveillance
nan,41.94467540004973,-87.6406330996378,camera_surveillance
nan,41.947647500231994,-87.64226479988059,camera_surveillance
nan,41.9496765002703,-87.64315939958658,camera_surveillance
nan,41.94967400015503,-87.64316940004773,camera_surveillance
nan,41.952797100106125,-87.64444519988604,camera_surveillance
nan,41.95279490036444,-87.64444519988604,camera_surveillance
nan,41.98571169973519,-87.65390889977584,camera_surveillance
nan,41.98547380027571,-87.65654609962274,camera_surveillance
nan,41.98549280025259,-87.65654759969192,camera_surveillance
nan,41.98555900024769,-87.65682450005062,camera_surveillance
nan,41.98554039956986,-87.65682409985232,camera_surveillance
nan,41.98544880002214,-87.65654580014854,camera_surveillance
nan,41.985416699621055,-87.65794479991257,camera_surveillance
nan,41.98363079982158,-87.6579507003645,camera_surveillance
nan,41.9837591996274,-87.65674369956207,camera_surveillance
nan,41.983777199558176,-87.65363200031652,camera_surveillance
nan,41.97629180042628,-87.6511120001187,camera_surveillance
nan,41.96540130003001,-87.64793090019083,camera_surveillance
nan,41.965405700412816,-87.6479370002923,camera_surveillance
nan,41.95838139988177,-87.64617330025754,camera_surveillance
nan,41.95838399982176,-87.64617359973181,camera_surveillance
nan,41.94143559957331,-87.63951729998337,camera_surveillance
nan,41.92725229985382,-87.63198879994314,camera_surveillance
Vietfive Coffee,41.8817986004251,-87.65509260004342,cafe
Blackwood BBQ,41.879260100273484,-87.63478569960034,restaurant
7-Eleven,41.87926940016274,-87.63358360010301,convenience
nan,41.80222000005301,-87.59816579961193,post_box
Marimarshe' 2.0 Salon & Suites,41.800089400005845,-87.59650910001494,hairdresser
Wintrust,41.878373900235374,-87.6274862002279,bank
nan,41.800552399773494,-87.59640339999686,bench
nan,41.800544099930335,-87.59638730033362,bench
nan,41.8005288995891,-87.59637689967417,bench
nan,41.80051610043773,-87.5964654999828,bench
nan,41.80050140011957,-87.59645770016272,bench
nan,41.800537900004144,-87.59646309969224,bench
nan,41.80055039968124,-87.59644070027804,bench
Kong Dog,41.879432199936105,-87.62501399989617,restaurant
nan,41.87846909976918,-87.62451619996261,bench
nan,41.87843839961249,-87.62451770003179,tourist_info
McDonald's,41.97406559974769,-87.8894688997699,fast_food
The Goddess and Grocer,41.97494299991956,-87.89035580037984,cafe
Willow Cleaners,41.913725999855046,-87.64621500002221,laundry
Lincoln Park Cleaners,41.918064899575484,-87.64593759964049,laundry
Publican Quality Bakery,41.89076529987875,-87.67183919961934,bakery
Dunkin',41.905664100218075,-87.72577559956426,fast_food
Chic Hair Studio,41.7936456999891,-87.70396200014613,hairdresser
Glenna's Hair Salon,41.79303779965477,-87.71840320024745,hairdresser
Metro by T-Mobile,41.793477599611606,-87.69395860000935,mobile_phone_shop
D&A Food & Liquor,41.79354169968974,-87.66479320024598,beverages
Su Nueva Lavanderia,41.7932730002488,-87.706979999927,laundry
Prairie Boat,41.65090640021026,-87.59154489987719,artwork
Marshall Major Taylor,41.69247809958466,-87.64888159960611,artwork
nan,41.692432500359644,-87.64897630001622,bench
nan,41.692437499690925,-87.649088899633,artwork
nan,41.69254140016551,-87.64104940030956,artwork
nan,41.70316099958052,-87.64306949975759,artwork
nan,41.68976749977037,-87.64191999980812,artwork
Altgeld Gardens Memorial Wall,41.65628919968685,-87.59764610028725,memorial
$5 Classic Car Wash,41.99283009992922,-87.68934630009164,car_wash
nan,41.94660499982092,-87.71284510042102,camera_surveillance
nan,41.8256064004151,-87.68528570007499,tourist_info
nan,41.82644589955868,-87.68504099994215,tourist_info
nan,41.790105099670654,-87.69382250020817,tourist_info
nan,41.884576500105425,-87.62547560031868,vending_parking
nan,41.88441980043348,-87.62878150006611,vending_parking
nan,41.88455120037764,-87.6331573996942,vending_parking
nan,41.884401000106095,-87.63480559979854,vending_parking
nan,41.80801230042738,-87.69410780023475,tourist_info
nan,41.81204930043492,-87.69423560019277,tourist_info
nan,41.81974249961672,-87.69447420022414,tourist_info
nan,41.78611319976443,-87.69368979984438,tourist_info
nan,41.77118289977108,-87.6932812000673,tourist_info
nan,41.76805309987071,-87.69320630003068,tourist_info
nan,41.771496899862086,-87.69310470002188,tourist_info
Starbucks,41.97761039990007,-87.66044189977384,cafe
Buffalo Wild Wings,41.97881870022292,-87.66035070042443,restaurant
Bank of America,41.97866919962394,-87.6603453998203,atm
nan,41.97337830006853,-87.6596006001875,artwork
Provisions Uptown,41.9694049001161,-87.65991060009407,beverages
Taco & Burrito House,41.93769039989212,-87.64449370032395,fast_food
The Egg Roll Factory,41.89559819989705,-87.71837409998471,restaurant
Shifrin Plastic Surgery,41.85001979957417,-87.62314940042444,doctors
Restroom,41.94677810042907,-87.6400053998293,toilet
nan,41.79756100014009,-87.79852979981035,camera_surveillance
nan,41.79603800005373,-87.78745520009738,camera_surveillance
nan,41.79615359980886,-87.78013719987183,camera_surveillance
nan,41.7962460995779,-87.77526529985369,camera_surveillance
nan,41.794030299558756,-87.80092400014246,camera_surveillance
nan,41.794105300319416,-87.79593750041528,camera_surveillance
nan,41.7942661998253,-87.78496110037446,camera_surveillance
nan,41.91067829996365,-87.67737819964418,tourist_info
nan,41.913938300112534,-87.67746269994359,tourist_info
nan,41.91570090027636,-87.67749349992505,tourist_info
nan,41.982887600082734,-87.6795794000692,tourist_info
Specialty Care Center,41.872259200102064,-87.67434529989566,clinic
nan,41.90277269980032,-87.72644790035031,camera_surveillance
Sky Art,41.730358500144746,-87.55002110019359,artwork
nan,41.7338396004173,-87.55162360034882,artwork
nan,41.886837400225886,-87.64443489995062,camera_surveillance
nan,41.886792599598834,-87.64416590013616,camera_surveillance
nan,41.88692179980126,-87.64424430033415,camera_surveillance
nan,41.88669129996356,-87.64431799977581,camera_surveillance
Go Grocer,41.93538729998397,-87.63959250039352,supermarket
Loba Pastry + Coffee,41.94705649995757,-87.67412519981809,cafe
Mi Lindo San Jose Grocery Store,41.89534589959362,-87.71465729999437,convenience
nan,41.94687310031338,-87.73922500033348,shelter
nan,41.94688099995824,-87.73943469975154,shelter
nan,41.94699740010998,-87.73929309969674,bench
nan,41.947011300031534,-87.73949660008799,bench
nan,41.94663159996844,-87.73930100024091,bench
nan,41.94661710019909,-87.7390939996883,bench
nan,41.7362159995688,-87.68031999986806,drinking_water
nan,41.8024052001399,-87.6688677001842,swimming_pool
nan,41.80227289997441,-87.66876469993093,swimming_pool
nan,41.77439970008612,-87.72173050026237,swimming_pool
nan,41.77995269985729,-87.63975129998249,artwork
nan,41.77972870031931,-87.6397352003192,artwork
Englewood Junction,41.77965469960475,-87.63956080019074,artwork
Chicago State University Police Department,41.71685039972624,-87.6071878001768,police
Stop The Violence Chicago,41.7805026002149,-87.61517989983247,artwork
nan,41.780520699970396,-87.60679609956031,artwork
nan,41.780494099822874,-87.60662409972241,artwork
Black Panther,41.78414019961059,-87.61036840008154,artwork
Keep Loving Each Other,41.79410270037937,-87.62178929993621,artwork
nan,41.79419680004236,-87.62011199956908,artwork
nan,41.79421880015758,-87.61961209971861,artwork
nan,41.79421699971482,-87.61979469986545,artwork
nan,41.80325500011821,-87.60528369978289,artwork
Kobe Bryant Memorial,41.80510059961301,-87.62004910008585,artwork
nan,41.80918579968494,-87.61874190041834,artwork
nan,41.80954959973428,-87.6180360000613,artwork
nan,41.80963560010292,-87.6107439003107,artwork
Sim's Corner Wall of Respect,41.80964780030581,-87.61035159984641,artwork
Carver 47,41.809773299797996,-87.59938449969485,artwork
Redbox,41.81025740035881,-87.59421379992688,vending_any
nan,41.81640360014609,-87.59830660016945,artwork
Haire's Gulf Shrimp,41.75862029978708,-87.63142029980696,fast_food
Chipotle,41.87768489993823,-87.63538539991623,fast_food
Frainklin Tap,41.8773138999166,-87.63502989971005,pub
nan,41.87738040028529,-87.63390499981585,bench
nan,41.87736109993489,-87.63388649986206,bench
nan,41.87756160018773,-87.63392270027236,bench
nan,41.87758880018305,-87.63391340038311,bench
nan,41.89108390000206,-87.64766450031641,camera_surveillance
nan,41.87443309980779,-87.62767860028714,camera_surveillance
nan,41.66758040021534,-87.52497350002699,waste_basket
nan,41.76642909962328,-87.57642929997218,shelter
nan,41.7665109999827,-87.57620750017594,shelter
Gigio's Pizza,41.966618800417336,-87.65799390019828,fast_food
Foremost Liquors,41.97341849976402,-87.65661960031429,beverages
nan,41.881838700295816,-87.62458070023911,post_box
Kala,41.92848609955388,-87.6420524996231,restaurant
nan,41.83848920041629,-87.60675940002625,fast_food
Woof Lawn Dog Park,41.77478429965578,-87.72920220002146,dog_park
AngMir - Hecho con Cariño,41.85764519976618,-87.66821729968859,gift_shop
Wakamono,41.942473300302595,-87.64429930017252,restaurant
Kim and Carlo‘s Chicago Style Hot Dog Store,41.86757069972805,-87.61593469992641,fast_food
nan,41.91720560005842,-87.72919640029357,camera_surveillance
Copper Club,41.882209200294426,-87.63045299980604,restaurant
Artango Bar & Steakhouse,41.96830260018493,-87.68815920038674,restaurant
Stay Café,41.91852320038544,-87.68984529972079,cafe
El Cubanito,41.92788060040942,-87.72670019975436,restaurant
Pita Express,41.96656949958282,-87.67895619956892,restaurant
Eataly,41.89216400016852,-87.62637659960035,restaurant
Eataly,41.89216400016852,-87.62637659960035,supermarket
Hero Coffee Bar,41.886428000052206,-87.63369790033778,cafe
Jet's Pizza,41.86797730031219,-87.62606559964769,restaurant
Chipotle,41.86807259967077,-87.62607019967993,fast_food
Lillian Dion,41.86938009971186,-87.62628679959607,beauty_shop
Burnham Park Animal Hospital,41.86935570020546,-87.62728079956923,veterinary
Blaze Pizza,41.87542800000227,-87.62738379982244,restaurant
Epic Burger,41.875092200344795,-87.62737680039896,fast_food
Gong Cha,41.87463500030509,-87.62735590015461,cafe
Industry Ales,41.87868109965308,-87.62633010015395,restaurant
J’s Blossom Nail Spa,41.87258660009155,-87.62735309966575,beauty_shop
Devil Dawgs,41.87218129992709,-87.6273498000532,fast_food
Sky Liquors,41.99644029968016,-87.78666580038634,beverages
7-Eleven,41.86945249963321,-87.66500959961331,convenience
De Pasada,41.86911970011414,-87.66480639959565,restaurant
Taco Rio,41.88781479961335,-87.61564939989984,restaurant
Roux,41.79479500028907,-87.60050790041925,restaurant
CustomEyes Roscoe Village,41.94335819992102,-87.68138860040352,optician
Leona's,41.951879799713026,-87.71621620011751,restaurant
Self-Help Federal Credit Union,41.830991100159224,-87.61674609975267,bank
KPOP NARA,41.870369200178516,-87.62612630028849,gift_shop
The UPS Store,41.87205259974775,-87.62906599969608,post_office
River City Market,41.871163199921796,-87.63394590008318,convenience
nan,41.89243149991387,-87.63238900005229,camera_surveillance
nan,41.89242350044424,-87.63238800000613,camera_surveillance
nan,41.89237809996939,-87.63238570043967,camera_surveillance
Agriculture - A Crop of Style,41.89646840009664,-87.63092719973042,clothes
Wells Fargo,41.89648079994902,-87.62953999997097,bank
Philz Coffee,41.896476500290305,-87.62934619966734,cafe
Liva at Chicago Winery,41.895973499577394,-87.63099510034357,restaurant
Companion Animal Hospital River North,41.89626500042948,-87.63102700019584,veterinary
Superior Wine & Liquor,41.896377600046264,-87.63145069959006,beverages
Gold Coast Market,41.89647910023035,-87.63105899987289,convenience
Top Shop Chicago,41.896326999691325,-87.63103730013125,hairdresser
Gemini Grill,41.89621509974711,-87.62859129974862,restaurant
Avli,41.89491100004267,-87.63434860030765,restaurant
LaserAway,41.89434910003098,-87.63434670004011,beauty_shop
nan,41.93944890004673,-87.70268360036783,camera_surveillance
nan,41.87674050027391,-87.63667399980523,camera_surveillance
nan,41.87678909963728,-87.63667940023407,camera_surveillance
nan,41.87182569989619,-87.76476680044743,camera_surveillance
nan,41.8719073997068,-87.76477079973256,camera_surveillance
nan,41.87363290013826,-87.73275129983256,camera_surveillance
nan,41.873513900046476,-87.73275120000784,camera_surveillance
nan,41.87376869956586,-87.72297030023913,camera_surveillance
nan,41.874106799689116,-87.7230361998607,camera_surveillance
nan,41.874241799619426,-87.71579189997618,camera_surveillance
nan,41.874603200277534,-87.70607439971371,camera_surveillance
nan,41.87428689972069,-87.70580730016673,camera_surveillance
nan,41.87526959971228,-87.69061199964403,camera_surveillance
nan,41.87573349970131,-87.6906860003586,camera_surveillance
nan,41.87588510021726,-87.69069010036782,camera_surveillance
nan,41.87511969981432,-87.69060729978702,camera_surveillance
Espresso and Milk,41.88258259970729,-87.63723870030572,cafe
Einstein Bros. Bagels,41.889366300114716,-87.6298442001497,fast_food
Chase,41.88939690044663,-87.63083300024272,bank
State Street Barbers,41.87751860000344,-87.63291170041458,hairdresser
Potbelly,41.87739740016991,-87.63287769974602,fast_food
7 Am,41.885268999664675,-87.63729170005189,beauty_shop
Saucy Porka,41.8771491998757,-87.6350153999407,restaurant
Bereket,41.87719980023064,-87.63500650024974,restaurant
Bar Mar,41.88410020026407,-87.63729170005189,restaurant
Bazaar Meat,41.88399760020911,-87.63731139970128,restaurant
Market Creations,41.88365819966623,-87.63661049957489,fast_food
Bank of America,41.88338259972727,-87.63749380019868,bank
Heritage Outpost,41.877645899938386,-87.63710759983582,cafe
Taureaux,41.876634599707074,-87.6329674997503,restaurant
Stan's Donuts & Coffee,41.88298749967345,-87.62878250011227,cafe
nan,41.896242600115954,-87.6341085002071,tourist_info
nan,41.880348299734294,-87.64977589983789,waste_basket
nan,41.8801829998456,-87.64984340025268,drinking_water
Uno Pizzeria & Grill,41.932475400419435,-87.67783079965164,restaurant
Dash of Salt and Pepper,41.92220759960111,-87.64395500012313,cafe
Taylor’s Tacos,41.86946929986834,-87.66469820036161,restaurant
Dulce De Leche Cafe,41.96827869980223,-87.71493559969815,restaurant
William Shakespeare,41.891279999872154,-87.6059158997989,artwork
Urban Luxe Café,41.75174549985496,-87.5535515004014,cafe
Small Shop Cycles & Service,41.81712069976055,-87.60692140030233,bicycle_shop
nan,41.92345909975768,-87.80238080023372,post_box
Necessary Coffee,41.872769300063226,-87.62932599999488,cafe
Roosevelt Cleaners,41.87263370028512,-87.62932719969047,laundry
7-Eleven,41.87703749958098,-87.62908880020791,convenience
Funk’s Barber Shop,41.87611209989353,-87.62908360032787,hairdresser
Garret’s Popcorn,41.87807780025031,-87.62904360028188,fast_food
Al-Diar,41.90005039980616,-87.63710969975278,restaurant
Hashbrowns,41.903721700396204,-87.63424090019737,restaurant
Munchies Gyros & Pizza,41.94789869976523,-87.71131760012713,restaurant
Burrito House,41.9489582998857,-87.71256550029756,restaurant
nan,41.90128859988903,-87.62382370040342,camera_surveillance
nan,41.90128900008733,-87.6238302996286,camera_surveillance
Taqueria La Oaxaquena Restaurant,41.94269069971608,-87.72998360026293,restaurant
D'Nuez,41.818442900119805,-87.69682629969395,restaurant
Truth Be Told,41.785832700318906,-87.59495880010849,restaurant
nan,41.925214300299785,-87.66833140027387,camera_surveillance
nan,41.92521879960799,-87.66833100007557,camera_surveillance
nan,41.91094879984729,-87.65326200034099,atm
nan,41.890799000173786,-87.67433469958667,camera_surveillance
nan,41.89572659970287,-87.69981849972396,camera_surveillance
nan,41.90257690030376,-87.71768239992281,camera_surveillance
4 Get Me Not,41.96032069974058,-87.76630259968522,florist
nan,41.93924930001526,-87.72393839973734,camera_surveillance
nan,41.94639690029675,-87.73557269972025,camera_surveillance
nan,41.946166000260746,-87.73559100002461,camera_surveillance
nan,41.93888370042248,-87.71256979995627,camera_surveillance
nan,41.939401500379006,-87.71231179974973,camera_surveillance
nan,41.939405700212944,-87.7126559999744,camera_surveillance
Dunkin',41.871462499694644,-87.66947930032939,fast_food
nan,41.88558420035059,-87.70123589961702,camera_surveillance
nan,41.87747650004047,-87.70098150029594,camera_surveillance
nan,41.87385050010056,-87.70114050043372,camera_surveillance
nan,41.874290899905134,-87.70090000013488,camera_surveillance
nan,41.84855580040994,-87.61794090035221,camera_surveillance
nan,41.84184309967935,-87.6269475998518,camera_surveillance
nan,41.83840200035206,-87.62685939974148,camera_surveillance
nan,41.83842909962328,-87.62658269993165,camera_surveillance
nan,41.847255699990626,-87.62710309982816,camera_surveillance
nan,41.84728640014731,-87.6271028003539,camera_surveillance
nan,41.847196600143036,-87.62657840027293,camera_surveillance
Golden Dragon,41.88098459975953,-87.68867429967912,restaurant
Another Level Units,41.88130660021949,-87.68798220031823,hairdresser
nan,41.877411100441975,-87.70617019999469,camera_surveillance
nan,41.87851410004572,-87.70596220029529,camera_surveillance
nan,41.88107649968077,-87.7060029000138,camera_surveillance
nan,41.883736699688995,-87.7061171004238,camera_surveillance
nan,41.885449999917626,-87.7064242998415,camera_surveillance
nan,41.89083440018749,-87.70631740012789,camera_surveillance
nan,41.895625700265896,-87.7066833000942,camera_surveillance
nan,41.92848160024573,-87.70799859995537,camera_surveillance
nan,41.93849940032709,-87.76665290001131,camera_surveillance
nan,41.938625300017634,-87.75654479990254,camera_surveillance
nan,41.93880089984168,-87.7543708003721,camera_surveillance
nan,41.938691699662286,-87.75192570021085,camera_surveillance
nan,41.938717699961956,-87.74673450039683,camera_surveillance
West Town Liquidators,41.88090230010113,-87.7300629996077,furniture_shop
Westside Community Triage & Wellness Center,41.88046729982608,-87.72960729963711,clinic
Taste Buds,41.88048100009814,-87.72910670011407,restaurant
Chase,41.91062349977477,-87.67730719996729,bank
Robey Cafe,41.91061129957188,-87.67824079967312,cafe
Jimmy John's,41.90379830015149,-87.63063760004519,fast_food
Subway,41.87839750024449,-87.62557179989864,fast_food
Indochino,41.89978299988559,-87.62851350029774,clothes
PNC Bank,41.88937700024843,-87.63227090018188,bank
Chase,41.90297639984101,-87.63163019977384,bank
Chile Toreado,41.83049929960305,-87.67630590019712,restaurant
Starbucks,41.884655599975986,-87.62603250009977,cafe
Gold Coast Cafe,41.89647460002283,-87.63147600021722,cafe
Walgreens,41.88494020033005,-87.6276034997017,pharmacy
Walgreens,41.88494020033005,-87.6276034997017,chemist
De Nuccis,41.91997600029225,-87.64146789982368,restaurant
Five Guys,41.88543119959024,-87.62482829978615,fast_food
Lirica,41.891316300107235,-87.60199460027053,restaurant
Spincycle Laundromat,41.99431440038933,-87.69026880036483,laundry
Monarch and Lion,41.891447399677816,-87.61910950010332,pub
nan,41.87679690035674,-87.62778630039742,waste_basket
Starbucks,41.891593699589635,-87.6238254999468,cafe
Subway,41.87679740037976,-87.62893199981193,fast_food
Hugo Boss,41.891424199867004,-87.62447119968607,clothes
Finish Line,41.8980977998736,-87.62279319964642,sports_shop
Harry Caray's,41.89822390011295,-87.6237476995966,restaurant
Professor Pizza,41.91153999977121,-87.63494380041601,restaurant
Auntie Anne's,41.897919299735975,-87.62379829995155,fast_food
Starbucks,41.88434660011558,-87.6265091003147,cafe
Locker Room,41.89804079994303,-87.62294260042063,clothes
Starbucks,41.88791419988047,-87.62426420003277,cafe
Nando's,41.88557500028611,-87.6241559000747,restaurant
Garrett Popcorn Shop,41.89808590004429,-87.62341499990231,fast_food
Museum of Ice Cream,41.89034010041536,-87.62286160028259,attraction
Banana Republic,41.88389729972067,-87.62815139996712,clothes
Starbucks,41.88592309997114,-87.62888770010721,cafe
Kai Sushi,41.89304310005906,-87.64134410005016,restaurant
Sharks Fish & Chicken,41.80257240029607,-87.60714170002939,restaurant
Modern Beauty,41.80241669977096,-87.6071355001032,beauty_shop
Shang Noodle,41.86913660017399,-87.62568379966757,restaurant
Circle K,41.88225750018353,-87.626458400135,convenience
Abercrombie & Fitch,41.90305909969777,-87.62831180034925,clothes
Bank of America,41.90380269963492,-87.62850480025628,bank
Chicago tea house,41.9035980004474,-87.62884440044866,cafe
Chase,41.899310200205605,-87.62846869967069,bank
Lens Crafters,41.899498799729884,-87.62848099969835,optician
Adalina,41.899633099987625,-87.62845450027493,restaurant
Circle K,41.89813539962904,-87.62849710026092,convenience
nan,41.91553610041075,-87.639184999588,playground
Ron of Japan,41.89352399993271,-87.62121690033962,restaurant
Shore Club,41.914956999965625,-87.62631880017244,bar
Sfera Sicilian Street Food,41.98716070000637,-87.65996330036597,restaurant
Tree House Humane Society Cat Cafe,42.01311140027099,-87.69000820021824,cafe
Wingstop,41.90379920037287,-87.63040240035048,fast_food
Dolci Amori,41.90330339963225,-87.62883549985838,cafe
Rocbar,41.889862000131245,-87.62910639994038,bar
Yoberry,41.92257060015311,-87.63879220000001,cafe
Taco Bell Cantina,41.9257890003621,-87.64043089966623,fast_food
Jimmy John's,41.89515470012935,-87.62798910021678,fast_food
Poppers,41.933990199588095,-87.6442525003526,fast_food
Estereo FM,41.88656850023614,-87.6523266001924,bar
T-Mobile,41.87988809955618,-87.64747730013727,mobile_phone_shop
Velvet Taco,41.88461180029441,-87.65031779982655,restaurant
Bodega Taqueria y Tequila,41.88461109972252,-87.65040630031046,restaurant
UGG,41.892243199863856,-87.62383400033883,shoe_shop
Allen Edmonds,41.892159300311505,-87.6238715002695,shoe_shop
Louie's Pub,41.910463200116624,-87.6699604996773,pub
The Dental Loft,41.882969599567446,-87.63142709958095,dentist
Marina's Bistro & Rum Bar,41.96508600041864,-87.66154440025383,restaurant
nan,41.951811700349765,-87.64142369994374,bench
nan,41.95176720009624,-87.64140639968554,bench
nan,41.88396399973885,-87.62257320029295,waste_basket
nan,41.88405720007978,-87.62246269969381,bench
nan,41.88407810032413,-87.62246409993821,bench
nan,41.88404160043956,-87.62246130034868,bench
nan,41.87977230015156,-87.6438140997409,bench
nan,41.87969099963999,-87.64373840020698,bench
nan,41.87963099957102,-87.64380040036815,bench
nan,41.87994770032617,-87.6606891000219,bench
nan,41.87987180024345,-87.66068829962529,bench
Coquette,41.88460160018377,-87.6628773996722,restaurant
Bambola,41.88442009990774,-87.66267969990821,restaurant
CVS Pharmacy,41.96295819996101,-87.65621409960096,pharmacy
Red Light Chicken,41.9213622000056,-87.65332809961205,fast_food
nan,41.874662999797636,-87.65090379987043,bench
nan,41.87468149975149,-87.65085829957081,bench
nan,41.874682300148095,-87.65081959994455,bench
nan,41.87450399965991,-87.65141120006678,bench
nan,41.874501999567656,-87.65152069972049,bench
John Dillinger,41.92619929985784,-87.64944639993138,artwork
nan,41.74704199968858,-87.63115520035217,camera_surveillance
nan,41.75071990040311,-87.63402399990764,camera_surveillance
nan,41.750850900148976,-87.62573690013778,camera_surveillance
nan,41.80487169966926,-87.67034589964351,camera_surveillance
nan,41.80505779997753,-87.6630244001559,camera_surveillance
nan,41.749685299636894,-87.58076449988175,camera_surveillance
nan,41.74971730021326,-87.57781980024356,camera_surveillance
nan,41.875463400015974,-87.63054219996252,camera_surveillance
nan,41.878178900236094,-87.63389379965906,camera_surveillance
nan,41.878018499853965,-87.63363299986304,camera_surveillance
nan,41.87576019967355,-87.63386680021262,camera_surveillance
nan,41.874426100384255,-87.630786499897,camera_surveillance
nan,41.87551450039393,-87.6305422997873,camera_surveillance
Vegan Plate,41.925276599935216,-87.66771660034078,restaurant
chicago male,41.94420570033287,-87.64955100007853,beauty_shop
nan,41.87929529973832,-87.64972419961208,post_box
Aspire,41.772595900180704,-87.62978539977632,monument
Shell,41.764954400325394,-87.64480110029052,convenience
Boost Mobile,41.75058460009927,-87.62657290001926,mobile_phone_shop
nan,41.74178169956582,-87.66308750018794,post_box
Monitor Formalwear,41.96540890020066,-87.66643380017968,clothes
Chef's Special,41.92176230028997,-87.68733479996104,restaurant
Shaarei Chinuch Day School,42.003766300274606,-87.70012059998567,school
nan,41.84386529994367,-87.7328831997998,artwork
Pinkal's Threading & Waxing Salon,41.95037679964963,-87.64925320037486,beauty_shop
Goldie's Flowers & Gifts,41.95034580001868,-87.6492320995817,florist
Boho Blonde Chicago,41.95027170037872,-87.64918069972947,hairdresser
Federales,41.92648090007356,-87.70272149959749,restaurant
Big Wig,41.92650090009653,-87.70350470028166,fast_food
Laredo Taco Company,41.82503149980391,-87.68519359960487,fast_food
nan,41.93111520010643,-87.78559469973555,camera_surveillance
nan,41.934628499705525,-87.78345279970688,camera_surveillance
nan,41.93660359977633,-87.78578580027443,camera_surveillance
nan,41.93658149983639,-87.78353319999712,camera_surveillance
nan,41.93829220012498,-87.78362810005672,camera_surveillance
nan,41.93121799981088,-87.77611309973975,camera_surveillance
nan,41.93653160005334,-87.7762357996424,camera_surveillance
nan,41.93855679955669,-87.776122399629,camera_surveillance
nan,41.876456999790776,-87.66650289958909,camera_surveillance
nan,41.87884579969398,-87.66651390009639,camera_surveillance
nan,41.96782330020517,-87.76391160004027,camera_surveillance
nan,41.9677972999055,-87.76051659996108,camera_surveillance
nan,41.96804669989535,-87.75537450043282,camera_surveillance
The UPS Store,41.94953090003105,-87.64907639995585,post_office
Glamour Nail Salon,41.9494077999301,-87.64907639995585,beauty_shop
Fabricare on Broadway,41.94946920024347,-87.6490782003986,laundry
nan,41.93692389961831,-87.74667140036479,camera_surveillance
nan,41.860172399936346,-87.61476600035058,drinking_water
nan,41.86883290001839,-87.61634569999404,drinking_water
Falcon's Handcrafted Sandwiches,41.96889919963843,-87.6788796996384,restaurant
Hudson,41.97396470031072,-87.88985129959775,convenience
Tortas Frontera,41.974037200056785,-87.89016920004849,fast_food
nan,41.974022700287435,-87.8903975001445,toilet
nan,41.97408359967841,-87.89035259969268,drinking_water
nan,41.974116999599914,-87.89033109960053,vending_any
Lego,41.974135799927296,-87.89040139960485,vending_any
Dunkin',41.974418300364334,-87.89086280037787,fast_food
Hub 51,41.97438810023067,-87.89080989955715,bar
Dufry,41.974470499713846,-87.89079939997231,department_store
nan,41.974375099631175,-87.89107630033095,tourist_info
Evolve by Hudson,41.97450420000888,-87.89130449970287,convenience
nan,41.974715699869705,-87.89135639957811,toilet
Protein Bar & Kitchen,41.974666700308035,-87.89115039997097,convenience
nan,41.97475009983731,-87.89138790013146,drinking_water
I Love Chicago,41.9749117997398,-87.89133190024694,gift_shop
Big Bowl,41.975129299877324,-87.89143329970699,fast_food
Garrett,41.97560209955731,-87.89167129989056,convenience
Burger King,41.97534680001485,-87.89156009961886,fast_food
nan,41.97571520009649,-87.89155029970652,drinking_water
Goddess on the Go,41.97618069997935,-87.89175520034217,convenience
Farmer's Fridge,41.9763852004167,-87.89186240042937,vending_any
nan,41.976411299641825,-87.89203219962627,toilet
nan,41.97635040025085,-87.89198339971409,drinking_water
Farm2Air Market,41.97687969983832,-87.89209259989354,convenience
Fresh Attraction,41.97710740008648,-87.89230919980969,convenience
tocco,41.975195999895504,-87.89147429979909,restaurant
UI Health 55th & Pulaski Health Collaborative,41.792542400011826,-87.72282000014286,clinic
Herb & Alchemy,41.93245669991683,-87.65835060010005,cafe
Los 3 Panchos,41.93246449973691,-87.65799180028131,restaurant
Holy Fade!,41.953211799984615,-87.64982690039108,hairdresser
Vesper,41.95325039978616,-87.64984409992525,clinic
Men's Wearhouse,41.8919869002753,-87.6238484002834,clothes
Pandora,41.891865099694655,-87.6238484002834,jeweller
Nando's,41.86951709973442,-87.63240880042576,restaurant
Old Navy,41.868632200116,-87.63228809971599,clothes
Fleet Feet,41.86783870039574,-87.63204670009509,shoe_shop
LensCrafters,41.86770540018415,-87.63300189971784,optician
Victoria's Secret,41.86789609962534,-87.63303729973154,clothes
Topgolf,41.89980159966416,-87.62458430022525,sports_centre
Club Monaco,41.899724700434604,-87.6245883004097,clothes
Emporio Armani,41.8994405002789,-87.62473630004018,clothes
Marella,41.89935010042683,-87.6245982001468,clothes
Lululemon,41.89978600002394,-87.62481229994762,clothes
Kate Spade New York,41.89966049963243,-87.62506040041711,clothes
Esprit,41.899722599618315,-87.62478989963415,clothes
Kendra Scott,41.89954670032,-87.62460440007294,jeweller
Bonobos,41.89948079979911,-87.62459100017446,clothes
Psycho Bunny,41.89941490017753,-87.62461009997611,clothes
UNTUCKit,41.899595600056955,-87.62452010032234,clothes
Sunglass Hut,41.89965050007055,-87.62459369993928,optician
Aeropostale,41.898115299781296,-87.6224399000813,clothes
Adidas,41.89780379980556,-87.62333570038226,sports_shop
Altar'd State,41.89798749982333,-87.62249620033936,clothes
American Eagle Outfitters,41.898123300150246,-87.62291190026394,clothes
Cardtronics,41.89779780042818,-87.62241039962021,atm
Chico's,41.89814919972582,-87.62332500024854,clothes
Eileen Fisher,41.89814719963363,-87.62314530041522,clothes
Express,41.89790570018795,-87.62321499967248,clothes
Free People,41.897897699819055,-87.62253640003479,clothes
Hollister,41.8980074998463,-87.6235771000031,clothes
Johnston & Murphy,41.898015500215195,-87.62351809998029,shoe_shop
Lacoste,41.89783180019748,-87.62321770033657,clothes
Lids,41.8981372000718,-87.62303799960398,clothes
Soma,41.89799150000778,-87.62316669978333,clothes
Sunglass Hut,41.89807739965232,-87.62346450038632,optician
White House Black Market,41.89817520002549,-87.62219579979626,clothes
Steve's Flower Market,41.8909577997627,-87.65381099957796,florist
Jordyn's Soul Cafe,41.89125429994601,-87.65681649968167,restaurant
Elina's,41.89123039956337,-87.65764700020884,restaurant
Salerno's Pizza at Chicago,41.8908883999797,-87.65756430035213,restaurant
Good Times Brewery,41.95212139988274,-87.64945850030949,bar
Platinum Dry Cleaners,41.94944090037728,-87.648398400166,laundry
ISA Hair Studio,41.949408399777894,-87.64837139982023,hairdresser
Learning Through Play Center for Child Development,41.94737250014083,-87.64675210032914,clinic
Ritz Cleaners,41.9472853000766,-87.64706990005578,laundry
Ether Facial Waxing,41.94811950041469,-87.64759769957413,beauty_shop
La Biznaga Mexican Restaurant,41.94704090031735,-87.64693730041603,restaurant
Wake-N-Bakery,41.945674500078155,-87.64639769999383,bakery
Kim’s Korean Cuisine,41.943897900168,-87.645334200413,restaurant
nan,41.89252790004258,-87.61788310002498,post_box
Dunkin',41.88697509992096,-87.6230561002588,fast_food
nan,41.72893400010406,-87.62480280040887,camera_surveillance
nan,41.684699200407806,-87.66233379996487,camera_surveillance
nan,41.71479070043051,-87.6432418997938,camera_surveillance
Sheridan Liquor & Lounge,41.954070899852184,-87.65470019975436,beverages
Alta Vista Foods,41.95385449958553,-87.6546908998651,supermarket
Wrigglyville Veterinary,41.94872660035236,-87.64939380038356,veterinary
Big Mini Putt Club,41.94891350015797,-87.64938399957191,bar
Amore Sushi House,41.94961729969867,-87.64939390020828,restaurant
Buzzed by Zea,41.94943209961178,-87.64939939956258,bar
nan,41.80167450007815,-87.63183420018817,camera_surveillance
nan,41.80167879973686,-87.63156769958965,camera_surveillance
nan,41.80167850026265,-87.63151590043844,camera_surveillance
nan,41.80167469972764,-87.63178579957497,camera_surveillance
nan,41.80896640017926,-87.63268710012954,camera_surveillance
nan,41.80896709985183,-87.63264550018965,camera_surveillance
nan,41.808961599598206,-87.63274469990796,camera_surveillance
nan,41.77304519967629,-87.6058684003064,camera_surveillance
nan,41.773053399694675,-87.6055916995972,camera_surveillance
nan,41.78036560019234,-87.60448319973983,camera_surveillance
H Med Spa,41.91040599963725,-87.67228880038778,beauty_shop
nan,41.923546500370776,-87.78557009968034,camera_surveillance
RK Salon,41.952589399880935,-87.65114110038144,beauty_shop
Ricky’s Food Mart,41.952574200439074,-87.65135510035753,convenience
Shine Bright In Life! Healing Arts Center,41.95258210008393,-87.65130269955989,arts_centre
DosBros Fresh Mexican Grill,41.95401899997694,-87.65469339998037,fast_food
PR Italian Bistro,41.95303549958868,-87.65467649992047,restaurant
Lakeview Ace Hardware,41.953458799683915,-87.6543196003692,doityourself
nan,41.98131920042084,-87.80725580021499,camera_surveillance
First Dental Center,41.95698309979025,-87.65478989993392,dentist
Rec Room,41.95768290004588,-87.65482229980927,community_centre
Cesar Luna Hair Salon,41.95773360022554,-87.65483290011821,hairdresser
Elite Dental,41.9578505004003,-87.65485480040866,dentist
Le Barkery,41.958238799780815,-87.65272630027852,bakery
Good Cuts,41.958003699910876,-87.65257290021913,hairdresser
GNS Market,41.956858299970634,-87.65218519978708,beverages
Ismat Enterprises,41.956672400211175,-87.65206449997663,clothes
Pride Arts Center,41.957926899606775,-87.65251140008104,arts_centre
nan,41.79158580014462,-87.5996578000674,bench
nan,41.79158580014462,-87.5996578000674,memorial
nan,41.79153019955913,-87.59949789970824,bench
nan,41.79153019955913,-87.59949789970824,memorial
Juice RX,41.941265800376414,-87.64428020037093,fast_food
nan,41.91516389979421,-87.73009209987049,camera_surveillance
nan,41.91538109955815,-87.72901499984232,camera_surveillance
nan,41.91539410015764,-87.72780160036353,camera_surveillance
nan,41.91538959995012,-87.72779989974555,camera_surveillance
nan,41.91545139956247,-87.72640650005991,camera_surveillance
nan,41.91537570002856,-87.71911280041536,camera_surveillance
nan,41.91555899984803,-87.7151704999186,camera_surveillance
nan,41.923285099827524,-87.75127000001044,camera_surveillance
nan,41.65861960031435,-87.55893040041758,camera_surveillance
nan,41.80298250014232,-87.59517299973413,bench
nan,41.79223459984695,-87.59881269994611,bench
nan,41.79226959966235,-87.59880270038428,bench
nan,41.79229559996202,-87.59884490017197,bench
nan,41.792270099685425,-87.5988850998674,bench
nan,41.79223459984695,-87.59887579997815,bench
nan,41.79160349970181,-87.5988773998721,bench
nan,41.79159950041668,-87.59890729963212,bench
nan,41.79159469983557,-87.59897060021297,bench
nan,41.79159469983557,-87.59900379958566,bench
nan,41.79159719995084,-87.59904469985298,bench
nan,41.791598199997,-87.59909029997732,bench
nan,41.791604200273696,-87.59913330016161,bench
nan,41.79158570031984,-87.59975720033447,bench
nan,41.79158570031984,-87.59975720033447,memorial
nan,41.791789199811774,-87.60007440021337,bench
nan,41.79175939987647,-87.60015049994558,bench
nan,41.791723900037994,-87.60023090023583,bench
nan,41.79168969971994,-87.60032449987574,bench
nan,41.791659200112065,-87.60041839988918,bench
nan,41.79163569992767,-87.60051659956139,bench
nan,41.791618700043045,-87.60061649985153,bench
nan,41.79160849993235,-87.60071840023397,bench
Island Nails & Spa,41.95768230019803,-87.65297510042052,beauty_shop
Princess Cleaners,41.957753700073226,-87.65301820042959,laundry
Sunnyside Health Center,41.95782900030815,-87.65305590000975,clinic
Siam Noodle & Rice,41.9579567004414,-87.65295549969653,restaurant
New S.O.S Cleaners,41.954668199877574,-87.65023540034343,laundry
nan,41.79152150041699,-87.5999073997067,waste_basket
nan,41.791530699582154,-87.5999073997067,recycling
Hunan Egg Roll King,41.95864600021281,-87.65333390023926,restaurant
Caring Hands Inc,41.958869899926015,-87.6535032003124,clinic
Green Star,41.96198579990477,-87.6550635996054,mobile_phone_shop
Ragadan,41.96212970042541,-87.65515400035679,restaurant
Metro by T-Mobile,41.962426699732475,-87.65535060024996,mobile_phone_shop
8505 Salon,41.96236340005095,-87.65530140013948,hairdresser
Nigerian Kitchen,41.963027300269744,-87.6557385003315,restaurant
Kimchi Pop,41.96254550017477,-87.6554231998208,restaurant
Taqueria Diamante,41.96260939970409,-87.65546879994514,restaurant
nan,41.73823690031276,-87.53099280007763,camera_surveillance
nan,41.751883900121925,-87.54779450021596,camera_surveillance
nan,41.75187079969771,-87.54780609967173,camera_surveillance
nan,41.75213289991348,-87.54797439969877,camera_surveillance
nan,41.76244970029347,-87.55891389965672,camera_surveillance
One Medical,41.91706509987449,-87.6482992004477,clinic
Mr. Submarine,41.92489909961381,-87.66665650019729,fast_food
CD One Price Cleaners,41.933376100226894,-87.64455709983025,laundry
Musashiya Ramen,41.936062799658544,-87.64440779978008,restaurant
Ocean Nail Salon,41.93518839962502,-87.64407460006271,beauty_shop
Tropical Smoothie Cafe,41.932931700237816,-87.64579780002839,fast_food
Red Pig Asian Kitchen,41.935852299843816,-87.64441999998297,restaurant
Nancy’s Stuffed Pizza,41.93580919983475,-87.64441999998297,restaurant
Cesar’s Killer Margaritas,41.93569989983058,-87.64442329959559,bar
Salon De Vogue Nail,41.93392639988349,-87.6442942001172,beauty_shop
Comfort African Cuisine,41.93386119993448,-87.64434020043984,restaurant
Farm & Sea,41.933786399722635,-87.64438479961876,restaurant
Barrel,41.93373020018862,-87.6444180997155,bar
nan,41.9336718000136,-87.64444979991828,restaurant
The Inkling Shop,41.93532500034854,-87.64407529973528,gift_shop
Manor Cleaners,41.93524159991995,-87.64407720000276,laundry
Second City Bridal,41.93288669996127,-87.64680179956338,clothes
Rise Up,41.935146699860354,-87.64406950000739,gift_shop
The Xchange,41.93509200039557,-87.64407209994744,clothes
Yummy Yummy Asian Cuisine,41.93500330026217,-87.64407009985518,restaurant
nan,41.744157499768846,-87.63574650020081,camera_surveillance
Connect to Chicago,41.975968500446015,-87.90443609984607,bar
Bacci Pizzeria,41.9289805000501,-87.64874890014158,restaurant
nan,41.772590599576574,-87.6266643997422,camera_surveillance
nan,41.77259259966877,-87.6266637998944,camera_surveillance
nan,41.77254980003329,-87.625315000287,camera_surveillance
nan,41.77288459964461,-87.6155673997157,camera_surveillance
nan,41.77312550014176,-87.61079940017214,camera_surveillance
nan,41.77304630044648,-87.60807900044546,camera_surveillance
nan,41.765981599671136,-87.60544970024341,camera_surveillance
nan,41.75780909961031,-87.59451490014249,camera_surveillance
nan,41.75781170044968,-87.59451149980583,camera_surveillance
nan,41.755546499771185,-87.59140770020514,camera_surveillance
nan,41.75554909971123,-87.59140429986849,camera_surveillance
nan,41.75144949969473,-87.58330300003337,camera_surveillance
nan,41.75149709991126,-87.57995510014774,camera_surveillance
nan,41.75149879962993,-87.57996120024916,camera_surveillance
nan,41.75154050029391,-87.57584120001133,camera_surveillance
nan,41.713659200411826,-87.55990700030776,camera_surveillance
nan,41.65362689976166,-87.5446621003756,camera_surveillance
nan,41.688298799849804,-87.54026509995435,camera_surveillance
nan,41.77276649977421,-87.63010159960908,camera_surveillance
nan,41.772422199724815,-87.6444434003426,camera_surveillance
nan,41.77236789955896,-87.64474139969582,camera_surveillance
Wingstop,41.81248470000895,-87.72422519983309,fast_food
Cricket Wireless,41.81258460029909,-87.72423859973156,mobile_phone_shop
Subway,41.8130723997715,-87.7242358999668,fast_food
Pizza Hut Delivery,41.81382609999457,-87.72426810019266,fast_food
Dunkin',41.87838000033679,-87.62546090000052,fast_food
Roti Mediterranean,41.87811509963217,-87.6255469003691,restaurant
IDOF,41.878375299580455,-87.6257047997367,restaurant
Compass Health Centers,41.950244700032954,-87.69215780024223,clinic
The Goddard School of Chicago (Roscoe Village),41.95057190037295,-87.69150870016637,kindergarten
nan,41.69953270007409,-87.64246620035482,camera_surveillance
nan,41.6995265001479,-87.64927709985824,camera_surveillance
nan,41.69957659958044,-87.65856190031144,camera_surveillance
nan,41.79432400015253,-87.64534400032534,camera_surveillance
nan,41.793888900052764,-87.6453118999242,camera_surveillance
nan,41.79060319997774,-87.6452049003858,camera_surveillance
nan,41.77970570015799,-87.6445831999547,camera_surveillance
nan,41.77968370004277,-87.64458479984859,camera_surveillance
Red Snapper,41.7998609002604,-87.59123370027498,restaurant
Vigo Coffee,41.932721700446166,-87.65917809958961,cafe
Foss Swim School,41.936746600075594,-87.670457699763,sports_centre
Starbucks,41.9353278997628,-87.66997760028596,cafe
Redbox,41.93554139971587,-87.66992930039686,vending_any
Supercuts,41.934437999913825,-87.66923729996137,hairdresser
Chipotle,41.93283780022438,-87.66813759997024,fast_food
Jet's Pizza,41.932851700145875,-87.66804639972156,restaurant
7-Eleven,41.9330452999007,-87.66787740002195,convenience
Honey Baked Ham,41.93293549987345,-87.66787740002195,fast_food
nan,41.87220809972405,-87.64838720000921,bench
nan,41.8721921997103,-87.64840229962641,bench
nan,41.87222559963175,-87.64840560013829,bench
nan,41.87194739975274,-87.650178199864,artwork
nan,41.87181110030207,-87.6501731996334,artwork
Diva,41.94670370041547,-87.64960020018907,restaurant
Walgreens,41.94580659969489,-87.649279799623,chemist
Third Space,41.94747140038487,-87.64799059988621,community_centre
Benkady African Hair Braiding,41.75171169973521,-87.58103530013898,beauty_shop
Harold's Chicken Shack,41.86260689978866,-87.62426050022185,fast_food
Mojo Coffee,41.88849209973068,-87.62743299993298,cafe
Dulce de Leche Cafe,41.98352890033851,-87.65902330018514,cafe
Fresh Stop,41.94007640020578,-87.65274280014006,convenience
nan,41.837030599882326,-87.7341906998409,camera_surveillance
Pilsen Community Books,41.85810280000425,-87.65369320008108,bookshop
Chicago Empanada Mama,41.89579949964724,-87.6699743995988,restaurant
nan,41.89587229976689,-87.66917920015993,restaurant
nan,41.8517359002916,-87.72492249997333,camera_surveillance
nan,41.85165609984921,-87.72974779982104,camera_surveillance
nan,41.85127699963385,-87.73241610002299,camera_surveillance
nan,41.85127339964771,-87.73354099991718,camera_surveillance
Taco Bell Cantina,41.88411029965067,-87.65141539990077,fast_food
Tacombi,41.883949699618995,-87.64995769958813,restaurant
Notre,41.88384639989147,-87.64994800039989,clothes
Trivoli Tavern,41.8838088999608,-87.64919420035204,restaurant
Madewell,41.88411820019485,-87.64957860027215,clothes
Warby Parker,41.884123999922735,-87.64944570025881,optician
Uncommon James,41.88412459977053,-87.64934749968734,jeweller
Billy Reid,41.8841345004069,-87.649142599951,clothes
Bandit,41.884138499692085,-87.64906860013576,bar
Allbirds,41.88412280022709,-87.6487960003351,shoe_shop
"Levain Bakery - West Loop, Chicago",41.88462930020211,-87.64906839958695,bakery
HIDE+SEEK,41.88463569977779,-87.64898040002538,restaurant
Gino & Marty's,41.88463409988384,-87.64923280015358,restaurant
KOMO,41.88465290021122,-87.64720099962642,restaurant
Texan Taco Bar,41.88459109969955,-87.65158679989088,restaurant
Sweetgreen,41.884552300248515,-87.65244139955092,fast_food
Chase,41.884561799787264,-87.65228750036783,bank
Gaijin,41.88578810004083,-87.65156639966955,restaurant
nan,41.90299150035753,-87.6844215001521,post_box
Betty's & Nick's,41.952902899948924,-87.77740450011754,hairdresser
Tacos De Canasta,41.80855649998256,-87.68572299991649,restaurant
Wellness Foot Spa,41.91232469962523,-87.65120590013214,beauty_shop
Clybourn Cleaners,41.91295169976121,-87.65197090033672,laundry
JJ Waxing & Threading,41.91265569960092,-87.6516522003887,beauty_shop
Pure Design Dentistry,41.91280680009379,-87.6523843996203,dentist
nan,41.93270049982823,-87.64479280044736,camera_surveillance
nan,41.892587599737965,-87.66066369957002,post_box
nan,41.89618870014846,-87.66860369970095,post_box
nan,41.914401100230634,-87.6832557998153,artwork
Paradise Grocery,41.74745409962702,-87.6046632997714,convenience
nan,41.7895569997558,-87.73228410023103,camera_surveillance
nan,41.77930369960609,-87.66896520018378,camera_surveillance
State St & Chicago Ave,41.89662929960252,-87.62858850015914,bicycle_rental
Modern Dental Logan Square,41.93000079979714,-87.70869680031706,dentist
Pixie and the Boy,41.92902310003609,-87.70707299971912,gift_shop
Don Bucio’s Taqueria,41.93143309965785,-87.71102410008211,restaurant
Wake N Bakery,41.93139540007769,-87.71095199963503,bakery
Gorilla Sushi,41.930965599682736,-87.71026360008506,restaurant
Red Star Subs,41.93071759993734,-87.70987439958384,fast_food
Infuzed Cafe,41.91714879977735,-87.68767950020873,cafe
phayes,41.926893000012,-87.70358049964028,clothes
Your Happy Places,41.926851999919904,-87.70350349968675,beverages
Verizon,41.92638249985254,-87.70337480040666,mobile_phone_shop
Taco Bell Cantina,41.92536840003169,-87.70161380013673,fast_food
Welcome Back Lounge,41.925385700289894,-87.7011428998249,bar
Steel Petal Press,41.923490700135744,-87.69806199966149,gift_shop
Sushi Taku,41.92262939962717,-87.69659829997153,restaurant
Bubbleland,41.922174400228414,-87.6947128002555,laundry
Logan Square Barbershop,41.92084640014133,-87.69429360016949,hairdresser
Ace Hardware,41.92042550033665,-87.69367229993668,doityourself
Fausto’s Jewelry,41.919567500339895,-87.69224229964237,jeweller
Palilgu,41.91962119975864,-87.6917206002255,restaurant
Open Books,41.91880009984476,-87.69101090023281,bookshop
Logan Arch,41.91876760014469,-87.69093040011785,gift_shop
Apple Dental Care,41.91869820036169,-87.69081230024744,dentist
Bad Habit,41.91855770017776,-87.68994650043061,bar
Little Broken Things,41.91821120038662,-87.68943719996679,hairdresser
nan,41.87305079955479,-87.75465940001129,camera_surveillance
nan,41.87305209997447,-87.75475349967422,camera_surveillance
nan,41.872017500107575,-87.75497080016225,camera_surveillance
nan,41.88201230002767,-87.72586519991899,camera_surveillance
nan,41.881873899760706,-87.7255690001092,camera_surveillance
nan,41.88084969965399,-87.72581239982236,camera_surveillance
nan,41.88085419986146,-87.72308239983283,camera_surveillance
nan,41.93007690042867,-87.72448389971214,camera_surveillance
nan,41.882804500227564,-87.69865559987602,camera_surveillance
nan,41.89191419998042,-87.71613169981805,camera_surveillance
nan,41.89555709998024,-87.71646279961845,camera_surveillance
nan,41.89550899974057,-87.71646400021342,camera_surveillance
nan,41.89724199961864,-87.71658760033745,camera_surveillance
nan,41.90104449960404,-87.71642579971086,camera_surveillance
nan,41.89918810015075,-87.71656219988557,camera_surveillance
nan,41.81182250040814,-87.58943860041103,camera_surveillance
nan,41.811815799559554,-87.58943179973772,camera_surveillance
nan,41.79262850020518,-87.58008259973218,camera_surveillance
nan,41.79262540024206,-87.58007920029485,camera_surveillance
nan,41.780830299678655,-87.57496999976564,camera_surveillance
Rice N' Bread,41.944612999690264,-87.65410029978898,restaurant
W Hair Room,41.944659900234285,-87.6540997997659,hairdresser
nan,41.787941599725116,-87.58919829976168,camera_surveillance
nan,41.78794199992342,-87.589203399817,camera_surveillance
nan,41.7877961002099,-87.60592240009862,camera_surveillance
nan,41.78779290042206,-87.60591830008946,camera_surveillance
nan,41.78785810037107,-87.60113610025081,camera_surveillance
nan,41.78785429983611,-87.60113079964663,camera_surveillance
nan,41.94921880020752,-87.79863880034031,post_box
nan,41.930741600144756,-87.79536750020992,post_box
McDonald's PlayPlace,41.94452850029012,-87.80727880037631,playground
nan,41.99576239971503,-87.80572219981963,post_box
DTLR,41.757105899917406,-87.58764930027496,clothes
K&G Fashion Superstore,41.75767690016886,-87.58760249955566,clothes
Boost Mobile,41.74396330016623,-87.58490080033164,mobile_phone_shop
WingStreet,41.73368659965689,-87.58478130021678,fast_food
Snipes,41.7209278998028,-87.58425330014967,shoe_shop
nan,41.720595999605735,-87.58346419991284,post_box
Huntington Bank,41.72035920001713,-87.58320249989544,bank
BJ's Market & Bakery,41.72143349955644,-87.58129590028551,restaurant
BJ's Market & Bakery,41.72143349955644,-87.58129590028551,bakery
DTLR,41.720829899780085,-87.58127990044699,clothes
nan,41.94319690021683,-87.76212539986727,fountain
Carefully Pickef,41.890863700099715,-87.66065140044174,furniture_shop
thrd,41.914376900373725,-87.68390949992346,cafe
nan,41.91122709955107,-87.69128729966911,bench
nan,41.91122809959717,-87.69125160018115,bench
Starbucks,41.88389369973453,-87.62875880027838,cafe
Taipei Cafe,41.94009190002123,-87.65015430038062,cafe
Community Pharmacy,41.94004379978156,-87.65205019985677,chemist
Taco Bell,41.94006100021505,-87.65242029965708,fast_food
The Slice Shop,41.94002379975859,-87.65264740005745,fast_food
Flash Food Mart,41.89197169993406,-87.71240710000762,convenience
nan,41.80229880044931,-87.59519070019064,post_box
nan,41.955827200265105,-87.79730920035928,memorial
nan,41.88065550005132,-87.72043330015663,waste_basket
Hyde Park Cleaners,41.7972696000121,-87.5881332002869,laundry
Salt Burgers + Fries,41.910637700069856,-87.67600310026285,fast_food
nan,41.68745090013897,-87.65552899966355,post_box
nan,41.69088180025494,-87.66744310031879,post_box
BP Shop,41.69018729970418,-87.66410799958447,convenience
VCA Animal Hospital,41.99796920021845,-87.66974930019,veterinary
RedHot Ranch,41.937738799605995,-87.66830110031549,fast_food
Sparrow Dental,41.93446500025959,-87.66968129975214,dentist
nan,41.94870239959613,-87.71160989957718,post_box
Milktooth Pediatric Dentistry,41.89571600029325,-87.68062450042032,dentist
nan,41.79387119959625,-87.5982621997407,camera_surveillance
Adult Emergency Room,41.79152909968826,-87.60555159972648,doctors
Pediatric Emergency Room,41.79032199996038,-87.60396119994937,doctors
nan,41.954290300257185,-87.66371319990424,post_box
Fry the Coop,41.92572529958295,-87.64938060013458,fast_food
nan,41.880355899904885,-87.62111089994806,waste_basket
RUSH Pediatric Primary Care,41.87718619978335,-87.66820420016364,doctors
"Autism Assessment, Research, Treatment & Services Center",41.877178099589685,-87.66871720043844,doctors
RUSH Adult and Pediatric Primary Care,41.87736059991181,-87.66829889967443,doctors
RUSH Behavioral Medicine,41.87734870008251,-87.66872200012017,doctors
RUSH Behavioral Medicine,41.87726829979226,-87.66872069970049,doctors
Chrome Beauty Lounge,41.90314900042608,-87.68985359956395,beauty_shop
Fresenius Kidney Care,41.91440599973714,-87.66382600006983,clinic
Alpha Motors,41.92863019972401,-87.74698619995314,car_dealership
MF Aesthetics,41.92865760026808,-87.66327680028405,beauty_shop
nan,41.844519599899684,-87.71581249984695,optician
nan,41.8630080999439,-87.65743720006668,comms_tower
Building Blocks Toy Store,41.903328600434634,-87.68087800041934,toy_shop
May Flower,41.852137399921105,-87.63185720034949,restaurant
Tiger Sugar,41.85438380027222,-87.63265509955318,cafe
Hing Kee,41.85389199971604,-87.63380799983929,restaurant
nan,41.85545120021277,-87.6979714999847,post_box
Saint Anthony,41.85541120016683,-87.69825279982683,artwork
Jimmy's Best,41.707475499794555,-87.62869709959142,fast_food
American Metro Bank,41.85262000041274,-87.63407539975987,bank
Cathay Bank,41.85306600029571,-87.63396420038748,atm
nan,41.853923400444614,-87.63305150002668,artwork
nan,41.85429799955307,-87.63312029996183,tower
nan,41.854127200310074,-87.63347940015416,tower
Air Tec Service Center,41.87839640037362,-87.62792939962208,computer_shop
nan,41.74122439958643,-87.53075970029988,recycling
nan,41.775821500361985,-87.57178009997159,bench
Subway,41.70532510027323,-87.72039880036431,fast_food
CVS Pharmacy,41.70546770037413,-87.72040760023054,pharmacy
CVS Pharmacy,41.70546770037413,-87.72040760023054,chemist
CD One Price Cleaners,41.70523699998762,-87.72040419989389,laundry
La Fogata,41.96816340042062,-87.74498389988702,restaurant
nan,41.968141699779665,-87.7474799997022,camera_surveillance
Rideshare Pickup Area,41.99410489972138,-87.88275450021996,shelter
Einstein Bros. Bagels,41.78592710035542,-87.74244229977228,fast_food
Cielo Cantina,41.78581010035589,-87.74257769990089,restaurant
nan,41.78587650000054,-87.74188459959458,atm
The Atrium,41.786122499653686,-87.74186699986211,gift_shop
Montrose Supermarket & Taqueria,41.961252300253534,-87.7146920003355,supermarket
Sergio V Jewelry,41.78425800000673,-87.72269039974213,jeweller
Tamales Rebe,41.783600799737144,-87.72314530021538,restaurant
Burdeens Chicago,41.851966499954074,-87.67982830003598,clothes
Ink by Hudson,41.7873472000133,-87.74498079992395,bookshop
Made Barber Lounge,41.801828499985334,-87.7238422999821,hairdresser
nan,41.8377993997226,-87.65156140033832,laundry
McDonald's PlayPlace,41.70571649961681,-87.70164999964771,playground
Dunkin',41.88384449962399,-87.62784240010666,fast_food
BMO,41.8801690999241,-87.63205690020573,bank
nan,41.93952430010643,-87.68994429978954,post_box
nan,41.88789209994053,-87.63321360012753,bench
Jimmy's Famous Burgers,41.80263519995458,-87.60714429996943,fast_food
Subway,41.802683599668455,-87.60714620023691,fast_food
Sister Nail & Spa,41.80275189958053,-87.60714899982645,beauty_shop
Safari Somali Cuisine,41.99607029970463,-87.67578460007917,restaurant
Conrad Hilton,41.872503500036544,-87.62458390002695,artwork
nan,41.97775700018548,-87.64740330032203,artwork
Giant Penny Whistle,41.85652370020864,-87.66253559973808,bar
AllCareX Discount Pharmacy,41.91044089962787,-87.69659260006841,pharmacy
Bacci Pizzeria,41.960515199716724,-87.75420289964404,restaurant
Exotic Snack Guys,41.92785500030806,-87.65192769960362,convenience
Exotic Snack Guys,41.9232377001598,-87.69762860017971,convenience
nan,41.73608170021038,-87.68289390003343,pitch
AT&T,41.844206099831695,-87.71861510030658,mobile_phone_shop
Domino's,41.844085599670734,-87.72611259981659,fast_food
C'est Bien Thai,41.95245630021816,-87.67774079999788,restaurant
CVS Pharmacy,41.90373350040079,-87.63111459955911,chemist
Kayra Imports,41.7992623996401,-87.60107479976216,clothes
Valley of Jordan,41.79927690030877,-87.60081340011828,supermarket
Page Too Hair Design,41.79927180025345,-87.60086880015496,hairdresser
Ivory #3 Cleaners,41.799273099773814,-87.6009896996149,laundry
De Rice,41.809701600448534,-87.6030586996992,restaurant
Egyptian Style,41.80969839976137,-87.60323309982766,beauty_shop
Queen Noir,41.80970320034248,-87.60338520036669,beauty_shop
Vegan Now 2 Go,41.758984599859446,-87.58688670036088,restaurant
Only Sports Complex,41.94933129999953,-87.74176510037904,pitch
Burger Alley,41.87117430025381,-87.62561820041958,fast_food
Lincoln Park,41.919115299631414,-87.63615540035141,tourist_info
First American Bank,41.9184830996154,-87.63863279966392,bank
All Too Well,41.91845750041335,-87.6384806001995,fast_food
Evette's,41.918459499606286,-87.63837059962344,fast_food
Boonie's,41.96062609961484,-87.68842169990148,restaurant
Trellus,41.990764600006344,-87.69052950033614,community_centre
McCormick Blvd & Devon Ave,41.99712119978358,-87.71128380000732,bicycle_rental
California Ave & Granville Ave,41.994038900275086,-87.69931220029775,bicycle_rental
Karlov Ave & Lawrence Ave,41.9680167003105,-87.73036800018303,bicycle_rental
Keeler Ave & Carmen Ave,41.97432030034162,-87.7330736995915,bicycle_rental
Kenneth Ave & Lawrence Ave,41.96777760025611,-87.73996279964348,bicycle_rental
Central Ave & Wellington Ave,41.93485929991681,-87.7666959001956,bicycle_rental
Leclaire Ave & Belmont Ave,41.93901780013141,-87.75418450041434,bicycle_rental
Cicero Ave & Roscoe Ave,41.942418400289,-87.74733180042222,bicycle_rental
Kostner Ave & Belmont Ave,41.9391237996237,-87.73711259986658,bicycle_rental
Springfield Ave & North Ave,41.91017640002087,-87.72381810012519,bicycle_rental
nan,41.65172230024399,-87.61713780036916,camera_surveillance
nan,41.65171710036395,-87.61713880041526,camera_surveillance
nan,41.702766899572794,-87.52476219981565,camera_surveillance
nan,41.69912599966523,-87.52464040013433,camera_surveillance
nan,41.69172409988738,-87.525173299708,camera_surveillance
Erin's Cup,41.692369900350684,-87.6527166001909,cafe
nan,41.851585100172315,-87.71090469979202,camera_surveillance
nan,41.85180849986244,-87.7087953003628,camera_surveillance
nan,41.8516940998029,-87.70539200044044,camera_surveillance
nan,41.97464379997143,-87.88269719991581,toilet
Six Points Market,41.973972799605065,-87.88322939981691,convenience
nan,41.97394670038,-87.88564260012583,toilet
nan,41.973945899983335,-87.885578900246,drinking_water
nan,41.9739407001033,-87.88722140044723,toilet
nan,41.97406699999209,-87.8874725001557,convenience
Hudson,41.97393689956829,-87.8888661003902,convenience
Tax And Duty Free,41.9739342996283,-87.88870350026627,gift_shop
Art of Dosa,41.87964960024891,-87.63034710013852,restaurant
nan,41.945893699934345,-87.75704130031573,camera_surveillance
nan,41.94601760043196,-87.747202000372,camera_surveillance
nan,41.95308219958389,-87.76688239980285,camera_surveillance
Supermarket Martins,41.94590540011416,-87.75660849978237,supermarket
Food Market Santa Fe,41.94593889986038,-87.75216180012694,convenience
nan,41.94628789976679,-87.72727920037477,camera_surveillance
nan,41.94629299982216,-87.73948859971904,camera_surveillance
Souk,41.931977700310654,-87.69829439976672,restaurant
Logan Square Improv,41.93198190014465,-87.6986991999081,theatre
Quality Time,41.93220970021753,-87.701472700105,bar
Beloved Community Family Wellness Center - Dental Clinic,41.76914890040149,-87.64414130008089,dentist
Hudson,41.97483429976319,-87.90600410020903,convenience
DTLR,41.779965699557465,-87.64690219987659,clothes
nan,41.9781754996996,-87.9068627998783,drinking_water
nan,41.97945879988379,-87.90683059965244,drinking_water
North Community Bank,41.89687480013197,-87.62836079991092,bank
Dunkin',41.896839900141345,-87.62863010009903,fast_food
nan,41.89176470028076,-87.62821900020668,camera_surveillance
nan,41.89331379959225,-87.62831910014631,camera_surveillance
nan,41.891663899769185,-87.6282596999252,camera_surveillance
nan,41.86638700035985,-87.66699220003,atm
nan,41.866387600207645,-87.66695150031143,atm
nan,41.86638820005544,-87.66690650003488,atm
nan,41.91697329977802,-87.73743489980075,camera_surveillance
nan,41.916977600336054,-87.73618300034514,camera_surveillance
nan,41.91707069995289,-87.72918909959725,camera_surveillance
nan,41.9170884004094,-87.72792890029848,camera_surveillance
nan,41.917298900224125,-87.72178829969022,camera_surveillance
nan,41.91738289960119,-87.71664079973306,camera_surveillance
nan,41.91739270041285,-87.71365250006278,camera_surveillance
nan,41.917472999979,-87.68725639976299,camera_surveillance
nan,41.92270800037397,-87.6874342002281,camera_surveillance
nan,41.92504669994531,-87.68780020001918,camera_surveillance
nan,41.92722750014906,-87.68786680021265,camera_surveillance
nan,41.92890690043316,-87.68763569962778,camera_surveillance
nan,41.946851899695446,-87.6734814003463,camera_surveillance
Fjällräven,41.88655739990412,-87.65468200017415,outdoor_shop
Patagonia,41.886535200139406,-87.65542720000525,clothes
UPLIFT Desk at Fulton Market,41.88686770018427,-87.6553712999455,furniture_shop
Herman Miller,41.88686050021198,-87.65500139979474,furniture_shop
Design Within Reach,41.886846399741614,-87.65611320016404,furniture_shop
The Skin Bar at Ulta Beauty,41.937088599659205,-87.64760300017826,beauty_shop
Tuk Tuk Thai Isan Street Food,41.934236499614826,-87.64624680004977,restaurant
Bolivar & Lincoln Venezuelan Cafe,41.943187899801785,-87.65407299996895,restaurant
Doña Tola,41.95043019959411,-87.66392200000024,restaurant
Sushi Mura,41.948472299956734,-87.66389780014333,restaurant
Free People,41.944837500150584,-87.66377980009764,clothes
El Palmar,41.95459400041284,-87.6549213997028,restaurant
Seraphine,41.91294919964588,-87.67733370028998,clothes
nan,41.93944840002371,-87.70260630004066,camera_surveillance
nan,41.93923929955406,-87.70720439966328,camera_surveillance
nan,41.939268399816854,-87.71875630016308,camera_surveillance
nan,41.92460580011766,-87.72691700021937,camera_surveillance
nan,41.924326299818915,-87.73295859985944,camera_surveillance
nan,41.92448899976756,-87.73419970025594,camera_surveillance
nan,41.924260699671606,-87.73640060030743,camera_surveillance
nan,41.924094200087325,-87.74644870034723,camera_surveillance
nan,41.9314467001052,-87.7464162995725,camera_surveillance
nan,41.953315300260954,-87.74690739955679,camera_surveillance
nan,41.93156420012781,-87.73691070026854,camera_surveillance
nan,41.93191379988201,-87.72315369988331,camera_surveillance
nan,41.93138620001315,-87.76615319981028,camera_surveillance
nan,41.96087000025034,-87.72768339976903,camera_surveillance
nan,41.961053399894524,-87.71300540007911,camera_surveillance
nan,41.961114499834366,-87.7081203996367,camera_surveillance
nan,41.96132510037313,-87.69833799979881,camera_surveillance
nan,41.9615223001141,-87.66904609959778,camera_surveillance
nan,41.961256699736964,-87.72057359979175,camera_surveillance
nan,41.99689599965069,-87.80691009992114,camera_surveillance
nan,41.99044890019661,-87.79593319985725,camera_surveillance
nan,41.990191200363654,-87.79547299967913,camera_surveillance
nan,41.99008579981984,-87.79524640020117,camera_surveillance
nan,41.985773900445224,-87.78757630010614,camera_surveillance
nan,41.94661870009298,-87.68810240010566,camera_surveillance
nan,41.946545999798104,-87.70793890025999,camera_surveillance
nan,41.99055369999331,-87.79480989985694,camera_surveillance
Basant,41.952251299757734,-87.67779789975322,restaurant
Production Mode,41.952021999615624,-87.67742389959324,clothes
nan,41.950659399911444,-87.67615879988864,restaurant
Martyrs',41.951987099625,-87.67708440012495,bar
Philip James Salon,41.95124899994147,-87.67687690044858,hairdresser
Mr. Salon,41.95107740030181,-87.67646069960159,hairdresser
Kaminska Dermatology,41.95066430031727,-87.67649530011795,clinic
Birth Center of Chicago,41.95134070021322,-87.67695619996863,clinic
nan,41.953093299915906,-87.67921550019514,atm
nan,41.93819060011617,-87.80665729959469,camera_surveillance
nan,41.93090139977983,-87.80635000035221,camera_surveillance
nan,41.904289099762195,-87.72139910008838,camera_surveillance
nan,41.90703670038346,-87.72875760038289,camera_surveillance
nan,41.90701000041122,-87.72875839988023,camera_surveillance
nan,41.90620650022987,-87.72628349978368,camera_surveillance
nan,41.909891600017374,-87.73531809985042,camera_surveillance
nan,41.91896310016699,-87.76594810042445,camera_surveillance
nan,41.917960400152424,-87.76100729974706,camera_surveillance
nan,41.91737590017772,-87.75769749963985,camera_surveillance
Bluebird Portage Park,41.95248760022264,-87.76721589989381,restaurant
nan,41.823329899755095,-87.66524359961238,camera_surveillance
nan,41.816308500437,-87.64583639982993,camera_surveillance
nan,41.816302699809796,-87.64583270001907,camera_surveillance
nan,41.81059939994242,-87.64546990001583,camera_surveillance
nan,41.808805700322864,-87.64301159960559,camera_surveillance
nan,41.80861059959955,-87.65999670028748,camera_surveillance
nan,41.808738000258586,-87.66263550002827,camera_surveillance
nan,41.80865779961783,-87.66519900043346,camera_surveillance
nan,41.808721500396985,-87.66482050006601,camera_surveillance
nan,41.810315900358546,-87.66515910021229,camera_surveillance
nan,41.812154799904135,-87.66521009986616,camera_surveillance
nan,41.81397149968501,-87.66496670015306,camera_surveillance
nan,41.81576639989947,-87.66531050017943,camera_surveillance
nan,41.817620200312035,-87.66503269959935,camera_surveillance
nan,41.826745899903415,-87.66563309958786,camera_surveillance
nan,41.830412399912404,-87.66575480034373,camera_surveillance
nan,41.836169900120865,-87.66585509993286,camera_surveillance
nan,41.83737609962736,-87.66591080034311,camera_surveillance
nan,41.8373808003837,-87.66578770024216,camera_surveillance
nan,41.83861569995463,-87.66598079997391,camera_surveillance
nan,41.841232100281275,-87.66599860025514,camera_surveillance
nan,41.843210599789415,-87.6659934003751,camera_surveillance
nan,41.84934980015322,-87.6658174003527,camera_surveillance
nan,41.85250599965224,-87.66586220008043,camera_surveillance
nan,41.85244010003066,-87.66579070038046,camera_surveillance
nan,41.85344160034964,-87.66589440030629,camera_surveillance
nan,41.85408999985367,-87.66589429958225,camera_surveillance
nan,41.86582050031586,-87.6665097002624,camera_surveillance
nan,41.86934049986422,-87.66666349962077,camera_surveillance
nan,41.87630080014185,-87.67639870033969,camera_surveillance
nan,41.87749840033098,-87.67056610044511,camera_surveillance
nan,41.76562039956184,-87.6151669001323,camera_surveillance
nan,41.75103829997761,-87.61480160001378,camera_surveillance
nan,41.75107029965466,-87.6147990998985,camera_surveillance
nan,41.7512091999447,-87.61358909985705,camera_surveillance
nan,41.751226699852396,-87.6126417998791,camera_surveillance
nan,41.78484869990763,-87.79612080023469,camera_surveillance
nan,41.790417599692546,-87.78182630024355,camera_surveillance
nan,41.79066200035106,-87.77924970031336,camera_surveillance
nan,41.788584700423655,-87.78176220016536,camera_surveillance
nan,41.79821449969944,-87.76010950025318,camera_surveillance
nan,41.77760900005535,-87.78112750003407,camera_surveillance
nan,41.77682080003996,-87.7819009997313,camera_surveillance
Pastores,41.966541799564425,-87.68702070004525,restaurant
nan,41.78119249983405,-87.78743660031881,camera_surveillance
nan,41.79276080037067,-87.78071430022476,camera_surveillance
nan,41.785737499885784,-87.7621289000287,camera_surveillance
Verizon,41.88170569955844,-87.66004440032879,mobile_phone_shop
nan,41.7759674000755,-87.75242469983999,camera_surveillance
nan,41.77133419991344,-87.73732869975964,camera_surveillance
nan,41.77136209958127,-87.73003430044258,camera_surveillance
nan,41.77488779993206,-87.729460200228,camera_surveillance
61st Street Farmers Market,41.78427909990057,-87.59084359955244,market_place
nan,41.968174099655016,-87.72790049970826,camera_surveillance
nan,41.96818879997318,-87.72789739974519,camera_surveillance
Maman Zari,41.96595149986189,-87.70826270026339,restaurant
Maxwells Trading,41.88754279966054,-87.66523369987533,restaurant
Manchamanteles,41.917894399806755,-87.68719310008146,restaurant
Akahoshi Ramen,41.924037399806195,-87.69758280040588,restaurant
Warlord,41.93895549959666,-87.72400359968634,restaurant
The Coach House by Wazwan,41.90350000042474,-87.67167160016419,restaurant
nan,41.96217200003781,-87.64533120027465,camera_surveillance
Dunkin',41.954471699809176,-87.68893449962741,fast_food
nan,41.986199199733335,-87.66963619965088,memorial
nan,41.95248670000126,-87.64400210031664,drinking_water
nan,41.952735699792754,-87.64409569995655,bench
nan,41.952598099922454,-87.64404430010433,bench
nan,41.95239100044438,-87.64396200044592,bench
nan,41.95227119995599,-87.64392060015552,bench
nan,41.948331000275516,-87.64187579992819,camera_surveillance
nan,41.94647280037947,-87.64154250038604,camera_surveillance
nan,41.943594100187624,-87.63966960017189,camera_surveillance
nan,41.93738080018386,-87.634031699903,camera_surveillance
nan,41.93607819964927,-87.6328319997969,camera_surveillance
nan,41.933184700213815,-87.63172080017478,camera_surveillance
nan,41.93318460038904,-87.63172890036844,camera_surveillance
nan,41.92984610021739,-87.63139309981165,camera_surveillance
nan,41.92536920042829,-87.63040779988,camera_surveillance
nan,41.92415830016546,-87.63040129958029,camera_surveillance
nan,41.92371950025478,-87.63011019982582,camera_surveillance
nan,41.922150400020996,-87.6295974000999,camera_surveillance
nan,41.92050599955229,-87.62916559961269,camera_surveillance
nan,41.918915400125684,-87.62873630014008,camera_surveillance
nan,41.91732510017329,-87.62808169981054,camera_surveillance
nan,41.91584839988383,-87.62712869992953,camera_surveillance
nan,41.91550249994049,-87.62735590015461,camera_surveillance
nan,41.91516899984953,-87.62651669958598,camera_surveillance
nan,41.91410729981209,-87.62492059990575,camera_surveillance
nan,41.914827899587976,-87.62688540004115,camera_surveillance
nan,41.91356680006783,-87.62594649973113,camera_surveillance
nan,41.91368589998433,-87.62544430031414,camera_surveillance
nan,41.91129789957847,-87.62553289972351,camera_surveillance
nan,41.9100322998508,-87.62557770035056,camera_surveillance
nan,41.90752619957448,-87.62511140007103,camera_surveillance
nan,41.90654580004866,-87.6248717001688,camera_surveillance
nan,41.90489140001813,-87.62439350005997,camera_surveillance
nan,41.90558029959118,-87.62459360011451,camera_surveillance
nan,41.90431860022329,-87.62425890032796,camera_surveillance
nan,41.903254300245806,-87.62347530034481,camera_surveillance
nan,41.90276880033991,-87.62329670038235,camera_surveillance
nan,41.90274409956061,-87.62328259991205,camera_surveillance
nan,41.90230190021259,-87.62285710007507,camera_surveillance
nan,41.902282800410944,-87.62282870038416,camera_surveillance
nan,41.901532499625205,-87.621453799753,camera_surveillance
Lee Nails,41.95365710019507,-87.74582849998524,beauty_shop
nan,41.90120790012452,-87.61964270005052,camera_surveillance
nan,41.900167399805696,-87.61882410025197,camera_surveillance
nan,41.89858779998701,-87.61776219966572,camera_surveillance
nan,41.897026000449614,-87.61667619994665,camera_surveillance
nan,41.895981999969365,-87.61598499990777,camera_surveillance
nan,41.89439880016454,-87.61485109959852,camera_surveillance
nan,41.8933535999887,-87.61405130012736,camera_surveillance
nan,41.890568299787276,-87.61354749991716,camera_surveillance
nan,41.890561900211594,-87.61354709971886,camera_surveillance
nan,41.890787999666486,-87.61325879955393,camera_surveillance
nan,41.89078100024301,-87.61325730038408,camera_surveillance
Lake View,41.94078469995401,-87.66909929989276,artwork
Not Far From A Dollar,41.76055449959051,-87.6445590999225,convenience
Starbucks,41.90480510017528,-87.63476490008003,cafe
PNC Bank,41.90476720004631,-87.63431430016476,bank
MyEyeDr.,41.90443579987232,-87.63472199972045,optician
Dunkin',41.98577050010857,-87.69893939983342,fast_food
nan,41.786489200016604,-87.67400109967099,post_box
Africa Hair Braiding,41.8094350000253,-87.6224475002519,hairdresser
nan,41.94331400004114,-87.67618730030364,post_box
nan,41.95267989955778,-87.64986359992514,waste_basket
nan,41.95261230021754,-87.64958580024444,waste_basket
nan,41.95267650012045,-87.649492799553,waste_basket
nan,41.95283209992152,-87.64978280033591,waste_basket
Midwest Express Clinic - West Loop,41.8791115997206,-87.64709230036931,clinic
nan,41.86734870028232,-87.62724810021962,camera_surveillance
nan,41.86728710031946,-87.62725110035797,camera_surveillance
Wingstop,42.009292900447065,-87.67346029955314,fast_food
Little Caesars,42.00921319982939,-87.67343880036032,fast_food
Bison,41.92656090016544,-87.63437859989244,artwork
Liv Lash Boutique & Body Sculpt Spa,41.989414199605676,-87.77735959966577,beauty_shop
The Golden Touch,41.79505029983153,-87.5880086999415,laundry
nan,41.93393300000798,-87.69780110004069,camera_surveillance
nan,41.96823049973784,-87.72300659957489,camera_surveillance
nan,41.96825790028191,-87.72051519961673,camera_surveillance
nan,41.96826849969153,-87.71960879990615,camera_surveillance
nan,41.96830429990359,-87.71716159982793,camera_surveillance
nan,41.968322200009595,-87.7156902001426,camera_surveillance
nan,41.968503899935115,-87.7134894997406,camera_surveillance
nan,41.96837340021233,-87.71079270002303,camera_surveillance
nan,41.968567400165455,-87.7083393998434,camera_surveillance
nan,41.96854320030849,-87.7073860995888,camera_surveillance
nan,41.96863520005451,-87.69990750023089,camera_surveillance
nan,41.96874149992033,-87.68906710016648,camera_surveillance
nan,41.946615699954634,-87.7179090003001,camera_surveillance
Magnifico Coffee,41.93710039966379,-87.72028319970985,cafe
nan,41.79895899985803,-87.5935610000401,bench
nan,41.79868899999741,-87.59355089975418,bench
nan,41.79847109966158,-87.59355289984643,bench
nan,41.79822889964407,-87.59355060027997,bench
nan,41.79822889964407,-87.59355060027997,memorial
nan,41.79614959962436,-87.59361799997066,bench
nan,41.79614959962436,-87.59361799997066,memorial
nan,41.79578490025301,-87.59356359998014,bench
BMO,41.97881629993236,-87.90635679992636,atm
Bank of America,41.97915790021699,-87.90669030001732,atm
Bank of America,41.977033699745505,-87.90572030025163,atm
nan,41.862450799964506,-87.72622020010209,camera_surveillance
nan,41.86244040020438,-87.72763769981998,camera_surveillance
nan,41.72570699967832,-87.60079009958338,camera_surveillance
nan,41.72570529995966,-87.6008016001137,camera_surveillance
nan,41.7257499000379,-87.59716549988786,camera_surveillance
nan,41.72580160026371,-87.60470939991882,camera_surveillance
nan,41.722557699778065,-87.57521829988457,camera_surveillance
nan,41.722557699778065,-87.57521119973705,camera_surveillance
BMO,41.788338600046416,-87.74182820041108,atm
Taco Bell,41.95379949974716,-87.69861719972397,fast_food
KFC,41.953732000231696,-87.69860799965943,fast_food
Breakers Pantry,41.97965629999828,-87.65484150033495,convenience
nan,41.9789851998072,-87.65478439968024,laundry
nan,41.7845195003747,-87.59160210035662,bench
nan,41.78447829973379,-87.59160060028745,bench
nan,41.78439809999236,-87.59153049993262,bench
nan,41.78592460024015,-87.59135690020076,bench
nan,41.78644209982309,-87.59125559966617,bench
Blackstone Ave & 59th St,41.78791649964677,-87.59053880042524,bicycle_rental
nan,41.787971100186155,-87.59054059996868,bench
nan,41.78810419984899,-87.59138129970717,bench
nan,41.78796299999249,-87.59123749991068,bench
nan,41.78796299999249,-87.59123749991068,memorial
nan,41.78816069975653,-87.59138200027905,bench
nan,41.78816069975653,-87.59138200027905,memorial
nan,41.88331960041927,-87.62401189972934,camera_surveillance
nan,41.88313650024935,-87.62403199957708,camera_surveillance
nan,41.883138000318525,-87.62371569991956,camera_surveillance
nan,41.883324099727474,-87.62370620038081,camera_surveillance
nan,41.883348000110175,-87.62287810014419,camera_surveillance
nan,41.88334349990265,-87.62254579974882,camera_surveillance
nan,41.883681299652324,-87.6225656001223,camera_surveillance
nan,41.88406890025959,-87.62257759977638,camera_surveillance
Wood St & 84th St,41.74113699987271,-87.66822630010364,bicycle_rental
Paulina St & 87th St,41.73556769988949,-87.66557830029831,bicycle_rental
Damen Ave & 87th St,41.736025700325854,-87.67292899987342,bicycle_rental
Francisco Ave & 85th St,41.73888150018115,-87.69568959979517,bicycle_rental
Kedzie Ave & 83rd St,41.742425400112154,-87.7023789999908,bicycle_rental
Columbus Ave & 83rd Pl,41.741347499687436,-87.7135866004412,bicycle_rental
Pulaski Rd & 84th St,41.74029980029559,-87.72202300026123,bicycle_rental
Kildare Ave & 85th St,41.73845550032115,-87.7285649997749,bicycle_rental
Scottsdale Park,41.74196800042296,-87.73618670015605,bicycle_rental
Springfield Ave & 80th St,41.747601600133805,-87.7194932999758,bicycle_rental
Columbus Ave & 79th St,41.749089800054264,-87.70428320020949,bicycle_rental
Kedzie Ave & Redfield Dr,41.76509779992358,-87.70313409955901,bicycle_rental
St. Louis Ave & 71st St,41.76436209963123,-87.71013060024694,bicycle_rental
Springfield Ave & 71st St,41.7644106000692,-87.72003689968312,bicycle_rental
Kedzie Ave & 66th Pl,41.77255320036994,-87.70318200014913,bicycle_rental
Artesian Ave & Marquette Rd,41.77215560020085,-87.68459900024362,bicycle_rental
Artesian Ave & 71st St,41.76445110013822,-87.68439709974632,bicycle_rental
California Ave & 71st St,41.764726200054156,-87.69312739980961,bicycle_rental
Damen Ave & 81st St,41.746553299994844,-87.67317300033363,bicycle_rental
Mango Ave & Diversey Ave,41.93104309965935,-87.76981020028046,bicycle_rental
Meade Ave & Diversey Ave,41.93088940012575,-87.77848200034401,bicycle_rental
nan,41.76796039955286,-87.56298779974713,drinking_water
nan,41.8792238000384,-87.65092079975506,post_box
nan,41.87925989972467,-87.64858930015606,post_box
nan,41.87934330015321,-87.64738020033593,post_box
nan,41.879313500217904,-87.64738369959804,waste_basket
nan,41.87929450024103,-87.6471739003552,waste_basket
nan,41.879123000426205,-87.64717989973258,waste_basket
nan,41.87912189965601,-87.64737730002236,waste_basket
nan,41.87916859965122,-87.6544595996308,waste_basket
nan,41.87916890002475,-87.65444800017502,post_box
nan,41.8790283000161,-87.65474810034453,waste_basket
nan,41.87912520016789,-87.65685899984294,waste_basket
nan,41.87912980020019,-87.65691969958442,post_box
nan,41.87899320037593,-87.65720019992926,waste_basket
nan,41.87907280026957,-87.65208590024406,waste_basket
nan,41.87919679969258,-87.65209350041465,waste_basket
nan,41.87908239963309,-87.65176260026374,waste_basket
nan,41.87920639995542,-87.65175070043443,waste_basket
nan,41.879259700075124,-87.64945280040638,waste_basket
nan,41.880525399627516,-87.64975429992097,waste_basket
nan,41.880060799965975,-87.65072250014322,bench
nan,41.87796550010779,-87.65088820023021,waste_basket
nan,41.87781620005762,-87.6508845004193,waste_basket
nan,41.87782320038042,-87.65058979977942,waste_basket
nan,41.87796840042142,-87.6506050001206,waste_basket
nan,41.8767108999881,-87.64938329989934,waste_basket
nan,41.87657969969342,-87.64938119998237,waste_basket
nan,41.874500399673764,-87.64779340014525,waste_basket
nan,41.87458470032374,-87.64699819980706,waste_basket
nan,41.87442300042119,-87.64691010042077,waste_basket
nan,41.88451969982435,-87.64289690007183,waste_basket
nan,41.8855997001661,-87.6428855002656,waste_basket
nan,41.995455999794615,-87.76737549987939,post_box
nan,42.00447009981531,-87.8186931999312,post_box
nan,42.00127829975378,-87.81751979959904,post_box
nan,42.00129459996589,-87.81750240041544,post_box
nan,42.00131300009491,-87.81748639967759,post_box
The Shop,41.976069499707705,-87.66874119974653,hairdresser
Iyanzé,41.966150500045615,-87.65771149958601,restaurant
Sky's Beverage Depot,41.96645380000291,-87.65791569964978,beverages
Fine Food Mart,41.96708669969149,-87.65821450029893,convenience
Spoil Me Hair Salon and Spa,41.96709670015264,-87.65881550013518,hairdresser
Stan's Donuts & Coffee,41.965557300029445,-87.6573011002655,cafe
nan,41.910708099898955,-87.64962630031346,atm
Tecalitlan,41.90904339993301,-87.64758770001231,restaurant
Restaurant Los Molcajetes,41.96121509979707,-87.7171457996389,restaurant
Australian Consulate-General,41.88417539977496,-87.6365578002023,embassy
Subway,41.816986100028544,-87.63152880031384,fast_food
Subway,41.765190400416714,-87.6235457001739,fast_food
Strobel Dentistry,41.88298420006083,-87.62664789988065,dentist
Circle K,41.87925929987682,-87.63508410005113,convenience
nan,41.88714020016016,-87.62921040023974,bench
Culver's,41.94701420034511,-87.65761820031963,fast_food
Max & Co Hair Designs,41.802277900204956,-87.58976560020227,hairdresser
Nikki Nails,41.80227230012662,-87.58889120016869,beauty_shop
Edible Arrangements,41.80229340002046,-87.58932070019011,gift_shop
Smile Studio Chicago,41.80229480026486,-87.58957739997697,dentist
Domino's,41.80229270034789,-87.58969590004574,fast_food
Love & Light Cafe,41.802286000398624,-87.59030729964212,cafe
Milan Laser Hair Removal,41.80227959992362,-87.59004239983682,beauty_shop
Boost Mobile,41.89528350013347,-87.72013140044373,mobile_phone_shop
Zolly's Recyclable Furniture,41.89557779967578,-87.71962700038574,furniture_shop
Sunrise Food & Liquor,41.89527709965847,-87.7202797004478,beverages
Dunkin',41.88134110001181,-87.66522599987997,fast_food
Crave Kabob,41.88125289990148,-87.66522849999524,restaurant
Harold's Chicken Shack,41.881347899785794,-87.66496450041132,fast_food
Gunzo's Sports Center,41.88135840027002,-87.66458779958725,sports_shop
Ranalli's,41.88171629986738,-87.66075770030761,restaurant
West Loop Market,41.88173100018554,-87.65833210014625,convenience
Poke Poké,41.88182009961798,-87.6545557002853,restaurant
Black Barrel Tavern,41.88153180035238,-87.65437190044281,pub
Stelios Bottles & Bites,41.88110869990663,-87.65180120006528,bar
Stelios Bottles & Bites,41.88110869990663,-87.65180120006528,beverages
Clean As A Whistle Cleaners,41.87932830036084,-87.64879829990156,laundry
BP Shop,41.8313717004437,-87.61764640026115,convenience
Presidential Dental Associates,41.883348900331555,-87.64224160006972,dentist
Asadito,41.882683000020506,-87.64146999974065,restaurant
TenGoku Aburiya,41.88300310021293,-87.64437580010303,restaurant
Bonyeon,41.88285180007057,-87.64438400012148,restaurant
Taqueria Mexicana,41.88552599982506,-87.64300920021441,restaurant
Old Town Barbershop,41.885865600017496,-87.64398010020142,hairdresser
LÝRA,41.88658960012998,-87.65006119986447,restaurant
Rose Mary,41.88693509987502,-87.65119190038587,restaurant
Bisous,41.886883199999716,-87.65133379991488,bar
Walgreens,41.68053319984733,-87.53897990040207,pharmacy
Walgreens,41.70233610003106,-87.53586939995279,pharmacy
The Elephant,41.99717039989412,-87.7629223997489,restaurant
nan,41.87485759959861,-87.64619750011451,camera_surveillance
nan,41.80250249959073,-87.591986799751,post_box
nan,41.885962500169285,-87.61836769970955,bench
nan,41.885905000215644,-87.61824370028648,bench
nan,41.88585279996681,-87.61810549966901,bench
nan,41.88581420016527,-87.61797240000624,bench
Roofing Academy X,41.89161829964485,-87.62191590019859,school
Castle Car Wash,41.85232109993888,-87.72005119980298,attraction
nan,41.86243670039346,-87.70540610001149,post_box
Orange Garden,41.954427599753956,-87.67805389986756,restaurant
Walgreens,41.93931750010262,-87.67041819974008,pharmacy
The Dental Practice of Lincoln Park,41.9250364000099,-87.66496720017614,dentist
Bartoli's Pizzeria,41.94672979964059,-87.67829719975595,restaurant
Five Squared,41.906222800441924,-87.6484394002581,restaurant
Fat Chris's Pizza and Such,41.97626149956858,-87.67249909965369,restaurant
nan,41.8595529001463,-87.63318249977249,bench
nan,41.85902180011601,-87.63356079959118,bench
nan,41.85998760004776,-87.63349120015874,bench
Bella Mia,41.86111120042159,-87.62699210010533,beauty_shop
Top 10 Nail and Spa,41.768472799979804,-87.586601000136,beauty_shop
City Cleaners,41.764649399750056,-87.58564330039798,laundry
Walgreens,41.974441500175146,-87.80632419970203,pharmacy
Walgreens,41.98482809963713,-87.82253000005943,pharmacy
CVS Pharmacy,41.91344269992072,-87.80554380040604,pharmacy
Passport Health Chicago Travel Clinic,41.88288999967381,-87.6313582996458,clinic
Passport Health River North Travel Clinic,41.89592690030628,-87.63588410007111,clinic
Passport Health Fulton Market,41.885126899586794,-87.65422480013439,clinic
Passport Health Lakeview Travel Clinic,41.936659900034385,-87.64949200005572,clinic
Yolk,41.93273539981891,-87.64156439977717,restaurant
Adel's Hair Sensation Salon,41.93273680006331,-87.64094909982106,hairdresser
Duffey's Tavern & Bar,41.93300110002082,-87.64035119994787,bar
Dear Margaret,41.93579770020375,-87.66300240004068,restaurant
Afro Joe's Coffee & Tea,41.71429300032179,-87.66814920032527,cafe
Tony's Carryout,41.809177800215366,-87.62261349981316,fast_food
nan,41.932214599724034,-87.69708880010802,camera_surveillance
nan,41.931850000177405,-87.69749599964064,camera_surveillance
The UPS Store,41.83552330016022,-87.64598309994005,post_office
Grand Palace,41.84530789973985,-87.63266960022185,restaurant
Nomad,41.89723240025512,-87.63590999964674,cafe
DraftKings Sportsbook at Wrigley Field,41.94741949961025,-87.6548035003812,bar
Cafe Bionda,41.85577950042364,-87.62740069988234,restaurant
Subway,41.855869699726895,-87.62740160010372,fast_food
Fruitful Delight Smoothie & Juice Bar,41.86154440025393,-87.62699910042812,fast_food
KinderCare,41.86199579966649,-87.62707060012804,kindergarten
Cleaners,41.86211700039928,-87.62705809955162,laundry
Sploot Veterinary Care - Logan Square,41.926836799578666,-87.70408679996581,veterinary
nan,41.923641600079804,-87.80274830009392,post_box
Northwestern Medicine Imediate Care,41.89375580019009,-87.62010390027473,clinic
nan,41.92591370035706,-87.63888380044699,bench
nan,41.925895400052696,-87.63881689988,bench
nan,41.87706800008817,-87.6305729001192,bench
nan,41.87712790033237,-87.63057559988397,bench
nan,41.877121300207875,-87.63060079978703,bench
nan,41.877104499972745,-87.63058799973635,bench
nan,41.877036000411124,-87.63059240011916,bench
nan,41.877472300206534,-87.62632969995565,vending_parking
nan,41.87816860030074,-87.62740670015904,vending_any
Barnes & Noble Cafe,41.87801379999695,-87.62746630002971,cafe
Vivi Bubble Tea,41.877316599681365,-87.62745440020035,cafe
Nails Spa On State,41.87721160023523,-87.62745369962852,beauty_shop
The Northman Beer & Cider Garden,41.88826560007743,-87.62161399958637,bar
You Are on Potawatomi Land,41.888387399758756,-87.6236699999705,artwork
The Radiance of Being,41.888331300049515,-87.6255224001386,artwork
Caldwell Preserves,41.99755219987418,-87.78777249980101,tourist_info
nan,41.87644939962013,-87.6362330001528,bench
nan,41.87649199960617,-87.6362633999359,bench
nan,41.87653549981354,-87.63629250019869,bench
nan,41.876578499997834,-87.63632349982964,bench
nan,41.87662019976244,-87.6363521000693,bench
nan,41.876665000389494,-87.63638419957113,bench
nan,41.8765391996244,-87.63618220014837,bench
nan,41.87645249958325,-87.63618039970567,bench
nan,41.87662610021442,-87.63618270017145,bench
nan,41.876273299773004,-87.63090440011791,hotel
nan,41.876238299957606,-87.63090290004874,restaurant
Boni Vito Pizza,41.87677049985871,-87.63122479978466,restaurant
nan,41.876436599569445,-87.62950099997113,vending_parking
nan,41.87577380012084,-87.62831190017403,artwork
nan,41.87610449972294,-87.62625129975766,vending_parking
nan,41.875790700180744,-87.6266523002634,artwork
nan,41.87579160040207,-87.62627749970682,artwork
nan,41.8757750996412,-87.62699670013757,artwork
nan,41.875771600379096,-87.62737149979483,artwork
nan,41.875814200365085,-87.62519800028747,artwork
nan,41.87581940024518,-87.62495809983642,artwork
nan,41.87582550034659,-87.62472459986037,artwork
Paul Chambers Salon,41.87689900038862,-87.62511020037539,hairdresser
Osaka Sushi & Fresh Fruit Smoothies,41.87690620036091,-87.62457879997163,restaurant
nan,41.69100450015759,-87.6672657998767,post_box
nan,41.69166290012282,-87.67740560018825,post_box
nan,41.975809600133005,-87.90557269992013,toilet
nan,41.713998900428976,-87.66749159985739,artwork
nan,41.94157359964197,-87.71243000034423,camera_surveillance
nan,41.953362899578224,-87.74080789976472,camera_surveillance
nan,41.95301980012374,-87.74083680037802,camera_surveillance
nan,41.95295469999945,-87.7408337004149,camera_surveillance
nan,41.95336889985492,-87.74041770011672,camera_surveillance
nan,41.95337419955973,-87.7400465004456,camera_surveillance
nan,41.95317270016005,-87.74084210008283,camera_surveillance
Teriyaki Madness,41.97431060025406,-87.74590130010489,fast_food
The Gilded Lily,41.931209699967724,-87.71011179991962,hairdresser
Common Decency,41.932129700125586,-87.70711709977428,restaurant
Sam’s Cuts,41.93552470020478,-87.70729009965834,hairdresser
Discovery Clothing Company,41.93949779978368,-87.71224049969925,clothes
Orthodontic Experts,41.93907880024648,-87.71171120011178,dentist
1308,41.905715099872,-87.66012019968741,restaurant
nan,41.88631939972055,-87.71870819992347,bench
nan,41.886298100177214,-87.71873799985877,bench
Odyssey Chicago River,41.888977399987084,-87.62162879972931,attraction
nan,41.88002310038581,-87.65028969960991,bench
nan,41.87999650023835,-87.65034950002939,bench
nan,41.8802429000898,-87.65056159973801,bench
nan,41.88022669970246,-87.65054609992251,bench
nan,41.880230299688606,-87.6506110003973,bench
nan,41.88003300012292,-87.65043760031494,bench
Gateway Fountain,41.88012690013636,-87.6504674002503,fountain
nan,41.87158809991092,-87.64939519972864,toilet
nan,41.8719795999786,-87.6481425997012,vending_any
nan,41.87056849983645,-87.6487890000123,vending_any
nan,41.87029880034942,-87.64843089986607,vending_any
nan,41.87288129983216,-87.65041710026895,vending_any
nan,41.87500539957961,-87.65261920001603,vending_any
nan,41.87170590030712,-87.6506745995531,vending_any
nan,41.87380310043278,-87.65240860037659,vending_any
nan,41.87367919993517,-87.65252930018704,vending_any
Pullman Club Coffee Shop,41.69259120012384,-87.60807600030711,cafe
nan,41.88803150025359,-87.62757159984943,bench
nan,41.887970900336825,-87.62770780037465,bench
nan,41.889106199991204,-87.62744079975306,bench
nan,41.88910829990817,-87.62735030007627,bench
nan,41.889109600327856,-87.62725780030718,bench
nan,41.90314379964667,-87.67499959985162,bench
nan,41.90311020007573,-87.6774559001696,bench
nan,41.918100900336356,-87.63627979997273,artwork
Starbucks,41.92796509980957,-87.68213320038683,cafe
DaVita Dialysis,41.92601399994618,-87.68025289965158,clinic
Regis,41.91734799961057,-87.65950560030319,hairdresser
Noodles & Company,41.91767030044406,-87.65999940005224,restaurant
Palm Beach Tan,41.91917839966345,-87.660351400097,beauty_shop
nan,41.67067239981145,-87.64153590026154,post_box
nan,41.88881770017679,-87.62885259956778,swimming_pool
nan,41.96823010043886,-87.71833629968046,post_box
nan,41.97091269986129,-87.72859369983934,laundry
nan,41.874701399949686,-87.76153410011858,camera_surveillance
nan,41.873809900206766,-87.7614982000818,camera_surveillance
nan,41.87844160029965,-87.76471999972819,camera_surveillance
nan,41.88013689969824,-87.76470750005103,camera_surveillance
nan,41.88019589972106,-87.76469839981127,camera_surveillance
nan,41.880411999614125,-87.76175170008088,camera_surveillance
nan,41.88051759980743,-87.75744339979303,camera_surveillance
nan,41.87939849964107,-87.75773930012855,camera_surveillance
nan,41.88021550044505,-87.75881549993534,camera_surveillance
nan,41.87833430038768,-87.76166969989669,camera_surveillance
nan,41.88049609971529,-87.75523810025811,camera_surveillance
nan,41.877463299791486,-87.75504429995442,camera_surveillance
nan,41.87849510006885,-87.74925709963543,camera_surveillance
nan,41.87940220035131,-87.74929280002266,camera_surveillance
nan,41.87565659957244,-87.75497990040202,camera_surveillance
nan,41.87405360029345,-87.75474500018157,camera_surveillance
nan,41.872988499919416,-87.75755030040602,camera_surveillance
nan,41.87396940036757,-87.74910349992655,camera_surveillance
nan,41.874871600244205,-87.74913300038764,camera_surveillance
nan,41.87511499995736,-87.74518399994162,camera_surveillance
nan,41.87584229968246,-87.75347969992816,camera_surveillance
nan,41.87690260037476,-87.7449852003067,camera_surveillance
nan,41.75276049989719,-87.64254620044676,fountain
nan,41.752803900279844,-87.64308880010799,memorial
Tuskeegee Airmen,41.7535744996635,-87.64396520023377,memorial
nan,41.66338859990401,-87.59108679961605,artwork
nan,41.90339590030061,-87.66931520013634,waste_basket
nan,41.79321939975557,-87.73307020032945,camera_surveillance
nan,41.79312609958987,-87.72425999999894,camera_surveillance
nan,41.79328690017036,-87.72359089990005,camera_surveillance
nan,41.793422699597954,-87.71589969991118,camera_surveillance
nan,41.79344099990226,-87.7046312000698,camera_surveillance
nan,41.79381280032055,-87.69096639997935,camera_surveillance
nan,41.79386720031113,-87.6878344003373,camera_surveillance
nan,41.79377140003015,-87.68418969989472,camera_surveillance
nan,41.79195370020318,-87.68413439968276,camera_surveillance
nan,41.794085300296445,-87.6426500001973,camera_surveillance
nan,41.794014899568026,-87.63774360038678,camera_surveillance
nan,41.79465879976385,-87.63189820044158,camera_surveillance
nan,41.794045099701634,-87.63180070044194,camera_surveillance
nan,41.79426700022191,-87.65233619955592,camera_surveillance
nan,41.79423820033276,-87.65474829999403,camera_surveillance
nan,41.79417579997323,-87.6596175002474,camera_surveillance
nan,41.794145800388435,-87.66083289981844,camera_surveillance
nan,41.79408680036562,-87.66481310044418,camera_surveillance
nan,41.79401979997385,-87.6741897999193,camera_surveillance
nan,41.68876379970965,-87.60944329986836,memorial
nan,41.71652950003647,-87.60428409973139,post_box
Laramie Ave & Irving Park Rd,41.953189000372106,-87.75840309962331,bicycle_rental
Grace St & Central Ave,41.9494735997269,-87.7670505001804,bicycle_rental
Marmora Ave & Irving Park Rd,41.952904700391684,-87.77439230006456,bicycle_rental
Narragansett Ave & School Ave,41.94009950019182,-87.78629840035086,bicycle_rental
Central Ave & Altgeld St,41.92574590035309,-87.76584629986678,bicycle_rental
Meade Ave & Fullerton Ave,41.92357430021383,-87.77807069990286,bicycle_rental
Mason Ave & Grand Ave,41.92047220033186,-87.77428779974213,bicycle_rental
Lockwood Ave & Grand Ave,41.91750200041702,-87.75853930014853,bicycle_rental
Pine Ave & Division St,41.90199850043052,-87.76391479982811,bicycle_rental
Kildare & North Ave,41.90947669959007,-87.73377929957496,bicycle_rental
Karlov Ave & Armitage Ave,41.91740949974866,-87.7289221996997,bicycle_rental
Cicero Ave & Wrightwood Ave,41.927963599740394,-87.74677899975097,bicycle_rental
Long Ave & Belmont Ave,41.93834009981583,-87.76167239966145,bicycle_rental
Laramie Ave & Addison Ave,41.94574010022552,-87.75701470016821,bicycle_rental
Major Ave & Addison St,41.945725300082586,-87.7691130997897,bicycle_rental
Mango Ave & North Ave,41.9090312995549,-87.7696170996494,bicycle_rental
Lawler Ave & North Ave,41.90965299998601,-87.75228650012184,bicycle_rental
Harding Ave & Division St,41.90256379987949,-87.72500419978394,bicycle_rental
Harding Ave & Chicago Ave,41.89529709968144,-87.72471920013095,bicycle_rental
Hamlin Ave & Grand Ave,41.90399459967108,-87.72155610013385,bicycle_rental
Lowell Ave & Armitage Ave,41.916820100267444,-87.73501529991614,bicycle_rental
St. Louis Ave & Foster Ave,41.97610219995664,-87.71606530017345,bicycle_rental
Kostner Ave & Bryn Mawr Ave,41.98270740022639,-87.73825129985755,bicycle_rental
Granville Ave & Pulaski Rd,41.99259400001313,-87.72893389987956,bicycle_rental
Ardmore Ave & Central Park Ave,41.986652100114384,-87.71884190033342,bicycle_rental
Bernard St & Peterson Ave,41.990487400173436,-87.7151406999833,bicycle_rental
Fairfield Ave & Pratt Blvd,42.004708900395485,-87.69852960036076,bicycle_rental
Sacramento Ave & Pratt Blvd,42.004053399844565,-87.70469160033707,bicycle_rental
Sacramento Ave & Lunt Ave,42.00821990042812,-87.70461699977466,bicycle_rental
California Ave & Touhy Ave,42.01200679987397,-87.70004469990295,bicycle_rental
Reid Bar,41.88790930037396,-87.63227860017724,bar
Subway,41.888803099683344,-87.63229719995576,fast_food
Ssyal,41.96806429962777,-87.73314010013547,restaurant
Chicago Kalbi BBQ,41.96843280043345,-87.72278019974641,restaurant
The Polo Inn,41.83363490013056,-87.65121240043192,motel
nan,41.887892699788324,-87.63316170025223,bench
nan,41.88789209994053,-87.63311040022478,bench
nan,41.887892699788324,-87.63300589990234,bench
nan,41.887892699788324,-87.63295059969039,bench
nan,41.88789300016185,-87.63290019988426,bench
nan,41.88799379977411,-87.63292899977347,bench
nan,41.88799379977411,-87.63296880016998,bench
nan,41.88800569960341,-87.63286129970919,bench
nan,41.88800440008305,-87.63304399968081,bench
nan,41.888003999884745,-87.63308120013721,bench
nan,41.887991799681856,-87.63313999961127,bench
nan,41.88799150020765,-87.63318249977249,bench
nan,41.88800340003695,-87.6332470998737,bench
nan,41.88800759987089,-87.63276939978795,bench
nan,41.88798440006008,-87.63276860029066,bench
Lee Orthodontics,41.831181599950924,-87.64595759966346,dentist
nan,41.65154699989421,-87.52759110004916,camera_surveillance
nan,41.65155279962204,-87.52759999974018,camera_surveillance
Go Technology Group Inc,41.88915790021696,-87.67283769979997,computer_shop
Jinsei Motto,41.88460119998547,-87.64213849999174,restaurant
nan,41.887931599963395,-87.63485920029183,bench
Kedzie Ave & 73rd St,41.76068719995436,-87.7022408002727,bicycle_rental
Central Park Ave & 66th St,41.77328689967072,-87.71309150027247,bicycle_rental
nan,41.88740269967491,-87.63836360019997,bench
nan,41.88735300044067,-87.63832960043067,bench
nan,41.887312799845915,-87.63828240041244,bench
nan,41.88739980026065,-87.6382955997621,bench
nan,41.887349199905714,-87.6382662000251,bench
nan,41.887302699559996,-87.63822290036654,bench
nan,41.88722170032128,-87.63811279996571,bench
nan,41.88715650037227,-87.63798990041352,bench
nan,41.88717100014162,-87.63732769991339,bench
nan,41.8872326999292,-87.6372082996233,bench
nan,41.8873374997259,-87.63704210041254,bench
nan,41.887444400338836,-87.63685969991519,bench
nan,41.88760250025524,-87.63701989974851,bench
nan,41.88757730035218,-87.63691069956911,bench
nan,41.88763750007064,-87.63678439968027,bench
nan,41.88766479989067,-87.63666100010505,bench
nan,41.887623600149084,-87.63805329991982,bench
nan,41.88755540006173,-87.63805630005817,bench
nan,41.887554400015574,-87.63795339962968,bench
nan,41.88748600027873,-87.63793830001248,bench
nan,41.88748250011736,-87.63805329991982,bench
nan,41.88741270013605,-87.6380500003072,bench
nan,41.887414700228305,-87.63793560024772,bench
nan,41.888077800050496,-87.62594200042292,toilet
Lil' Ba-Ba-Reeba!,41.890426000059904,-87.6309156002747,restaurant
3rd Coast Cycles,41.88489699959689,-87.61326989988595,bicycle_shop
nan,41.88431439988972,-87.61314009983568,fast_food
nan,41.852947000203926,-87.63220200042196,camera_surveillance
nan,41.85291699971981,-87.63219869991002,camera_surveillance
nan,41.852710099891226,-87.63186900035407,camera_surveillance
nan,41.857762099941,-87.63877250035057,camera_surveillance
nan,41.85776440040678,-87.63885460035948,camera_surveillance
nan,41.88797489962195,-87.62802760019355,camera_surveillance
nan,41.903303299807476,-87.66725030006126,camera_surveillance
nan,41.90738299962578,-87.67270379974053,camera_surveillance
nan,41.90740570031289,-87.67267940023407,camera_surveillance
nan,41.90324870016741,-87.66724889981685,camera_surveillance
nan,41.910133499661356,-87.6772131003043,camera_surveillance
Comfort Dental Studio,41.79963570012751,-87.59226019994821,dentist
AT&T,41.81764519966629,-87.72421790003602,mobile_phone_shop
European Wax Center,41.81758020026609,-87.72421520027126,beauty_shop
Visionworks,41.81469620036938,-87.72249289962758,optician
nan,41.884935700122526,-87.6396578001673,laundry
nan,41.88487670009971,-87.63965549970152,beauty_shop
Jerk Yard,41.79962850015522,-87.59453390011936,restaurant
Starbucks,41.94283470006144,-87.6710218004157,cafe
Apolonia,41.8526393996886,-87.62357230032137,restaurant
Stan's Donuts & Coffee,41.880696299594604,-87.64761990023817,cafe
DTLR,41.8090872996392,-87.67757509991088,clothes
Gary Comer College Prep Middle School,41.764578800271465,-87.59979680018216,school
nan,41.77422050027593,-87.66394550018464,post_box
Dunkin',41.99445760033802,-87.65913389970967,fast_food
Gathers Tea Bar,41.86955740015395,-87.65732029989186,cafe
Bar 10 Doors,41.86924139997069,-87.65877419966955,restaurant
nan,41.873893600109625,-87.65604049986916,vending_parking
nan,41.873925099763596,-87.65497860018223,vending_parking
nan,41.874253099600935,-87.65227320024798,shelter
nan,41.874251300057495,-87.65219260030824,bench
nan,41.87425089985919,-87.65222800032194,bench
nan,41.87423370032508,-87.65221000039116,bench
Rebel & Rye,41.89135279999175,-87.6470552995624,bar
Play for Peace,41.879343599627475,-87.64980199996228,artwork
Fioretta,41.887220399901594,-87.65148250011725,restaurant
Tapicozza,41.88577289969959,-87.65241080011828,restaurant
West Loop Mart,41.885774100294555,-87.65258360035284,convenience
Riccardo Osteria,41.8854000003098,-87.65313449985723,restaurant
Dunkin',41.8853935998348,-87.65276630032446,fast_food
Matcha Cita,41.885403799945436,-87.65286690028717,cafe
CVS Pharmacy,41.8857188000826,-87.65361050022437,pharmacy
Pasta Veneta,41.88687299988908,-87.65663600035111,restaurant
Lou Malnati's Pizzeria,41.88395169971125,-87.65807600020719,restaurant
Vetique,41.89784210013289,-87.63108900035706,veterinary
Near North Animal Hospital,41.904076099832196,-87.63429780030322,veterinary
GoodVets Streeterville,41.89163729962172,-87.6210338001697,veterinary
Hoka,41.890693900003555,-87.62446380006429,sports_shop
nan,41.88463800024357,-87.64411879994265,waste_basket
nan,41.884288299765274,-87.644093299666,post_box
nan,41.87979719968109,-87.64416340002083,waste_basket
nan,41.87949859958076,-87.64415670007162,waste_basket
nan,41.879197100066165,-87.64421970027888,post_box
Drexel Ave & 60th St,41.78581470038819,-87.60467180016343,bicycle_rental
University Ave & 59th St,41.787876999623904,-87.59893649971963,bicycle_rental
Woodlawn Ave & 58th St,41.789385999964,-87.59649730001036,bicycle_rental
Harding Ave & 31st St,41.83669840021105,-87.72304880026189,bicycle_rental
Kostner Ave & Devon Ave,41.99713769964518,-87.73870790004952,bicycle_rental
Panama Ave & Grace St,41.94767170008896,-87.82924200021807,bicycle_rental
Potbelly,41.88305490026352,-87.63882480042417,fast_food
The Outpost Mexican Eatery,41.882025000253634,-87.63949200025559,restaurant
nan,41.880765700276925,-87.63941770006676,artwork
nan,41.880843700276614,-87.63941899958712,artwork
nan,41.88092349981969,-87.63942210044956,artwork
Andersonville Hardware Store,41.97358669996629,-87.66833839969735,doityourself
nan,41.97398149964653,-87.66801969974932,beauty_shop
nan,41.97405710025504,-87.66803399986918,beauty_shop
Dollop,41.97423389977473,-87.66835720002473,restaurant
Foursided,41.97426109976999,-87.66805430026568,gift_shop
Robert Jeffrey,41.97566790025343,-87.6685300002593,hairdresser
nan,41.97603170030277,-87.66829379961911,post_box
Konak Pizza and Grill,41.975881599855995,-87.66852450000562,bar
Ethan Lord Jewelers,41.88194950036922,-87.62578190041432,jeweller
nan,41.975934499777395,-87.66852910003792,bakery
nan,41.97599049966186,-87.66827550021412,atm
nan,41.975417199843946,-87.66847889988128,atm
Cuckoo,41.97565329976004,-87.66819869991002,restaurant
Winona,41.9754077003052,-87.66818470016375,laundry
Jet's Pizza,41.974175200125444,-87.66835050007546,restaurant
Jimmy John's,41.974701200100355,-87.66809249986892,fast_food
Clark Haus,41.97417089956741,-87.66803879955091,convenience
Subway,41.991013900171424,-87.67937469998236,fast_food
Olivoflowers Boutique,41.92507409959006,-87.68825649983756,florist
JaKaylaMadeBeauty,41.85785060042491,-87.64957469991242,beauty_shop
Ossama's Hair Design,41.8023329998681,-87.5867536996235,hairdresser
Roscoe Books,41.94332720029013,-87.6825932998409,bookshop
Medrina,41.8896279003074,-87.62299190035588,doctors
nan,41.88314940012475,-87.623658699989,bench
nan,41.8831463999864,-87.62395649969267,bench
nan,41.88221940040506,-87.62363910016433,bench
nan,41.88221380032667,-87.62391210016324,bench
Fat Miilk Uptown,41.9733156002348,-87.65998829972023,cafe
Fry Like An Eagle,41.925065500272694,-87.68852189966589,restaurant
nan,41.97866980037105,-87.89773179968279,toilet
nan,41.97852859961523,-87.8964600998537,toilet
nan,41.97868230004815,-87.89698890031747,toilet
nan,41.80739210006544,-87.7476457996139,comms_tower
Jamba,41.898977799985516,-87.62371949955525,fast_food
Enterprise,41.89188459969455,-87.62744250037105,car_rental
Hertz,41.88947569994366,-87.62779429986699,car_rental
nan,41.80071559974516,-87.60151630033698,bench
nan,41.80064169975469,-87.60157569965878,bench
nan,41.80067880038638,-87.6015528002215,bench
nan,41.89746240006974,-87.62474430040908,camera_surveillance
nan,41.89687840011811,-87.62443660006898,camera_surveillance
nan,41.89822449996075,-87.62616819970259,artwork
nan,41.90119309998164,-87.6231038003001,bench
nan,41.90119309998164,-87.62303930002366,bench
nan,41.90119169973718,-87.6229427002454,bench
Yes And,41.79521699996462,-87.59728140001658,artwork
KIPP Bllom College Prep,41.793214699898556,-87.64109839987123,school
Starbucks,41.89320930016913,-87.62291540042537,cafe
Sweetgreen,41.92662090023441,-87.70371160011024,fast_food
KFire,41.92711379976208,-87.70451539976585,restaurant
nan,41.88202309998616,-87.64110280025398,waste_basket
nan,41.987167800153884,-87.68858840003458,toilet
Robert R. McCormick,41.850677999889854,-87.61777139973026,memorial
nan,41.89035710029998,-87.6964925999535,comms_tower
North Shore Exchange in the City,41.89981789987621,-87.62495619956894,clothes
My Sister's Circus,41.899817100378925,-87.62502970026043,clothes
Ragstock,41.898198999684155,-87.62259690012678,clothes
The Stripp Joynt,41.9566719001881,-87.72374250041605,doityourself
Christ the King Jesuit College Prep,41.877053899617806,-87.75284280005513,school
DS Bicycles,41.957796700257575,-87.72480909995994,bicycle_shop
Chicago Bibles & Books,41.953513099849715,-87.7262952997882,bookshop
Miler High Life Sky Lounge,41.83064439981922,-87.6332287995694,bar
Garenteed Rate Club,41.83046749957549,-87.63474020020004,bar
Mayor Harold Washington,41.87634860000793,-87.6279057996129,artwork
Mayor Harold Washington,41.87634790033536,-87.62784209973307,memorial
Dunkin',41.879258500379535,-87.63395620001859,fast_food
La Grande Boucherie Chicago,41.89026039979768,-87.6293783998932,restaurant
Olio E Piu,41.8906027995796,-87.62937620015146,restaurant
North Loop Market,41.88805329982,-87.62916120012926,convenience
Ikigai,41.8967126002064,-87.63844139965084,restaurant
Fruve Xpress Juicery,41.79963849971705,-87.59205780032721,fast_food
Jordyn's Soul Cafe,41.79968120042713,-87.58860230015597,restaurant
nan,41.873350600250035,-87.64681980039342,drinking_water
nan,41.87331480003803,-87.64684140031034,waste_basket
nan,41.87615290033614,-87.64633340026614,camera_surveillance
nan,41.87577399977033,-87.64459039992698,camera_surveillance
nan,41.87610840008267,-87.6451866000815,camera_surveillance
Edison Regional Gifted Center,41.971237099712425,-87.70953270037381,school
Albany Park Multicultural Elementary,41.970894199907434,-87.70951790023088,school
Aspira Haugen Middle School,41.96628959998509,-87.72223090013591,school
Acero: SPC Daniel Zizumbo Elementary School,41.80828969990978,-87.73075829965575,school
Acero: PFC Omar E. Torres Elementary School,41.80854679989494,-87.73076389973414,school
Major Hector P. García M.D. High School,41.8091218003309,-87.73080599969711,school
nan,41.940412900435035,-87.63902779989303,bench
nan,41.94044430026429,-87.63904660022041,bench
nan,41.94047830003359,-87.63906799958846,bench
nan,41.940512199978116,-87.63909080010029,bench
nan,41.84249040021183,-87.69526640042398,post_box
North Lawndale College Prep - Collins,41.86350279991433,-87.700331900197,school
nan,41.87429320037097,-87.65004920021039,post_box
nan,41.87453290027321,-87.64977510034055,waste_basket
nan,41.87457710015309,-87.6500072000722,waste_basket
nan,41.872872400141205,-87.65065020004664,waste_basket
nan,41.87303789967939,-87.65025230040328,waste_basket
nan,41.87384259955638,-87.64976640029909,waste_basket
nan,41.873729400091804,-87.64993480015085,waste_basket
nan,41.87390519956534,-87.6499947003951,bench
nan,41.873886499962055,-87.65001509971705,bench
nan,41.87389119981907,-87.64999339997541,bench
nan,41.87312220032936,-87.65161199979394,waste_basket
nan,41.876526500297814,-87.64961410011057,post_box
GoodVets,41.8777752997903,-87.6499468996297,veterinary
Sonder Greektown,41.87740100015611,-87.64751129990651,hotel
nan,41.88323079956183,-87.64759299971712,post_box
nan,41.88299759995931,-87.64730099974133,waste_basket
No Vacancy,41.891161499803445,-87.63386830028179,restaurant
Dorie Miller Child Parent Center,41.87405439979079,-87.70188110023253,kindergarten
Fox Hair,41.95286480017046,-87.67770039975363,hairdresser
Raizes Mexican Cocktail Bar,41.95299620011457,-87.6777863002975,bar
Kidz Max,41.95365529975231,-87.67857100015152,clothes
Kangaroo Kids,41.957706300405505,-87.67865169991597,toy_shop
Ann Cleaners,41.95764060043342,-87.67868299992045,laundry
Apero Wine Bar,41.95753669995878,-87.68130810028856,bar
Irene's,41.95430970043236,-87.67945899973301,restaurant
Nuri's Cleaners & Tailor,41.957433099857724,-87.68085669997669,laundry
Holy Nails,41.957172700259946,-87.68106619974526,beauty_shop
Lincoln Square Pottery Studio,41.95732300035621,-87.68116049995706,arts_centre
Dental Clinic,41.95723730036116,-87.68073889958049,dentist
Lucky Mini Mart,41.95612909997806,-87.67996379998937,convenience
SeatingHub,41.95486510014433,-87.67941649957174,furniture_shop
Cell Phone Repair,41.954454299726194,-87.6786203999115,mobile_phone_shop
nan,41.88889710042088,-87.649451900185,waste_basket
Tytin,41.95608769968766,-87.67983669970391,jeweller
The Parlor Beauty Lounge,41.955859399591645,-87.68039139974326,beauty_shop
Fringe & Flora,41.95585750022349,-87.68047759976139,hairdresser
Stella's Mediterranean Grill,41.954263600285,-87.68376699964728,restaurant
Brows Threading,41.95395580012013,-87.68211730037308,beauty_shop
Tortorice's Pizza,41.953948500323065,-87.68144310021887,restaurant
The Bevy Salon,41.953979300304525,-87.68088909985204,hairdresser
Blooms,41.953980699649605,-87.68095779996247,florist
US Merchant Marine Memorial,41.89186339997599,-87.59901249962712,memorial
USS Illinois Bell,41.89137249964119,-87.60152300028619,memorial
Chicago VA Clinic,41.86695959960588,-87.69566799987825,clinic
Tamu,41.883299700221016,-87.64776799969337,restaurant
Bourbon On Division,41.90332749966444,-87.67925069966003,restaurant
Montauk Sofa,41.885075800108154,-87.65806050039174,furniture_shop
Movement Wrigleyville,41.94701509966717,-87.65766829975217,sports_centre
U.S. Bank,41.694273399997485,-87.59929700015641,bank
nan,41.752384399820244,-87.68306949985748,post_box
Frank's Shrimp House,41.95353950034769,-87.75308090006342,fast_food
Pure Cleaners,41.90342789997766,-87.67895580026993,laundry
nan,41.90859820044665,-87.67713010007401,bench
nan,41.907387499833305,-87.67515330028453,bench
nan,41.90741150004072,-87.67519199991085,bench
Wild Onion Market,42.00938340012385,-87.67369679966754,supermarket
Cartier,41.90057319999323,-87.62772180012092,jeweller
Patagonia,41.900107600285594,-87.62661070032351,clothes
Tory Burch,41.900587599937865,-87.62656639971954,clothes
Harry Winston,41.90063939998839,-87.62626430035715,jeweller
VINCE.,41.901058199876104,-87.62544869979763,clothes
Maje,41.900920400356256,-87.62563849991682,clothes
COS,41.90093430027781,-87.6265919998209,clothes
Brandy Melville,41.900090600400915,-87.62789870036471,clothes
nan,41.86814449956904,-87.6325113995814,waste_basket
nan,41.86813490020552,-87.63266610006042,waste_basket
nan,41.869471499610086,-87.63285700005048,waste_basket
nan,41.86948850039403,-87.63262769990837,waste_basket
nan,41.86912719956064,-87.63276140031832,waste_basket
nan,41.86912830033083,-87.63262889960401,waste_basket
Potsticker House,41.83690610043624,-87.64603540001366,restaurant
Four Seasons Dumplings,41.83600599957725,-87.64600150006913,restaurant
Happy Lamb Hot Pot,41.835912300112625,-87.64601180000454,restaurant
nan,41.981672900184265,-87.90513740017087,drinking_water
nan,41.97778349960885,-87.91037329988785,vending_any
Wicker Park Market,41.97741990010837,-87.91046250004433,convenience
nan,41.978827300439605,-87.91011510003182,tourist_info
nan,41.9806416997547,-87.90634740021233,vending_any
nan,41.97922649960333,-87.91021350025278,vending_any
CVS Pharmacy,41.98065709974543,-87.90634320037833,vending_any
nan,41.98067359960697,-87.90633910036917,vending_any
nan,41.98068870012344,-87.90633739975118,vending_any
nan,41.979137099797356,-87.90669189991121,atm
nan,41.98168749977833,-87.905096300254,vending_machine
nan,41.97822619987926,-87.91053730025618,drinking_water
nan,41.978638000343494,-87.91012120013323,drinking_water
Planned Parenthood,41.986268600415656,-87.65966709965687,clinic
nan,41.873556900230824,-87.65308400022639,toilet
La Malinche Coffee & Tea House,41.853752899776566,-87.64673999995102,cafe
nan,41.87993009969438,-87.64721939975544,waste_basket
nan,41.88015889981341,-87.64740860002684,waste_basket
nan,41.88055840025004,-87.64749799983281,waste_basket
nan,41.88140439969334,-87.64745019996673,waste_basket
Green St / Washington Blvd,41.88319870006001,-87.64879319984624,bicycle_rental
Green St / Randolph St,41.883629299952304,-87.64867140016497,bicycle_rental
CM Chicken,41.926592299994695,-87.64090339987195,restaurant
Subway,41.92613660002411,-87.64062860032959,fast_food
Cairo Kebab,41.864911899964284,-87.64638680021062,restaurant
nan,41.89346049970237,-87.6244227999722,post_box
nan,41.97579899982401,-87.71103880040027,post_box
Drip Collective,41.885067299716184,-87.65700629980086,cafe
nan,41.97328559975068,-87.6600157002643,artwork
nan,41.96497089978726,-87.6597717996288,bench
nan,41.96495039974121,-87.65977159997931,bench
nan,41.891559199797314,-87.62795799986179,post_box
Atlas Stationers,41.88557979996784,-87.63504760016656,stationery
nan,41.89196419958819,-87.60998689957574,post_box
nan,41.83026889959012,-87.67538289990085,post_box
nan,41.83054040041918,-87.67489220011493,artwork
ML Kitchen,41.86960119983553,-87.65578869958875,restaurant
Mochinut,41.86928719974452,-87.65578780026675,fast_food
nan,41.94306469987606,-87.63515709982028,bench
nan,41.94322520008296,-87.63488519969218,bench
nan,41.87248540028105,-87.63350579975281,post_box
nan,41.928348200209314,-87.63417759961646,toilet
nan,41.78882629969405,-87.74194480021231,drinking_water
nan,41.786743299863474,-87.74533949991797,drinking_water
AD&B America's Dog,41.78786469959624,-87.74221940010517,fast_food
nan,41.786720799725174,-87.74536069963654,toilet
nan,41.787126000064916,-87.74483390016434,drinking_water
R.J. Grunts Burger And Fries,41.78715119996798,-87.74479969984623,fast_food
Garrett Popcorn Shops,41.78730900041012,-87.74459330004072,fast_food
Caffé Vita,41.78797299955431,-87.74213899981493,cafe
nan,41.78771910025631,-87.74410310027781,drinking_water
Beecher's Handmade,41.787986000153865,-87.74209089957532,fast_food
nan,41.78769240028407,-87.74413900031459,toilet
nan,41.788417299718674,-87.7430210000191,toilet
nan,41.78841769991698,-87.7429910004343,drinking_water
nan,41.78934919970584,-87.74202070029503,toilet
Battle Of Midway Memorial,41.78769269975834,-87.74173750018542,memorial
nan,41.78670169992358,-87.74538839965487,atm
The Technology,41.78754060011863,-87.74173519971964,tourist_info
The Chicago Connection,41.78750980013723,-87.74173409984877,tourist_info
nan,41.789219100181356,-87.74197749956193,drinking_water
nan,41.786766499674286,-87.7452985996506,toilet
Chicago Police Department,41.78896760027459,-87.74194220027226,police
nan,41.786678400288,-87.7419566002169,toilet
nan,41.786640699808515,-87.74195620001859,drinking_water
nan,41.78637909961583,-87.74177519976564,playground
nan,41.78508860035868,-87.7431276002585,toilet
nan,41.78510789980976,-87.74310250018021,drinking_water
nan,41.785551000278474,-87.74250379991042,atm
nan,41.78562300000152,-87.74277710028292,toilet
nan,41.785645199766236,-87.74275389957279,drinking_water
nan,41.7888896002749,-87.74194409964042,toilet
Garrett Popcorn Shops,41.788226399728615,-87.74265789964232,fast_food
nan,41.785937400290834,-87.74193479975116,drinking_water
nan,41.78593170038772,-87.74193500029997,toilet
nan,41.78591650004648,-87.741915000277,toilet
The Battle,41.787616699850844,-87.74173450004713,tourist_info
Departure News,41.7843833996742,-87.7417436002869,newsagent
nan,41.78409890004423,-87.7419858003044,toilet
nan,41.78407909967075,-87.74201129968168,toilet
nan,41.784299699771395,-87.74188349972371,drinking_water
nan,41.7843488000571,-87.74189329963605,toilet
nan,41.785664400291864,-87.74273560016775,toilet
nan,41.784712100083425,-87.74168520011187,vending_any
nan,41.78738839975489,-87.74493629967043,toilet
nan,41.78781989986851,-87.74216269964882,toilet
The Hi-Lo,41.90150359991128,-87.69705940037102,bar
Lucy’s Fried Chicken & Burgers,41.90055930007168,-87.69659079962565,fast_food
nan,41.83980419990394,-87.60426259963924,lighthouse
nan,41.9032838996323,-87.67847829983361,bench
nan,41.86573890033003,-87.60674380038603,bench
nan,41.86574639977658,-87.60665789984216,bench
nan,41.865756699711994,-87.60659279971787,bench
nan,41.86577449999322,-87.60651910027622,bench
BFF Bikes,41.91938469964424,-87.67783729995142,bicycle_shop
Huaraches Mexican Restaurant,41.91810789975983,-87.6774450003864,restaurant
nan,41.88779230037443,-87.62108870018335,post_box
Italian Homemade Company,41.88659029980255,-87.6516401998353,restaurant
Bar La Rue,41.88696589985642,-87.64842700040572,restaurant
La Serre,41.887062600358774,-87.64846699955234,restaurant
Sunda,41.887648399853845,-87.64844079960318,restaurant
nan,41.88683109957566,-87.65209749969983,waste_basket
nan,41.88682729993997,-87.64974500003171,waste_basket
nan,41.879244899932246,-87.65001330017361,bench
Halsted St / Fulton St,41.88686479987069,-87.6481100001763,bicycle_rental
nan,41.88667189978838,-87.64875619993865,waste_basket
nan,41.88683780042419,-87.64970859997186,bench
nan,41.88683819972317,-87.64966890029945,bench
nan,41.88683850009676,-87.64962170028122,bench
nan,41.88672090024937,-87.64961949964015,bench
nan,41.88671859978359,-87.64970719972746,bench
nan,41.88672240031855,-87.64997439999854,waste_basket
nan,41.886839500142855,-87.65000679987389,bench
nan,41.886838599921475,-87.65006169988749,bench
nan,41.88670710015259,-87.65000560017825,bench
nan,41.88670529970989,-87.65007490013647,bench
nan,41.88683059955258,-87.65087540017953,waste_basket
nan,41.886840199815424,-87.65085320041482,bench
nan,41.886840400364235,-87.65081950011978,bench
nan,41.88670660012957,-87.6511618999017,bench
nan,41.88670579973291,-87.65120299981857,bench
nan,41.88668090020343,-87.65116780035368,waste_basket
nan,41.88670760017567,-87.65205300034563,waste_basket
nan,41.886806200046124,-87.65199529984318,bench
nan,41.88680560019833,-87.65195219983411,bench
nan,41.88677800000477,-87.65231599988346,waste_basket
nan,41.88680240041049,-87.65232319985574,tourist_info
nan,41.913709900191805,-87.6776157996294,waste_basket
nan,41.914664900165064,-87.67737449983326,drinking_water
nan,41.91631339974367,-87.677685999809,waste_basket
nan,41.87912689988656,-87.66336190043131,drinking_water
Roti,41.885923799643706,-87.625185499711,restaurant
nan,41.95510570026789,-87.84556669994322,drinking_water
Ventra,41.977750900084004,-87.90323920022888,vending_any
Sunshine Daydream,41.91018560008541,-87.67555179977569,restaurant
nan,41.87499880035443,-87.65399840030591,vending_parking
nan,41.88317889968653,-87.64959569998155,post_box
nan,41.877876399776085,-87.6473932000361,post_box
Copper Moon,41.87802450013061,-87.64710720033696,artwork
West Loop Market,41.882918799563015,-87.65109960026632,convenience
Paris Baguette,41.87782390005299,-87.64473230035532,bakery
Sang's Kitchen,41.877851100048304,-87.64457139995011,restaurant
Izakaya Yume,41.877797299905524,-87.64456689974259,restaurant
So Gong Dong Tofu & Korean BBQ,41.87773569994266,-87.64456689974259,restaurant
Wings of Mexico,41.89013049992269,-87.62467579994819,artwork
Elizabeth St / Fulton St,41.886719599829746,-87.65954720024308,bicycle_rental
nan,41.884229199917684,-87.64762129958325,waste_basket
nan,41.879839000169795,-87.6497178000364,bench
nan,41.88013260003953,-87.64974149987029,bench
nan,41.88044259994609,-87.64419550042197,waste_basket
nan,41.88584719988842,-87.64436319970184,post_box
nan,41.88575329987492,-87.64529890022402,waste_basket
nan,41.88552899996341,-87.64737679999928,waste_basket
nan,41.88465020044646,-87.647344900147,waste_basket
nan,41.880393800033914,-87.64990960024784,bench
nan,41.88418009963192,-87.64753520028921,post_box
nan,41.883268000018234,-87.64751399967133,waste_basket
nan,41.88329529983827,-87.64730690019326,waste_basket
nan,41.88303690033274,-87.64750569982817,waste_basket
nan,41.88189539985285,-87.64746969996662,waste_basket
nan,41.8816500000475,-87.64725090030879,waste_basket
nan,41.88208079958929,-87.6480079999692,post_box
nan,41.8818455000698,-87.64837089979716,waste_basket
nan,41.8818215996871,-87.6495462003968,waste_basket
nan,41.88166699993218,-87.64984979982836,waste_basket
nan,41.87924620035193,-87.64982409990228,waste_basket
nan,41.88179329982097,-87.65105689955624,post_box
nan,41.881621800006144,-87.65185970006507,waste_basket
nan,41.88179420004235,-87.65188289987589,waste_basket
nan,41.880358900043234,-87.65182229995912,waste_basket
nan,41.88037589992791,-87.6504873004485,bench
nan,41.881791600102304,-87.6510351998146,waste_basket
Desplaines St / Randolph St,41.883692800182644,-87.64424240006667,bicycle_rental
Clinton St / Madison St,41.88277980034758,-87.64119649971866,bicycle_rental
Kraff Eye Institute,41.8829315996137,-87.62681600025815,doctors
nan,41.88413620012557,-87.65341789961633,tourist_info
nan,41.90327759988139,-87.67745170033567,waste_basket
Target,41.95383470011137,-87.74653459999178,department_store
nan,42.008018499953835,-87.66739280033744,beauty_shop
Rogers Park Florist,42.00775520004248,-87.66648190041934,florist
nan,42.00776020027308,-87.66655569968577,restaurant
Taqueria El Dorado,42.00811709982435,-87.67390449989273,restaurant
All For Kids,42.008183600193036,-87.67391529985116,clothes
Urban Tables,42.008317500252474,-87.67394039992945,restaurant
nan,42.008584499974745,-87.67426729989592,dentist
Rivian,41.898652599737716,-87.62632860008478,car_dealership
Maje,41.899468899969804,-87.62524849991831,clothes
nan,41.87919149998777,-87.6528461996923,waste_basket
nan,41.87915850026462,-87.65478250031208,waste_basket
7-Eleven,41.87893170023784,-87.65725950032567,convenience
nan,41.87900760032056,-87.6569276001286,waste_basket
nan,41.87912570019097,-87.65722139964782,waste_basket
nan,41.879252099904534,-87.65956039959275,bench
nan,41.87929929992282,-87.65955790037674,bench
nan,41.881653299660115,-87.6595100996114,waste_basket
nan,41.88150220006651,-87.65973700036221,waste_basket
nan,41.88174709984884,-87.65661519993148,post_box
nan,41.88158010024148,-87.65486069996132,waste_basket
nan,41.88158509957276,-87.65461199964403,waste_basket
nan,41.881613699812476,-87.65290659995958,waste_basket
nan,41.88178590019919,-87.65231160040003,post_box
nan,41.87953300044768,-87.65072500025849,bench
Osmium Coffee,41.93971510027171,-87.65731519983655,cafe
Village Eyecare,41.90306860013584,-87.67501370032198,optician
Innovative Primary Care,41.924603399827106,-87.69725350014886,doctors
nan,41.90840080015687,-87.67732569992108,waste_basket
Metra,41.99103309979779,-87.67493489992563,vending_any
Metra,41.766064900274955,-87.58690709968289,vending_any
Metra,41.76615880028845,-87.57683079960168,vending_any
Metra,41.765743600386884,-87.56618710015454,vending_any
Metra,41.75877100008165,-87.55984030028958,vending_any
Metra,41.75223909995458,-87.55276259981412,vending_any
Metra,41.74504429965475,-87.55154229983725,vending_any
nan,41.96869909958383,-87.67433869977111,tourist_info
nan,41.968688199800624,-87.67458709971487,tourist_info
nan,41.79169519997356,-87.58793639984492,tourist_info
nan,41.95341879963797,-87.73823859963164,bench
nan,41.95341690026976,-87.73823859963164,shelter
Bonci Pizza,41.93221719966408,-87.67532189978579,restaurant
Afro Heritage Boutique,41.809647300282734,-87.6170583003003,clothes
nan,41.89785209969472,-87.66197919998007,bench
nan,41.89785270044183,-87.66189450003111,bench
nan,41.89765749989374,-87.6621915002375,bench
nan,41.89764429964475,-87.66028849971445,bench
nan,41.860610500174516,-87.61256489975028,toilet
nan,41.9134785999575,-87.62437600015227,toilet
nan,41.880402099877074,-87.64741350043266,waste_basket
nan,41.88038109980795,-87.64723319985228,waste_basket
nan,41.95967500000131,-87.63933879984569,bench
nan,41.95989729982057,-87.64040249997538,bench
nan,41.95980050039282,-87.63989349988509,bench
nan,41.959752499977924,-87.63659110029903,bench
nan,41.87713710039691,-87.77328490007801,bench
nan,41.87707279976996,-87.76499459962105,bench
nan,41.87700740017141,-87.76498870006844,bench
nan,41.87720650017991,-87.76509969979128,drinking_water
nan,41.877213999626406,-87.76491620032238,bench
nan,41.87728519985217,-87.76492610005943,bench
nan,41.877360500087036,-87.76493050044218,bench
nan,41.875615200181414,-87.62473210020624,artwork
nan,41.87561179984476,-87.62485410043632,artwork
nan,41.87561789994618,-87.62462059956096,artwork
Thai Spoon and Sushi,41.874286500421704,-87.62580479985161,restaurant
nan,41.869701299775215,-87.66287910029018,fountain
nan,41.869453800052895,-87.66287200014267,fountain
nan,41.86953990024625,-87.66292199975044,bench
nan,41.86954019972052,-87.66282099958943,bench
nan,41.86961440008457,-87.66282509959865,bench
nan,41.869612300167546,-87.66292430021622,bench
FedEx Office,41.87199640021373,-87.62475299955128,post_office
Le Petit Cafe,41.87110310002811,-87.6244515998614,cafe
Grant Park Bistro,41.87161620012756,-87.62447290030406,restaurant
The Skin Bar at Ulta Beauty,41.890268400166576,-87.62454180006398,beauty_shop
Engine Coffee,41.90185249999291,-87.6672229004165,cafe
nan,41.90466479964084,-87.66874579977878,memorial
New City Bank,41.870464700085904,-87.6244467003549,bank
Chloé Chen Spa,41.87906589977149,-87.64916140027839,beauty_shop
DTLR,41.73770339999197,-87.62680930030893,clothes
Wingstop,41.73653120025472,-87.62751929977583,fast_food
Just Turkey Grill,41.736527299895045,-87.62764909982604,fast_food
Nail & Spa,41.879309599858175,-87.64890149980431,beauty_shop
Children's Museum of Art and Social Justice,41.855093199891314,-87.64637760014608,museum
Pilsen Smiles,41.857901100055756,-87.65140619983623,dentist
Zins Flower Shop,41.85789919978828,-87.65174360028686,florist
Woke Soul Coffee,41.85789819974218,-87.6518457003188,cafe
MASHALLAH,41.858119200041074,-87.65468560016029,gift_shop
Bobijoa,41.85811639955227,-87.65495939965655,restaurant
Golden Gai Sushi & Bar,41.858108800280945,-87.65522290011671,restaurant
La Luna,41.858083700202656,-87.65660020013911,restaurant
Memo's Hot Dogs,41.85773189980739,-87.66317499972644,fast_food
Coyotes,41.85771949995501,-87.66338169990547,restaurant
Banh Mi City,41.85796169997252,-87.66455339961965,restaurant
nan,41.87625980004981,-87.64951390034616,waste_basket
Takeaway,41.875322399808965,-87.6495233000602,artwork
nan,41.874497600084226,-87.65146739960079,waste_basket
nan,41.87403980019667,-87.65177740040667,tourist_info
nan,41.872818599998425,-87.65339939966253,bench
nan,41.87283550005833,-87.65340489991615,bench
nan,41.87197780043522,-87.65333790042371,bench
nan,41.87199700006158,-87.6533376998749,bench
nan,41.87417310040831,-87.64983270011896,tourist_info
nan,41.875569100034,-87.64960149970943,waste_basket
nan,41.87651189980437,-87.64942520021276,waste_basket
Metro Achievement Center,41.87736009988873,-87.64973520011938,community_centre
Underground Bookstore,41.73684299970472,-87.58168550008571,bookshop
Harold's Chicken Shack,41.73682919960794,-87.58223860023116,fast_food
Walgreens,41.73723699988767,-87.58397939992932,pharmacy
CVS Pharmacy,41.736196999591925,-87.58601419969551,pharmacy
Walgreens,41.73779689980711,-87.60569130041313,pharmacy
Kids Foot Locker,41.73702580040043,-87.6052419001935,shoe_shop
Tailorite Complete Clothing Care,41.74043089986617,-87.60443200043642,laundry
Domino's,41.74245279975696,-87.60450369978588,fast_food
nan,41.74789920018799,-87.60541640014674,convenience
Boost Mobile,41.75115939998636,-87.60467209963764,mobile_phone_shop
Harold's Chicken Shack,41.7514529998561,-87.60474789989564,fast_food
DaVita Dialysis,41.76155580026,-87.60518109972793,clinic
Walgreens,41.80298050005007,-87.60729550028708,pharmacy
Metro by T-Mobile,41.81717440007856,-87.6064490997461,mobile_phone_shop
DaVita Dialysis,41.81731509991198,-87.60651050005947,clinic
nan,41.880542900434534,-87.6483621997557,waste_basket
BMO,41.88331749960298,-87.64760150010909,bank
nan,41.955920999554564,-87.6796562003733,waste_basket
nan,41.95592050043081,-87.67944790030032,waste_basket
nan,41.95611510023173,-87.67890829987812,bench
nan,41.95621069996389,-87.67893799998865,waste_basket
nan,41.95603360007061,-87.6798863000127,waste_basket
The Ordinary,41.90745939973158,-87.67267480020183,beauty_shop
Fringe / A Salon,41.90806539979843,-87.67360100028588,hairdresser
Taco Bell,41.90811459990891,-87.67367619979677,fast_food
Uni Uni Bubble Tea,41.90766030018278,-87.67297500019606,cafe
Devil Dawgs Wicker Park,41.90798150024608,-87.67346360006508,fast_food
Kindbody (formerly Vios),41.908370299649675,-87.6740650999244,clinic
Sweetgreen,41.90868860029872,-87.67460170020826,fast_food
Supreme,41.907953499854216,-87.67390049970828,shoe_shop
Tacombi,41.9080499998077,-87.67405210022423,restaurant
Adidas Originals,41.9092342000983,-87.67593580039681,clothes
rumi Middle Eastern Grill,41.909317900001156,-87.67605819992593,restaurant
Free People,41.909363500125494,-87.67612770043297,clothes
Mojo Spa,41.90849089963535,-87.67474170036911,beauty_shop
store B vintage,41.9085777004006,-87.67488690041012,clothes
CAVA,41.90881590023366,-87.67524980023808,restaurant
El Alebrije,41.956236999737825,-87.70826709974682,restaurant
nan,41.89678269966191,-87.66102610027428,drinking_water
nan,41.87850389993508,-87.64734640021618,waste_basket
nan,41.87806810016275,-87.64733210009632,waste_basket
nan,41.87806169968775,-87.6471624996496,waste_basket
nan,41.877838200172846,-87.64731689975508,waste_basket
nan,41.87783210007143,-87.64715900038755,waste_basket
nan,41.87788220040329,-87.64709340024018,waste_basket
7-Eleven,41.87782990032969,-87.64377809987934,convenience
The Goddard School,41.878716399842006,-87.64705070042942,kindergarten
Panera Bread,41.87686580011666,-87.6428257996709,fast_food
Burger King,41.87790109965607,-87.64168310039474,fast_food
Metro Spice Mart,41.88001629971251,-87.64234940000478,supermarket
Circle K,41.87941870021291,-87.64090280002415,convenience
Pepsi,42.011822099810104,-87.78752199994028,vending_any
H&D Nails Spa,41.95303839990231,-87.78916979984638,beauty_shop
Skechers,41.953887299659186,-87.78841139976623,shoe_shop
Bank of America,41.95346999984065,-87.78914269967584,atm
nan,41.87925519986766,-87.64857929969492,waste_basket
Morgan Cleaners,41.8815323003754,-87.651841299936,laundry
nan,41.87923350012596,-87.65041770011675,bench
nan,41.884203400166825,-87.64962830040571,waste_basket
nan,41.88419339970568,-87.64989079992046,waste_basket
Oprah Winfrey Mural,41.88128679984601,-87.64867269968528,artwork
RUSH,41.88155340026924,-87.64876430013231,clinic
CPD K9 & Equine Memorial Plaza,41.862888099806014,-87.61406749961537,memorial
CPD Paralyzed Officers Memorial,41.86181929962106,-87.61390309994806,memorial
Coal Mine,41.79022609985469,-87.58290580006258,attraction
nan,41.903589199681846,-87.66704569979919,waste_basket
nan,41.90348780022185,-87.66729819975205,waste_basket
Domino's,41.72209899966913,-87.57313670029845,fast_food
South Loop Physicians Group Internal Medicine,41.84540939992394,-87.62416700040671,doctors
nan,41.87670760037548,-87.64936689986251,bench
nan,41.87787699962388,-87.64781740035272,waste_basket
Capitol Cleaners,41.87769529969836,-87.64377709983324,laundry
Ramen Wasabi,41.886639599737805,-87.64831499973741,restaurant
Good Ambler,41.886265899951354,-87.65004009997062,cafe
Goldfish Swim School,41.924324000252454,-87.6699490000463,sports_centre
White Glove Car Wash,41.920479400304146,-87.66458940038046,car_wash
nan,41.833102800054235,-87.60485409993674,toilet
Chase,41.87077970022307,-87.62613190036689,bank
Lena Rose Beauty,41.966131900267044,-87.6935241995821,beauty_shop
Casa Cactus,41.96460859980709,-87.73471800023549,cafe
nan,41.876624500320474,-87.64705640033259,waste_basket
nan,41.876748899941845,-87.64705860007427,waste_basket
nan,41.87677619976188,-87.64729789977821,waste_basket
nan,41.87732929990733,-87.64730709984275,waste_basket
Honeybear Cafe,42.01007169984911,-87.67437459980789,restaurant
Alamo Drafthouse Cinema,41.946175200325285,-87.65543719956707,cinema
Floyd's Barbershop,41.87429509973913,-87.62640259990002,hairdresser
Subway,41.87415659964739,-87.62622459978542,fast_food
Anna's Thai Kitchen Restaurant,41.96163909956482,-87.67565630009813,restaurant
AO Hawaiian Hideout,41.86520580020755,-87.62554080026769,restaurant
The Lincoln Lodge,41.91830220008654,-87.69004219998749,theatre
Lena Rose Beauty,41.96611929986585,-87.69356879966034,beauty_shop
Uvae Kitchen and Wine Bar,41.9833731998134,-87.66858390022679,restaurant
Little Madrid Tapas-Café,41.98508950018032,-87.66894289969503,restaurant
Cricket Wireless,41.750624600145215,-87.66395699981564,mobile_phone_shop
nan,41.97582790043731,-87.73737470008228,drinking_water
nan,41.95887409975995,-87.7340483002888,post_box
Ghareeb Nawaz,41.866541699939546,-87.6473213999626,restaurant
Subway,41.86560140028445,-87.64709059975132,fast_food
The Momo World,41.86463789991922,-87.6460749998613,restaurant
Lotus Cafe & Banh Mi Sandwiches,41.864632899688615,-87.64590750023092,restaurant
Phlavz Bar & Grille,41.86463620020055,-87.6457377001347,pub
nan,41.779483199789865,-87.64696189957198,atm
Walgreens,41.778109999776746,-87.70270820042305,pharmacy
Kie-Gol-Lanee,41.97358710016459,-87.65513560022771,restaurant
Chilam Balam,41.93723800043341,-87.6441091996798,restaurant
NAILàCARTE,41.88151769988201,-87.65302319976081,beauty_shop
nan,41.880309899582244,-87.6547980999523,waste_basket
WNDR Museum,41.88052500032853,-87.6559982002567,museum
Jazzy Flowers,41.88044999956787,-87.65695620036831,florist
Jet's Pizza,41.88150189969298,-87.6530991996683,restaurant
LaserAway,41.88155130035227,-87.6488599996892,beauty_shop
nan,41.880430999591,-87.65452609999949,waste_basket
Clean Your Dirty Face,41.88030490025102,-87.64937359981172,beauty_shop
Monroe Cleaners,41.8803141003155,-87.64868389984207,laundry
Ross,41.844015199841635,-87.70190730018174,department_store
Panda Express,41.84496640017926,-87.7003484000586,fast_food
spavia,41.87909240009424,-87.64684429972459,beauty_shop
Physicians Immediate Care,41.87941470002846,-87.64284209988296,clinic
nan,41.878587800386754,-87.64244349966776,waste_basket
nan,41.87811049959993,-87.64264890032644,waste_basket
nan,41.877910899568406,-87.64243080034112,waste_basket
Naf Naf Grill,41.86591230041239,-87.64019140031286,restaurant
Metra,41.78802340025976,-87.5887769997587,vending_any
Metra,41.84432929975742,-87.61343829973771,vending_any
nan,41.88451759990738,-87.65081499991226,waste_basket
nan,41.88310270012954,-87.65459470028514,post_box
nan,41.87794960009404,-87.65179159980244,waste_basket
nan,41.884458699709285,-87.654573200193,waste_basket
nan,41.87780180011305,-87.65172630002871,post_box
nan,41.877798700149924,-87.6517690996642,waste_basket
nan,41.88047719956319,-87.65183560003288,waste_basket
nan,41.885667099856846,-87.65228269978672,waste_basket
nan,41.88046870007048,-87.65212059968587,waste_basket
Turkish Consulate,41.88985570038034,-87.62122660042724,embassy
Metra,41.85781380016681,-87.6853273998396,vending_any
nan,41.91825979974999,-87.64828330043395,post_box
nan,41.87555799970198,-87.64735019985181,waste_basket
nan,41.875495799891326,-87.64735289961658,vending_machine
nan,41.87549500039398,-87.6473748997318,vending_any
nan,41.875566400269236,-87.64964879955244,vending_any
Metra,41.809486499702246,-87.59114889960199,vending_any
Metra,41.69305550031112,-87.61044909984605,vending_any
Walgreens,41.677988599594244,-87.68017720011767,pharmacy
Yokocho,41.88504319968399,-87.64839919966329,restaurant
The Oakville Grill & Cellar,41.88490299987359,-87.64830300008333,restaurant
Nobu,41.884688700423226,-87.64954220021235,restaurant
Nisos Prime,41.88463929976393,-87.64774329981338,restaurant
The Lounge,41.88468909972221,-87.64774439968426,bar
Costera Cocina Tulum,41.88696660042831,-87.64928450037934,restaurant
nan,41.884357999921804,-87.66186710038636,waste_basket
Art + Science Salon,41.884505399704494,-87.65616069965654,hairdresser
nan,41.88191909968674,-87.64293170023774,post_box
nan,41.874722099645226,-87.62800810019365,bench
nan,41.874752000304625,-87.62799539996769,bench
nan,41.87475699963585,-87.62787670024949,bench
nan,41.87474950018935,-87.62785050030033,bench
Kozy's Cyclery,41.89381449983932,-87.63487110012113,bicycle_shop
Jay's Bubble Tea Cafe,41.85606760003975,-87.66645259960774,cafe
La Providencia,41.85425150010667,-87.66838339997389,supermarket
nan,41.85465029997141,-87.67603600016122,bench
nan,41.85468920014654,-87.67603800025347,bench
nan,41.89463170029279,-87.63558390007688,post_box
nan,41.893784500254526,-87.6355475998418,post_box
nan,41.88556130001405,-87.6488070997678,waste_basket
nan,41.88557009988028,-87.6484533001796,post_box
nan,41.884592099745646,-87.64869259988353,waste_basket
nan,41.88456439972731,-87.64853509981498,waste_basket
nan,41.88421920035586,-87.64872089974966,waste_basket
nan,41.8842224001437,-87.64851979964902,waste_basket
nan,41.88305860007438,-87.64842200017512,post_box
Studio 84One Hair Salon,41.88031940002037,-87.64876320026144,hairdresser
nan,41.87231429976515,-87.64994259997098,bench
nan,41.87232619959451,-87.64991940016017,bench
nan,41.872315500360116,-87.64989649982357,bench
nan,41.87231749955299,-87.64969639976897,bench
nan,41.87232809986199,-87.64971930010557,bench
nan,41.8723162998574,-87.64974249991639,bench
nan,41.87232840023552,-87.64973999980111,waste_basket
nan,41.87232640014332,-87.64994200012319,waste_basket
nan,41.87172309984123,-87.6501432000486,bench
nan,41.87171160021023,-87.65016680005772,bench
nan,41.87171100036244,-87.6501442000947,waste_basket
nan,41.871722599818156,-87.65018930019602,bench
nan,41.87120880004613,-87.64978180028982,tourist_info
nan,41.87109480018495,-87.64905849984984,bench
nan,41.87148230006812,-87.64861230031738,bench
nan,41.87147129956088,-87.64858970035436,bench
nan,41.87148270026648,-87.64856610034519,bench
nan,41.871470699713086,-87.64856720021606,waste_basket
nan,41.87147770003588,-87.64881589963403,bench
nan,41.87146670042796,-87.64879340039505,bench
nan,41.871478100234185,-87.64876980038594,bench
nan,41.87146599985607,-87.6487709002568,waste_basket
nan,41.87133409988883,-87.64852040039614,bench
nan,41.87134339977814,-87.64849650001344,bench
nan,41.87136430002249,-87.64849840028091,bench
nan,41.871357699898,-87.64848470000885,waste_basket
nan,41.87136110023465,-87.64887269991516,bench
nan,41.871341000386906,-87.64887090037172,bench
nan,41.871333900239335,-87.64884449987375,bench
nan,41.871327200290125,-87.64885810032104,waste_basket
nan,41.86813509985501,-87.65094250039601,bench
nan,41.868114499984245,-87.65092699968125,bench
nan,41.868097000076546,-87.65094300041909,bench
Antipode,41.87245870030881,-87.64742280032192,artwork
nan,41.87327589986296,-87.64805710025496,bench
nan,41.873254899793835,-87.64808390005192,bench
nan,41.87322929969247,-87.6480987001948,bench
nan,41.873206799554225,-87.64810249983049,bench
nan,41.87318369956813,-87.64812259967817,bench
nan,41.873288699913644,-87.64801789970625,bench
nan,41.87330579962298,-87.64801979997372,bench
nan,41.873108099858996,-87.64807749957691,bench
nan,41.87310869970679,-87.64804110041644,bench
nan,41.87391600042315,-87.64755049955585,bench
nan,41.87387579982834,-87.64754929986026,bench
nan,41.87390259962535,-87.64739970033588,tourist_info
nan,41.87404760001675,-87.6473161002578,waste_basket
nan,41.874245299780796,-87.64998310004,bench
nan,41.87423409962406,-87.64995399977721,waste_basket
Scrub Depot,41.87260250010536,-87.67703939984841,clothes
Shoo Loong Kan,41.85263920003911,-87.63182740041418,restaurant
Paris Baguette,41.85177609998709,-87.63184750026187,bakery
nan,41.88308239973304,-87.66290649993499,memorial
nan,41.88276970006166,-87.62342720010514,drinking_water
Gerardo M,41.873422799622574,-87.61721700006444,memorial
Coq d'Or,41.90020400041436,-87.62330760016556,restaurant
Deep Purpl,41.896953499804226,-87.63143559997292,fast_food
The Lash Lounge,41.896789299786406,-87.63212789988262,beauty_shop
Arc'teryx,41.90105609995908,-87.62750539985427,clothes
The Bad Apple,41.923797299705654,-87.64610949965368,restaurant
Soloway coffee,41.92356910033379,-87.64592640038302,cafe
nan,41.87666939987298,-87.65086310015192,waste_basket
nan,41.876665200038985,-87.65174739992256,waste_basket
nan,41.87666350032032,-87.65172329989036,bench
nan,41.876686799955905,-87.65174260024077,post_box
nan,41.87662920017749,-87.65406809956312,bench
nan,41.87663170029276,-87.65435789979722,post_box
nan,41.87662889980396,-87.65442349994453,waste_basket
SIXT,41.99288759988286,-87.88207570003351,car_rental
Our Lady of Guadalupe,41.99281750042735,-87.68649770020863,artwork
nan,41.91465050022049,-87.63006599994588,toilet
Taqueria L'Patron,41.91864729963322,-87.67788769975749,restaurant
nan,41.779685799959736,-87.66447679986436,mobile_phone_shop
nan,41.87264729983309,-87.64961889979236,bench
Shell,42.01247100023653,-87.66377010001008,convenience
Walgreens,42.017825700395804,-87.69086489979526,pharmacy
North Boundary Park,42.012979000280666,-87.70890370014558,bicycle_rental
Kedvale Ave & Peterson Ave,41.990008799866246,-87.73176640009927,bicycle_rental
nan,41.93939359983483,-87.68755459966502,post_box
PNC Bank,41.939506900023446,-87.72394919969577,atm
PNC Bank,41.939529400161746,-87.72399720011066,atm
Tiệm Tạp Hóa Việt Hoa,41.97313340028626,-87.65664749998211,supermarket
Capital One Café at State Street,41.880555300286915,-87.62800019964948,cafe
DOA Communications Service Center,42.00063889976548,-87.91869440032627,
Ike's Liquors,41.786638000043695,-87.68767680044397,beverages
Metro by T-Mobile,41.77902329998534,-87.72254259976114,mobile_phone_shop
Mi Mexico,41.78633539975897,-87.68893970040682,supermarket
Pizza Nova,41.78625300027579,-87.72258619979323,fast_food
Taqueria Vallarta,41.7862808001189,-87.693412900385,restaurant
Taqueria La Hacienda,41.78627009998519,-87.7103663997895,restaurant
FedEx Ship Center,41.96192650040774,-87.92290409984429,post_office
Can't Believe It's Not Meat,41.89673999985115,-87.63531290017016,restaurant
Necessary & Sufficient Coffee,41.928376500075444,-87.71806059991673,cafe
Gangnam Market,41.896063000107404,-87.65325099983374,supermarket
nan,41.98010160020874,-87.84879979957105,toilet
nan,41.8469030002733,-87.64779550006222,waste_basket
nan,41.84695640021772,-87.64768589968446,waste_basket
nan,41.84675599978959,-87.64781530043575,waste_basket
nan,41.846627099960756,-87.64804039984455,bench
Thrifty,41.99271950040469,-87.88201410007065,car_rental
Alamo,41.99254789986571,-87.88195729978952,car_rental
Payless,41.99296800017311,-87.88210650001491,car_rental
National,41.993252300153586,-87.88220090005149,car_rental
Hertz,41.993347800060974,-87.88223720028651,car_rental
Enterprise,41.99262980022513,-87.88198320026447,car_rental
Dollar Car Rental,41.992802200261394,-87.88204640012123,car_rental
Budget,41.99305670030651,-87.8821362001255,car_rental
Avis,41.99315670042142,-87.88216840035136,car_rental
Metra,41.99496210022079,-87.88065100034333,vending_any
nan,41.80240250037514,-87.60173669988876,post_box
nan,41.80242449959104,-87.60364929977533,post_box
nan,41.86263519965479,-87.62916089975568,drinking_water
nan,41.86264670018511,-87.62862810000678,drinking_water
nan,41.86233299956831,-87.62923250017968,bench
nan,41.86246269979381,-87.62926749999508,bench
nan,41.86259340006541,-87.62923750041028,bench
nan,41.8627930999217,-87.62889280016253,bench
nan,41.862610899973106,-87.62854149979034,bench
nan,41.86247640006587,-87.62849489961991,bench
nan,41.86232609996961,-87.62852220033926,bench
Barnes & Noble,41.93263989991152,-87.64567579979831,bookshop
nan,41.9564764001658,-87.84688049973522,water_well
nan,41.95544750020201,-87.84406209998588,toilet
nan,41.95557640003091,-87.84313420018316,water_well
nan,41.95839489960497,-87.83975290037603,water_well
nan,41.95506200041103,-87.84584399960085,water_well
nan,41.953460899600884,-87.8403868001107,water_well
nan,41.96545369992839,-87.85410379955067,toilet
nan,41.965679900107375,-87.85427630031097,tourist_info
nan,41.965544199605176,-87.85403899979997,tourist_info
nan,41.9639869002753,-87.85431890029696,water_well
nan,41.958133199587564,-87.84885170034568,water_well
nan,41.955892500038885,-87.8502768002341,water_well
nan,41.95757810024918,-87.85098540035591,water_well
Daebak,41.854771200330674,-87.63257300044359,restaurant
So Gong Dong Korean Tofu & BBQ,41.85466970014659,-87.63266950039707,restaurant
Mango Mango Dessert,41.85368609993361,-87.63478519957727,cafe
TE'AMO Boba Bar,41.85351889977744,-87.63506989975605,cafe
Uni Uni Bubble Tea,41.85346849997137,-87.6351396997373,cafe
nan,41.983541700389196,-87.7243743002337,bench
nan,41.983467900223445,-87.72313810024309,bench
nan,41.98337669997477,-87.72332369962902,bench
nan,41.9854395999576,-87.72274069972349,bench
nan,41.985437400215915,-87.72281109955259,bench
Small Cheval,41.948868300231936,-87.65760080023671,fast_food
Metra,41.857441499725496,-87.61771100036236,vending_any
Circle K,41.976513399673706,-87.65524769982147,convenience
Tepalcates,41.93960749998621,-87.68671210038309,restaurant
Non Toxic Ecolife Cleaners,41.938734500197086,-87.68678350025829,laundry
nan,41.951460499802295,-87.84612669968743,water_well
nan,41.95122849989542,-87.85347359962691,water_well
nan,41.952138299942646,-87.84113810004322,toilet
3 Sauces Hainam Chicken Rice,41.85507519996054,-87.6321406999333,fast_food
nan,41.89498969971493,-87.77449559979203,shelter
nan,41.792393799634226,-87.79969309985665,shelter
Berlin Wall Monument,41.966183899967064,-87.6886084000576,memorial
Ventra,41.9842155003451,-87.83929659965833,vending_any
Ventra,41.970745600429154,-87.7611317002677,vending_any
Ventra,41.98230939985899,-87.80760489994611,vending_any
Ventra,41.78666500038952,-87.7385386998011,vending_any
Ventra,41.778842899580184,-87.66379260014833,vending_any
Ventra,41.96821630034202,-87.71299439957187,vending_any
Ventra,42.018549900157836,-87.67249320010109,vending_any
Pepsi,42.01832980008027,-87.67269070021558,vending_any
Ventra,42.019277199882936,-87.67320140002454,vending_any
Ventra,41.78054859963822,-87.60587400038474,vending_any
Metra,41.77955969972044,-87.59063669972386,vending_any
nan,41.80942539976246,-87.62258300020528,convenience
Adom African Market,41.80942680000686,-87.62189769971906,supermarket
nan,41.97572070035011,-87.90276750041977,waste_basket
nan,41.974875799878305,-87.90321729993838,tourist_info
nan,41.976124700094886,-87.90259019997774,waste_basket
Four Seasons,41.89262940022667,-87.62869320013107,beauty_shop
Dean Opticians,41.87904300033426,-87.6316608001058,optician
nan,41.879564900299954,-87.62786240012963,waste_basket
nan,41.87840809965411,-87.63582989973003,toilet
nan,41.880676500120444,-87.6275752996603,memorial
Vans,41.89124469968317,-87.62447769998585,shoe_shop
Great Clips,41.90487730044708,-87.66774359978729,hairdresser
Innovative Primary Care,41.90454709996874,-87.66779079980552,doctors
Epic Burger,41.897727500423855,-87.62658729996389,fast_food
nan,41.8998844002449,-87.62430529994958,waste_basket
PNC Bank,41.89888680028565,-87.62641320020896,bank
Happy Monday Coffee Roasters,41.89449189978143,-87.6329391998841,cafe
Old Town Animal Care Center,41.910751799755815,-87.64175329967503,veterinary
nan,41.790567399765735,-87.58200870024126,camera_surveillance
Souvenir City,41.89090010015957,-87.61840409976935,gift_shop
nan,41.89162179980627,-87.59873240037996,waste_basket
nan,41.89211589992891,-87.59870239989579,waste_basket
nan,41.890993400325215,-87.61342320012056,tourist_info
nan,41.891129299577585,-87.6209734997272,beauty_shop
nan,41.89091119959227,-87.62151820020472,waste_basket
nan,41.89198369958814,-87.59862999997449,bench
nan,41.89120359976636,-87.60539909988853,waste_basket
nan,41.89107579980839,-87.61141289968555,tourist_info
nan,41.89160510029518,-87.59861099999762,bench
nan,41.89198369958814,-87.59862999997449,bench
nan,41.89162870030435,-87.59861109982234,bench
nan,41.89119010004316,-87.60154920023535,waste_basket
nan,41.89217980035755,-87.5986346998315,bench
nan,41.892053000445685,-87.59868099962841,waste_basket
nan,41.89200530040432,-87.59868029995584,waste_basket
nan,41.891678799736894,-87.5986408997577,waste_basket
nan,41.89122609990466,-87.60606879983521,waste_basket
nan,41.891576900253824,-87.59864099958241,waste_basket
nan,41.89170749980133,-87.59861629970243,bench
nan,41.89208259983218,-87.59863490038032,bench
nan,41.8914022995765,-87.60073449989721,waste_basket
nan,41.89120700010301,-87.60251690043458,waste_basket
nan,41.89201360024748,-87.59862570031578,bench
nan,41.89143790013901,-87.60060820000837,waste_basket
Making History,41.89129420016724,-87.60550629997573,gift_shop
nan,41.891821700211324,-87.59862199960554,bench
nan,41.8914734998022,-87.60101810020512,waste_basket
nan,41.89152710029549,-87.6000658998214,waste_basket
nan,41.891471600434045,-87.59977759965648,waste_basket
nan,41.892172899859474,-87.59876139991866,waste_basket
nan,41.89214729975811,-87.59863650027421,bench
nan,41.89173710008714,-87.59861989968857,bench
nan,41.89178049957047,-87.59861910019129,bench
nan,41.945315899908906,-87.67242440016588,artwork
nan,41.9752973004301,-87.89967640014572,tourist_info
nan,41.975174800176944,-87.89959930036736,vending_any
Mighty Clean Coin Laundry,41.9205995002668,-87.68811169999492,laundry
Chee Cleaners,41.920616299602614,-87.6878279998623,laundry
Lucy's Hair Salon,41.92060990002693,-87.68795159998632,hairdresser
Sudz Coin Laundry,41.89642199957569,-87.70836659983866,laundry
Louise Landau Health Center,41.8958556002558,-87.70834290000477,clinic
J-Bee's,41.896332300295455,-87.70837269994013,clothes
nan,41.876760899595865,-87.649469800291,post_box
Chicago Brewhouse,41.88728170039019,-87.62710049988812,restaurant
BLVD Vet River North,41.89371949995501,-87.63902539960247,veterinary
Potbelly,41.923127699583745,-87.6457491997657,fast_food
Club Monaco,41.92206229973539,-87.6488427003303,clothes
Specialized,41.920216300042284,-87.64873810018315,bicycle_shop
nan,41.968638300017574,-87.67458110033749,vending_any
Tary,41.890682400372555,-87.63189940013717,cafe
nan,41.88931290017024,-87.63272169974658,waste_basket
nan,41.88941109984245,-87.63236699993706,waste_basket
nan,41.889270599658516,-87.63229710013104,post_box
nan,41.887973899575854,-87.63237510013073,waste_basket
nan,41.8867548001939,-87.63227250007577,waste_basket
nan,41.88700200044201,-87.63274979996328,waste_basket
Metra,41.73806600034567,-87.54824030044949,vending_any
nan,41.96660899960568,-87.64827720033247,bench
nan,41.84301359969794,-87.66388180030481,bench
nan,41.84453669960908,-87.66258539969641,bench
nan,41.84450810026868,-87.66263659989914,bench
nan,41.84401750030747,-87.66292549991186,bench
Threading Zone,41.83149390032327,-87.61482140038726,beauty_shop
Boost Mobile,41.83120889977096,-87.61986699996203,mobile_phone_shop
Best Southside Gyro,41.83119780033826,-87.62010519979509,fast_food
Bronzeville Animal Clinic,41.83821980040352,-87.62173859975655,veterinary
Jamaican Jerk King,41.831184799738764,-87.62141999963325,restaurant
South Loop Market,41.853262100165864,-87.6236116996202,convenience
Jimmy John's,41.86620459986244,-87.62436549966804,fast_food
McCormick Market,41.85306900043406,-87.6241432996735,supermarket
Paris Baguette,41.86918869969878,-87.62442969957095,fast_food
Paris Baguette,41.86918869969878,-87.62442969957095,bakery
Ora Dental Studio,41.88249000011348,-87.65110930035388,dentist
Voodoo Doughnut,41.88410650001504,-87.65162160005679,fast_food
nan,41.88416929967349,-87.6519479001754,waste_basket
nan,41.884019399775525,-87.66052039979655,waste_basket
nan,41.88413920026392,-87.65312200018013,waste_basket
nan,41.88402819964176,-87.65552389960823,post_box
nan,41.884088799558526,-87.65551769968204,waste_basket
Gioia,41.88398530018151,-87.65580139981472,restaurant
nan,41.88405879997367,-87.65682319963094,waste_basket
nan,41.88304710044338,-87.65779470036512,post_box
nan,41.88300889994082,-87.6510432001835,waste_basket
nan,41.88302749971939,-87.6498849003678,waste_basket
Face Foundrié,41.882922299724385,-87.6487594995512,beauty_shop
nan,41.878090499576956,-87.64389369963448,waste_basket
nan,41.87789050024645,-87.64409279964298,waste_basket
nan,41.87784869975775,-87.6439037999204,waste_basket
nan,41.87813670044841,-87.6441115999703,waste_basket
nan,41.879152699637416,-87.64414420039452,waste_basket
nan,41.882845199946075,-87.6607414000955,waste_basket
Millennium Dental,41.88450200026716,-87.66050220021634,dentist
nan,41.884033000222814,-87.65898859984395,post_box
nan,41.88304710044338,-87.65777060033292,waste_basket
nan,41.88438779985711,-87.65871569966976,waste_basket
nan,41.88305579958552,-87.6565176999319,post_box
nan,41.88292600043462,-87.65542920009744,waste_basket
Nancy's Pizzeria,41.883235500318165,-87.6529948000699,restaurant
nan,41.88287230011662,-87.65893450022696,waste_basket
nan,41.88313519982967,-87.65193390042913,post_box
The UPS Store,41.882933300231684,-87.65046809992282,post_office
Allure Nail Spa,41.882940400379255,-87.65032359955444,beauty_shop
Gen Cleaners,41.882943199968736,-87.65008160008574,laundry
Lola's Restaurant,41.88340969989781,-87.65300550020362,restaurant
Chicago Industrial Arts and Design Center,41.99900049957347,-87.67477339967263,community_centre
nan,41.8777587999287,-87.65471149973587,waste_basket
nan,41.87776609972576,-87.65424459960855,bench
nan,41.87765869998907,-87.65476489968034,waste_basket
nan,41.8776580003165,-87.6547452000309,bench
nan,41.87765920001215,-87.65471199975894,bench
Pizza Hut,41.87759390023837,-87.65481030015519,restaurant
Starbucks,41.87746729997599,-87.65481099982776,cafe
7AM Nail Care,41.88053189992729,-87.65235630030298,beauty_shop
West Loop Smile Studio,41.88026220044026,-87.65176129984405,dentist
nan,41.88160940015376,-87.66241720039346,waste_basket
nan,41.924311300026545,-87.73640079995693,camera_surveillance
nan,41.92397169983411,-87.75618550006072,camera_surveillance
Meson Del Taco,41.937806899868576,-87.78611260041612,restaurant
Jerusalem Grill,41.93773590019168,-87.78611120017172,restaurant
International Dental Center,41.937678099864456,-87.7861065003147,dentist
Al-Bayan Grocery,41.93759680025221,-87.78610319980277,supermarket
Little Caesars,41.93211990021325,-87.78557059970336,fast_food
nan,41.931170299769576,-87.78148539963144,hairdresser
"Panaderia ""La Luna No. 2""",41.93094130000105,-87.78129019998272,bakery
DJ Wine & Spirits,41.93097999962731,-87.77886979970145,beverages
La Piri Resturant & Taqueria,41.931218400009186,-87.77869109991428,restaurant
BP Shop,41.98074279974048,-87.80651520041613,convenience
nan,41.87682420017677,-87.64405999956927,waste_basket
nan,41.8767831002599,-87.64380210008682,waste_basket
nan,41.859069799631584,-87.6326425000513,toilet
Dunkin',41.939957199565185,-87.71287920001504,fast_food
nan,41.91055750032842,-87.65562930015204,viewpoint
nan,41.91713129986965,-87.73607619955692,waste_basket
nan,41.91698419956123,-87.73606200016116,waste_basket
nan,41.89614340039765,-87.66836139985867,waste_basket
The Comedy Clubhouse,41.90880439970334,-87.66792279959748,theatre
The Salchipapa House,41.895283000110396,-87.71980310023287,restaurant
nan,41.92764220002755,-87.6779937001491,viewpoint
nan,41.92846589988142,-87.67829209970063,viewpoint
nan,41.93344380029123,-87.68279380009375,bench
nan,41.93382239958413,-87.68368689973062,bench
nan,41.93271420010029,-87.68232680014165,bench
nan,41.93256309960742,-87.68204429970461,bench
nan,41.93208810018575,-87.68102130019281,bench
nan,41.89383370036501,-87.64338089990855,bench
nan,41.893859500115866,-87.6433943996318,bench
nan,41.893886200088104,-87.64340950014827,bench
nan,41.893762099941,-87.64334080003783,bench
Starbucks,41.974953799877994,-87.74608230035784,cafe
Seafood City,41.973025200152904,-87.74584359960238,supermarket
nan,41.79126850044099,-87.58266849955157,atm
nan,41.791559399646644,-87.58311560020474,tourist_info
Walgreens,41.81054070029313,-87.59387280038936,chemist
Reggio's Pizza,41.81384219965781,-87.60694560015929,fast_food
nan,41.80583980006679,-87.6240382004026,artwork
nan,41.80624140042033,-87.62412500026852,artwork
Wabash Ave & 49th St,41.805776700034755,-87.62448249966758,bicycle_rental
nan,41.880589999728784,-87.74543590004669,camera_surveillance
nan,41.88033320011715,-87.7453384000471,camera_surveillance
nan,41.88062670016211,-87.74543389995449,camera_surveillance
nan,41.914047100093626,-87.74584509967156,camera_surveillance
nan,41.90982149966254,-87.74597730001233,camera_surveillance
nan,41.89515589982494,-87.74569869993502,camera_surveillance
nan,41.894810800278265,-87.74517450040281,camera_surveillance
nan,41.8939515996866,-87.7456750999259,camera_surveillance
nan,41.89216540041298,-87.74560920030433,camera_surveillance
nan,41.88725229975387,-87.74563009964936,camera_surveillance
nan,41.88590679975903,-87.74537239981635,camera_surveillance
nan,41.74449040001201,-87.55897760043587,post_box
Snipes,41.76516149980341,-87.57369079959068,shoe_shop
nan,41.879123000426205,-87.74534019959049,camera_surveillance
nan,41.87298199961964,-87.74510979957756,camera_surveillance
nan,41.87302409958261,-87.74506819963767,camera_surveillance
nan,41.870363899574386,-87.74501350017283,camera_surveillance
nan,41.89247960015348,-87.63695309990561,camera_surveillance
nan,41.89231469956377,-87.63393529977424,camera_surveillance
nan,41.89167159976455,-87.63424479965772,camera_surveillance
nan,41.889868200057435,-87.6341330004376,camera_surveillance
nan,41.88923349992615,-87.63417859966262,camera_surveillance
nan,41.88700129987012,-87.6337897004343,camera_surveillance
nan,41.88676209999096,-87.63379269967334,camera_surveillance
nan,41.887002100266784,-87.63271129998645,camera_surveillance
nan,41.88704620032195,-87.63260469974705,camera_surveillance
nan,41.8870432001836,-87.63237689967417,camera_surveillance
nan,41.88671609966832,-87.6332704004086,camera_surveillance
nan,41.88455500001328,-87.63263830021737,camera_surveillance
nan,41.88562259960332,-87.63232950000639,camera_surveillance
nan,41.887944200364586,-87.63262590036499,camera_surveillance
nan,41.88794590008325,-87.63239560017678,camera_surveillance
nan,41.88856980025611,-87.63269880030936,camera_surveillance
nan,41.889071499650015,-87.6323464000663,camera_surveillance
nan,41.889321500386984,-87.63235529975725,camera_surveillance
nan,41.890082100208815,-87.632796300309,camera_surveillance
nan,41.89091710004419,-87.63240399984466,camera_surveillance
nan,41.891494800244914,-87.63277089985712,camera_surveillance
nan,41.89252749984428,-87.63247629994123,camera_surveillance
nan,41.893105799892794,-87.63278700041968,camera_surveillance
nan,41.893089200206475,-87.63271859978352,camera_surveillance
nan,41.893276900408694,-87.63428140026639,camera_surveillance
nan,41.89306269988373,-87.63688250042702,camera_surveillance
nan,41.88436340035071,-87.6476307001966,camera_surveillance
nan,41.88432180041082,-87.65000989983696,camera_surveillance
nan,41.88437830031836,-87.65230569994804,camera_surveillance
nan,41.89503810032812,-87.65568100037785,camera_surveillance
nan,41.86235439983574,-87.7104910997844,camera_surveillance
nan,41.86235460038455,-87.71055219972419,camera_surveillance
nan,41.85913780006945,-87.71030729994192,camera_surveillance
nan,41.85913799971894,-87.71025380017272,camera_surveillance
nan,41.856409499798644,-87.7103579002968,camera_surveillance
nan,41.90963290013826,-87.77514800037989,camera_surveillance
nan,41.90981000003154,-87.77533990041604,camera_surveillance
nan,41.87397350037679,-87.73282219968473,camera_surveillance
nan,41.87413470025626,-87.73282739956483,camera_surveillance
nan,41.87360689983859,-87.72296310026684,camera_surveillance
nan,41.87425299977616,-87.7230357996624,camera_surveillance
nan,41.866131199894994,-87.72009360013948,camera_surveillance
nan,41.72970570025791,-87.5754157001744,post_box
nan,41.92769740041473,-87.76625210005432,camera_surveillance
nan,41.92609669980288,-87.75122079989995,camera_surveillance
nan,41.9240947001104,-87.75110270002955,camera_surveillance
nan,41.85918219959888,-87.70536600014077,camera_surveillance
nan,41.860969800016335,-87.70563840029189,camera_surveillance
nan,41.8623870002599,-87.70565690024569,camera_surveillance
nan,41.86627609956241,-87.70576510037904,camera_surveillance
nan,41.87338429964575,-87.70600780041963,camera_surveillance
nan,41.875706100056505,-87.61750409963446,camera_surveillance
nan,41.86771069988896,-87.6189577997626,camera_surveillance
nan,41.8676384996171,-87.62398350003843,camera_surveillance
nan,41.867344899747366,-87.62053409996872,camera_surveillance
nan,41.7948912996938,-87.59827160035405,camera_surveillance
nan,41.79489110004431,-87.59826169971763,camera_surveillance
nan,41.79492009958301,-87.59962609986457,camera_surveillance
nan,41.794895200053475,-87.60155890032297,camera_surveillance
nan,41.79490359972141,-87.60156899970951,camera_surveillance
nan,41.79451099978286,-87.60123439974774,camera_surveillance
nan,41.71051019998578,-87.6427493995651,post_box
Metra,41.6997214003224,-87.60891350025781,vending_any
Metra,41.72161799997076,-87.60392279979732,vending_any
Metra,41.729813000169884,-87.60201889995221,vending_any
Metra,41.73724510008134,-87.60031970019395,vending_any
Metra,41.75922019975246,-87.59532210013475,vending_any
Metra,41.744404799841675,-87.59868969966988,vending_any
Metra,41.67447720026263,-87.62087580007807,vending_any
Metra,41.674340200240124,-87.631402500425,vending_any
Metra,41.67414799983038,-87.64250399975975,vending_any
Metra,41.67403829962785,-87.65227079995742,vending_any
Bryn Mawr Jewelry Co,41.97557250017081,-87.6681933003805,jeweller
Milk Handmade,41.97548909974222,-87.66818699973021,clothes
nan,41.90853560043769,-87.65320789982468,bench
nan,41.90801690025978,-87.65277240042587,bench
nan,41.86221839985933,-87.6468774999966,post_box
The Haitian American Museum of Chicago,41.96206789991368,-87.6662476998714,museum
Walgreens,41.96566300004747,-87.66796619998013,pharmacy
Loud Pizza Records Carry-Out,41.906769299563564,-87.65943270035882,fast_food
Papa John's,41.869298100427045,-87.65657900042049,fast_food
Bowl & Sushi,41.86961259964181,-87.65356359968035,restaurant
nan,41.87408230035794,-87.6510884999343,waste_basket
IDOF - I Dream of Falafel,41.86926440013201,-87.65542069970547,restaurant
nan,41.87237610027688,-87.65694479966271,post_box
nan,41.87360920030443,-87.65176680009773,waste_basket
nan,41.87338750033291,-87.65216430044205,waste_basket
nan,41.87206220001059,-87.65957760002618,bench
nan,41.872080500314894,-87.65966299964765,bench
Stax Cafe,41.869159600335365,-87.66181669968091,restaurant
MiMi's Craft Kitchen,41.86950019967452,-87.66121140018595,restaurant
Scafuri Bakery & Cafe,41.86917350025686,-87.6606535003587,bakery
Wine on Taylor,41.86954979998336,-87.65659870006994,beverages
Jimmy John's,41.86924230019207,-87.6556186998431,fast_food
Busy Burger,41.869659900384136,-87.65510139990965,fast_food
nan,41.87006030014277,-87.64867330043245,bench
Jarabe,41.869647499632435,-87.65450910011486,restaurant
Subway,41.869587000439765,-87.65441110009215,fast_food
Thai Bowl,41.869307799615285,-87.65305819957621,restaurant
Gents Barber Lounge,41.86930330030714,-87.65269319983128,hairdresser
nan,41.86839679987247,-87.65122010042728,waste_basket
nan,41.873857500423355,-87.64755120012774,waste_basket
nan,41.86757090027686,-87.65120549993384,waste_basket
nan,41.86723509972012,-87.65079220029975,waste_basket
nan,41.86729559981211,-87.64931380029162,waste_basket
nan,41.86730849968757,-87.64865509995286,waste_basket
nan,41.868166499684264,-87.64861169957027,artwork
nan,41.87121270040586,-87.64862799978232,waste_basket
nan,41.87000919976481,-87.64867069959308,waste_basket
nan,41.86973359982585,-87.64857319959344,waste_basket
nan,41.86973480042076,-87.64855469963965,tourist_info
nan,41.869118700067986,-87.64867779974065,waste_basket
nan,41.90455019993186,-87.65858069973945,bench
nan,41.90431169972521,-87.65849229997963,bench
nan,41.90416529998868,-87.6584578001873,bench
nan,41.904019099901575,-87.65843050036727,bench
nan,41.90398200016921,-87.65841780014131,bench
nan,41.90435269981731,-87.65850550022861,bench
nan,41.91724820004447,-87.62997770001078,bench
nan,41.917557000255385,-87.63010950015325,bench
nan,41.917881499931354,-87.6302414001205,bench
nan,41.91855870022391,-87.63044019975536,bench
nan,41.91923179960793,-87.6307386002062,bench
nan,41.91991350010801,-87.63103830017735,bench
nan,41.920890699845984,-87.6314015003789,bench
nan,41.92053859997645,-87.6312414003703,bench
nan,41.92135419963665,-87.6316070997878,bench
nan,41.92213399998417,-87.6322949003893,bench
nan,41.922159899559745,-87.63229760015406,bench
nan,41.922182399698045,-87.63229789962833,waste_basket
nan,41.92223650021435,-87.63230899996034,bench
nan,41.92225590038953,-87.63231469986346,bench
nan,41.92227540038948,-87.63232189983574,bench
nan,41.92229569988672,-87.63233080042608,bench
nan,41.89840130037976,-87.64885019977686,bench
nan,41.89850820009343,-87.64904350005742,bench
SPF Chicago,41.92019799973792,-87.66189159971753,sports_centre
SPF Chicago,41.9207881996158,-87.66153870035072,sports_centre
nan,41.90348759967304,-87.6490029999884,bench
nan,41.902861499758444,-87.64852949973658,bench
Charlie Martin's,41.89594650013095,-87.63145019956704,restaurant
nan,41.909932299735885,-87.65559950021674,waste_basket
nan,41.907714299975,-87.6572109998877,bench
nan,41.907847500361925,-87.65723640033957,bench
nan,41.90786850043099,-87.65723710001214,bench
nan,41.90770430041317,-87.6569220000502,bench
nan,41.907724199712106,-87.656908500327,bench
nan,41.907992200379795,-87.65702789971778,bench
nan,41.90809249996897,-87.65724050034879,bench
Ever,41.886845200046025,-87.660485999829,restaurant
After Lounge,41.88684539969552,-87.66037700019837,bar
Fairgrounds Coffee & Tea,41.88681409969098,-87.66003520026425,cafe
Kyōten,41.91741540020064,-87.69029820010184,restaurant
Kyōten Next Door,41.917416400246736,-87.69041429987999,restaurant
nan,41.77421149986088,-87.77607750007655,post_box
Seoul Taco,41.94001320034897,-87.6554939998482,restaurant
Wintrust Bank,41.85769580012112,-87.66161210031817,bank
nan,41.855936200095584,-87.66268610038321,bench
nan,41.85592890029858,-87.66272279991722,bench
nan,41.8559215996022,-87.66272799979731,bench
Fat Peach Bakery,41.84148920026644,-87.65782650039262,bakery
Little Vietnam,41.98379649990858,-87.659405700013,restaurant
Taquería Uptown,41.983795200388215,-87.65984499994676,restaurant
Green Arch Food and Smoke,41.98350249984054,-87.65980830041269,convenience
Ben's Noodles & Rice,41.9835167999604,-87.65954289968505,restaurant
The Little India,41.98351029966068,-87.6584589998829,restaurant
Hamburger Mary's,41.98351529989122,-87.65780479975166,restaurant
All Meal Prep Kitchen & Cafe,41.98382519997307,-87.6582331000775,cafe
Citgo,41.869297899878234,-87.64401429962021,convenience
AT&T,41.868717099714445,-87.6388116999999,mobile_phone_shop
nan,41.916093400390196,-87.80590610038621,post_box
nan,41.92328769976757,-87.66726129966924,comms_tower
nan,42.01788699998514,-87.67493699984266,post_box
nan,42.00683999956635,-87.66152600012475,post_box
The Salvation Army,41.92311040022486,-87.66791709969436,recycling_clothes
Rebuilding Exchange,41.92166440009203,-87.67082819976156,doityourself
Ceres Cafe,41.87786740026036,-87.63204169986454,restaurant
Dollop Coffee Co.,41.880583799802594,-87.62972369998874,cafe
Bar Sotto,41.880432499660174,-87.63015010004705,bar
CVS Pharmacy,41.83602860043959,-87.67363209974155,pharmacy
nan,41.97019179971181,-87.65011960003949,tourist_info
nan,41.93499570009152,-87.687285400201,bench
nan,41.93490749998119,-87.6872196004042,bench
nan,41.93482220018444,-87.6871848002383,bench
nan,41.933912699611426,-87.68632880033385,bench
South Loop Market,41.92386310040183,-87.69757039965418,convenience
Namaste Chicago,41.92715550042607,-87.69726609965073,restaurant
New Star Cleaners,41.927080600389445,-87.69727309997353,laundry
Nakama Toys,41.926841500335,-87.69764409999516,toy_shop
nan,41.928245600154355,-87.69759110024904,waste_basket
La Licor Panamericana,41.92730180033789,-87.6972987000749,bar
Pep Club Vintage,41.89570210037169,-87.66702430043108,clothes
Chicago Cleaners,41.89631209972367,-87.66259530033278,laundry
Subway,41.904720099852796,-87.64832329958057,fast_food
Sharks Fish & Chicken,41.90471459959912,-87.6484646001611,fast_food
Riverside Market,41.904884600244145,-87.64832150003718,convenience
Trader Joe's,41.949865400168164,-87.67510460019713,supermarket
Shell,41.93088890010273,-87.76568290024562,car_wash
CD One Price Cleaners,41.90946579980687,-87.79020730002685,laundry
nan,41.88448570005505,-87.65336639993939,waste_basket
Brilliant Earth,41.88457979971804,-87.65304009982071,jeweller
nan,41.93769320038092,-87.69207770032557,artwork
SunLife Organics,41.88786380007434,-87.64848989988894,fast_food
Beity,41.88662359989928,-87.6481326999641,restaurant
Publican Quality Meats,41.88660810008378,-87.64849220035472,butcher
nan,41.874450700439525,-87.65708400032634,tourist_info
nan,41.873362500079395,-87.65079669960795,tourist_info
nan,41.87346329969159,-87.65089690027168,waste_basket
Secret River Show,41.93954439995417,-87.69283069997681,theatre
nan,41.87541479975329,-87.61978709969486,bench
nan,41.875390300422055,-87.61978559962569,bench
nan,41.87532480009952,-87.61978289986092,bench
nan,41.87529970002117,-87.61978210036358,bench
nan,41.87528179991517,-87.61975839963043,bench
nan,41.87528199956466,-87.61972739999948,bench
nan,41.87528289978604,-87.61963180026731,bench
nan,41.8752843000305,-87.61959509983393,bench
nan,41.87528380000742,-87.61966970039634,waste_basket
nan,41.875267200321105,-87.61953349987107,bench
nan,41.87524899984152,-87.6195074995714,bench
nan,41.875125999565284,-87.61933160027309,bench
nan,41.87514649961133,-87.61936259990404,bench
nan,41.87516870027537,-87.61939549980247,bench
nan,41.87518489976338,-87.61941799994071,bench
nan,41.87520799974942,-87.61945239990831,bench
nan,41.875228800169054,-87.61948190036935,bench
nan,41.87508000014196,-87.61931249957217,bench
nan,41.87505289997142,-87.61931249957217,bench
nan,41.87626580032645,-87.61980749991613,bench
nan,41.87629699960689,-87.61980849996229,bench
nan,41.87630630039553,-87.61978199963954,bench
nan,41.87630700006804,-87.61975309992556,bench
nan,41.87630850013721,-87.61964570018887,bench
nan,41.87630979965758,-87.61961059964943,bench
nan,41.87632530037234,-87.61954179971423,bench
nan,41.87634199988344,-87.61951929957598,bench
nan,41.87636950025228,-87.61948929999119,bench
nan,41.87638750018306,-87.61946679985289,bench
nan,41.876413100284424,-87.61943680026809,bench
nan,41.87643420017827,-87.61941260041112,bench
nan,41.876460300302654,-87.61938019963645,bench
nan,41.87647430004898,-87.61935870044363,bench
nan,41.876526299749,-87.61934569984413,bench
nan,41.876552499698164,-87.61934569984413,bench
nan,41.8764794001043,-87.61857870044662,bench
nan,41.876462599869114,-87.61855759965346,bench
nan,41.8765272997951,-87.61859430008684,bench
nan,41.876557099730405,-87.61859339986546,bench
nan,41.8764399999061,-87.61853730015622,bench
nan,41.87641880018754,-87.61850929976436,bench
nan,41.87639160019222,-87.61847660041474,bench
nan,41.87637449958356,-87.61845279985681,bench
nan,41.87635079974967,-87.61842090000448,bench
nan,41.87633019987885,-87.61839799966793,bench
nan,41.876326400243215,-87.61832530027237,bench
nan,41.87632669971748,-87.61829210000036,bench
nan,41.87632600004491,-87.61819689956724,bench
nan,41.87632480034932,-87.61816520026372,bench
nan,41.876312799795926,-87.61814999992254,bench
nan,41.87628829956543,-87.61814999992254,bench
nan,41.87625799960705,-87.61814920042525,bench
nan,41.87623260005449,-87.61814749980721,bench
nan,41.876199899805556,-87.61811469973355,bench
nan,41.87618299974571,-87.61808999985357,bench
nan,41.87616649988411,-87.6180689997845,bench
nan,41.87546809987299,-87.61803630043488,bench
nan,41.875448900246624,-87.61806160016266,bench
nan,41.875424300191355,-87.61809590030549,bench
nan,41.87538670043591,-87.61812349959979,bench
nan,41.87535359998873,-87.61812499966896,bench
nan,41.87531590040851,-87.61812200042993,bench
nan,41.87530070006733,-87.61816799985326,bench
nan,41.87530199958769,-87.61813829974272,bench
nan,41.87530010021948,-87.61828089984363,bench
nan,41.87530129991512,-87.6183182001248,bench
nan,41.87528139971687,-87.618378100369,bench
nan,41.87526389980917,-87.61839780001844,bench
nan,41.87524589987845,-87.61842039998146,bench
nan,41.87522889999377,-87.61843989998135,bench
nan,41.87521180028443,-87.61845990000432,bench
nan,41.87519170043669,-87.61848440023482,bench
nan,41.87513990038616,-87.61854340025769,bench
nan,41.87516720020619,-87.61851360032239,bench
nan,41.87509850009576,-87.61856640041901,bench
nan,41.8750602995932,-87.61856509999933,bench
nan,41.80241700014449,-87.60386789978372,waste_basket
Kanlaya,41.96828339965924,-87.68868609968371,restaurant
Bunny Ears Art House,41.96436260015395,-87.68560719961255,arts_centre
Sushi Pink,41.88294310014402,-87.65018940002074,restaurant
nan,41.94111949956533,-87.69377780030521,bench
nan,41.94156050011702,-87.69404050036877,bench
nan,41.94081049970487,-87.6934489002465,bench
nan,41.942079300119644,-87.69438020038592,bench
nan,41.94256539987333,-87.69467440010345,bench
nan,41.94467149969,-87.69527179995356,bench
nan,41.94393349983119,-87.69426459973147,bench
nan,41.86518270022151,-87.61500110022058,shelter
nan,41.86651969982432,-87.61311499975739,shelter
nan,41.866521000244006,-87.61299689988698,shelter
nan,41.94014989999795,-87.69266399984366,bench
nan,41.94046380026424,-87.69304650039567,bench
nan,41.94495769993796,-87.6942988998743,bench
nan,41.94576320021156,-87.69431970029387,bench
Chick-fil-A,41.97588540039095,-87.89165620027336,fast_food
City Sports,41.8095068000988,-87.61794949966963,sports_shop
Horner Picnic Grove,41.96024750032194,-87.69797379955116,picnic_site
Horner Picnic Grove,41.96012040003649,-87.69778650044663,picnic_site
Horner Picnic Grove,41.96013940001336,-87.69571579974433,picnic_site
nan,41.95986780025885,-87.69806149963847,bench
nan,41.96039719967109,-87.69823730001133,bench
nan,41.955774499993254,-87.69748249991738,drinking_water
nan,41.957569699681926,-87.69748540023102,drinking_water
nan,41.96060189975793,-87.69566589996128,drinking_water
nan,41.96056420017777,-87.69660599996689,drinking_water
nan,41.95977380042058,-87.6979535998787,drinking_water
nan,41.95881440006457,-87.69563440030731,drinking_water
nan,41.9567895998602,-87.69517010011998,drinking_water
nan,41.958873400087384,-87.69581369994228,bench
nan,41.958379499614296,-87.69517200038746,bench
nan,41.95489509972913,-87.69547909998045,bench
nan,41.95499309975179,-87.69725920005203,bench
nan,41.958864200022845,-87.69694629983184,bench
nan,41.95873380012483,-87.69578099969334,bench
nan,41.95884639974162,-87.69593799973887,bench
nan,41.95843009996918,-87.69539349981011,bench
nan,41.95832320025556,-87.69525299962618,bench
nan,41.95613319998722,-87.69538920015145,bench
nan,41.955082899756064,-87.69540820012827,bench
nan,41.95504069996838,-87.6957852004266,bench
nan,41.95512699981123,-87.69528329958456,bench
nan,41.95479499978944,-87.69548260014187,bench
nan,41.954856999950664,-87.69537160041898,bench
nan,41.956969600067055,-87.69734490004709,bench
nan,41.95808450039942,-87.69753789995406,bench
nan,41.9582147995734,-87.69742690023122,bench
nan,41.95840979957262,-87.69735119979799,bench
nan,41.95857770030068,-87.69728950001036,bench
Horner Picnic Grove,41.960254999768495,-87.69577789973027,picnic_site
nan,41.96083379984003,-87.69536739968572,bench
nan,41.96075610021393,-87.6953886003036,bench
The Sugar Hole,41.95603329969708,-87.72292029973198,restaurant
Milwaukee Ave & Ainslie St,41.96860730038668,-87.76106939973295,bicycle_rental
Milwaukee Ave & Agatite Ave,41.961494699920536,-87.75487540007964,bicycle_rental
Linder Ave & Montrose Ave,41.96072619955453,-87.76486300002739,bicycle_rental
Mason Ave & Montrose Ave,41.96058310032987,-87.77466449966687,bicycle_rental
Narragansett Ave & Montrose Ave,41.959980600424444,-87.78691799996568,bicycle_rental
Newcastle Ave & Irving Park Rd,41.95249559969221,-87.797544400054,bicycle_rental
Oriole Ave & Irving Park Rd,41.95223300035275,-87.81696899991937,bicycle_rental
nan,41.95207860024726,-87.83285069989984,post_box
nan,41.93797910025535,-87.81910090038622,post_box
Overhill Ave & Belmont Ave,41.937975100070844,-87.81916529993862,bicycle_rental
Oconto Ave & Belmont Ave,41.93780150033905,-87.8078769997237,bicycle_rental
nan,41.930887900056575,-87.8010878997867,post_box
Menard Ave & Lawrence Ave,41.96790530038936,-87.7727291001678,bicycle_rental
Lavergne Ave & Lawrence Ave,41.96780480025137,-87.75258410017602,bicycle_rental
Broadway Eye Institute,41.98161900021677,-87.65978070021913,optician
Jin,41.98164460031808,-87.66027059960845,restaurant
Bionic Hair Design,41.981944999961854,-87.65975729985945,hairdresser
Hangry Joe's Hot Chicken,41.97977849987791,-87.65972039977657,fast_food
Boost Mobile,41.98350059957306,-87.66028450042933,mobile_phone_shop
Igor Does My Bike,41.98158500044747,-87.66025829958085,bicycle_shop
nan,41.959544500278525,-87.69430940035852,tourist_info
nan,41.95774109967209,-87.69401729965864,tourist_info
nan,41.94469919970834,-87.69322200039494,pitch
Another Barber Shop,41.80942179977632,-87.60471280025547,hairdresser
nan,41.986010799858605,-87.72659349969024,artwork
nan,41.986586099768715,-87.71378880041277,post_box
Navat Restaurant,41.97808519967231,-87.8438546003095,restaurant
nan,41.949910299720614,-87.69719569982163,bench
nan,41.98664259967626,-87.70085659975223,post_box
nan,41.940401100430506,-87.6941166999257,bench
nan,42.004678800086594,-87.70474090027227,post_box
nan,42.0049451001363,-87.69970130007488,post_box
nan,42.0085225996383,-87.69959419981245,post_box
nan,42.01382339983007,-87.69982290010671,post_box
nan,41.999328600134845,-87.69980140001456,post_box
nan,41.997490900284845,-87.69979239959952,post_box
nan,41.99213439968287,-87.69937199981791,post_box
nan,41.857787700042365,-87.63690859965209,viewpoint
Mejuri,41.88458420010079,-87.65147399972528,jeweller
The Attractivators,41.965262000441044,-87.67594350039218,hairdresser
nan,41.953927100055694,-87.68808039999044,camera_surveillance
nan,41.95367129959084,-87.6883204002662,camera_surveillance
nan,41.953274800191934,-87.69173939965356,pitch
nan,41.953274800191934,-87.69285940004124,pitch
nan,41.95241609962335,-87.69294279957052,pitch
nan,41.952511399881246,-87.69174949993942,pitch
nan,41.95436770040908,-87.69749499959454,bench
nan,41.95454690021933,-87.6973214996874,bench
nan,41.954383200224584,-87.69691349975818,bench
Wink Optical,41.93144200024818,-87.6574238001682,optician
Traditions,41.931594000063114,-87.65711590017861,hairdresser
Taichi Bubble Tea,42.00570050007809,-87.66128759974288,cafe
Khmai Restaurant,42.00242369969402,-87.6610302002835,restaurant
Laschet's Inn,41.953918999862026,-87.68199530014294,restaurant
nan,41.914046900444134,-87.70503180037724,waste_basket
nan,41.91404739956789,-87.705038699976,recycling
nan,41.88163529972934,-87.64745680009122,waste_basket
Stan's Donuts & Coffee,41.79111160022023,-87.58310850005722,cafe
The Fresh Market,41.932572199847186,-87.64949600024016,supermarket
nan,42.01191489995273,-87.70420070000227,post_box
Hat-Box-Suit Central,42.01221219963338,-87.69915909971263,clothes
nan,42.01166349987068,-87.70538690038512,artwork
Crave Coffee,41.87708580036946,-87.62570140029936,cafe
nan,41.84265219993915,-87.66555380006776,bench
nan,41.8428692000536,-87.66526309961233,bench
nan,41.8428327999938,-87.66505989959467,bench
nan,41.842467999898304,-87.66482190031041,bench
nan,41.842154200356106,-87.66532680039148,bench
nan,41.84189460025567,-87.66550600020173,bench
nan,42.01932869955988,-87.68452450040536,post_box
Boost Mobile,41.750635400103704,-87.63398049970027,mobile_phone_shop
nan,41.84889179971685,-87.64676159986789,bench
nan,41.84808039989059,-87.6501138003116,bench
nan,41.84799030041211,-87.64960709978777,bench
nan,41.848134600231674,-87.64913909978958,bench
nan,41.84817010007009,-87.64888750005804,bench
nan,41.84844269987076,-87.6480373997062,bench
nan,41.84870580013262,-87.6472202001521,bench
nan,41.847964599586646,-87.65057530001008,bench
nan,41.84791159984053,-87.6509822998932,bench
nan,41.84785219961935,-87.65150669997416,bench
nan,41.84770729995199,-87.65231669955602,bench
nan,41.84764839975389,-87.65318779997693,bench
nan,41.85560270000468,-87.63600060004762,drinking_water
nan,41.855547899815804,-87.63583909979457,bench
nan,41.85696710015162,-87.63480549997382,bench
nan,41.8569984001561,-87.63478559977557,bench
nan,41.85709709985133,-87.63472840019546,bench
nan,41.857130099574476,-87.63470740012639,bench
nan,41.85713030012329,-87.63490640031011,bench
nan,41.857072399971344,-87.63493930020849,bench
nan,41.85746280016815,-87.63456060019149,bench
nan,41.85724499965704,-87.63444329981837,bench
Return of the Yellow Cranes,41.85907629993136,-87.63242649998296,artwork
nan,41.858154600054775,-87.63389279961297,bench
nan,41.85703449984237,-87.63450939998876,bench
nan,41.85691520027632,-87.63458020001616,bench
nan,41.85618159990099,-87.6356404998092,bench
Nesewin - How to Breathe Underwater,41.95423550006831,-87.79675140035681,artwork
nan,41.84836929990331,-87.6461636999947,water_tower
nan,41.846903399572284,-87.64813989993638,vending_any
nan,41.89402730011983,-87.62441429958022,waste_basket
Sydel & Sydel Jewelry,41.87952450005571,-87.63453190012706,jeweller
Tommy Bahama,41.894358800118596,-87.62459050015144,clothes
TE'AMO Boba Bar,41.88103150030355,-87.62467789986516,cafe
Sweetgreen,41.88498829967034,-87.6247669003721,fast_food
Dollop Coffee Co.,41.88491219993813,-87.62483020005368,cafe
nan,41.89408179993518,-87.62396280034295,post_box
H&M,41.89476570017695,-87.62390039998343,clothes
Converse,41.8946200999377,-87.62390409979434,shoe_shop
nan,41.89425329975006,-87.62440849985234,waste_basket
nan,41.89425360012359,-87.62408219973372,waste_basket
Noyane,41.89397440019849,-87.62511750017245,restaurant
Residence Inn Chicago Downtown Magnificent Mile,41.893880199811406,-87.6251442999694,hotel
nan,41.903346499641316,-87.67738799955652,bench
The Perch Kitchen and Tap,41.903389300176116,-87.67622030002678,pub
James R. Thompson,41.830572999944025,-87.63505389991752,artwork
Pepsi,41.85313809984348,-87.63089279976288,vending_any
Rite Liquors,41.90312719996035,-87.66940769990538,bar
Foxtrot Market,41.90346129989911,-87.67095260028225,cafe
Tous les Jours,41.90347500017117,-87.671096699553,bakery
Smoke Daddy BBQ,41.90345690041568,-87.67275719968495,restaurant
Little Wok,41.903386300037766,-87.67692079995493,restaurant
"Cheba Hut ""Toasted"" Subs",41.903389300176116,-87.67676789991862,fast_food
Janik's Cafe,41.90302919993769,-87.67776709977181,restaurant
nan,41.69249549966764,-87.62575979957506,post_box
CM Korean Fried Chicken,41.85420730022679,-87.64112659991264,fast_food
312 Fish Market,41.854394200032345,-87.64122879976924,restaurant
Qiao Lin Hotpot,41.85408150036102,-87.64147669968992,restaurant
Consulate General of Ireland,41.88648409976145,-87.6276505000705,embassy
Joe Willie's,41.876270299634655,-87.70062609991453,restaurant
Chicago Maritime Museum,41.83153610011101,-87.6566736001065,museum
Bond Vet,41.88153760008021,-87.64912939970202,veterinary
Beyond Yoga,41.88462100035895,-87.65059460036048,clothes
Big City Optical,41.884619699939265,-87.65050990041152,optician
nan,41.95322290031663,-87.80157939996928,bench
nan,41.953141800353876,-87.8015726001953,bench
The Chicago Dental Studio,41.8789235002194,-87.64707929976981,dentist
Refined Barbershop,41.87695009986726,-87.64269420007724,hairdresser
nan,41.85297430002396,-87.64640420029355,waste_basket
Paramount Cleaners,41.879844100225114,-87.64235989958968,laundry
nan,41.879904799966596,-87.64740619973628,waste_basket
nan,41.87662600038965,-87.64240370017058,waste_basket
nan,41.87684310032887,-87.64260420042348,waste_basket
nan,41.87680050034288,-87.64268299992045,post_box
Market Creations,41.87910859958225,-87.6433899003236,restaurant
nan,41.87933250019478,-87.64243030031804,post_box
Byrd's Hot Chicken,41.877393099611936,-87.64224179971927,fast_food
nan,41.878128999553724,-87.64118729965412,waste_basket
nan,41.877937600439964,-87.64117970038285,waste_basket
nan,41.87780869971175,-87.64117920035977,waste_basket
nan,41.87666179970233,-87.64113660037378,waste_basket
nan,41.87655559966123,-87.6409227002224,post_box
nan,41.94843880021051,-87.65716489974028,artwork
"Ernie Banks ""Mr Cub""",41.94845260030729,-87.65711139997109,artwork
"""Sweet Swinging"" Billy Williams",41.948467000251924,-87.65700279963943,artwork
Ron Santo,41.94847029986448,-87.65694660010547,artwork
"Ryne Sandberg ""Ryno""",41.94847050041329,-87.65689289978747,artwork
Puebla Restaurant,41.9299935998248,-87.70919529992312,restaurant
Shell,41.93892940037159,-87.72272539955753,car_wash
CVS Pharmacy,41.94146689957779,-87.72675070028453,pharmacy
Total by Verizon,41.94188890015266,-87.72768349959381,mobile_phone_shop
Passport Health Evergreen Park Travel Clinic,41.72253459979203,-87.68175350032374,clinic
nan,41.96826799966851,-87.71272189959598,vending_parking
Subway,41.96819750001464,-87.71278420013067,fast_food
nan,41.96819209958579,-87.71310099981127,bench
nan,41.96830310020795,-87.71317849978789,tourist_info
Hope and Renewal,41.96831709995428,-87.71307289959458,artwork
Space Junction of Energy,41.968218500083765,-87.71310319955296,artwork
Hope and Renewal,41.96831569970982,-87.71314080020773,artwork
The Book Cellar,41.96762820038117,-87.68804089996752,bookshop
nan,41.96762410037201,-87.68768710037932,bench
nan,41.96770149962458,-87.6874744997483,bench
nan,41.96762549971709,-87.68742560001141,bench
nan,41.96755569973578,-87.68762489966934,bench
nan,41.87779670005773,-87.65098210024371,post_box
nan,41.877842800205144,-87.64971420005025,waste_basket
La Mexicana Taqueria,41.830636199800836,-87.64671790001103,restaurant
JJ Fish & Chicken,41.8099134996084,-87.59191480002795,fast_food
nan,41.878985000357545,-87.66450580030238,waste_basket
nan,41.90071029984051,-87.66219560024672,bench
Get It Straight Orthodontics,41.948694699600765,-87.6686793003094,dentist
Prairieland Montessori,41.948049300235084,-87.67509809989735,school
Roche Bobois,41.890200299903995,-87.63501460044341,furniture_shop
Ligne Roset,41.8901436003469,-87.63433780034916,furniture_shop
nan,41.890009200264444,-87.63755009955742,post_box
TT Nails,41.95339640022377,-87.67839409990773,beauty_shop
nan,41.87440499959109,-87.62973559981805,post_box
nan,41.874461500397956,-87.6297933003205,waste_basket
Allure Dental,41.95404870008747,-87.6743569002507,dentist
Indian Clay Pot,41.954394000183015,-87.67434510024611,restaurant
Yeimi's Beauty Salon Inc,41.95401210037818,-87.675296600058,beauty_shop
Hair Apothecary,41.954021400267436,-87.67562330037498,hairdresser
I-Cafe,41.95437059982339,-87.67480700014289,cafe
Ekiben,41.95401509961721,-87.67537109989632,restaurant
Captain Shrimp,41.95403830032734,-87.6764908997352,restaurant
Barnes & Noble,41.91080120041511,-87.67772459961054,bookshop
Daebak Korean BBQ,41.90469039974221,-87.66895700016539,restaurant
nan,41.95060599996697,-87.67875620023841,waste_basket
nan,41.950583700377535,-87.678530699732,waste_basket
nan,41.88304470015282,-87.64751639996183,camera_surveillance
nan,41.88309619982982,-87.63952719972048,camera_surveillance
nan,41.883134799631364,-87.63855810017617,camera_surveillance
nan,41.88332630036854,-87.63672389958828,camera_surveillance
nan,41.88313989968668,-87.63367409977985,camera_surveillance
nan,41.88308870038327,-87.63250249989039,camera_surveillance
nan,41.924789500135375,-87.7119884997694,camera_surveillance
nan,41.878236699664,-87.63236099966036,camera_surveillance
nan,41.87826539972849,-87.63067319970838,camera_surveillance
nan,41.8781373002962,-87.62786850023105,camera_surveillance
nan,41.87825089995914,-87.62788020041086,camera_surveillance
nan,41.878250599585556,-87.6278759996776,camera_surveillance
nan,41.878128899729006,-87.62864190010356,camera_surveillance
nan,41.878281000267975,-87.62749779968368,camera_surveillance
nan,41.87550690022334,-87.62744229982223,camera_surveillance
nan,41.87557579998321,-87.62744370006669,camera_surveillance
nan,41.87559100032445,-87.62744589980838,camera_surveillance
nan,41.87555470008937,-87.62744389971618,camera_surveillance
nan,41.87580119976559,-87.63061049987465,camera_surveillance
nan,41.87570119965068,-87.63087970023793,camera_surveillance
nan,41.87241429988006,-87.62967540009959,camera_surveillance
nan,41.87464449984384,-87.62911090014791,camera_surveillance
nan,41.875606199766366,-87.6240491001858,camera_surveillance
nan,41.87707539971001,-87.62408939970601,camera_surveillance
nan,41.87707980009276,-87.62408950043005,camera_surveillance
nan,41.87817420037908,-87.6240979999227,camera_surveillance
nan,41.88068699970535,-87.62418109997776,camera_surveillance
nan,41.882010999607985,-87.62412080043458,camera_surveillance
nan,41.94387819961929,-87.66443290035801,artwork
nan,41.94383749990078,-87.66443119974002,artwork
nan,41.94379609961038,-87.66442880034884,artwork
nan,41.94375239975352,-87.66442709973086,artwork
Green (North Wall),41.943873999785296,-87.66367140031485,artwork
Yellow (South Wall),41.943778300228416,-87.66367090029178,artwork
nan,41.927746700349985,-87.7877796997733,camera_surveillance
nan,41.929140299685116,-87.78922829984612,camera_surveillance
nan,41.906856700176604,-87.66773400042376,camera_surveillance
nan,41.90407779955086,-87.66744780017581,camera_surveillance
nan,41.90407569963389,-87.66736460029603,camera_surveillance
nan,41.87579170022684,-87.63167639974603,camera_surveillance
nan,41.90615410033149,-87.66988320024944,camera_surveillance
nan,41.906290600330976,-87.66777229985172,camera_surveillance
nan,41.90529710038095,-87.667891499593,camera_surveillance
nan,41.99013420043303,-87.656902099852,camera_surveillance
nan,41.990134999930376,-87.65689380000885,camera_surveillance
nan,41.99240739968178,-87.65695289985638,camera_surveillance
nan,41.992375099631204,-87.65822010037732,camera_surveillance
nan,41.99011180011951,-87.65809750029933,camera_surveillance
nan,41.968994499896326,-87.65748490010799,camera_surveillance
nan,41.968923900417735,-87.65980420040347,camera_surveillance
nan,41.96732329963061,-87.65860310005297,camera_surveillance
nan,41.6919365997943,-87.53509790034781,post_box
nan,41.885554900438365,-87.64996770004927,post_box
Prince Street Pizza,41.88410499994586,-87.65135010012699,fast_food
Mac's Deli,41.883679199735354,-87.65108029991586,fast_food
nan,41.95395749983879,-87.80204229991216,bench
nan,41.95396669990333,-87.80215000002244,bench
nan,41.95403830032734,-87.80211300011484,bench
nan,41.77956639966965,-87.64953950044753,post_box
nan,41.779751800305405,-87.6546200998377,post_box
SNKFuels,41.772790699631116,-87.6441634998456,convenience
The UPS Store,41.88551019963603,-87.64359320016604,post_office
FedEx Office,41.88586250005437,-87.64326110031948,post_office
Shiny Cleaners,41.8861423996521,-87.64298660025139,laundry
nan,41.885295199613836,-87.6414072000822,post_box
nan,41.69589189999124,-87.66080529962483,post_box
Emergency Room,41.936733200177116,-87.65199329975093,clinic
Ordinary Relic,41.932775300040134,-87.6530887000834,artwork
Landslide,41.9255227003124,-87.65272990026466,artwork
Hayes Healy Gymnasium,41.925044799677835,-87.65277210005235,artwork
Doors Open Everywhere at Fullerton,41.92501959977477,-87.6528044999277,artwork
Smile Cleaners,41.946749299640544,-87.67587659982519,laundry
Northwestern University Feinberg School of Medicine,41.896112399867434,-87.61723779958476,school
Bronzeville Scholastic Institute,41.805297400055,-87.62549060011105,school
Daniel Hale Williams Preparatory School of Medicine,41.80406980028113,-87.62469129976364,school
A-1 Jewelry & Coin,41.95401990019826,-87.67544120025116,jeweller
nan,41.95404340038266,-87.676172900359,atm
Houston Liquor and Food Inc,41.95402650032281,-87.67551720015865,convenience
Nichols Park Fieldhouse,41.79909859982058,-87.59289139991813,sports_centre
Monday Coffee Co.,41.85889900038859,-87.70693019996872,cafe
Diamond Florist,41.821081100012805,-87.69315319956047,florist
nan,41.92562819978167,-87.70251070030855,recycling_clothes
Wash Smart Lavanderia,41.7714911001342,-87.73071550002027,laundry
Mariscos La Diabla Restaurant,41.778745100106335,-87.7286257004157,restaurant
Eyebrow Threading Studio,41.810023799658666,-87.59200739962176,beauty_shop
Fung's Chop Suey,41.80997310037833,-87.5919701002399,fast_food
5 Estrellas Restaurant,41.7864823004179,-87.69647879985666,restaurant
Englewood Hardware & Paint,41.77952899956375,-87.65021309985462,doityourself
Chicago French Press,41.87178459997938,-87.65067880028636,cafe
Metra,41.860414400304364,-87.64744659998058,vending_any
Metra,41.86041450012914,-87.64743470015128,vending_any
U-Haul,41.99865349975926,-87.67469470000037,car_rental
Kinzie Cleaners,41.88764260012596,-87.64397369972642,laundry
Blue Agave,41.88890009965991,-87.64263760034493,restaurant
Delta Mobile,41.968728600044926,-87.66969199988586,mobile_phone_shop
Diner Grill,41.95410079961226,-87.67047149985979,restaurant
Spotless Solutions,41.81006829991219,-87.5920543999905,laundry
Plant Shop Chicago,41.964768599990975,-87.73498990036359,garden_centre
Mariscos El Barbas,41.96411549973055,-87.7340599995693,restaurant
Starbucks,41.896261699917545,-87.64118309982018,cafe
Great Steak,41.8826017004082,-87.64071020031548,fast_food
Dunkin',41.88297330027763,-87.63937539955504,fast_food
Great Clips,41.88168880039785,-87.64167140021493,hairdresser
nan,41.93687409966003,-87.66870460003724,post_box
Allez Café,41.922899600036544,-87.68735300044057,cafe
Onions & Cilantro,41.92272319981589,-87.68737299956422,fast_food
Arc'teryx,41.911448900246626,-87.67767319975832,clothes
Big Bud Press,41.911787100194545,-87.6773388003453,clothes
Indienne,41.89455930037144,-87.63510440044769,restaurant
Gigi's Vegan Kitchen,41.89235950019082,-87.66209290036704,restaurant
Brownie Points Bakery,41.89236980012623,-87.66195250000783,bakery
Time is the Enemy (Revisited),41.91040870030133,-87.63887139969529,artwork
La Condesa,41.89989570022641,-87.66713699987258,restaurant
Vittum Theater,41.90034100043687,-87.66274489985722,theatre
nan,42.01937329963812,-87.67614439994406,camera_surveillance
Durkin Park Fiedhouse,41.73879280004775,-87.72926339978602,sports_centre
Rapha,41.912802100236775,-87.67779519998845,sports_shop
Cambria Hotel Chicago Loop - Theatre District,41.88464079983311,-87.62904499962701,hotel
Colectivo Coffee,41.90359450028603,-87.67705009998207,cafe
nan,41.972936599844274,-87.70308710008953,bench
nan,41.97248480023342,-87.70307110025107,bench
Wabash Ave & 59th St,41.785368999979426,-87.62375090028377,bicycle_rental
nan,41.93636170013241,-87.7835582002507,waste_basket
Fifth Third Bank,41.88195079988958,-87.64763270028885,bank
West Loop Wine & Spirits,41.885520600295536,-87.64706000031873,beverages
eyelashworks,41.8855118004293,-87.64369980040544,beauty_shop
nan,41.883055900309614,-87.63986789978372,waste_basket
nan,41.88457469966272,-87.64137980043739,waste_basket
nan,41.88458649966725,-87.6411698995712,waste_basket
Cupitol,41.884301800387846,-87.64107770017569,cafe
nan,41.88334469959824,-87.64114600008782,waste_basket
nan,41.88330080009189,-87.64135139984717,waste_basket
nan,41.881763499885665,-87.63956380032909,waste_basket
nan,41.88210329972753,-87.63958910005687,waste_basket
nan,41.88301209972866,-87.63960779966021,waste_basket
nan,41.88302930016215,-87.64279970044578,waste_basket
nan,41.8830442001298,-87.64260530029435,waste_basket
nan,41.88327980002282,-87.64260969977778,waste_basket
nan,41.88223509987,-87.64137609972721,atm
nan,41.88203289989849,-87.64130879986118,waste_basket
nan,41.880455700370305,-87.64105369996827,waste_basket
nan,41.8806678999037,-87.64127699983362,waste_basket
nan,41.8832940003179,-87.64280839958792,waste_basket
nan,41.880694199677635,-87.64104340003286,waste_basket
DosBros Fresh Mexican Grill,41.88096709985183,-87.64138439957037,fast_food
nan,41.881762800213096,-87.63981680030503,waste_basket
nan,41.88200309996313,-87.63983669960396,waste_basket
Beautiful Sistera Nail Spa,41.77261650005147,-87.58675159970653,beauty_shop
See Thru Chinese Kitchen,41.77266539978842,-87.58674789989561,fast_food
Fisherman's Island,41.772552399973335,-87.5867407997481,restaurant
Beauty Supply,41.81039529970337,-87.5922484997684,beauty_shop
Goddess and the Baker,41.89536109993486,-87.63364279977537,bakery
Taco Nazo Express,41.91705920032189,-87.70673980000174,fast_food
Enrich Market,41.89681699980474,-87.63240370037045,beverages
Marti's,41.97327389957087,-87.66768059957997,bar
El Publano,41.801173799831076,-87.6896814000765,restaurant
International,41.80117239958662,-87.68978090016839,hairdresser
Tecnophone,41.800946399956445,-87.68998610027825,mobile_phone_shop
Chavez Unisex,41.8009607000763,-87.68944459958857,hairdresser
nan,41.800936699868885,-87.68931390021629,convenience
nan,41.80135620032843,-87.6895032003124,laundry
nan,41.80134369975201,-87.68935900031755,convenience
nan,41.79358290033065,-87.70706529972375,convenience
Rosa's Tamales,41.793574700312206,-87.70667369983136,restaurant
Jesse's Place,41.79357439993868,-87.70638779995699,restaurant
nan,41.79336249987949,-87.70663400015894,beauty_shop
Cup Board Food & Liquors,41.793741000246996,-87.70580909971017,convenience
Reyna's Salon Unisex,41.79374250031617,-87.70566479989054,hairdresser
nan,41.7937454995552,-87.70557740017682,restaurant
Outpatient Recovery Services,41.79360560011838,-87.70495509989792,clinic
nan,41.79328759984293,-87.70458009969178,playground
nan,41.79382420012678,-87.7037019998474,dentist
Flaco's Tacos,41.87272570003108,-87.62895650004242,restaurant
nan,41.914672299786844,-87.78501980002369,post_box
Narragansett & Wrightwood,41.92729699975678,-87.78523949990296,bicycle_rental
Steingold's,41.89598009970189,-87.7011016002586,fast_food
nan,41.80224620000217,-87.61113970003709,post_box
nan,41.80220529973485,-87.6131152003062,post_box
Pitaki,41.88688010003665,-87.6518590003925,restaurant
Dearly Beloved,41.89917799986483,-87.63604760041636,bar
Ventra,41.884554400165484,-87.67710969985274,vending_any
Call & Response,41.80262049963642,-87.59203260042415,bookshop
Urban Essentials Coffee Café,41.89504750004215,-87.75821929978082,cafe
Rafael Restaurant,41.875422899946955,-87.62467400040475,restaurant
Congress Lounge,41.87554140001566,-87.62479909969863,bar
nan,41.867623200350465,-87.62731149972592,waste_basket
Kpop Nara,41.87471920023097,-87.62736789980869,convenience
nan,41.886745000281564,-87.65556450040134,waste_basket
nan,41.88663580010217,-87.656691699862,bench
nan,41.88656230030995,-87.65692309992107,waste_basket
nan,41.88659899984401,-87.65700779987003,bench
nan,41.88670069967759,-87.66050430013331,post_box
nan,41.886699199608415,-87.6606701998698,bench
nan,41.88656109971504,-87.66065250031261,bench
nan,41.88668610008352,-87.66095449985028,bench
nan,41.88655399956747,-87.66097669961493,bench
nan,41.88655510033766,-87.6609191996613,waste_basket
nan,41.9808375999753,-87.66817369965645,bench
nan,41.98082360022903,-87.66814720023308,bench
nan,41.97809959961688,-87.66816220002545,bench
nan,41.97808380032717,-87.66813840036684,bench
nan,41.97667199961313,-87.66793480015087,water_tower
nan,41.88563579985231,-87.71698419956113,bench
nan,41.885712699981184,-87.71696159959811,bench
How to Read a Plant Label,41.88617359983181,-87.71723859978152,tourist_info
Photosynthesis: Making Sugar from the Sun,41.88604040034426,-87.71774819971961,tourist_info
nan,41.88617259978571,-87.71736779998395,bench
nan,41.886335600107884,-87.71738360017298,bench
Fern Room,41.886324300126375,-87.71748339973908,tourist_info
Life Cycle of a Fern,41.88627459999287,-87.71759939969252,tourist_info
Landscape Art Under Glass,41.88635360003866,-87.7179154997005,tourist_info
nan,41.88615170044068,-87.71787399958538,bench
nan,41.886471699909066,-87.71759279956802,bench
Plants and People,41.88661930024057,-87.71767820008881,tourist_info
Green Scene,41.88673070016176,-87.71775250027764,tourist_info
nan,41.88686539971849,-87.71775970024993,bench
nan,41.88686219993065,-87.71769029956761,bench
nan,41.8868227997325,-87.71767369988129,bench
nan,41.88647289960471,-87.71790690038313,bench
Humongous Houseplants,41.88652819981661,-87.7180635002303,tourist_info
Resilience Over Time,41.886499499752176,-87.71819859998539,tourist_info
nan,41.88652490020405,-87.7182580002065,bench
Persian Lilies,41.88647870023186,-87.7181409003822,artwork
Amazing Adaptations,41.886338500421516,-87.71819540019754,tourist_info
A Tree with Only Two Leaves,41.88630370025561,-87.7181918002114,tourist_info
nan,41.88621140013606,-87.7181447998426,bench
Function Follows Form,41.88634690008939,-87.71810119981046,tourist_info
Boojum Tree,41.88629009980832,-87.71811590012862,tourist_info
Passages Wine and Books,41.8957848002284,-87.67522420013671,bookshop
nan,41.960842900079854,-87.72787879996662,camera_surveillance
nan,41.91695679991642,-87.73637910021529,camera_surveillance
nan,41.9530270999208,-87.77663609957631,camera_surveillance
nan,41.953086199768336,-87.77694000028077,camera_surveillance
nan,41.953360799661255,-87.75727819972911,camera_surveillance
nan,41.9533364001548,-87.75727619963686,camera_surveillance
nan,41.95342050025596,-87.75728029964608,camera_surveillance
nan,41.952960200253074,-87.77663670032342,camera_surveillance
Sushi Payce,41.92504150006522,-87.66403799995368,restaurant
nan,41.9422868996208,-87.75668740000344,camera_surveillance
nan,41.94042859990003,-87.75666360034484,camera_surveillance
nan,41.928591300448204,-87.7564040002444,camera_surveillance
nan,41.92399400032292,-87.7562861998482,camera_surveillance
nan,41.92401379979708,-87.76977859990245,camera_surveillance
nan,41.93110759993584,-87.77583980026651,camera_surveillance
nan,41.96059860014532,-87.76720660000456,camera_surveillance
nan,41.960594699785645,-87.76715119996788,camera_surveillance
nan,41.932076099632354,-87.69747350040166,camera_surveillance
nan,41.932017900006144,-87.69748349996354,camera_surveillance
nan,41.932204199963905,-87.68816769987939,camera_surveillance
nan,41.93196230031998,-87.68775659998704,camera_surveillance
nan,41.93210770001042,-87.6781717002637,camera_surveillance
nan,41.93210639959074,-87.67823139995909,camera_surveillance
nan,41.92546859979609,-87.65373100038533,camera_surveillance
nan,41.92533109975051,-87.661055599836,camera_surveillance
nan,41.92519900013383,-87.67270899962062,camera_surveillance
YATAI Asian Street Food,41.99550429968372,-87.66065529990215,restaurant
nan,41.95712800035699,-87.7515669003921,post_box
nan,41.7504354996986,-87.66366559968765,camera_surveillance
nan,41.75025489964395,-87.66362709971082,camera_surveillance
nan,41.87162419959719,-87.65428070019414,bench
nan,41.87070010032943,-87.65487779967066,drinking_water
nan,41.87336929985338,-87.66034940000475,artwork
nan,41.78590949972369,-87.5964588998583,tourist_info
nan,42.01185289979156,-87.70681210009832,post_box
Enid,41.88661399963644,-87.67713400043374,jeweller
Yollocalli Arts Reach,41.84048030032568,-87.7179798003275,arts_centre
Declaration of Immigration Mural,41.85775950000095,-87.66187419963455,artwork
Division Cleaners,41.90361439958491,-87.66548529960687,laundry
Citgo,41.991233100027614,-87.67679040005686,car_wash
nan,41.896067100116625,-87.67204770024114,post_box
nan,41.880245699679335,-87.65864970022346,post_box
Walgreens,41.78024900039111,-87.64186659986365,pharmacy
Sanders BBQ Supply Co,41.71402870036428,-87.66710939967902,restaurant
nan,41.7291543996559,-87.62436589986635,camera_surveillance
Walgreens,41.72858989970416,-87.55232360025389,pharmacy
Metro by T-Mobile,41.7292086998217,-87.55103939984838,mobile_phone_shop
A Town Wings,41.72943049961793,-87.55105150022649,restaurant
Boost Mobile,41.75168459956467,-87.55339639972402,mobile_phone_shop
Tilly Bagel Shop,41.87323539979394,-87.62650810026855,fast_food
Lillie's Q,41.88941710011915,-87.66666609956081,restaurant
Boost Mobile,41.78717489980181,-87.80089539990274,mobile_phone_shop
Big 4 Chop Suey,41.79356970008166,-87.80113779956974,fast_food
Subway,41.79362989980007,-87.80113309971273,fast_food
Enamel Dental,41.877674900376405,-87.65425019968694,dentist
Animal Advocate Pet Hospital,41.877696799767534,-87.65439739982008,veterinary
Napleton Downtown,41.84381109960259,-87.62402500015361,car_dealership
Aligner Experts,41.88060860040662,-87.64774729999783,dentist
4 elements,41.892124799619864,-87.64928050019489,hairdresser
nan,41.988705100360164,-87.68981780025126,post_box
Metra,41.750881100282584,-87.59722979961555,vending_any
Mending Wall,41.86681579980939,-87.61537239971642,artwork
Sweet Drip Dessert Cafe,41.79975160025617,-87.58432190043533,cafe
Pediatric Dental Care,41.91929059998125,-87.6605284001655,dentist
Midwest Express Clinic,41.90887140009511,-87.67763400010898,clinic
Physician's Immediate Care,41.91944659998063,-87.66084390032569,clinic
Eggs With Benefits,41.99958050023997,-87.66042709963091,restaurant
Princess Nails,42.00147150020962,-87.67137469978252,beauty_shop
2P's Smoke Shop,42.00202920038731,-87.67182219973472,convenience
Hair Salon,42.001520800144874,-87.67138730018371,hairdresser
Econo Coin Laundry,42.00119209973565,-87.67127590026257,laundry
Vicky's Cafe,42.00274079974815,-87.6724049999907,fast_food
Lian's Liquors & Grocery,42.000186100108465,-87.6711811000277,beverages
The UPS Store,41.93089209989057,-87.743221500272,post_office
Subway,41.930894099982766,-87.74330739991655,fast_food
Hangry's,41.924525499652134,-87.75140170032819,restaurant
Heirloom Used Books,41.99557249977113,-87.66996320034139,bookshop
Memories,41.997163100097055,-87.67009479993504,bar
Dry Cleaner,41.99710560014336,-87.67008609989358,laundry
Randall's Pub,41.99764679956019,-87.67023149958402,bar
Eve's Cleaners,41.997990499761784,-87.6676840997414,laundry
SKM Convenience,41.997985200056974,-87.6674827999912,convenience
nan,41.77345709996524,-87.56985219991907,post_box
nan,41.77175800003175,-87.5763734997372,post_box
nan,41.76977589963809,-87.56995139963732,post_box
nan,41.76982070026514,-87.58636779963422,post_box
nan,41.91506760038948,-87.65345619994366,drinking_water
Colective Coffee,41.968945799808864,-87.67579099965485,cafe
nan,41.92045979958016,-87.63438880000308,toilet
nan,41.94769580012115,-87.6476711004409,bench
nan,41.94767360035644,-87.64765699997054,bench
nan,41.94749520004348,-87.64751389984656,bench
Ricci Kapricci,41.925349599704305,-87.66418350036821,hairdresser
The Cuptown,41.92508650034176,-87.66476700029676,cafe
Strings Attached,41.925100699737584,-87.66316710008158,sports_shop
Auto Spa Chicago,41.923066700368,-87.66606499989979,car_wash
LA Tan,41.924879899987445,-87.66169900000881,beauty_shop
Bunches,41.92506669996828,-87.66592470026467,florist
Midcity Nails Salon,41.92495079983962,-87.66246879989518,beauty_shop
Good Eats,41.92513609975123,-87.65985779999744,fast_food
Tsaocaa,41.92488299995051,-87.66177990032213,cafe
Starbucks,42.01778799991632,-87.67456499977487,cafe
nan,42.016274299719214,-87.67512329980042,post_box
nan,42.00467589977302,-87.66099890027897,post_box
Bank of America,42.004681499851415,-87.66117330040743,atm
The Palm Restaurant,41.88747809973455,-87.61953440009245,restaurant
Amuse,41.887250500210484,-87.61971230038233,bar
Michelle Obama's Childhood Home,41.759591599972396,-87.57768299987049,attraction
Walgreens,41.87598560035525,-87.63876449998168,chemist
Semicolon Books,41.89601880022752,-87.66155349959428,bookshop
Chicago Academy for the Arts,41.89650149964456,-87.65325659991214,school
Kim and Carlo's Chicago Style Hotdogs,41.896334800410784,-87.66100589970245,fast_food
Dovetail,41.89630670019409,-87.66453339959668,clothes
Northwestern Medicine Immediate Care,41.88538580001472,-87.65425419987139,clinic
Wells Fargo,41.884078499623115,-87.6511608998556,bank
Anthropologie,41.88454970030847,-87.6526453999652,clothes
Roti,41.884540799718195,-87.65274590010318,fast_food
inkwell,41.88537650012546,-87.65385769957317,bar
Broken Hearts,41.88539719982094,-87.65261610005291,bar
Public Rec,41.88456970033144,-87.65182740001444,clothes
Taköhl Custom Jewelry,41.88367199976301,-87.64996259999396,jeweller
Mon Cheri Chitown,41.880313299918896,-87.64907659960534,beauty_shop
The Threading House,41.880315200186374,-87.64897420009919,hairdresser
West Loop Veterinary Care,41.88416759995482,-87.64823000031424,veterinary
McLaren,41.88414190002874,-87.64456379977952,car_dealership
Fulton Sub Market,41.88615290013627,-87.64764899960159,fast_food
Lovet Pet Health Care,41.88697390022537,-87.64780670021901,veterinary
motto Clear Aligners,41.8869782997088,-87.64799619996461,dentist
Chapter Aesthetic Studio,41.88695869988413,-87.64816409979335,doctors
Foxtrot,41.88514910025083,-87.64843080004135,cafe
Threading Point,41.92504150006522,-87.66609949969211,beauty_shop
J-Nail Club,41.92531469971368,-87.66547890003119,beauty_shop
Cattails,41.92533660000413,-87.66474240024155,florist
Ette,41.92504059984384,-87.66620259977014,beauty_shop
Taco & Burrito House,41.92529059968149,-87.66763000012435,fast_food
Aladdin's Food,41.758257999806915,-87.63107189974835,convenience
Naf Naf Grill,41.878296099885176,-87.6314135998577,restaurant
Walgreens,41.92386640001439,-87.74749210008031,pharmacy
Walgreens,41.86645349982922,-87.63968390029174,pharmacy
Jersey Mike's Subs,41.869094600035794,-87.66258260010687,fast_food
Starbucks,41.86945599979458,-87.66303450044182,cafe
Vintage Bar,41.86912509964367,-87.66353529961435,bar
The Embassy,41.86914320029848,-87.66302170039114,bar
Chilango Mexican Street Food,41.869138899740506,-87.66312250000334,fast_food
New Best Sub,41.895654900353406,-87.71028779994197,restaurant
Loyola Dry Cleaners,41.998254000222005,-87.66625639991287,laundry
D'Agostino's Pizza and Pub Wrigleyville,41.94692700028088,-87.66374010042523,restaurant
nan,41.94719769981407,-87.66152569975122,post_box
nan,41.997461899846826,-87.70220919989464,post_box
The Town-Ho's Story,41.87803399966941,-87.63058570016989,artwork
nan,41.87754250038614,-87.66423359980075,post_box
nan,41.797054199791546,-87.75159070005071,post_box
nan,41.79742719990543,-87.74930050001802,post_box
nan,41.79742829977624,-87.74935299974112,post_box
Joyalukkas,41.99778629969802,-87.69642949992146,jeweller
Metro by T-Mobile,41.9954742002742,-87.69004799971538,mobile_phone_shop
Sweetwaters Coffee & Tea,41.90840030013379,-87.64775750010853,cafe
The UPS Store,41.794661299879124,-87.77053089988107,post_office
Bank of America,41.79308430000049,-87.77845859998439,atm
nan,41.889384700243795,-87.62441209983848,camera_surveillance
nan,41.889346300091745,-87.62409339989046,camera_surveillance
nan,41.889352800391464,-87.62408979990431,camera_surveillance
nan,41.889352099819575,-87.62409709970137,camera_surveillance
nan,41.88934759961211,-87.62410279960449,camera_surveillance
nan,41.890831499873855,-87.62424250029113,camera_surveillance
nan,41.89083159969863,-87.62427369957152,camera_surveillance
nan,41.89083729960174,-87.62414639963657,camera_surveillance
nan,41.89238749968342,-87.62683500023502,camera_surveillance
nan,41.89240909960034,-87.62532890020856,camera_surveillance
nan,41.89247409989986,-87.62392180025086,camera_surveillance
nan,41.89178270021148,-87.62435009967732,camera_surveillance
nan,41.88977520026532,-87.62435609995401,camera_surveillance
nan,41.88843900015979,-87.6246003998885,camera_surveillance
nan,41.88835120024777,-87.62429580041083,camera_surveillance
nan,41.75464539976542,-87.73204619987217,post_box
Peaches Boutique,41.79527170032878,-87.76360670018903,clothes
nan,41.91635639992796,-87.67041690021972,post_box
Starbucks,41.95409549990745,-87.66929189960143,cafe
Birrieria Zaragoza,41.96913330036159,-87.65989329983586,fast_food
Armand Salon Suites,41.96903769973011,-87.6677332000271,hairdresser
Traspasada Restaurant,41.947252500002946,-87.66865129991754,fast_food
Smiles On Ashland,41.946780599645024,-87.66862240020356,dentist
Garfield's Beverage,41.939838800220514,-87.66902370018357,beverages
El Presidente,41.928635199954556,-87.66852220043916,restaurant
Big City Bikes,41.9259241999419,-87.66788490036782,bicycle_shop
Verzênay Chicago,41.92749869970527,-87.6513378999241,cafe
Central Bakery,41.9097010004009,-87.72460410039889,bakery
Cricket Wireless,41.91735189997024,-87.69704239958702,mobile_phone_shop
Wingstop,41.90998809997092,-87.7373084002624,fast_food
Boost Mobile,41.90992659983277,-87.73782539982233,mobile_phone_shop
Chase,41.91005310027043,-87.73775220040369,bank
Floss & Co. - Lincoln Park,41.92506360000522,-87.66517469985246,dentist
Un Amor,41.896281899590065,-87.66444230007204,restaurant
Molly Tea,41.85205660033188,-87.63183639992985,cafe
nan,41.89165140009209,-87.64772010000257,waste_basket
nan,41.89381080002846,-87.63721460027352,post_box
nan,41.89153650000952,-87.6475405998188,waste_basket
Benitez Bakery,41.80788050028491,-87.67368299957076,bakery
BP Shop,41.81698879979331,-87.63165289956163,convenience
Clark's Pump-N-Shop,41.79426090012049,-87.67377390034517,convenience
Dunkin',41.93904879976236,-87.70310130038467,fast_food
Shell,41.939091100274084,-87.70327189997818,car_wash
nan,41.80123449957256,-87.68462439979618,post_box
Cumberland Ave & Catherine Ave,41.97737859964269,-87.83674130017084,bicycle_rental
Higgins Ave & Austin Ave,41.97346309984226,-87.7788558997799,bicycle_rental
Farragut Ave & Central Ave,41.97665020004672,-87.76823010043876,bicycle_rental
nan,41.98125620021352,-87.77303490024042,post_box
Menard Ave & Milwaukee Ave,41.981378900116226,-87.7732951001887,bicycle_rental
Lynch Ave & Elston Ave,41.980998100182205,-87.76144620038178,bicycle_rental
Elston Ave & Carmen Ave,41.973502199666825,-87.74929270019794,bicycle_rental
Avy's Pizza,41.71528250008737,-87.5351109998727,restaurant
nan,41.71023309997764,-87.53539069982088,post_box
Jalisco Furniture,41.7095440996805,-87.53544779957627,furniture_shop
La Flor,41.70444040030429,-87.53787980021258,supermarket
Gerardo's Bakery,41.711350200051754,-87.53501309967476,bakery
Lucha's Beauty Shop,41.71145189988533,-87.53505800012658,beauty_shop
Nicky'z Gyros,41.702574799887145,-87.53666720023108,restaurant
Cornerstone Pharmacy,41.703079899617705,-87.53511120042151,pharmacy
U. P. Travel & Income Tax Agency,41.704170299719635,-87.53544659988063,travel_agent
Ewing Liquor,41.704716400441555,-87.53509430036166,beverages
nan,41.691437199966856,-87.60969750043927,artwork
nan,41.70002509957874,-87.60803159987842,post_box
Callista Beauty and Medical Spa,41.97385600015434,-87.77906179956238,beauty_shop
nan,41.97995919975733,-87.88514010033532,toilet
nan,41.691953300204716,-87.52954050019389,post_box
Burnham Greenway & 112th St,41.69175499969356,-87.53049369972445,bicycle_rental
nan,41.68464800020507,-87.53417669959498,post_box
nan,41.651773200073194,-87.53615999968417,post_box
Roserach Farms,41.65870869974674,-87.6089198998335,supermarket
nan,41.83056000024385,-87.6555472999679,post_box
Citgo,41.75607580025803,-87.63274200014314,convenience
Pilot Pizza,41.885738899930345,-87.65277369994624,fast_food
Tokyo Nails,41.8860007995973,-87.65432299980654,beauty_shop
Lindo Guadalajara,41.96879770035366,-87.66733809997328,restaurant
Martino’s Italian Cuisine & Pizzeria,41.990125600216345,-87.71536149973338,restaurant
nan,41.99203410009369,-87.72895770043749,post_box
nan,41.99291460022869,-87.72901199970397,fast_food
nan,41.997057999926824,-87.7290040002344,post_box
nan,41.996937899964166,-87.72941979998376,post_box
Your Neighborhood Laundromat,41.810365599592785,-87.59254409973039,laundry
Chicago Barbers,41.79353830025241,-87.69329839960142,hairdresser
Hugo Boss,41.89541890026209,-87.62475000031225,clothes
Givenchy,41.89600790044432,-87.62370049957838,clothes
Dolce & Gabbana,41.895531800252456,-87.62480740044111,clothes
Brunello Cucinelli,41.89535029997643,-87.62475000031225,clothes
Chicago Cubs Team Store,41.89428259966229,-87.62457450031292,clothes
Citibank,41.89207379996594,-87.62387140044473,bank
Taco Bell Cantina,41.8924487003473,-87.62228159961609,fast_food
Minghin Cuisine,41.89237769977109,-87.62113730044604,restaurant
nan,41.89268790022646,-87.61999859955569,post_box
DoubleTree Hotel Chicago - Magnificent Mile,41.89281189964953,-87.61995760036291,hotel
Hilton Grand Vacations Club Chicago Magnificent Mile,41.89281260022136,-87.61981219977315,hotel
UNTUCKit,41.89190609978675,-87.62450420030854,clothes
FedEx Office,41.89210540034401,-87.62474409986027,post_office
White House Black Market,41.89152989988503,-87.62516320012156,clothes
Sunglass Hut,41.89149349982523,-87.62487680022411,optician
Panda Express,41.89145540004671,-87.62490700035772,fast_food
Chick-fil-A,41.89106570042179,-87.62485890011811,fast_food
APM Monaco,41.89146739970079,-87.62476009969879,jeweller
Potbelly,41.89188459969455,-87.62598920044121,fast_food
DXL Men's Apparel,41.896546900119404,-87.62494550033455,clothes
Chipotle,41.89743260013444,-87.62540380024512,fast_food
nan,41.900629500251284,-87.6243524001431,post_box
nan,41.89986199993143,-87.62430760041536,post_box
Vuori,41.900996300438976,-87.62747419967457,clothes
Dr. Martens,41.902855299832254,-87.62832289978195,shoe_shop
T-Mobile,41.902521799741294,-87.62811740019782,mobile_phone_shop
On,41.90215360020852,-87.6280056999031,clothes
Celine,41.900325899920404,-87.62711560040458,clothes
Moncler,41.90063580000225,-87.62684790011048,clothes
Brunello Cucinelli,41.900227200225174,-87.627112700091,clothes
nan,41.90065599967471,-87.63299860010528,post_box
nan,41.89638010016154,-87.64281920044573,post_box
nan,41.9086425001513,-87.64839309956187,post_box
Jiang Niu BBQ House,41.908841100136726,-87.6521411995567,restaurant
Nepal House,41.903974499823335,-87.63374110017162,restaurant
Blowfish Sushi & Ramen,41.983797900153036,-87.65929410044237,restaurant
Super Food & Liquors,41.9835747001124,-87.65721009966632,supermarket
Aqua Wine & Spirits,41.88366860032568,-87.64759509963409,beverages
Chase,41.88159939969262,-87.64711579965439,bank
AT&T,41.88117940010926,-87.6471279000325,mobile_phone_shop
Restore Hyper Wellness,41.8809402002301,-87.64756359998012,beauty_shop
La Pharmacie,41.98359859959572,-87.6550090997901,bar
Snipes,41.68278110026762,-87.66392500013859,shoe_shop
nan,41.85452319968596,-87.62006750021493,drinking_water
nan,41.854479099630794,-87.62005630005814,bench
nan,41.85449759958459,-87.62011320016404,bench
nan,41.854707000427766,-87.62018000000694,waste_basket
nan,41.854706799878954,-87.62016409999319,waste_basket
nan,41.85450979978748,-87.61998230024295,waste_basket
nan,41.85468360006814,-87.62052239978885,bench
nan,41.854512200078034,-87.62029149975285,waste_basket
Chicago Administration Hearings Department,41.89579219985018,-87.63878070036901,courthouse
Consulate General of El Salvador,41.9806477000314,-87.84262400039728,embassy
nan,41.94287549960467,-87.68799779995845,bench
Fedex,41.944264099608574,-87.68792530021238,post_office
nan,41.962688700123465,-87.6889521002592,dentist
Tacos los Primos,41.98664950017434,-87.68978150001618,fast_food
A Barber Shop,41.99801070033362,-87.68040950039807,hairdresser
TABÚ,41.88911649992656,-87.65209239964452,restaurant
nan,42.0055012004201,-87.66789580015103,post_box
nan,41.946086900390185,-87.7567057003078,post_box
nan,41.893372799615065,-87.61801080015829,post_box
nan,41.65433530023398,-87.60483030027808,post_box
nan,41.655112200267865,-87.6107298996651,post_box
nan,41.6580117998048,-87.61593479975119,post_box
nan,41.66279730015532,-87.55692589971045,post_box
nan,41.659303800030386,-87.55432879973426,post_box
nan,41.65362550041658,-87.54948280019102,post_box
nan,41.65545960028038,-87.5518673004355,post_box
nan,41.65190409999428,-87.54770789999952,post_box
nan,41.65361390006149,-87.54481960044416,post_box
nan,41.65380439985324,-87.53030339958218,post_box
nan,41.65378060019458,-87.53999600031511,post_box
nan,41.72208830043479,-87.59462899982844,post_box
nan,41.72105140010211,-87.59047480017188,post_box
nan,41.721717699712144,-87.6166438000713,post_box
The Lost Hours,41.97803229975091,-87.66013690009783,cafe
House of Belonging,41.91336800043291,-87.7115445998034,theatre
Dunkin',41.84705180030039,-87.64603449979228,fast_food
Dunkin',41.92427720043253,-87.76815199971497,fast_food
Forno Mauri,41.87379059985636,-87.6294317000129,restaurant
Charoen Krung by Sathorn,41.92011410018563,-87.64893000021931,restaurant
Russian Tea Time,41.87943479987615,-87.62493199971198,restaurant
Umaga Bakehouse,41.97410290002887,-87.74590850007718,bakery
Flub A Dub Chub's,41.937179000410595,-87.64412110040843,restaurant
nan,41.71070350026639,-87.59712809978197,post_box
nan,41.71185910031727,-87.6034546999744,post_box
nan,41.68194379996646,-87.53827350002194,post_box
nan,41.69536849995637,-87.5258786002172,post_box
nan,41.70094809987495,-87.5256700995954,post_box
nan,41.701608300282885,-87.53516659955886,post_box
nan,41.702641300255834,-87.53882789968776,post_box
nan,41.711876200026666,-87.53517640037052,post_box
nan,41.70347129986067,-87.55972719975045,post_box
nan,41.702657800117436,-87.56425460006972,post_box
nan,41.72287889984142,-87.57491619962286,post_box
nan,41.71902430033123,-87.56473290000332,post_box
nan,41.72629790012803,-87.56730649979511,post_box
nan,41.980433600230526,-87.83601880012748,post_box
nan,41.98043529994919,-87.83600009962487,post_box
nan,41.996375599754174,-87.78839449970638,post_box
nan,41.987649899723124,-87.81327639978599,post_box
nan,41.9746279997824,-87.81057690030366,post_box
nan,41.97564390004601,-87.8079004999081,post_box
Las Carnitas Uruapan,41.84420979964261,-87.7198897004493,restaurant
nan,41.756555999559794,-87.68727420004427,comms_tower
Everything,41.85780879993621,-87.65730270015945,clothes
kneedeep,41.8578149998624,-87.65724949986446,clothes
Piccadilly Market,41.96843099999069,-87.69361660042574,convenience
nan,41.86384769981157,-87.70197949955423,camera_surveillance
nan,41.86383949979313,-87.7019709002368,camera_surveillance
nan,41.861051499826885,-87.69585670012657,camera_surveillance
nan,41.86104760036653,-87.69586170035717,camera_surveillance
Old Town Dental Care,41.909368399632,-87.63485010005206,dentist
Ethan Allen,41.90875800008172,-87.6483865003367,furniture_shop
CVS Pharmacy,41.912607500435854,-87.65343920005898,pharmacy
MyEyeDr.,41.917540899692824,-87.6598177999515,optician
Walgreens,41.94047629994134,-87.64409589960604,pharmacy
Chicago Vet Center,41.7355669003922,-87.69765940016117,clinic
Wok cuisine,41.96449140015807,-87.70881919984618,restaurant
Flyover,41.891903499846705,-87.60906810001279,attraction
e'Nails,41.806705699708345,-87.74261679972551,beauty_shop
nan,41.72631330011876,-87.55036960007692,post_box
nan,41.72573230030548,-87.54999390019827,post_box
nan,41.728034599816965,-87.5512989001241,post_box
nan,41.73001949980011,-87.5497200998027,post_box
nan,41.73361829974476,-87.55125279997668,post_box
nan,41.737350499725835,-87.56106139976373,post_box
nan,41.74479770015381,-87.54771939963052,post_box
nan,41.74450589982746,-87.56842380041803,post_box
nan,41.74445039996601,-87.57233680010319,post_box
nan,41.7478570004003,-87.5760078003197,post_box
nan,41.74946859989603,-87.56976359961038,post_box
nan,41.72973970002721,-87.58138609958877,post_box
nan,41.731345099596695,-87.58562400004752,post_box
nan,41.73317019994482,-87.58814579978878,post_box
nan,41.73522949994151,-87.58571470027317,post_box
nan,41.73712250000341,-87.58576700034678,post_box
nan,41.736899700161075,-87.57944769995134,post_box
nan,41.73710180030787,-87.57798460010918,post_box
nan,41.73876049999711,-87.58802409993223,post_box
nan,41.744226299703996,-87.59059059957644,post_box
nan,41.74588660018651,-87.59155640040751,post_box
nan,41.75167950040867,-87.57618220044816,post_box
nan,41.751788199665725,-87.56730330000727,post_box
nan,41.7517428000902,-87.56032580019547,post_box
nan,41.7518315002236,-87.55424590022807,post_box
nan,41.752322000360095,-87.54820999959179,post_box
nan,41.75459600000545,-87.55292939977193,post_box
nan,41.75708070001434,-87.56625099968386,post_box
nan,41.75881310004456,-87.57567880043626,post_box
nan,41.75866890004977,-87.58560390019977,post_box
nan,41.75742690033121,-87.58557870029676,post_box
nan,41.760478700231886,-87.58630650004488,post_box
nan,41.75878980040903,-87.59308389980208,post_box
nan,41.75986119963471,-87.56067509957614,post_box
nan,41.76161380023672,-87.55702239966399,post_box
nan,41.76345369982846,-87.55991659967128,post_box
nan,41.76442509983855,-87.5647812997172,post_box
nan,41.76244589975852,-87.57649809990733,post_box
nan,41.76631180014954,-87.57642400026737,post_box
nan,41.76599810043206,-87.57920320036737,post_box
nan,41.76597019986491,-87.5822767998344,post_box
nan,41.76773489994571,-87.59092499988878,post_box
nan,41.773237099712446,-87.5886285999299,post_box
nan,41.77280020006924,-87.58521169956026,post_box
Metra,41.70697430042367,-87.60728029994584,vending_any
American Eagle,41.79242699990618,-87.78077840030289,artwork
American Eagle,41.79240670040895,-87.78103019968393,artwork
nan,41.79242830032587,-87.78090680010871,memorial
nan,41.870421699901556,-87.62928230013802,bench
nan,41.87115890026308,-87.62923050008749,bench
nan,41.871073700291106,-87.62924830036872,bench
nan,41.87109630025412,-87.62926149971838,bench
nan,41.87117619962197,-87.629076099982,bench
nan,41.87041299986009,-87.62886639966456,bench
nan,41.87111270029095,-87.62909760007415,bench
nan,41.871174499903304,-87.6288381996232,bench
nan,41.87118489966343,-87.6291708003921,bench
nan,41.8706308003712,-87.6287225000433,waste_basket
nan,41.871082900355646,-87.62915569987564,bench
nan,41.87076409968353,-87.62892360014399,bench
nan,41.87061009977634,-87.6294731003033,waste_basket
nan,41.871164100143176,-87.62905049988063,bench
Birdman Ramen,41.94011359976287,-87.64943479957628,restaurant
nan,41.872216399567264,-87.62851260007642,waste_basket
nan,41.8794496998438,-87.63399999970017,post_box
nan,41.86985600025429,-87.64386270000358,artwork
nan,41.86985209989456,-87.64364200007822,artwork
nan,41.8699081996038,-87.64240360034586,post_box
Glam Furniture,41.80221399977631,-87.62042739990454,furniture_shop
Smitten Boutique,41.88146809957317,-87.65390240037544,gift_shop
Da Cuttin' Image,41.76673410019862,-87.58658679984092,hairdresser
Athletico Physical Therapy,41.73350959958839,-87.55115660039678,clinic
nan,41.88077019958507,-87.63518520003691,waste_basket
Metro Infusion Center,41.87979549996243,-87.64746679965305,clinic
Milan Laser Hair Removal,41.87971830035934,-87.64745689991594,beauty_shop
ДЕЛЬТА,41.895940599678966,-87.68353149957903,gift_shop
nan,41.95908439992519,-87.69713369966047,drinking_water
Kyuramen,41.89031200019872,-87.62824930016501,restaurant
TBAAR,41.89020270019449,-87.62824599965313,cafe
TE'AMO Boba Bar,41.891568200212305,-87.6245917996718,cafe
nan,41.87754889996182,-87.6291776999908,post_box
Evita's Steakhouse,41.99308750028797,-87.71207490033635,restaurant
Amazon Go,41.88027360024648,-87.63510879993112,convenience
Sopraffina Marketcaffe,41.87993409987888,-87.63508779986205,restaurant
Hannah's Bretzel,41.88049950005194,-87.63511730032309,restaurant
A Plus Flowers & Gifts,41.88055649998256,-87.63457569980864,florist
Jimmy John's,41.88055259962283,-87.6342221996947,fast_food
The Chicago Buzz,41.87988680003582,-87.6354514002619,hairdresser
Loop Nail Spa,41.87981850012375,-87.63544919962084,beauty_shop
DentalWorks,41.879681500101185,-87.63544530016043,dentist
Bruno and Sallie Pasquinelli Outpatient Surgery Center,41.86878860031368,-87.67103360042029,doctors
Little Prairie on the Campus,41.868004299758695,-87.66737430038364,park
nan,41.672246899574816,-87.64670910014485,post_box
nan,41.6756569003457,-87.66119490032435,post_box
Wilewood,42.0042632998115,-87.78128230033786,tourist_info
North Edgebrook,42.00492729985507,-87.78243140008902,tourist_info
North Edgebrook,42.0073932004359,-87.78463020022355,tourist_info
Dialtone,41.90325089990915,-87.63529890042389,cafe
nan,41.95435500018317,-87.697653700258,drinking_water
Belmont Bank & Trust,41.88186430039718,-87.65350599990194,bank
Leaders,41.881775899738045,-87.6564610003748,shoe_shop
nan,41.8830566998069,-87.65682099988919,waste_basket
nan,41.88667079991751,-87.6617586997042,waste_basket
nan,41.88673149965905,-87.65907269994511,bench
nan,41.886728899719,-87.65860500032045,post_box
nan,41.88675719958513,-87.65700519992998,bench
Sandler,41.886850300101344,-87.65519920028282,furniture_shop
Il Carciofo,41.88653809955372,-87.65428370033248,restaurant
nan,41.876553899942564,-87.62861150032046,waste_basket
nan,41.875477200112755,-87.62855729997938,waste_basket
Shark's Fish & Chicken,41.85313099969591,-87.62676649977413,fast_food
Boost Mobile,41.70743580012214,-87.61484579989371,mobile_phone_shop
A.P. Deli,41.758696600068106,-87.58119299985702,fast_food
nan,41.95436260035376,-87.69689930036236,bench
Affinity Dental,41.95396769994943,-87.6794424000467,dentist
LaSalle Cleaners,41.89646370023962,-87.63306859973608,laundry
Apple Spice,41.867415500125276,-87.64250380011026,fast_food
Refilleri,41.89957219969733,-87.69663989991142,beauty_shop
nan,41.80344909989611,-87.60547730043703,artwork
Walgreens,41.92509480018492,-87.71125300002592,pharmacy
Walgreens,41.85322610030431,-87.63589259956376,pharmacy
nan,41.932187200079284,-87.64926090037022,memorial
Josephine Baker & James Baldwin,41.94945330022966,-87.64965739976913,memorial
Josephine Baker & James Baldwin,41.94945330022966,-87.64965739976913,artwork
Oscar Wilde & Audre Lorde,41.949456500017504,-87.64947519982059,memorial
Oscar Wilde & Audre Lorde,41.949456500017504,-87.64947519982059,artwork
Silvia Rivera & Marsha P. Johnson,41.94864949967473,-87.6496295001013,memorial
Silvia Rivera & Marsha P. Johnson,41.94864949967473,-87.6496295001013,artwork
Leonard Bernstein & Antonia Pantoja,41.94865039989611,-87.64944749980225,memorial
Leonard Bernstein & Antonia Pantoja,41.94865039989611,-87.64944749980225,artwork
Lorraine Hansberry & Two Spirit People,41.947913400083394,-87.6494285996501,memorial
Lorraine Hansberry & Two Spirit People,41.947913400083394,-87.6494285996501,artwork
David Kato & Jane Addams,41.94790610028633,-87.64961190036888,memorial
David Kato & Jane Addams,41.94790610028633,-87.64961190036888,artwork
Marraige Equality & Friar Mychal Judge,41.94668730037864,-87.649550699705,memorial
Marraige Equality & Friar Mychal Judge,41.94668730037864,-87.649550699705,artwork
Alvin Ailey & Frida Kahlo,41.94669119983905,-87.64938410029595,memorial
Alvin Ailey & Frida Kahlo,41.94669119983905,-87.64938410029595,artwork
Dr. Alan Hart & Glenn Burke,41.9458776002711,-87.64936949980256,memorial
Dr. Alan Hart & Glenn Burke,41.9458776002711,-87.64936949980256,artwork
Barbara Jordan & Jose Sarria,41.94587469995747,-87.64952160034153,memorial
Barbara Jordan & Jose Sarria,41.94587469995747,-87.64952160034153,artwork
Daniel Sotomayor & Stonewall Riot,41.94495290025617,-87.64950310038773,memorial
Daniel Sotomayor & Stonewall Riot,41.94495290025617,-87.64950310038773,artwork
Frank Kameny & Leonard Matlovich,41.94495190021007,-87.64934179978417,memorial
Frank Kameny & Leonard Matlovich,41.94495190021007,-87.64934179978417,artwork
Matthew Shepard & Pauli Murray,41.944204300088415,-87.64947140018495,memorial
Matthew Shepard & Pauli Murray,41.944204300088415,-87.64947140018495,artwork
Billy Strayhorn & Vito Russo,41.944204300088415,-87.64931929964592,memorial
Billy Strayhorn & Vito Russo,41.944204300088415,-87.64931929964592,artwork
Margaret Chung & Keith Haring,41.94307620040638,-87.64944680012968,memorial
Margaret Chung & Keith Haring,41.94307620040638,-87.64944680012968,artwork
Reinaldo Arenas & Alan Turing,41.94307620040638,-87.64928930006113,memorial
Reinaldo Arenas & Alan Turing,41.94307620040638,-87.64928930006113,artwork
Cole Porter & Pyotr Ilyich Tchaikovsky,41.94234500032155,-87.64926679992283,memorial
Cole Porter & Pyotr Ilyich Tchaikovsky,41.94234500032155,-87.64926679992283,artwork
Bayard Rustin & Sally Ride,41.94234369990187,-87.64942610043414,memorial
Bayard Rustin & Sally Ride,41.94234369990187,-87.64942610043414,artwork
Freddie Mercury & Sylvester,41.94129320002122,-87.64939569975172,memorial
Freddie Mercury & Sylvester,41.94129320002122,-87.64939569975172,artwork
The Pink Triangle & The Harlem Renaissance,41.941291500302555,-87.64923380019968,memorial
The Pink Triangle & The Harlem Renaissance,41.941291500302555,-87.64923380019968,artwork
CVS Pharmacy,41.93748610000358,-87.64388400044623,pharmacy
nan,41.945339599742795,-87.64952360043378,post_box
Hollywood Deli,41.9856392998139,-87.65547669959,convenience
nan,41.6840718998983,-87.61280959988306,post_box
nan,41.6855035000865,-87.61301379994688,post_box
nan,41.68555649983267,-87.60956609959578,post_box
nan,41.689281400016625,-87.60842230044875,post_box
nan,41.69070389996506,-87.60730210041157,post_box
nan,41.692639199639416,-87.60849259955381,post_box
nan,41.69363199991693,-87.60565989968461,post_box
nan,41.69421699991466,-87.59935469975954,post_box
nan,41.70714649991112,-87.62044620023192,post_box
nan,41.70724640020126,-87.61392579973585,post_box
nan,41.70730630044545,-87.6102560001143,post_box
nan,41.6998386997962,-87.62113800011855,post_box
nan,41.69337139977034,-87.62304659982067,post_box
nan,41.69285059967547,-87.61313179999252,post_box
nan,41.68917410010471,-87.61339679962259,post_box
nan,41.6889387996859,-87.62086049991211,post_box
nan,41.68731340009339,-87.62085420016115,post_box
nan,41.6852356001429,-87.62071510022167,post_box
nan,41.685465599957524,-87.61664849992832,post_box
nan,41.67614700028389,-87.6203638996742,post_box
nan,41.66536570006707,-87.62207309989361,post_box
nan,41.87831259974672,-87.64660690028819,vending_parking
nan,41.87855539961208,-87.64659949976704,vending_parking
nan,41.8789699996658,-87.66650429983355,post_box
nan,41.87883909974471,-87.66697589981788,post_box
nan,41.87898879999318,-87.6642295996163,waste_basket
nan,41.878875099606205,-87.66421919985618,waste_basket
nan,41.878805400348995,-87.66355979984485,bench
nan,41.87880190018757,-87.66362859978,bench
nan,41.878799200422804,-87.66368869967374,bench
nan,41.878739800201686,-87.66368389999195,bench
nan,41.879295799761394,-87.66189500005419,bench
nan,41.879985999754126,-87.66189679959757,bench
nan,41.87991240013719,-87.66096469996091,drinking_water
The Barn Hockey Bar,41.879585599995494,-87.6679562004183,bar
Colibrí Coffee,41.70256409975343,-87.53498050014991,cafe
nan,41.87870149987435,-87.66362559964165,bench
nan,41.87870500003578,-87.6635567997065,bench
nan,41.878806299671055,-87.66359550023213,bench
nan,41.878701400049636,-87.66359429963717,bench
Del Sur Bakery,41.96628709986982,-87.67893289993333,bakery
nan,41.88366989984604,-87.674942599921,artwork
nan,41.8839794995543,-87.67462580024045,fountain
nan,41.87682739996461,-87.63046910036866,post_box
nan,41.874776600359894,-87.6293240997274,post_box
nan,41.874131000445345,-87.64908080033865,waste_basket
nan,41.874243000214335,-87.64977520016532,bench
nan,41.8742277998731,-87.64979289972251,bench
nan,41.874250399836114,-87.64979809960255,bench
nan,41.79120550023373,-87.6046447998176,atm
nan,41.789914599878955,-87.60542000013288,post_box
nan,41.78579850000085,-87.60708670019102,post_box
nan,41.77691000019638,-87.6057268002516,post_box
nan,41.788018700402745,-87.59848510030707,post_box
nan,41.776599400442024,-87.61060369960103,post_box
nan,41.77330700041779,-87.59962030013668,post_box
nan,41.774748399619,-87.61442890027348,post_box
nan,41.77333959994263,-87.59590610008644,post_box
nan,41.76954329988342,-87.6092399002012,post_box
nan,41.78941729996848,-87.62055050000555,post_box
nan,41.77735509985803,-87.58649709966136,post_box
nan,41.79663089969631,-87.5997939996933,post_box
nan,41.76920779970027,-87.61544400014049,post_box
nan,41.79488059956009,-87.61614409987027,post_box
nan,41.79520670002921,-87.59273990012628,post_box
nan,41.79479319984637,-87.62104460012813,post_box
nan,41.79939459998087,-87.59677659976023,post_box
nan,41.79427699978379,-87.62387959956385,post_box
nan,41.79507809967464,-87.58546399986369,post_box
nan,41.78721150041048,-87.6290177996317,post_box
nan,41.795197400139955,-87.58142790007747,post_box
nan,41.795410400069954,-87.58243720021659,post_box
nan,41.7953011998905,-87.58414979987333,post_box
nan,41.77704790044032,-87.57145000021728,post_box
nan,41.87629529988823,-87.63169550044694,post_box
BP Shop,41.93733639975511,-87.70731960011943,convenience
CVS Pharmacy,41.92485010005214,-87.72572700020083,pharmacy
Walgreens,41.911146499611334,-87.72596450036139,pharmacy
Walgreens,41.80750509988053,-87.7228071002674,pharmacy
Walgreens,41.786274100169635,-87.7233784998179,pharmacy
CVS Pharmacy,41.77816780010397,-87.7224691997937,pharmacy
nan,41.98966080000599,-87.74888330002426,post_box
nan,41.989495199743715,-87.74886659961385,post_box
nan,41.98947910008047,-87.7488643998721,post_box
Walgreens,41.764785100252254,-87.72186309990212,pharmacy
Walgreens,41.96862320040043,-87.72900779987003,pharmacy
nan,41.905883300074265,-87.63015300036062,post_box
nan,41.90588890015266,-87.62719170013679,post_box
nan,41.87466470041562,-87.63059259976865,post_box
nan,41.92775879982878,-87.67314669966044,camera_surveillance
nan,41.87544230012213,-87.62914620033683,waste_basket
nan,41.87801430001997,-87.63151910022628,waste_basket
nan,41.8780107998586,-87.63158139986166,waste_basket
nan,41.87953580003722,-87.63534680011469,vending_any
nan,41.879522099765154,-87.63534460037295,vending_any
Edible Arrangements,41.86955809982652,-87.65714460024304,gift_shop
Curry On Fire,41.86964300032423,-87.65237659980022,restaurant
Ruth George Memorial,41.8704602997031,-87.65043639972004,memorial
Sweetgreen,41.94721679961566,-87.66380800013906,fast_food
nan,41.90343540032353,-87.67213619982573,hairdresser
Punky's,41.84527459964312,-87.64173650033916,fast_food
Village Cleaners,41.85923020001377,-87.64684159995983,laundry
Izakaya Shinya,41.91024250019126,-87.68451909997646,restaurant
Foxtrot Market,41.91004740036726,-87.67725820040556,cafe
Indian Paradise,41.9102328001037,-87.68460940000375,restaurant
Past Studies,41.90780409997927,-87.67317720016763,clothes
Bon Bon Sandwiches,41.91020820004843,-87.68615840038984,restaurant
nan,41.87047309975378,-87.65057039960425,bench
nan,41.870504200108826,-87.65052500002867,bench
nan,41.870539899596736,-87.65044420043944,bench
nan,41.8698442002497,-87.65077649993549,bench
Greek Corner,41.89945430037574,-87.67728519985207,restaurant
Plenty Goods Cafe,41.899654000231976,-87.67734209995791,cafe
Paperish Mess,41.89579920017303,-87.6764329995832,gift_shop
nan,41.85269179958692,-87.66572529988264,bench
nan,41.85276840024153,-87.66574989993791,bench
nan,41.85292070043005,-87.66571780043608,bench
nan,41.85306810021268,-87.66553010023392,bench
nan,41.853100199714504,-87.66538109965796,bench
nan,41.853036700383484,-87.66523689966317,bench
nan,41.85279560023679,-87.66524580025344,bench
nan,41.85320510023524,-87.66542430039112,bench
nan,41.85405040000603,-87.6648518000705,bench
Walgreens,41.95411060042392,-87.65390710023246,pharmacy
Walgreens,41.98442350004456,-87.66066020030797,pharmacy
Panera Bread,41.978908900425495,-87.66034660041527,fast_food
nan,41.88081359996772,-87.62928280016104,waste_basket
nan,41.88060620011612,-87.6294785996576,waste_basket
nan,41.705497199935905,-87.65605289972149,vending_any
nan,42.00149289957773,-87.671683300344,waste_basket
nan,41.89612569994114,-87.66960450034736,post_box
nan,41.892544300079464,-87.66734379987645,post_box
nan,41.816995499742575,-87.59877570003852,post_box
nan,41.76756299993258,-87.73003290019813,post_box
nan,41.87736870010548,-87.63390480016636,bench
nan,41.87991390020636,-87.63719570012142,bench
nan,41.879453799853025,-87.6366344997823,waste_basket
nan,41.87946309974234,-87.63663480015589,recycling
nan,41.879905999662185,-87.6377946000407,bench
nan,41.8799581000863,-87.63747530024489,bench
nan,41.879841100086765,-87.63778609964874,bench
nan,41.87995969998025,-87.6371957999462,bench
nan,41.879978199934044,-87.63747890023103,bench
nan,41.869770800282254,-87.65079780037814,bench
Reading Room,41.88575909960281,-87.64955569993555,bar
Grapes & Grains,41.885763300336066,-87.64965679992133,bar
nan,41.86948030037564,-87.64765370035792,waste_basket
World War One Memorial,41.87035030002636,-87.65059670027745,memorial
nan,41.870487700247224,-87.65055079977952,waste_basket
nan,41.87472109959913,-87.62931870019781,vending_any
nan,41.87470640018029,-87.62931789980121,vending_any
nan,41.87500519993006,-87.62932940033153,waste_basket
nan,41.87469810033713,-87.62931699957983,vending_any
nan,41.87754630002178,-87.63390010030935,bench
nan,41.875762900337634,-87.62983679962855,waste_basket
nan,41.86932170043616,-87.62850619960142,post_box
nan,41.86723249978007,-87.62732460015013,waste_basket
nan,41.87672930011718,-87.62996640002928,bench
nan,41.87672010005264,-87.63025909967769,bench
nan,41.87661649995158,-87.62995929988176,bench
nan,41.87666629990986,-87.63003739970617,bench
nan,41.876720799725206,-87.63011279976587,bench
nan,41.87661259959185,-87.63010959997803,bench
nan,41.87656000004404,-87.63003269984921,bench
nan,41.87666649955935,-87.63018740032823,bench
nan,41.87547889983142,-87.62901879967785,bench
nan,41.87548259964234,-87.62891519957674,bench
nan,41.875488000071186,-87.62893039991798,bench
nan,41.87548630035252,-87.628992999927,bench
nan,41.87548399988674,-87.62900789989465,bench
nan,41.8757646000563,-87.6301541002315,bench
nan,41.87576269978882,-87.63022409986229,bench
nan,41.87547679991445,-87.62890219987656,bench
nan,41.874761400018656,-87.6279302998434,waste_basket
nan,41.87399079973568,-87.6234934001003,bench
nan,41.87370589990741,-87.62357690035361,bench
nan,41.873925800335485,-87.62349430032168,bench
nan,41.87378010027146,-87.62338560016525,bench
nan,41.87376670037298,-87.62366110027949,bench
nan,41.87445939958167,-87.62322800027198,recycling_glass
nan,41.873651400092115,-87.62348060004962,bench
nan,41.87446649972924,-87.62322869994449,waste_basket
Van Buren Street Station RTA Information Board,41.87701040030976,-87.6239419000986,tourist_info
nan,41.88073679966362,-87.62642390034267,post_box
nan,41.87365030022124,-87.62357390021526,bench
nan,41.873861600432576,-87.62366630015958,bench
Van Buren Street Station RTA Information Board,41.87684520024584,-87.62450220021634,tourist_info
nan,41.87387460013275,-87.62339590010066,bench
nan,41.873989299666505,-87.62357209977256,bench
nan,41.87370560043314,-87.623481500271,bench
nan,41.87386769963467,-87.62374330011318,bench
nan,41.8807990003736,-87.62797539994472,post_box
nan,41.879706299805946,-87.62626209971609,post_box
nan,41.87392459974052,-87.62357400004004,bench
nan,41.95054110039155,-87.67328430043011,post_box
nan,41.950572699870236,-87.66913939976342,post_box
nan,41.9505027002395,-87.66422320004062,waste_basket
nan,41.95084200005829,-87.6642066003543,waste_basket
nan,41.95043939965859,-87.67606170008736,waste_basket
nan,41.950485300156515,-87.6763670001369,waste_basket
nan,41.950596399704125,-87.6761181999949,post_box
nan,41.950735299994165,-87.67644199999825,waste_basket
nan,41.950406399935446,-87.67856709979179,post_box
Szechuan Bistro,41.855022800062216,-87.63214889995174,fast_food
Pure Tea,41.85396100020006,-87.64140489961636,cafe
Bao Bae Bakery,41.85405640028267,-87.64122350006443,bakery
Sushi Plus Rotary Sushi Bar,41.853486599726864,-87.6331024996806,restaurant
Third Season,41.88774449960903,-87.66524130004592,cafe
Chef Xiong Taste of Sichuan,41.85340509956575,-87.63332600009477,restaurant
J’s Snack House,41.85491609999809,-87.63213459983189,fast_food
Richland Center Food Court,41.85497159985948,-87.63206379980448,food_court
nan,41.85376710007165,-87.63323470002138,post_box
nan,41.873173299808,-87.66412369994873,post_box
Ahjoomah's Apron,41.85303239982545,-87.63263949991295,restaurant
Subway,41.873827400114465,-87.63083300024272,fast_food
Pat's Pizza,41.873961200349186,-87.63083650040414,restaurant
nan,41.66714260035076,-87.62699210010533,post_box
nan,41.67590370039551,-87.64199630008915,post_box
nan,41.677661499978285,-87.64204920001055,post_box
nan,41.67790360017108,-87.62729120022868,post_box
nan,41.68501929970097,-87.64170199964752,post_box
nan,41.68509719987594,-87.63362860037955,post_box
nan,41.688772599575884,-87.64250289988888,post_box
nan,41.69248020040101,-87.64251910027622,post_box
nan,41.692353299765045,-87.63745380015274,post_box
nan,41.695876099802206,-87.64263749962089,post_box
nan,41.69616299972273,-87.63534399962583,post_box
nan,41.69973299977818,-87.64493140036382,post_box
nan,41.70698639990246,-87.64388980017412,post_box
nan,41.706992699653426,-87.62818339964412,post_box
nan,41.71045139961245,-87.6452409002473,post_box
nan,41.71403790042882,-87.64798930036591,post_box
nan,41.706951099713535,-87.64785869991903,post_box
nan,41.70696460033611,-87.65022940006673,post_box
nan,41.707864700295715,-87.65592290002178,post_box
Chicago Post Office Finance Station H,41.70790599986208,-87.65594380026613,post_office
nan,41.699681799575444,-87.64925979960003,post_box
nan,41.68129560011192,-87.65919660044273,post_box
nan,41.68299699961187,-87.65799509989392,post_box
nan,41.68491969978436,-87.65986969982674,post_box
nan,41.68470049992817,-87.6649580001116,post_box
nan,41.692092499968965,-87.65706579984675,post_box
nan,41.69218370021764,-87.64977289969954,post_box
nan,41.69670169992355,-87.6523379001739,post_box
nan,41.717832900068345,-87.63814789960583,post_box
nan,41.71906369963011,-87.64328499980286,post_box
nan,41.71748829964537,-87.64910059981281,post_box
nan,41.721392899662646,-87.63969499972444,post_box
nan,41.721500099749846,-87.63263630012511,post_box
Laflin St & 115th St,41.68500179979327,-87.65992740032925,bicycle_rental
Racine Ave & 115th St,41.684736899988025,-87.65194580025843,bicycle_rental
Eggleston Ave & 115th St,41.685032199576426,-87.63361709984923,bicycle_rental
Halsted St & 119th St,41.67762130028285,-87.64171970010403,bicycle_rental
Halsted St & 123rd St,41.67095350000409,-87.64154839993864,bicycle_rental
Stewart Ave & 123rd St,41.6705860999686,-87.63215519970265,bicycle_rental
State St & 127th St,41.66364660011055,-87.62199650013832,bicycle_rental
Parnell Ave & 127th St,41.66340950014836,-87.63421470024821,bicycle_rental
Aberdeen St & 103rd St,41.70705030033116,-87.6502210003988,bicycle_rental
Loomis St & 95th St,41.721495499717605,-87.65774410001018,bicycle_rental
Vincennes Ave & 95th St,41.72126349981073,-87.6499603004275,bicycle_rental
Princeton Ave & 95th St,41.72174999976272,-87.63083820012281,bicycle_rental
Wentworth Ave & 92nd St,41.72701420024521,-87.62889519955377,bicycle_rental
Halsted St & 93rd St,41.724880299686106,-87.64356419972802,bicycle_rental
Egebrook Metra Station,41.997481899869854,-87.76537529973024,bicycle_rental
Central Ave & Elston Ave,41.98534300017934,-87.7682041999638,bicycle_rental
Melvina Ave & Giddings St,41.966453899827684,-87.7820497997584,bicycle_rental
Austin Ave & Milwaukee Ave,41.98735779992256,-87.77804879961235,bicycle_rental
Hyacinth St & Milwaukee Ave,41.992876000427145,-87.7838884996545,bicycle_rental
Highland Ave & Milwaukee Ave,41.996353499814234,-87.78671760043687,bicycle_rental
Subway,41.877834100163625,-87.64272729962516,fast_food
The UPS Store,41.877605499694084,-87.64272860004479,post_office
nan,41.87486640036411,-87.61918449996466,drinking_water
nan,41.876732800278546,-87.61922900021813,drinking_water
nan,41.8734641000882,-87.61897309992861,bench
nan,41.87432260010797,-87.6189732995781,bench
nan,41.87345559969623,-87.61888970039934,bench
nan,41.873454099627054,-87.61893700024234,bench
nan,41.87430689974366,-87.61901030038501,bench
nan,41.87346849957163,-87.61885299996595,bench
nan,41.87432470002494,-87.61892000035772,bench
nan,41.87431580033399,-87.61887690034865,bench
nan,41.875326800191715,-87.61994480031223,drinking_water
Lao Sze Chuan,41.87387870014197,-87.62622469961013,restaurant
Harold's Chicken Shack,41.87394779955139,-87.62622240004367,fast_food
Modern Relish,41.89352590020019,-87.6674904001618,fast_food
Garcia's Chicago,41.88284250018131,-87.65228050004498,nightclub
nan,41.885769899561296,-87.6522318997823,post_box
nan,41.68576029969813,-87.57330119979048,drinking_water
nan,41.68590199957765,-87.57275729970956,toilet
nan,41.68628429958079,-87.57229970037082,picnic_site
Tot Track,41.68638779985713,-87.57242639955865,track
nan,41.71267899963618,-87.52749350022481,bench
nan,41.71267689971921,-87.52740859972704,bench
nan,41.71221559967023,-87.52680189998767,bench
nan,41.71224689967471,-87.52652799976732,waste_basket
nan,42.002632599614856,-87.76871680004024,post_box
West Loop Dental Associates,41.8815124001772,-87.65520309974323,dentist
nan,41.78590210010191,-87.5845913004481,viewpoint
nan,41.780947600051775,-87.58601009968629,drinking_water
nan,41.79243360003068,-87.58296599978104,viewpoint
Giant Dome Theater,41.7902912998037,-87.58107320026795,cinema
H&D Nail Spa,41.95398679975108,-87.78702410018207,beauty_shop
nan,41.94542660015753,-87.70795459972499,post_box
nan,41.99097330027763,-87.68987339993743,camera_surveillance
nan,41.85905169987609,-87.64658879963338,waste_basket
nan,41.85971979992888,-87.64660829963327,waste_basket
Happy Market,41.8499322002109,-87.63216529998857,convenience
Confucius,41.85223439989767,-87.63402189999067,artwork
Windy City Produce,41.94215229988879,-87.7276315997185,supermarket
La Baguette Mexican Bakery,41.94165440013052,-87.72777119968106,bakery
Kilbourn Ave & 49th St,41.80380870011146,-87.73562559964165,bicycle_rental
Tilly Bagel,41.88583999991613,-87.65467149968993,fast_food
Marc Nolan,41.885092799992776,-87.65079699998154,shoe_shop
Keg N Bottle,41.884105900167185,-87.65124790027033,beverages
Prohibition Barber,41.88410180015802,-87.65150679979894,hairdresser
nan,41.881459199882215,-87.65417469980252,comms_tower
The Publishing House Bed & Breakfast,41.883155900424526,-87.65578670039588,hotel
nan,41.87342250014831,-87.61706650031869,camera_surveillance
nan,41.8734222995995,-87.61708889973289,camera_surveillance
nan,41.87342240032359,-87.61704019964549,camera_surveillance
nan,41.87342290034661,-87.61701509956714,camera_surveillance
nan,41.988325599946506,-87.78754910011082,camera_surveillance
The Village Wash,41.85833289964364,-87.64682119973855,laundry
Fabulous Freddies Italian Eatery,41.83793289958368,-87.64401440034425,restaurant
Sal's Barber Shop,41.94308329965463,-87.67932549987188,hairdresser
nan,41.94312899960369,-87.67928590002424,bench
The Last Chapter Book Shop,41.94307370029111,-87.67906050024186,bookshop
Roost,41.94308109991289,-87.67896069977644,fast_food
Same Same,41.943335799607496,-87.67941860038803,restaurant
nan,41.9432693999629,-87.68096359969036,post_box
Pizza Amelia,41.943045299700884,-87.68139109961953,fast_food
Jimmy John's,41.94303759970552,-87.68156139973877,fast_food
nan,41.950311599700626,-87.67537410003467,waste_basket
Café Crèmerie,41.88721839980934,-87.64851969982425,cafe
Rose Beauty,41.77090100008115,-87.58672289964204,beauty_shop
JJ Fish,41.7709679995736,-87.58671459979888,fast_food
Stony Laundry,41.771176500195395,-87.5866944999512,laundry
nan,41.89107350024187,-87.60798799984627,waste_basket
AD&B,41.89163240011521,-87.60847470034713,fast_food
nan,41.97458720023917,-87.89058439995006,toilet
West Loop 2 Wine & Spirits,41.88534339967822,-87.65524569972922,beverages
nan,41.88564959994915,-87.65687780017032,post_box
Uncle Mike's Place,41.89107770007587,-87.66974880016693,restaurant
Dail M for Modern,41.8909997999009,-87.67281340011829,furniture_shop
nan,41.97396280004324,-87.88848109972292,toilet
nan,41.97396320024154,-87.88490100028088,toilet
nan,41.973978299858686,-87.88264909967614,toilet
nan,41.83178040004549,-87.65437939988936,waste_basket
nan,41.831781200442094,-87.65468670003116,drinking_water
AMC Roosevelt Collection 16,41.869635099780055,-87.63273470034613,cinema
nan,41.79970109972601,-87.77732709996565,camera_surveillance
nan,41.799340500363826,-87.59985759974842,post_box
nan,41.79988639963767,-87.59523320035186,post_box
nan,41.79958740023841,-87.59192200000024,post_box
nan,41.79966879967543,-87.59036610001544,post_box
nan,41.79947379967615,-87.58925810018115,post_box
nan,41.799681800274925,-87.58536659968877,post_box
nan,41.79947050006359,-87.58784249983148,post_box
nan,41.80632720024016,-87.5859739001753,post_box
nan,41.80599260027833,-87.59065530040175,post_box
nan,41.80583679992844,-87.60373199963203,post_box
nan,41.8057024996707,-87.60661219989305,post_box
nan,41.80425589969008,-87.59661160024513,post_box
nan,41.80960459957265,-87.592574299864,post_box
nan,41.80956060024158,-87.59707329959309,post_box
nan,41.809698600310185,-87.6044779998598,post_box
nan,41.811075599959,-87.60646609963078,post_box
nan,41.8096300998493,-87.60907189964843,post_box
nan,41.809616500301274,-87.61139539977785,post_box
nan,41.8090450000268,-87.62593769986489,post_box
nan,41.8058456996194,-87.61682819976158,post_box
nan,41.802020999869285,-87.61669490044926,post_box
nan,41.794889000127284,-87.62585249989291,post_box
New Balance,41.92546969966696,-87.64022449986072,shoe_shop
Magoo – For Lord Buckley,41.87999600021527,-87.66144419959011,artwork
nan,41.85372219961988,-87.60740929959945,viewpoint
Lincoln Park - Grove 17,41.974821499712505,-87.65052500002867,picnic_site
Lincoln Park - Grove 16,41.96427449986834,-87.6373028003839,picnic_site
Lincoln Park - Grove 15,41.95092729985504,-87.64045189973535,picnic_site
Lincoln Park - Grove 13,41.9370591999222,-87.63617150001465,picnic_site
Lincoln Park - Grove 10,41.93117959965883,-87.63780849996226,picnic_site
Lincoln Park - Grove 9,41.9306554999514,-87.63817959980867,picnic_site
Lincoln Park - Grove 8,41.92847889958159,-87.63585540000668,picnic_site
Lincoln Park - Grove 6,41.919763200011744,-87.63458909970717,picnic_site
Lincoln Park - Grove 4,41.91826620022499,-87.63364670013505,picnic_site
Lincoln Park - Grove 5,41.91823669976395,-87.63529049985664,picnic_site
Lincoln Park - Grove 3,41.91625069990994,-87.63070930029392,picnic_site
Lincoln Park - Grove 2,41.91528189983984,-87.63109759967443,picnic_site
Jackson Park - Grove 9,41.79088769960771,-87.58605319969536,picnic_site
Jackson Park - Grove 10,41.78900100019604,-87.58587569960383,picnic_site
Jackson Park - Grove 8,41.78971320030399,-87.58483119999983,picnic_site
Jackson Park - Grove 7,41.78872989956528,-87.58384840018351,picnic_site
Jackson Park - Grove 6B,41.788841199661704,-87.58166950024719,picnic_site
Jackson Park - Grove 6A,41.789649200050576,-87.58099630013908,picnic_site
Jackson Park - Grove 19B,41.78233350029086,-87.57738949982553,picnic_site
Jackson Park - Grove 19A,41.78276360016008,-87.5767594995512,picnic_site
Jackson Park - Grove 16,41.77903979984694,-87.57601629981235,picnic_site
nan,41.938051199803056,-87.80692349981962,camera_surveillance
Greer,41.92160020018912,-87.65411430043457,stationery
Salon V,41.921621200258244,-87.65382729979001,hairdresser
Olor Coffee,41.92159739970026,-87.65404510030112,cafe
nan,41.97615340015932,-87.7879108002432,camera_surveillance
nan,41.97643739976621,-87.78783230022043,camera_surveillance
nan,41.96768179997514,-87.76753399999404,camera_surveillance
nan,41.967862900052864,-87.76765400013198,camera_surveillance
nan,41.97563829996761,-87.72837369958654,camera_surveillance
nan,41.97559029955272,-87.72836660033829,camera_surveillance
nan,41.97557030042907,-87.7283658997664,camera_surveillance
nan,41.98280400000465,-87.72823459964701,camera_surveillance
nan,41.98275549956668,-87.72824910031568,camera_surveillance
nan,41.975219699729394,-87.74784410012506,camera_surveillance
nan,41.97531850014872,-87.74785800004662,camera_surveillance
nan,41.97528689977065,-87.74785819969611,camera_surveillance
Old Chicago Pizza Company,41.751402699874745,-87.60605919957237,fast_food
nan,41.89106990025573,-87.60905479993903,waste_basket
nan,41.891085900094254,-87.6068861001134,waste_basket
nan,41.89114209962827,-87.61033919999403,waste_basket
Monarch&Lion,41.89118109962811,-87.61997749966184,restaurant
nan,41.89016870042525,-87.61057400038976,waste_basket
nan,41.89128910011192,-87.60773950007786,bench
nan,41.891248900416485,-87.60865990043402,waste_basket
nan,41.89494029995495,-87.62041960008446,tourist_info
nan,41.89185379971315,-87.610410699694,waste_basket
nan,41.89072760029859,-87.61034370020155,bench
nan,41.89087740037178,-87.61033560000789,bench
nan,41.891518900277106,-87.61090600041155,drinking_water
nan,41.89497279965502,-87.6187556996158,waste_basket
nan,41.891214000425805,-87.60992559998641,waste_basket
nan,41.891258399955234,-87.61080290033357,bench
nan,41.89124850021818,-87.60861390011138,waste_basket
nan,41.89115920023693,-87.61078779981705,waste_basket
nan,41.89136500019464,-87.61080660014443,bench
nan,41.890489199916715,-87.60977510024065,artwork
nan,41.891214700098374,-87.60799619986471,bench
Illinois & Michigan National Heritage Corridor,41.891213500402785,-87.61102250038806,tourist_info
nan,41.88985950001597,-87.61056059959196,waste_basket
nan,41.89122809999685,-87.60812049966131,bench
Bike & Roll,41.89104809979,-87.61091879956291,bicycle_rental
nan,41.890983899887146,-87.61033679970353,bench
nan,41.89122419963718,-87.60805889969845,bench
nan,41.89139289986247,-87.61618290022062,bench
nan,41.891476699590044,-87.61616099993017,waste_basket
nan,41.891401400254495,-87.61674089987258,waste_basket
nan,41.89168510038712,-87.6163258996205,bench
nan,41.89139489995472,-87.61679739978013,bench
nan,41.89166940002286,-87.61628949956071,waste_basket
Taste of Canton,41.83366129972927,-87.67294539991025,restaurant
nan,41.83712769968366,-87.66394159982491,clinic
DaVita Dialysis Woodlawn,41.802651400341915,-87.62673590034149,clinic
Lao Der,41.95229050030639,-87.71733330019163,restaurant
With U,41.83694370019168,-87.6512901998828,restaurant
Salon Hydrate,41.836964800085525,-87.65096570020688,beauty_shop
nan,41.96348100014808,-87.6617528999763,waste_basket
From Many Paths We Come,41.96348689970074,-87.66116489984023,artwork
nan,41.963583200004734,-87.66112060013558,waste_basket
nan,41.96355220037378,-87.66136420039749,bench
nan,41.96349549991743,-87.66136080006083,bench
nan,41.96356060004172,-87.66158629966793,waste_basket
nan,41.96355609983419,-87.66221439967478,bench
nan,41.96342379966865,-87.66226519967921,bench
nan,41.96346949961776,-87.66257979961802,bench
nan,41.96354450037842,-87.66322130042266,bench
nan,41.963522899562236,-87.66316800030296,waste_basket
nan,41.96354329978351,-87.6633492002054,bench
nan,41.96347470039717,-87.6635869998401,bench
nan,41.96344179959942,-87.66354349963274,bench
nan,41.87603989962173,-87.63183360034037,waste_basket
nan,41.87603490029045,-87.63183510040955,recycling_glass
nan,41.94536929985338,-87.80717759966643,camera_surveillance
nan,41.945301400139556,-87.8071784000631,camera_surveillance
nan,41.94523039956334,-87.8068530001658,camera_surveillance
nan,41.92372660040235,-87.78876499970494,camera_surveillance
nan,41.92356810028764,-87.78821849968398,camera_surveillance
nan,41.92370129977519,-87.7887626003137,camera_surveillance
nan,41.923936199995694,-87.77823690001287,camera_surveillance
nan,41.92357030002938,-87.7950838000773,camera_surveillance
nan,41.92354400025545,-87.79508239983284,camera_surveillance
nan,41.92371319960455,-87.79537229989171,camera_surveillance
Chicago Liberation Center,41.85205100025354,-87.69361710044876,community_centre
Gallery of Hair,41.95375629991338,-87.78906969990669,hairdresser
Aurora's Family Hair Care,41.952945699584404,-87.77171290042997,hairdresser
Ciao Ciao Gelato Cafe,41.95307880014656,-87.76182729979001,cafe
nan,41.96068819960078,-87.7449003996337,camera_surveillance
nan,41.960724900034165,-87.74490200042692,camera_surveillance
nan,41.96070730030169,-87.7449013996798,camera_surveillance
nan,41.94654289983504,-87.7201604998072,camera_surveillance
nan,41.939197999987755,-87.72707970016802,camera_surveillance
nan,41.93718509961269,-87.72723189963244,camera_surveillance
nan,41.9317009996015,-87.72709210002034,camera_surveillance
nan,41.95359540040744,-87.7475626995589,camera_surveillance
nan,41.9536262003889,-87.74752170036612,camera_surveillance
nan,41.95361190026904,-87.74726539987824,camera_surveillance
nan,41.95361229956802,-87.74722300044107,camera_surveillance
nan,41.95326960031184,-87.74738840015453,camera_surveillance
nan,41.95326889974001,-87.74734849993331,camera_surveillance
Green City Market,41.88040409996927,-87.65023900032958,market_place
nan,41.904094499961275,-87.66737009965033,post_box
nan,41.868926399833526,-87.61637969976329,fast_food
Hello Jasmine,41.96690480011648,-87.6872547998691,cafe
Small Cheval,41.96152380018327,-87.68366579983677,fast_food
nan,41.88528500040252,-87.62309849969597,waste_basket
nan,41.88528500040252,-87.6230982002217,recycling_glass
UChicago Medicine Kenwood,41.80993809966361,-87.60479269962337,clinic
SeoulSpice,41.88262199990544,-87.62472170044606,restaurant
nan,41.88696520018391,-87.71777620011153,recycling_paper
nan,41.886950599690465,-87.71777860040203,waste_basket
nan,41.88676390043372,-87.71777820020372,bench
nan,41.886818599898504,-87.71779329982087,bench
nan,41.886832999843136,-87.71777420001928,bench
nan,41.88677919970036,-87.7177952000884,bench
nan,41.8794259001852,-87.6397521003791,post_box
Carniceria y Licoreria Maribel,41.85213449960753,-87.67110960032778,convenience
Carniceria Maribel,41.852099399967415,-87.67110260000493,restaurant
nan,41.86786569984224,-87.61807059967839,waste_basket
nan,41.86819579959655,-87.61820749987618,tourist_info
nan,41.86824899989148,-87.61871249978202,tourist_info
nan,41.866553900142435,-87.61445589971999,bench
James R. Thompson,41.883064100328,-87.64833859974652,memorial
Fora,41.88719419995243,-87.65194780035068,restaurant
nan,41.885507999894344,-87.6522850002525,waste_basket
nan,41.884149400374554,-87.65225589998977,waste_basket
nan,41.89123250037966,-87.65747289955465,post_box
nan,41.8975575996036,-87.66259309969178,post_box
nan,41.88450389963532,-87.65225640001279,waste_basket
nan,41.88313900036462,-87.65227430011879,waste_basket
nan,41.891045099651706,-87.65215899983792,post_box
nan,41.88449890030404,-87.65198280016608,waste_basket
TE'AMO Sweets,41.85103069960718,-87.63897349972717,bakery
nan,41.77973679961366,-87.58655890017309,shelter
nan,41.88355770042756,-87.6129122997628,bench
nan,41.887649800098245,-87.61310640044002,artwork
nan,41.8872930003717,-87.61309559958221,artwork
nan,41.88359359956502,-87.61290249985046,bench
nan,41.887988599894015,-87.61801440014443,bench
nan,41.888004699557314,-87.61799120033356,bench
nan,41.88352619987427,-87.61292299989651,bench
nan,41.8882791996254,-87.62093210033612,bench
nan,41.888297499929706,-87.62090629968594,bench
nan,41.88826979991137,-87.62096329961656,bench
nan,41.8882723000267,-87.6209903997871,bench
nan,41.88739940006229,-87.61323659978922,artwork
nan,41.882471000136604,-87.61595090031375,camera_surveillance
BP,41.87416219972579,-87.69669219998502,car_wash
Peace and Justice,41.958582800356,-87.64562849995525,artwork
nan,41.960274800141974,-87.64657889989627,bench
nan,41.96022619987929,-87.6466604998821,bench
nan,41.959762799913335,-87.6465697996565,bench
nan,41.958526300448455,-87.6462217997962,waste_basket
nan,41.95848199984448,-87.64620899974551,waste_basket
nan,41.958465800356464,-87.64623829965774,drinking_water
nan,41.957656399723135,-87.64637929986475,bench
nan,41.95785589992988,-87.64622529995756,waste_basket
nan,41.958651200092845,-87.64659880009452,bench
nan,41.95981789957648,-87.6468420999829,waste_basket
nan,41.96045009959249,-87.64690600041155,waste_basket
nan,41.96038050016,-87.64689509972902,bench
nan,41.96089549962767,-87.64692319994566,waste_basket
Go Grocer,41.959919399760565,-87.6470615003879,convenience
nan,41.960658399665476,-87.64543679956859,bench
nan,41.95868769997742,-87.64546520015881,bench
nan,41.95851760040699,-87.64544410026497,bench
Tre Dita,41.88726380028419,-87.61713309961283,restaurant
Altar Cafe,41.89626729999594,-87.67448930024096,cafe
nan,41.911121199883496,-87.63149710011106,post_box
nan,41.90954939988495,-87.63154039976962,post_box
Healthy Substance,41.79235950039066,-87.79360850003224,restaurant
Little Wok,41.80170899987053,-87.622352199994,restaurant
King,41.91064470039265,-87.65164679995979,furniture_shop
Firebird Grill,41.964995700391285,-87.6614282995763,restaurant
Sherry's Food Mart,41.90398310004008,-87.63401279975085,convenience
nan,41.75140200020218,-87.6051537999079,camera_surveillance
nan,41.75125840005518,-87.60501799958098,camera_surveillance
nan,41.751205599958496,-87.60527820042859,camera_surveillance
nan,41.7513158001841,-87.60538700040968,camera_surveillance
nan,41.751372300091646,-87.6050403998945,camera_surveillance
bb.q Chicken,41.854744299809624,-87.63046810032256,restaurant
nan,41.92831370041699,-87.71818889989777,post_box
Sugar Moon,41.928369800126234,-87.71777489969185,bakery
nan,41.91024310003911,-87.70710679983893,post_box
Smiles on Elston,41.986273900120466,-87.77137780044512,dentist
Kung Fu Tea,41.903542100387654,-87.66851129975663,cafe
Harold's Chicken Shack,41.853232400055276,-87.62404130036566,fast_food
CD One Price Cleaners,41.85265820001598,-87.62399420017215,laundry
nan,41.81972449968595,-87.64088110028251,post_box
nan,41.80200140004462,-87.61723700008747,artwork
nan,41.80200340013687,-87.6170589001481,artwork
nan,41.80200569970333,-87.6168751003056,artwork
nan,41.80191639972213,-87.61732799978734,artwork
Tamara #1,41.895628400030716,-87.71356660041823,convenience
Natural Hair Therapy Salon,41.89535459963514,-87.71318850024903,hairdresser
Polished,41.93905870039873,-87.71151960044915,beauty_shop
Spin Xpress Laundry,41.93946370018966,-87.71196989999083,laundry
Printer's Row Coffee,41.90606070034107,-87.65044430026421,cafe
Sundrip,41.88580590032211,-87.6534907995607,restaurant
The Wild Hare,41.88705240024814,-87.65200690019827,bar
nan,41.88800390005997,-87.65475199980489,dog_park
Foxtrot Market,41.90170870019642,-87.62931110002722,cafe
Tavern on Rush,41.90142559991153,-87.62766230007503,restaurant
The Bellevue,41.90173170035774,-87.62779040040664,restaurant
nan,41.86764519956637,-87.62571630026702,post_box
nan,41.79510689956379,-87.58371919998103,laundry
nan,41.8094530997808,-87.63048710029938,camera_surveillance
nan,41.81924480040726,-87.63022650015284,camera_surveillance
nan,41.81924579955404,-87.63013479988109,camera_surveillance
nan,41.8192475999968,-87.62997100006157,camera_surveillance
nan,41.8192486000429,-87.62988070003422,camera_surveillance
nan,41.81905579978536,-87.6305970001514,camera_surveillance
nan,41.819055199937566,-87.63050920023937,camera_surveillance
nan,41.819053600043674,-87.63075920007697,camera_surveillance
nan,41.81905240034803,-87.63085069979991,camera_surveillance
nan,41.82380649997003,-87.63033139977426,camera_surveillance
nan,41.82380769966568,-87.63024690037412,camera_surveillance
nan,41.82381009995618,-87.63007389959074,camera_surveillance
nan,41.82381110000233,-87.63000289991385,camera_surveillance
nan,41.823526999671344,-87.63061960011441,camera_surveillance
nan,41.82352570015098,-87.63071090018786,camera_surveillance
nan,41.823523500409294,-87.63087050017339,camera_surveillance
nan,41.823522799837406,-87.63092009958291,camera_surveillance
nan,41.83451609993813,-87.6311531004352,camera_surveillance
nan,41.83451550009033,-87.63119649991847,camera_surveillance
nan,41.83451469969367,-87.63125649998744,camera_surveillance
nan,41.83451850022868,-87.63098519970714,camera_surveillance
nan,41.83451979974899,-87.63089589972594,camera_surveillance
nan,41.8346961999697,-87.63061810004524,camera_surveillance
nan,41.834697200015796,-87.63053059960743,camera_surveillance
nan,41.83469920010805,-87.63036329962654,camera_surveillance
nan,41.83470039980364,-87.63026810009274,camera_surveillance
nan,41.84789230038939,-87.63853829980263,camera_surveillance
nan,41.847892599863656,-87.6385458001485,camera_surveillance
nan,41.85769559957231,-87.64389709997113,camera_surveillance
Three Wheels,41.92378120004241,-87.69856889983481,restaurant
Taco Pro's,41.81033149999877,-87.59223650011432,fast_food
Drive Away Motors,41.93122290021671,-87.68824140022042,car_dealership
Metropolitan Veterinary Clinic,41.86034449959902,-87.62437950031364,veterinary
"Premier Allergy, Asthma & Sinus Care",41.91933989991651,-87.66071999982807,clinic
Machine Cocktail Bar,41.89728239986289,-87.63551700040921,bar
Express Med Spa Chicago,41.691701999947384,-87.70407130015036,clinic
nan,41.87443490025049,-87.62980010009449,artwork
nan,41.874376800449056,-87.63161119979702,post_box
nan,41.87940950014837,-87.64122650020278,post_box
nan,41.897846899814624,-87.6622317997577,drinking_water
nan,41.957622599603326,-87.6810874003632,bench
nan,41.95791549980055,-87.68149790040775,bench
nan,41.95946180042182,-87.68238489994314,bench
nan,41.96125910002752,-87.6836407995832,bench
nan,41.9654897996146,-87.70061699967476,drinking_water
nan,41.96555179977577,-87.70084279965545,bench
nan,41.96552690024629,-87.7009061002363,bench
nan,41.965558499725034,-87.70060679956413,bench
nan,41.965535499563714,-87.70054900013622,bench
nan,41.965813099594925,-87.70084489957242,tourist_info
El Tragón Taqueria,41.90468460001432,-87.64865409990676,fast_food
nan,41.881892500438596,-87.64726590010116,waste_basket
Nancy B. Jefferson Alternative School,41.86802129964332,-87.68109039960223,school
nan,41.861781299667314,-87.66611100022243,post_box
Pete's Market,41.736636500074496,-87.70364370039641,supermarket
nan,41.86379629995935,-87.65687000035018,bench
nan,41.863855499631654,-87.65761649970165,bench
nan,41.89095130036225,-87.66209670000268,post_box
Miller Knoll,41.886847799986015,-87.65476319996168,furniture_shop
Pasta Via,41.88524290043955,-87.65197600039204,restaurant
Taverna 1821,41.8868770998983,-87.65199110000924,restaurant
nan,41.70649610031484,-87.66855649968267,post_box
nan,41.70663730017134,-87.67055130030224,post_box
nan,41.70651839990427,-87.67687440033325,post_box
nan,41.70464489984232,-87.68175749960886,post_box
nan,41.70280839968797,-87.68130960035774,post_box
nan,41.701589900153806,-87.68161460003375,post_box
nan,41.697892500338696,-87.68120180042274,post_box
nan,41.69653830030239,-87.68146079977606,post_box
nan,41.69551679996039,-87.68113539987877,post_box
nan,41.69025880030347,-87.68125749993362,post_box
nan,41.691608099933944,-87.68100290006373,post_box
nan,41.687199599881694,-87.68082349970473,post_box
nan,41.68624319966398,-87.68113870039065,post_box
nan,41.67737569992869,-87.67536160035752,post_box
nan,41.68150600010188,-87.66942319972082,post_box
nan,41.70319619994473,-87.65752349990953,post_box
nan,41.69200910043969,-87.67038539966643,post_box
nan,41.68680220026141,-87.66667149998972,post_box
nan,41.69177360037139,-87.67186820005736,post_box
nan,41.69008669974147,-87.673918499639,post_box
nan,41.69561010012609,-87.67429270034779,post_box
nan,41.699168400001724,-87.66908530014643,post_box
nan,41.71002100026902,-87.67539810024209,post_box
nan,41.71353150027858,-87.68170330016716,post_box
nan,41.71382569999611,-87.67710140000958,post_box
nan,41.71385740019889,-87.67329580006111,post_box
nan,41.71391120034167,-87.67070189987277,post_box
nan,41.71414620038689,-87.65793230023542,post_box
nan,41.72149220010499,-87.65304760016659,post_box
nan,41.72139859956576,-87.65766330042095,post_box
nan,41.72137420005936,-87.66253919972428,post_box
nan,41.72103929972394,-87.66674740007244,post_box
nan,41.72095149981192,-87.67090199992731,post_box
nan,41.7208820002042,-87.67489029984745,post_box
nan,41.720845299770815,-87.6771477996312,post_box
nan,41.72270310036782,-87.6819388002354,post_box
nan,41.72477549988946,-87.67438339967413,post_box
nan,41.728235799742436,-87.67856209956119,post_box
nan,41.72831369991735,-87.68209430021176,post_box
Foremost Cleaners,41.96705939987146,-87.67894820009934,laundry
Kaage Newsstand,42.00270479988666,-87.81636650001394,newsagent
Khepri Cafe,41.966263200386436,-87.70859410043732,cafe
Momento,41.880987500073104,-87.62639079989549,restaurant
nan,41.88092750000419,-87.6262957001864,recycling_glass
nan,41.88094239997184,-87.62629389974364,waste_basket
Vitology,41.87286930017814,-87.62895929963196,bar
Auntie Anne's,41.99996979966659,-87.66092569996107,fast_food
Auntie Anne's,41.999933500330826,-87.66092569996107,fast_food
nan,41.96882259988314,-87.68414190002864,bench
nan,41.96884600024276,-87.68169620001959,bench
nan,41.968647400257396,-87.67631810039995,bench
nan,41.968631799717855,-87.67629729998038,bench
nan,41.96895249975813,-87.67779999967019,bench
nan,41.968931499689006,-87.67777119978103,bench
nan,41.95800109997083,-87.64971570011943,post_box
University Ave & 65th St,41.77691649959684,-87.5984109997678,bicycle_rental
nan,41.88064110010674,-87.6427390996297,waste_basket
nan,41.88171779993655,-87.6427624001646,waste_basket
nan,41.878092399844434,-87.64126090017038,waste_basket
nan,41.87882950038119,-87.6412010997509,waste_basket
nan,41.87920749982629,-87.64121539987076,waste_basket
nan,41.87941219991313,-87.64101489961786,waste_basket
nan,41.94545549987146,-87.71852549995185,camera_surveillance
nan,41.826534999890384,-87.64622279984229,post_box
nan,41.949034699991444,-87.64258199975944,bench
nan,41.94886460042102,-87.6424909002348,bench
nan,41.80607899994595,-87.5841454003899,bench
nan,41.84545840038493,-87.63849190018101,camera_surveillance
SL Spa Angelic,41.89584430027429,-87.69086789993361,beauty_shop
Gold Chair,41.89572749992425,-87.68107699970375,hairdresser
nan,41.89576709977189,-87.69157259969569,post_box
"Dr J. Tymouch, MD Pain Management",41.89557910009546,-87.69001199985388,doctors
SPS Family Care S.C.,41.89574020015016,-87.68005879987368,doctors
Thorek Family Practice,41.89558139966192,-87.68999779955874,doctors
nan,41.876722899642175,-87.63379989964562,recycling
All Roads Lead Back to the Loop,41.87585449988529,-87.6289817997702,artwork
Chase,41.87700520042972,-87.63239069977095,bank
nan,41.876730300163274,-87.63379960017136,waste_basket
nan,41.916333799964946,-87.63396919971876,bench
nan,41.91623300035275,-87.63423029988837,bench
nan,41.9169502996167,-87.6345829996057,bench
BARDAVID,41.785814999862396,-87.59575880012846,restaurant
Gilda Designer Thrift Boutique,41.7953880995812,-87.58204780006588,clothes
Truman Gibson,41.830818399749376,-87.61714670006012,memorial
Ada S. McKinley,41.83184009974087,-87.61681460021362,memorial
Frank Gillespie,41.83103429999301,-87.61681420001526,memorial
Claude Albert Barnett & Etta Motten Barnett,41.83314919967586,-87.61750459965754,memorial
Muddy Waters,41.8351934000554,-87.61691420013017,memorial
William L. Dawson,41.83486469964623,-87.61722179974623,memorial
Dinah Washington,41.832417399743235,-87.6168696998767,memorial
Jesse Binga,41.83289030014731,-87.61687119994588,memorial
John Jones,41.833965300258455,-87.61697279995474,memorial
Earl B. Dickerson,41.83129190000125,-87.61677930002463,memorial
Major Robert H. Lawrence,41.830784800178435,-87.61713919971425,memorial
Gwendolyn Brooks,41.83124660025044,-87.61750640010024,memorial
"Earl ""Fatha"" Hines",41.83100769984554,-87.61747820005883,memorial
Willie Dixon,41.83436500034452,-87.61698640040203,memorial
Oscar Stanton DePriest,41.83463019962409,-87.61720660030431,memorial
Langston Hughes,41.83261320013912,-87.61750270028932,memorial
Theodore K. Lawless,41.83520970026751,-87.61754769966655,memorial
Thomas A. Dorsey,41.83467679979452,-87.6175367998834,memorial
Mahalia Jackson,41.834865099844535,-87.61757160004925,memorial
nan,41.80425129965778,-87.5968494997046,waste_basket
nan,41.88530770019025,-87.72108200003424,camera_surveillance
nan,41.88512829983125,-87.72075929990172,camera_surveillance
nan,41.784957300239284,-87.74351439956985,camera_surveillance
nan,41.78496820002249,-87.74352630029847,camera_surveillance
nan,41.78525049991072,-87.74332100036384,waste_basket
nan,41.785183399694176,-87.74345130043713,drinking_water
nan,41.838047699841525,-87.64126359993514,post_box
nan,41.838170299919454,-87.64159800024748,waste_basket
Chinese Kitchen Sushi Grill,41.83844449961401,-87.6374754000696,restaurant
Kuro Ramen,41.85147210035717,-87.6386813001019,restaurant
Peet's Coffee,41.87871279985586,-87.63864980044792,cafe
Cowabunga Pizza Pies,41.8378257003958,-87.65435649955276,restaurant
Bridgeport Express Laundromat,41.83783939976854,-87.65385280006666,laundry
NuMark Credit Union,41.838616700000784,-87.64649129963374,bank
Uncle Zhang Chinese Cusine,41.838171499615044,-87.64557970004307,restaurant
George's Gyros,41.83124770012131,-87.64595990012924,fast_food
"Casey ""Chicken Charlie"" Jones",41.83474259959132,-87.61692240014861,memorial
Arthur Mitchell,41.83617400013003,-87.61696419973799,memorial
Ferdinand Lee Barnett,41.83668450028949,-87.61726189961695,memorial
"Joe ""King"" Oliver",41.83646259976922,-87.61701880027738,memorial
Ernest A. Griffin,41.83569349955542,-87.61758209963415,memorial
Colonel Franklin A Denison,41.8310055001038,-87.6171580998664,memorial
Lieutenant George L Giles,41.83090249985054,-87.61717630034593,memorial
Ida B. Wells,41.8364999000504,-87.61726210016576,memorial
Bishop Louis Henry Ford,41.834126599962644,-87.61755339956972,memorial
"John Lee ""Sonny Boy"" Williamson",41.83651940005035,-87.61762569966629,memorial
Jessie 'Ma' Houston,41.83458120006236,-87.61688299995046,memorial
"Hudson ""Tampa Red"" Whittaker",41.835664099818416,-87.61693610042067,memorial
J.B. Martin,41.83667540004973,-87.61760540016905,memorial
Edith Spurlock Sampson,41.83668050010505,-87.61694629963199,memorial
Jordan Valley Food,41.762660499582466,-87.5764153002259,convenience
Izi African Hair Braiding,41.762657299794625,-87.57649640018866,hairdresser
Joe Williams,41.837180800153874,-87.61695709959042,memorial
"Ferdinand ""Jelly Roll"" Morton",41.83769059974145,-87.61765980015963,memorial
Theresa Needham,41.83724619975237,-87.61765350040866,memorial
Scott Joplin,41.837506200051166,-87.61700669989926,memorial
Joe Jordan,41.837836500354285,-87.61704870003746,memorial
Mae Jemison,41.83853359994572,-87.61759749962488,memorial
Corneal A. Davis,41.83853290027321,-87.6173021002117,memorial
Reverend Joseph H. Jackson,41.838343899651306,-87.61703110030498,memorial
Jack Johnson,41.83830749959151,-87.61761999976312,memorial
Margaret Burroughs,41.83832060001572,-87.6173077002901,memorial
nan,41.98821989992848,-87.75738360027287,tourist_info
WG  Pizzas,41.93297359965197,-87.66327039980905,restaurant
Nékter Juice Bar,41.86441159991546,-87.64701690030967,fast_food
nan,41.90631389996656,-87.6483461000924,post_box
The Staley,41.85803009970937,-87.6242258997055,pub
nan,41.857996099940124,-87.62090429959369,post_box
Taquería Chingón,41.88663699979776,-87.64821920035575,fast_food
Kalyan Jewellers,41.99773809963364,-87.69702989990992,jeweller
Wheels of Chicago,41.99482079964025,-87.68944680022963,car_dealership
AutoBank,41.92299629963958,-87.74665999965924,car_dealership
Noodleverse,41.854955400371466,-87.63225500016807,restaurant
Slurp Slurp Noodles,41.85150820004344,-87.63185570028031,restaurant
Walgreens,41.852049699833856,-87.6743384002969,pharmacy
Walgreens,41.953203000118435,-87.72819709971634,pharmacy
Casa Tulum,41.85894580020857,-87.62415930041135,restaurant
Sonrisa Family Dental,41.843985100432064,-87.7081692004482,dentist
Sonrisa Family Dental,41.83136909960433,-87.67647770038553,dentist
Sonrisa Family Dental,41.71684989970316,-87.64346750012498,dentist
Sonrisa Family Dental,41.85462090023441,-87.6953707001976,dentist
Sonrisa Family Dental,41.80590960004804,-87.70500349961179,dentist
Sonrisa Family Dental,41.90061370006225,-87.70007420036404,dentist
Pedal to the People,41.88993730036617,-87.6776674998552,bicycle_shop
Sonrisa Family Dental,41.84407970011813,-87.70198110034744,dentist
Sonrisa Family Dental,41.844366400389106,-87.72429049960681,dentist
Jimmy John's,41.94595830003556,-87.70959070035053,fast_food
CheSa's Bistro & Bar Chicago,41.94608409990133,-87.70959750012452,restaurant
Starbucks,41.909231000310456,-87.80261780037114,cafe
Charleys Philly Steaks,41.90923549961866,-87.80247809968449,fast_food
Starbucks,41.84294650038072,-87.70281569998451,cafe
Charleys Philly Steaks,41.93990610008649,-87.71288289982596,fast_food
Manifesto,41.89686240027959,-87.63444489971232,furniture_shop
Dongpo Impression,41.85312360007413,-87.63299839955647,restaurant
nan,41.924153299934915,-87.69729689963219,post_box
Budget,41.92446389968927,-87.70972680015166,car_rental
Chicago Board of Trade Building Museum,41.8779886999186,-87.63206839983673,museum
nan,41.69230880041084,-87.5977612000193,camera_surveillance
nan,41.693440000056,-87.59814960012392,camera_surveillance
nan,41.68627449966846,-87.60109190037088,camera_surveillance
nan,41.686925199638324,-87.60162720023504,camera_surveillance
nan,41.6618161002329,-87.58895850003472,camera_surveillance
nan,41.65945870015895,-87.58733210039605,camera_surveillance
nan,41.658968899695026,-87.58911669977584,camera_surveillance
nan,41.661527300044895,-87.59116970002162,camera_surveillance
Panera Bread,41.89394479991262,-87.62787300043857,fast_food
HuaFeng Restaurant,41.84930410020411,-87.63237410008463,restaurant
nan,41.90380350003153,-87.64306360020493,camera_surveillance
nan,41.90050120027024,-87.64317710004309,camera_surveillance
nan,41.896399899635696,-87.64308579996964,camera_surveillance
nan,41.89664790028041,-87.64290200012715,camera_surveillance
nan,41.896449599769255,-87.64284960022883,camera_surveillance
nan,41.8964217999262,-87.64284979987832,camera_surveillance
nan,41.89650840014258,-87.64307809997428,camera_surveillance
nan,41.89619809986249,-87.66745550017117,camera_surveillance
nan,41.89595799976195,-87.66960000013984,camera_surveillance
L.A. Tan,41.8818734995624,-87.6503024996606,beauty_shop
ELLE Nail Salon,41.88186989957626,-87.65015199991484,beauty_shop
El Capitan Snacks and Cafe,41.93824459990839,-87.7666840003663,restaurant
Subway,41.70684939987996,-87.70045970015502,fast_food
One Medical,41.88077850032761,-87.63502590042492,clinic
Bistro Campagne,41.9636617000275,-87.68555179957588,restaurant
Walgreens,41.981084099651525,-87.66893490022545,pharmacy
nan,41.998357299949475,-87.88814899987642,vending_any
nan,41.99835689975117,-87.88821219973318,vending_any
7-Eleven,41.9984690002442,-87.88784710016353,convenience
nan,41.96050050029788,-87.69750120042005,toilet
nan,41.8765337002701,-87.64862570021586,atm
Chubby Cattle BBQ,41.8534977998836,-87.63462270017743,restaurant
Gearhead Outfitters,41.967272700175045,-87.68786430009732,outdoor_shop
Han Bat Restaurant,41.96820500036051,-87.69726990018569,restaurant
Morlan Sinoway Atelier,41.88686150025808,-87.6542992999727,furniture_shop
Demolition Collective,41.90772690037619,-87.67307600035707,clothes
Round Two,41.90884069993842,-87.67483709955246,clothes
La Authentica De Guerrero,41.936456100168925,-87.76619800043733,restaurant
Sugary Chicago,41.88052939981202,-87.62465820021572,cafe
nan,41.970487700047386,-87.6887043001633,post_box
Fleet Feet,41.968131100370044,-87.68867080041707,shoe_shop
FedEx Office,41.879961600247725,-87.62590100033088,post_office
Umi Sushi,41.878379199940184,-87.6257930996718,restaurant
nan,41.796044000330426,-87.65558060006458,bench
nan,41.79639879996472,-87.65563299996296,bench
nan,41.79664469979309,-87.65564720025804,bench
nan,41.79711300016487,-87.65560150030893,bench
nan,41.79732480039928,-87.65556849968647,bench
nan,41.79781590038357,-87.65555070030456,bench
nan,41.79852110016867,-87.65599289965257,bench
nan,41.79882330025515,-87.65686390024877,bench
nan,41.79821310035436,-87.65912519966821,bench
nan,41.79801389962182,-87.65922509995835,bench
nan,41.796925200137935,-87.6591458004383,bench
nan,41.796616800125264,-87.65910910000491,bench
nan,41.796150999868814,-87.65911839989423,bench
nan,41.79521380017678,-87.65919680009222,bench
nan,41.79541049989473,-87.65919899983396,bench
nan,41.7946103002252,-87.65859120022367,bench
nan,41.79436999957585,-87.6589193997105,bench
nan,41.79453719973202,-87.65782870013436,bench
nan,41.794497900257966,-87.65765940006122,bench
nan,41.79446310009206,-87.6575297996605,bench
nan,41.79457860002242,-87.65633440011243,bench
nan,41.79467950035871,-87.65596080015075,bench
nan,41.794981400071606,-87.65558689981555,bench
nan,41.795088600158806,-87.65553330022158,bench
nan,41.795660599557095,-87.65551320037389,bench
Chicago Immigration Court,41.880162200325344,-87.62564929987525,courthouse
Illinois Conservation Police,41.88751289990046,-87.6102107003635,police
Vasil Levski,41.95865349965936,-87.77597189988325,artwork
Beans & Bagels,41.96661850004381,-87.69390579991267,cafe
Historical Route 66 End Point,41.87821120028673,-87.62472330034001,tourist_info
Route 66,41.879733899999565,-87.62456630029448,tourist_info
Route 66,41.872982800016246,-87.67597819983399,tourist_info
Route 66,41.85901679988547,-87.70302850026502,tourist_info
Route 66,41.852543799956436,-87.72007129965073,tourist_info
Maudelle Bousfield,41.843290000033505,-87.61776640039903,memorial
Florence B. Price,41.84017219978722,-87.61702550022659,memorial
Joseph R. Holmes,41.84080239971104,-87.617678999786,memorial
Willa Brown,41.83897010028994,-87.61763820024271,memorial
Dempsey J. Travis,41.84330919965987,-87.61713280013856,memorial
"Oscar C. Brown, Sr.",41.84122250001843,-87.61767010009498,memorial
Lou Rawls,41.839607400361274,-87.61764519966619,memorial
"Chester ""Howlin Wolf"" Burnett",41.84111019987586,-87.6170702001296,memorial
Savoy Big Five,41.84215160041606,-87.61705840012502,memorial
Elijah Muhammad,41.84138410009621,-87.61704540042484,memorial
Willard Motley,41.84305430031577,-87.61768140007649,memorial
Reverend Mother York,41.84253789970438,-87.61774059974886,memorial
Ralph H. Metcalfe,41.83898719999934,-87.61698180036973,memorial
Walter Dyett,41.842746199777366,-87.61780169968864,memorial
George E. Johnson Sr.,41.842543399958004,-87.61709790014794,memorial
S.B. Fuller,41.8436019002076,-87.61716720010617,memorial
Jesse Owens,41.84230629999581,-87.61773299957821,memorial
Haki Madhbuti,41.842147799881104,-87.61770269961983,memorial
Sam Cooke,41.84071469962373,-87.61701969959944,memorial
Robert S. Abbott,41.84014099960751,-87.61768140007649,memorial
Louis Armstrong & Lil Armstrong,41.841984699734155,-87.6177256997812,memorial
Dr. Daniel Hale Williams,41.84657529991023,-87.61777189975334,memorial
Anthony Overton,41.84398799984638,-87.61714899962658,memorial
Monument to the Great Northern Migration,41.84703269959948,-87.61751710023395,memorial
St. Clair Drake & Horace Cayton,41.84739959961189,-87.6178447996977,memorial
Lorraine Hansberry,41.83175320005017,-87.61749310002654,memorial
John H. Johnson,41.84637490038142,-87.6178282998361,memorial
Jack L. Cooper,41.84470639988052,-87.61714009993563,memorial
Nat King Cole,41.84647150015968,-87.61720510023514,memorial
Charles Sumner Duke,41.84439020004777,-87.61778409995622,memorial
Carter G. Woodson,41.84670090012651,-87.61751059993418,memorial
Walter T. Bailey,41.84503749968093,-87.61716679990786,memorial
Claude McKay,41.843884100271055,-87.61777759965645,memorial
Bessie Coleman,41.84725109995833,-87.61721039993995,memorial
Joe Louis,41.841506799998854,-87.61770629960603,memorial
Butterbeans & Susie,41.84578280023612,-87.61717890028598,memorial
John Moutoussamy,41.84525430014588,-87.61721549999527,memorial
"Al Benson ""The Swingmaster""",41.84443930033348,-87.61712009991265,memorial
Marjorie Stewart Joyner,41.84713090017095,-87.61784669996518,memorial
Dr. Ida Gray Nelson Rollins,41.84611420041006,-87.61722710035036,memorial
Andrew Rube Foster,41.845526499748246,-87.61716520001391,memorial
Robert T. Motts,41.84564260042572,-87.61782309995607,memorial
Katherine Dunham,41.84588269962694,-87.6177691001638,memorial
Robert R. Taylor,41.84512850028011,-87.61779549976245,memorial
WeWash,41.89055809967664,-87.64779829965175,car_wash
West Loop Nail Spa,41.886221899720965,-87.64764290039949,beauty_shop
Wintrust Bank Fulton Market,41.88649510026869,-87.64766050013196,bank
Juliet Tan Floral Design,41.886371000121585,-87.6476576996431,florist
CVS Pharmacy,41.89555009965744,-87.68786680021265,pharmacy
Kennedy Fish & Chicken,41.80941099981783,-87.62230549999879,fast_food
The Top Price,41.809258099781516,-87.61774590035299,clothes
Baby Beauty Bar,41.80941009959645,-87.62221639966708,beauty_shop
Dress Code Clothing,41.80919639999394,-87.6207900002583,clothes
Shoe Avenue,41.80924140027048,-87.61856519982405,shoe_shop
Two Fish Crab Shack,41.80932629986887,-87.60972950011632,restaurant
Moore Poppin',41.80937919979027,-87.60697929955501,fast_food
Blessed Hands Hair Studio,41.80943399997915,-87.60492210037461,hairdresser
Sweet Vegan Bakes,41.89691139984126,-87.62622740027427,restaurant
Sunflowers,41.970590499751836,-87.67604120004131,artwork
Pollo Express,41.96862549996689,-87.67884440034874,restaurant
nan,41.85934360002716,-87.64232839993565,bench
nan,41.85919480000007,-87.64273940000328,bench
Zephyr Dental,41.94578699987022,-87.6879408998526,dentist
Richard Wright,41.8317691998887,-87.61749279965295,memorial
Vivian Harsh,41.83176330033609,-87.61749290037699,memorial
Fannie Barrier Williams,41.83175830010549,-87.61749300020176,memorial
Mural on Morgan,41.861044799877675,-87.65098730012375,artwork
nan,41.9142722004018,-87.66817380038054,bench
nan,41.9142960000604,-87.66814329987335,bench
nan,41.91414079955831,-87.67633060007711,bench
nan,41.914141400305425,-87.67628859993891,bench
nan,41.91414079955831,-87.67624609977764,bench
nan,41.91432019991737,-87.67840460039196,bench
nan,41.91427900017578,-87.68005569991061,bench
nan,41.914282399613114,-87.68001400014595,bench
nan,41.91422310011603,-87.6718245002005,tourist_info
nan,41.914223299765524,-87.67184469987296,waste_basket
nan,41.914167600254586,-87.67183790009898,tourist_info
nan,41.91416500031454,-87.67687069962307,artwork
nan,41.914076099632325,-87.67699489959489,tourist_info
nan,41.91413020014869,-87.67709799967292,tourist_info
nan,41.914120500061074,-87.67743790023889,bench
nan,41.91408810018572,-87.67743680036801,bench
nan,41.91420009995471,-87.67744600043255,bench
nan,41.91421099973792,-87.67747650004043,waste_basket
nan,41.91407089975229,-87.68270019955452,tourist_info
nan,41.91402540035199,-87.68266480044014,tourist_info
nan,41.91388280025109,-87.68261470010827,artwork
Ankle N Foot Centers,41.87846949996748,-87.6422835003832,clinic
nan,41.857713899876615,-87.66694609988258,post_box
nan,41.91396120044908,-87.68636549986786,bench
nan,41.91397770031068,-87.68638900005226,bench
nan,41.913952399683524,-87.68635009987719,camera_surveillance
nan,41.913949799743534,-87.68632089978968,tourist_info
nan,41.913999900075396,-87.68423999987607,camera_surveillance
nan,41.91405509956326,-87.6828302001536,camera_surveillance
nan,41.91425940035111,-87.67837779969568,tourist_info
nan,41.91434449959905,-87.67838699976022,tourist_info
nan,41.91425330024964,-87.67776430018228,camera_surveillance
nan,41.91413580022703,-87.67671769976198,camera_surveillance
nan,41.91422899966864,-87.66883340004136,camera_surveillance
nan,41.913946099932616,-87.68415789986716,tourist_info
nan,41.91401899987699,-87.68416090000551,tourist_info
nan,41.91401589991392,-87.68417029971954,bench
nan,41.91400650019989,-87.68418829965026,waste_basket
nan,41.91397880018155,-87.68643269990912,tourist_info
nan,41.913929600071015,-87.68841059956947,camera_surveillance
nan,41.91395170001101,-87.68821949992991,bench
nan,41.913938499762025,-87.68824340031261,bench
nan,41.913929299697486,-87.68829289989736,tourist_info
nan,41.913953299904904,-87.68817120004081,tourist_info
nan,41.91392159970212,-87.6897628004129,bench
nan,41.91392180025093,-87.68971849980886,bench
nan,41.9139220997252,-87.68967730006733,bench
nan,41.91386659986375,-87.69129160022715,tourist_info
nan,41.913929799720506,-87.69125310025032,tourist_info
nan,41.91392259974822,-87.69123680003827,bench
nan,41.91392550006185,-87.69130440027783,waste_basket
nan,41.91389119991902,-87.69342869967471,bench
nan,41.91389250033865,-87.69338580021446,bench
nan,41.9138935003848,-87.69334389990104,bench
nan,41.913865800366466,-87.6913415000102,camera_surveillance
nan,41.91386890032953,-87.69622820017128,tourist_info
nan,41.91386779955934,-87.69625290005126,waste_basket
nan,41.91381489963794,-87.69621959995453,tourist_info
nan,41.91385190044491,-87.69641200001377,camera_surveillance
nan,41.91382969978088,-87.69707990041701,bench
nan,41.9138281997117,-87.69703600001134,bench
nan,41.91382480027437,-87.69699590014062,bench
nan,41.913901300204884,-87.69764970007355,camera_surveillance
nan,41.913917600416994,-87.69790880015097,bench
nan,41.91384909995605,-87.69786770023416,tourist_info
nan,41.91393189963753,-87.69785240006814,tourist_info
nan,41.91387210011737,-87.70234739961279,bench
nan,41.913818200149876,-87.70234679976494,bench
nan,41.91386979965159,-87.7021905002913,bench
nan,41.91382080008992,-87.70218650010685,bench
nan,41.91387610030182,-87.70198230004308,bench
nan,41.9138227003574,-87.7019799995773,bench
nan,41.91387470005742,-87.70178179979018,bench
nan,41.91382599996996,-87.70177609988707,bench
nan,41.913877600370995,-87.70162419989686,bench
nan,41.9138281997117,-87.70162390042265,bench
nan,41.91389250033865,-87.700668000228,bench
nan,41.91389329983599,-87.70062609991453,bench
nan,41.91389980013571,-87.70069050036625,tourist_info
nan,41.91383439963789,-87.7007156004446,tourist_info
nan,41.91389379985901,-87.7007398003015,waste_basket
nan,41.91399000033829,-87.70433150009859,camera_surveillance
nan,41.91384380025124,-87.70446940034253,tourist_info
nan,41.91383810034813,-87.70458850025904,tourist_info
nan,41.913842400006786,-87.70457599968262,waste_basket
nan,41.913846300366515,-87.704440599554,camera_surveillance
nan,41.913776600209985,-87.70683989994137,bench
nan,41.91377700040829,-87.70679749960487,bench
nan,41.91377789973035,-87.7067474999971,bench
nan,41.91377760025608,-87.70669879990965,bench
St.Louis Overlook,41.91392090002955,-87.71343039989301,viewpoint
nan,41.79933130029934,-87.65916579956195,bench
Sherman American History Series,41.79841709986931,-87.6576074003612,artwork
nan,41.79899859970567,-87.65916769982942,bench
nan,41.91367340030723,-87.71387229976676,bench
nan,41.91365040014591,-87.71432699969125,bench
nan,41.91368289984598,-87.7132071000276,bench
nan,41.91371500024712,-87.7118764001757,bench
nan,41.91365950038568,-87.71167199956307,waste_basket
nan,41.91378649994709,-87.71142769962859,camera_surveillance
nan,41.913670800367186,-87.71056709969184,bench
Birds Watching,41.913762100440636,-87.71250040017327,artwork
Mr. Salsa,41.96162459979547,-87.65606540029796,fast_food
nan,41.95841600039813,-87.65648520023177,drinking_water
nan,41.958482800241086,-87.65647889958149,waste_basket
nan,41.95847860040715,-87.65644349956779,bench
nan,41.89402820034121,-87.67432839983576,drinking_water
Bartoli’s Pizza,41.89412589999034,-87.6674658999313,restaurant
nan,41.89397879968192,-87.67433709987722,bench
nan,41.95201929985086,-87.83441379985692,camera_surveillance
Chengdu Bistro,41.87260319977793,-87.62895569964576,restaurant
nan,41.925414900377405,-87.79246190039635,camera_surveillance
nan,41.92541769996694,-87.79246210004584,camera_surveillance
nan,41.93147730043711,-87.75656560032218,camera_surveillance
nan,41.931436499994504,-87.75656520012387,camera_surveillance
nan,41.96825680041104,-87.71828389978214,camera_surveillance
nan,41.92587430015885,-87.79247490009652,camera_surveillance
nan,41.951799500146876,-87.80716140017842,camera_surveillance
nan,41.951800699842465,-87.80715239976342,camera_surveillance
BMO,41.83157800042443,-87.67632499999871,bank
nan,41.9241665001839,-87.80616769967958,camera_surveillance
nan,41.92743490000066,-87.78554489977728,camera_surveillance
nan,41.9274312001898,-87.78545929960694,camera_surveillance
nan,41.914098599770625,-87.71332169973664,artwork
nan,41.9140940995631,-87.71354959963429,artwork
nan,41.91367279956012,-87.71563520030423,camera_surveillance
nan,41.91367279956012,-87.71588060010959,tourist_info
nan,41.913667300205816,-87.71590410029398,waste_basket
nan,41.91366680018274,-87.71593690036764,tourist_info
nan,41.91360649974024,-87.71994380006629,camera_surveillance
nan,41.91366680018274,-87.71997069968802,bench
nan,41.91357760002626,-87.71997789966031,waste_basket
New York Food Mart & Deli,41.95791790009105,-87.65309449981129,convenience
Graffiti Garden,41.91365510000293,-87.71142220027428,artwork
Graffiti Garden,41.91361500013221,-87.71454289993483,artwork
Graffiti Garden,41.91362370017367,-87.71386829958232,artwork
Graffiti Garden,41.913637699919946,-87.71291169971511,artwork
Graffiti Garden,41.913643399823115,-87.71236009963883,artwork
Graffiti Garden,41.91360630009075,-87.71544890034642,artwork
Graffiti Garden,41.91359690037672,-87.71617129966569,artwork
Graffiti Garden,41.91367729976764,-87.70962410027198,artwork
Graffiti Garden,41.91368449973993,-87.70909579983123,artwork
Graffiti Garden,41.913695699896664,-87.70806520014884,artwork
Hutchinson Street District,41.95931939997041,-87.65156419992786,memorial
nan,41.960609699578015,-87.6528453003703,bench
Cycle Bike Shop,41.853209399893956,-87.64669279993274,bicycle_shop
The Original Pancake House,41.883166300184655,-87.65540200010219,restaurant
Montrose Moonrise Observation Point,41.959505000255604,-87.63912570009097,viewpoint
nan,41.96041010044581,-87.63947450034789,bench
nan,41.880152100039425,-87.66425559991598,waste_basket
nan,41.88027520014043,-87.66459010005303,waste_basket
Robin L. Ferguson DDS,41.73695229970889,-87.60393819978805,dentist
nan,41.80277060008319,-87.58326910008884,bench
nan,41.77889430033173,-87.57273059973733,bench
nan,41.77884660029042,-87.57281600025817,bench
nan,41.77892549961217,-87.57290130005492,bench
nan,41.77897619979183,-87.57280820043809,bench
Peregrine Bicycle Studio,41.88666090018046,-87.64376329973646,bicycle_shop
"Yader ""Yak"" Castaneda",41.8846313002943,-87.62446799989823,memorial
nan,41.74817509960121,-87.74085549998131,camera_surveillance
nan,41.7489913998333,-87.74000479978167,camera_surveillance
nan,41.74901139985627,-87.73910090018637,camera_surveillance
nan,41.747099999665295,-87.74011500000722,camera_surveillance
Wells Fargo,41.91035900016777,-87.67711830006948,bank
Damen Ave / Wicker Park Ave,41.908721299648334,-87.67720099992619,bicycle_rental
Abercrombie & Fitch,41.90956079969118,-87.67589449993119,clothes
Odge's,41.89506580034646,-87.67718340019371,fast_food
nan,41.791853600263494,-87.57979860012529,drinking_water
nan,42.000149299850364,-87.76648450015949,bench
Ja' Grill,41.80045339970468,-87.58876400005852,restaurant
Daisy's Po-Boy and Tavern,41.80044340014285,-87.58893640009472,restaurant
Cantina Rosa,41.800032999923076,-87.5892985004254,bar
nan,41.74126279973848,-87.69731970014402,pitch
nan,41.74049230017954,-87.6975352001893,pitch
nan,41.740695500197205,-87.69625049976071,pitch
nan,41.74116569993714,-87.69599029981242,pitch
nan,41.739909800297085,-87.69623829955782,pitch
nan,41.73965199974003,-87.69747830008345,pitch
nan,41.973788999762576,-87.73029749962984,bench
nan,41.974184900213004,-87.73143149976386,bench
nan,41.97387879976685,-87.7318258003204,bench
nan,41.97451869977823,-87.73131389991653,bench
nan,41.97458670021609,-87.73100490005606,bench
nan,41.97458789991168,-87.73030049976819,bench
nan,41.97458520014692,-87.73026719967152,bench
nan,41.97427510041558,-87.73161540033044,waste_basket
nan,41.97361780032128,-87.73132319980579,waste_basket
nan,41.97424450008367,-87.7319742999739,drinking_water
nan,41.91216070015622,-87.63299969997615,camera_surveillance
nan,41.9121612001793,-87.63299290020217,camera_surveillance
nan,41.9121612001793,-87.6330097004373,camera_surveillance
nan,41.91096729980109,-87.64839749994462,camera_surveillance
nan,41.91084090008752,-87.64833599980653,camera_surveillance
nan,41.910884299570796,-87.6481666997334,camera_surveillance
nan,41.91100770004539,-87.64822969994066,camera_surveillance
nan,41.910870000350315,-87.64928589972448,camera_surveillance
nan,41.91094739960289,-87.64973689983805,camera_surveillance
nan,41.911020000072995,-87.65104959975918,camera_surveillance
nan,41.91088190017962,-87.6558501997269,camera_surveillance
nan,41.91092140020248,-87.65921649974166,camera_surveillance
nan,41.910908699976574,-87.65929799990272,camera_surveillance
nan,41.91092860017483,-87.66026999976066,camera_surveillance
nan,41.91379579983635,-87.6534607999759,camera_surveillance
nan,41.91383749960096,-87.65316839980176,camera_surveillance
nan,41.91373490044538,-87.65310949960366,camera_surveillance
nan,41.91342350029436,-87.65309900001881,camera_surveillance
nan,41.91347750008663,-87.65326260018878,camera_surveillance
nan,41.910720499751335,-87.66760499987083,camera_surveillance
Wallace St & 28th St,41.84350280031401,-87.64178719961956,bicycle_rental
Parnell Ave & 31st St,41.83793610027084,-87.64028549997579,bicycle_rental
Franklin St & Washington St,41.88313159984352,-87.63509640007874,bicycle_rental
nan,41.87581540006073,-87.68152510040301,camera_surveillance
nan,41.87591130016642,-87.68153490031534,camera_surveillance
nan,41.87535290031616,-87.68126619997508,camera_surveillance
nan,41.87530649979516,-87.68126760021954,camera_surveillance
nan,41.87543569999758,-87.67305960032024,camera_surveillance
nan,41.87590329979753,-87.67287500008115,camera_surveillance
nan,41.8761308003962,-87.66196759962497,camera_surveillance
nan,41.875584099826426,-87.66171049963981,camera_surveillance
nan,41.87554769976657,-87.6617108000134,camera_surveillance
nan,41.87618719957965,-87.65717869983712,camera_surveillance
nan,41.875571100126194,-87.65680740034122,camera_surveillance
