name,Lat,Long,fclass
Bible Institute of Texas,29.6827289,-95.1415987,school
Bricker Park,29.6727771,-95.357265,park
Burnet School,29.7507828,-95.0318735,school
Corpus Christi School,29.6746755,-95.4413296,school
Dominion Montessori School,29.7360622,-95.3796609,school
Fannin School,29.7449678,-95.378949,school
Harris County Youth Village,29.5704944,-95.0679321,school
Lamar High School,29.7419207,-95.4264985,monument
Lanier Junior High School,29.7419184,-95.4050875,school
Montrose School,29.7380325,-95.389084,school
Our Lady of Fatima School,29.7395116,-95.2384212,school
Pilgrim School,29.6873918,-95.4753063,school
Saint Augustine School,29.6785631,-95.2371569,school
Saint Frances Cabrini School,29.6363758,-95.2221402,school
Saint James School,29.7171738,-95.3674384,school
Saint Josephs School,29.7252274,-95.0018726,school
Saint Mary School,29.7196737,-95.3682718,school
Saint Pius V School,29.6992539,-95.2101019,school
Mary Immaculate Preschool,29.9063352,-95.4791069,school
Sacred Heart School,29.9121661,-95.05854,school
Christ the King School,29.7945551,-95.3791022,school
Elmore High School,29.8093928,-95.275213,school
Johnson Memorial School,29.8322609,-95.4486398,school
Memorial Hall School,29.7988387,-95.511053,school
Messiah School,29.7685614,-95.412995,school
Our Mother of Mercy School,29.7805051,-95.3291037,school
Resurrection School,29.7718941,-95.3024363,school
Assumption Catholic School,29.8718914,-95.3868823,school
Saint Ambrose School,29.8288375,-95.4632738,school
Saint Cecilias School,29.7788394,-95.5299426,school
Saint Charles School,29.8475616,-95.3689142,school
Saint Francis of Assisi School,29.8060597,-95.310214,school
Saint Mark School,29.7974497,-95.494386,school
Saint Rose of Lima School,29.8199487,-95.4152169,school
Saint Theresa School,29.7732666,-95.4302928,school
Settegast School,29.8088373,-95.2768797,school
Thomas Street Health Center,29.7767798,-95.3654605,clinic
Spring Branch High School,29.7955055,-95.5113309,school
Stanfield Park,29.8316143,-95.267157,park
Houston School,29.7177272,-94.9790941,school
KWWJ-AM (Baytown),29.7746707,-95.0154841,tower
KRBE-AM (Houston),29.9928103,-95.4733428,comms_tower
KLAT-AM (Houston),29.8966124,-95.2904905,tower
KLAT-AM (Houston),29.9185571,-95.5163301,tower
KPRC-AM (Houston),29.8049662,-95.2780465,tower
KYOK-AM (Houston),29.8441148,-95.4477176,tower
KNUZ-AM (Houston),29.8596702,-95.5591096,tower
KKBQ-AM (Houston),29.9148712,-95.4619026,comms_tower
KILT-AM (Houston),29.9196409,-95.4264872,comms_tower
KXYZ-AM (Houston),29.7106998,-95.1747678,tower
KCOH-AM (Houston),29.7561745,-95.2774409,tower
KIKK-AM (Pasadena),29.6885771,-95.1748609,tower
KLVL-AM (Pasadena),29.6841181,-95.1860443,tower
KPFT-FM (Houston),29.9241126,-95.5382752,tower
KTRU-FM (Houston),29.7155074,-95.399106,tower
KTSU-FM (Houston),29.7237895,-95.3647862,tower
KJIC-FM (Pasadena),29.6674516,-95.1549323,tower
KYND-AM (Cypress),30.0093971,-95.694645,tower
KRTS-FM (Seabrook),29.5927296,-95.0532626,tower
San Jacinto State Park,29.7464499,-95.0791876,park
Elmore Middle School,29.8102261,-95.2760463,school
Mickey Leland College Preparatory Academy for Young Men,29.7766352,-95.334664,school
Barbara Jordan High School,29.8157887,-95.3339362,school
Academy of Houston,29.6793701,-95.5254509,school
Alamo Elementary School,29.7474487,-94.9615936,school
Alcott Elementary School,29.6671517,-95.3297198,school
Alief Montessori Community School,29.7127307,-95.5918892,school
McCardell Academy,29.7718943,-95.3418819,school
Langston Early Child Development Center,29.7830302,-95.3413918,school
Houston Gardens Elementary School,29.820694,-95.3010915,school
Impact Charter School,29.6382882,-95.5010537,school
James B Havard Elementary School,29.8060592,-95.1954887,school
Harvey Turner Elementary School,29.6503813,-95.1663641,school
High Point Alternative School - Sheldon,29.8406763,-95.185152,school
Girls and Boys Prep Academy,29.6560201,-95.5251977,school
Endeavor Schools,29.7914287,-95.1247883,school
George I Sanchez - Alternative School,29.7430062,-95.3179925,school
Spring Branch Education Center,29.7945066,-95.511274,school
Spring Branch School of Choice,29.7947554,-95.5114553,school
Ser - Ninos Charter Elementary School,29.7091191,-95.4807751,school
Shadowbriar Middle School,29.7377697,-95.5988662,school
Ripley House Alternative School,29.7514962,-95.3288198,school
Royalwood Elementary School,29.8374471,-95.1879882,school
Sandpoint Elementary School,29.7210635,-95.5529992,school
Scott Elementary School,29.7910935,-95.330585,school
Raul Yzaguirre School for Success,29.6657862,-95.3104924,school
High School for the Performing & Visual Arts,29.7369586,-95.3884265,school
Oates Elementary School,29.7932822,-95.2560459,school
Mount Hebron Academy,29.674675,-95.353827,school
Cornerstone Hospital Houston – Bellaire,29.70801,-95.47327,hospital
Plaza Specialty Hospital,29.7233769,-95.386876,hospital
Chama,29.8030294,-95.720231,cafe
Texas Clinic Healthcare System,29.816008,-95.3709074,clinic
Northwest Indoor Soccer Center,29.995526,-95.485906,park
Cedar Bayou Stadium,29.7532252,-94.935652,stadium
Crum Field House,29.7146743,-95.4579966,sports_centre
San Jacinto College South Baseball Field,29.5827885,-95.2044788,park
Taub Baseball Field,29.7396734,-95.4279956,park
Galveston County Park,29.5185649,-95.1054862,park
Galena Manor Park,29.744117,-95.2502128,park
Deepwater Park,29.7116174,-95.1682661,park
Cedar Grove Park,29.8807783,-95.0410397,park
Bricker Park,29.6721575,-95.3575257,park
Armand Bayou Park,29.5835633,-95.0763188,park
Atkinson Island Wildlife Management Area,29.682172,-94.9743716,park
Kaminski Park,29.826058,-95.0454846,park
Future Edgewater Park,30.028275,-95.2552109,park
Northwood Park,30.0210537,-95.4802174,park
N C Foote Park,29.7260606,-94.9938168,park
Monterief Park,29.8052256,-95.0965972,park
Sterling Knoll Park,29.5616204,-95.1477098,park
Saint Thomas the Apostle Episcopal School,29.5462031,-95.087967,school
Bay Area Montessori School House,29.5505224,-95.1166653,school
Westminster Academy,29.5481992,-95.1151722,school
Gloria Dei Christian School,29.5477738,-95.0888899,school
Houston Learning Academy,29.5366536,-95.1180298,school
Lord of Life Lutheran School,29.551301,-95.1839998,school
Galloway Upper School,29.5503699,-95.1168998,school
Gramercy Outpatient Surgery Center,29.7039432,-95.4214091,clinic
The University of Texas Health Science Center,29.7029914,-95.4031517,university
Baytown Health Center,29.7446966,-94.976682,clinic
Battleground Speedway,29.8519,-95.0643,park
Baytown Post Office,29.7310521,-95.0076595,post_office
Hufsmith Post Office,30.1236,-95.5964,post_office
Pasadena Post Office,29.6926,-95.2004,post_office
Spring Valley Post Office,29.8016,-95.4927,post_office
Baytown Christian Academy,29.7779,-94.9711,school
Crosby Kindergarten,29.9122,-95.0539,school
Lunar and Planetary Institute Rice University,29.5615,-95.0752,school
Lunar Science Institute Rice University,29.561,-95.0747,school
Memorial Hall School,29.8113906,-95.4659268,school
Pasadena Fire Chief,29.7132978,-95.2017432,fire_station
Baytown Area Crime Prevention Office,29.7338492,-94.9699516,police
Autry Court,29.7151,-95.4037,pitch
Houston Fire Department Station 9,29.776231,-95.3604454,fire_station
Harris County Courthouse,29.7687,-94.9711,courthouse
W Kyle Chapman Courthouse,29.6632,-95.1264,courthouse
Highlands Volunteer Fire Department Station 2,29.8197148,-95.0272458,fire_station
City of Southside Place Fire Department,29.7146581,-95.4335888,fire_station
Crosby Fire Department Station 1,29.9072888,-95.0646969,fire_station
Cy - Fair Volunteer Fire Department Station 5,29.8394162,-95.6425734,fire_station
Humble Fire Marshal's Office,29.9991117,-95.2670359,fire_station
Klein Volunteer Fire Department Station 2,29.9935702,-95.4907348,fire_station
Pasadena Fire Department Station 2,29.7036322,-95.201383,fire_station
Pasadena Fire Department Station 3,29.6923324,-95.1696733,fire_station
Alief Community Volunteer Fire Department,29.700477,-95.6676274,fire_station
Channelview Volunteer Fire Department Station 1,29.7772447,-95.1142532,fire_station
Baytown Fire and Rescue Services,29.7553504,-94.964635,fire_station
Cy - Fair Volunteer Fire Department Station 9,29.8924869,-95.6393572,fire_station
West I - 10 Volunteer Fire Department Station 2,29.77388,-95.7295619,fire_station
La Porte Fire Department Station 1,29.6642923,-95.0216094,fire_station
Ponderosa Volunteer Fire Department,30.0142068,-95.4547485,fire_station
Pasadena Fire Protection Service,29.6874962,-95.207792,fire_station
Champions Volunteer Fire Department,29.9774549,-95.5108565,fire_station
Deer Park Fire Department,29.6995742,-95.1242234,fire_station
Galena Park Fire Department Station 1,29.734151,-95.2387738,fire_station
Houston Fire Department Station 70,29.6019414,-95.2291175,fire_station
South Houston Fire Department,29.6654895,-95.2388682,fire_station
Jersey Village Fire Department,29.884289,-95.5712655,fire_station
Jacinto Fire Department,29.7690513,-95.2478658,fire_station
Tomball Fire Department,30.0954501,-95.6165624,fire_station
Cy - Fair Volunteer Fire Department Station 3,29.9490312,-95.6493596,fire_station
Aldine Community Fire Department,29.9337586,-95.3733517,fire_station
Sheldon Community Volunteer Fire / Rescue Station 2,29.8584458,-95.1365864,fire_station
Northeast Fire / Rescue Department,30.0165333,-95.3063847,fire_station
Seabrook Volunteer Fire Department,29.5649176,-95.0521157,fire_station
Community Volunteer Fire Department,29.7097268,-95.6525442,fire_station
Cypress Creek Volunteer Fire Station 22,29.9527092,-95.6000089,fire_station
Galena Park Fire Department Station 2,29.7578186,-95.2138322,fire_station
Baytown Fire Department Station 1,29.7766316,-94.9780672,fire_station
Baytown Fire Department Station 2,29.7288993,-94.9965976,fire_station
Baytown Fire Department Station 3,29.7674929,-94.9273655,fire_station
Baytown Fire Department Station 5,29.7707505,-95.031557,fire_station
Webster Fire Department,29.5335358,-95.1148491,fire_station
West I - 10 Volunteer Fire Department Station 5,29.8277735,-95.7203995,fire_station
Pasadena Fire Department Station 4,29.6838622,-95.2079795,fire_station
Highlands Volunteer Fire Department Station 1,29.8156722,-95.0580872,fire_station
Nassau Bay Volunteer Fire Department,29.5518228,-95.0847895,fire_station
Forest Bend Volunteer Fire Department Station 1,29.5316114,-95.1611516,fire_station
Pasadena Fire Department Station 5,29.6720398,-95.1632803,fire_station
Houston Fire Department Station 34,29.8401944,-95.3388471,fire_station
Houston Fire Department Station 35,29.6741004,-95.3380004,fire_station
Houston Fire Department Station 38,29.7901872,-95.4677444,fire_station
Houston Fire Department Station 40,29.7101583,-95.3208582,fire_station
Houston Fire Department Station 25,29.7186504,-95.3533667,fire_station
Houston Fire Department Station 29,29.6840001,-95.2537059,fire_station
Houston Fire Department Station 17,29.7569907,-95.341345,fire_station
Houston Fire Department Station 19,29.7772172,-95.3361182,fire_station
Houston Fire Department Station 20,29.7441184,-95.3008501,fire_station
Houston Fire Department Station 6,29.7695805,-95.3942605,fire_station
Houston Fire Department Station 12,29.7946413,-95.3528703,fire_station
Klein Volunteer Fire Department Station 5,30.096528,-95.5425964,fire_station
Klein Volunteer Fire Department Station 3,30.0161056,-95.5660376,fire_station
Klein Volunteer Fire Department Station 4,30.0151537,-95.530111,fire_station
West University Place Fire Department,29.7149564,-95.4380504,fire_station
Rosehill Fire Department,30.080585,-95.7177912,fire_station
Cy - Fair Volunteer Fire Department Station 10,29.9107742,-95.5895501,fire_station
Cy - Fair Volunteer Fire Department Station 6,29.8688794,-95.6080345,fire_station
Cy - Fair Volunteer Fire Department Station 8,29.8803117,-95.6874432,fire_station
Channelview Volunteer Fire Department Station 2,29.7888996,-95.1189664,fire_station
Cloverleaf Fire Department Station 1,29.7790381,-95.1712775,fire_station
Pasadena Fire Marshal's Office,29.7132978,-95.2017432,fire_station
Missouri City Fire and Rescue Services Station 2,29.6303327,-95.5188497,fire_station
Houston Fire Department Station 54,29.9960787,-95.3619016,fire_station
Houston Fire Department Station 55,29.6375591,-95.35617,fire_station
Houston Fire Department Station 41,29.7739036,-95.2819016,fire_station
Houston Fire Department Station 42,29.743591,-95.2726953,fire_station
Houston Fire Department Station 46,29.6859295,-95.3643446,fire_station
Houston Fire Department Station 66,29.8519736,-95.53989,fire_station
Houston Fire Department Station,30.0205762,-95.1030934,fire_station
Houston Fire Department Station 67,29.8637512,-95.436052,fire_station
Houston Fire Department Station 73,29.672776,-95.5708276,fire_station
Houston Fire Department Station 60,29.7331826,-95.5248414,fire_station
Houston Fire Department Station 61,29.6253833,-95.2670824,fire_station
Houston Fire Department - Station 64,29.9508972,-95.3420667,fire_station
Houston Fire Department Station 63,29.9843898,-95.3094668,fire_station
Houston Fire Department Station 93,29.5898977,-95.1805305,fire_station
Houston Fire Department Station 92,29.9810448,-95.3260887,fire_station
Houston Fire Department Station 86,29.7562869,-95.6378446,fire_station
Houston Fire Department Station 90,29.7889282,-95.6694929,fire_station
Houston Fire Department Station 101,30.0516145,-95.2276997,fire_station
Houston Fire Department Station 99,29.9755041,-95.3569762,fire_station
Houston Fire Department Station 77,29.8223466,-95.5438158,fire_station
Houston Fire Department Station 74,29.931589,-95.3915413,fire_station
Houston Fire Department Station 81,29.641458,-95.2785092,fire_station
Pasadena Fire Department Station 7,29.64042,-95.1850739,fire_station
Houston Fire Department Station 104,30.0293757,-95.2385682,fire_station
Houston Fire Department Station 102,30.0656872,-95.1869886,fire_station
Pasadena Fire Department Station 9,29.6000766,-94.9913742,fire_station
Pasadena Fire Department Station 8,29.6487336,-95.1430865,fire_station
Channelview Volunteer Fire Department,29.7767,-95.1141,fire_station
South Houston Fire Station,29.666,-95.2391,fire_station
Southeast Volunteer Fire Department,29.5866,-95.1975,fire_station
City of Morgans Point Fire Department,29.6714,-95.0067,fire_station
City of Deer Park Fire Department,29.6981,-95.1235,fire_station
City of Jersey Village Fire Department,29.8842832,-95.5712748,fire_station
City of Jacinto Fire Department,29.7691,-95.2477,fire_station
City of Piney Point Village Fire Department,29.7821,-95.5129,fire_station
Fire Station Number 2,29.6308,-95.5208,fire_station
Cy Fair Volunteer Fire Department,29.8923939,-95.6395503,fire_station
Cy-Fair Volunteer Fire Station 3,29.9493,-95.6494,fire_station
Highlands Volunteer Fire Department,29.8193,-95.0261,fire_station
Harris County Rural Fire Prevention District Number 20 Fire Station,29.9250445,-95.5062908,fire_station
Harris County Fire Department,29.9412,-95.3957,fire_station
Galena Park Fire Station,29.7341,-95.2383,fire_station
Houston Fire Station Number 38,29.7901909,-95.4677045,fire_station
Houston Fire Station Number 41,29.7733,-95.2826,fire_station
Houston Fire Station Number 55,29.6402,-95.3568,fire_station
Sheldon Community Volunteer Fire and Rescue Station,29.8583307,-95.1365997,fire_station
Humble City Fire Department,29.9993005,-95.2674531,fire_station
Little York Volunteer Fire Department,29.8894,-95.4001,fire_station
Chaparral Genealogical Society Library,30.0997,-95.611,library
Crosby Library,29.9207,-95.0634,library
South Houston Public Library,29.666886,-95.2242547,library
Stratford Branch Library,29.8213048,-95.0628181,library
Atascocita Library,30.0045946,-95.15424,library
Mae Hilty Memorial Library,29.665,-95.1499,library
Humble Library,29.9987,-95.2664,library
Houston Police Department - Eastside Patrol,29.734426,-95.2906143,police
Harris County Sheriff's Office,29.5582352,-95.120248,police
Houston Police Department Mykawa Substation,29.6575066,-95.3164366,police
Deer Park Police Department - Investigation,29.6981835,-95.1240798,police
Houston Police Department - Fondren Patrol,29.6587549,-95.5099624,police
Houston Police Department - Palm Center,29.6958228,-95.3340619,police
Harris County Sheriff's Office - Training,29.9631168,-95.2487268,police
Houston Police Department - Acres Home,29.8574824,-95.4216752,police
Baytown Police Department,29.7561909,-94.9631097,police
Houston Police Department - Aldine Community,29.9242746,-95.4113088,police
Lakewood Police Department,29.9962443,-95.6065091,police
Harris County Sheriff's Office,29.7643591,-95.3569288,police
Jacinto City Police Department,29.7680944,-95.2447422,police
Houston Police Department - Hobby Airport,29.6570556,-95.2802056,police
Pasadena Police Academy,29.6647278,-95.1688134,police
Harris County Sheriff's Office - DARE Program,29.8434157,-95.3342513,police
Southside Place Police Department,29.7146616,-95.4334494,police
Harris County Sheriff's Office - Constable Precinct 4,30.0117848,-95.5114598,police
Nassau Bay Police Department,29.5486689,-95.0909667,police
Houston Police Department - Near Town,29.7450136,-95.3898927,police
Houston Police Department - Ana Maria Lopez,29.7819689,-95.3586726,police
Harris County Sheriff's Office,29.7628066,-95.357298,police
Harris County Sheriff's Office,29.8024228,-95.7187794,police
Houston Police Department - Northwest Patrol,29.8570626,-95.5397144,police
Houston Police Department - Leija,29.6851134,-95.2539724,police
Houston Police Department,29.755888,-95.367452,police
South Houston Police Department,29.6653346,-95.2393555,police
La Porte Police Department,29.6539624,-95.0270706,police
Shoreacres Police Department,29.6198945,-95.0151649,police
Houston Police Department - Clear Lake Patrol,29.5796298,-95.1067229,police
Harris County Sheriff's Office - Economic Crime,29.7620822,-95.3577236,police
Houston Police Department - Willowbrook,29.9578016,-95.5386066,police
Houston Police Department - Telephone Road,29.6193584,-95.2849214,police
El Lago Police Department,29.5653334,-95.0518692,police
Texas Highway Patrol Division,29.9012777,-95.5977696,police
Houston Police Department - Gulfton,29.7169926,-95.4853497,police
Pasadena Police Department,29.6934079,-95.1960244,police
Houston Police Department - Ranchester,29.7066176,-95.5440621,police
La Porte City Marshal's Office,29.6545284,-95.0270242,police
Harris County Sheriff's Office - Recruiting,29.7535046,-95.3227812,police
Houston Police Department - Lake Houston,30.0037137,-95.1137616,police
Tomball Police Department,30.095504,-95.6166139,police
Baytown Police Department Substation,29.7313654,-95.0075242,police
Houston Police Department - Jensen Street,29.8451211,-95.3436164,police
Pasadena City Hall,29.6916727,-95.1961981,town_hall
Jacinto City Hall,29.7668965,-95.2468996,town_hall
Humble City Hall,29.9995451,-95.2685722,town_hall
Galena Park City Hall,29.7321,-95.2416,town_hall
Tomball City Hall,30.0957208,-95.6168361,town_hall
Baytown City Hall,29.7279,-94.996,town_hall
South Houston Police Station,29.6658,-95.2394,police
Jacinto City Police Station,29.7679,-95.2453,police
Galena Park Police Station,29.732,-95.2416,police
Houston Police Department - Heights,29.7860468,-95.4113904,police
Harris County Sheriff's Office,29.7616785,-95.3568397,police
Jersey Village Police Chief's Office,29.8841764,-95.5712044,police
Houston Police Department - Intercontinental Airport,29.9877649,-95.3405178,police
Baytown Department of Public Safety,29.7808,-95.0322,public_building
Harris County Health Department Southeast Branch,29.6858,-95.1556,public_building
Pasadena Little Theater,29.6618963,-95.1743774,theatre
Humble Museum,29.9982209,-95.2606172,museum
Museum of American Architecture and Decorative Arts,29.6930202,-95.5147976,museum
Pasadena Historical Museum,29.7105779,-95.2099005,museum
Museum of Printing History,29.7554873,-95.3968178,museum
Lake Houston YMCA,30.0413,-95.1763,sports_centre
Baytown Historical Museum,29.7338356,-94.969937,museum
Houston Audubon Society Museum,29.7710976,-95.5702937,museum
Bay Area Museum,29.5686584,-95.0689297,museum
Proctor Museum of Natural Science,29.7851,-95.1872,museum
Carl's BBQ,29.9335019,-95.6444447,restaurant
Klein Volunteer Fire Department Station 6,30.034845,-95.6107754,fire_station
Bear Creek Post Office,29.8407706,-95.6422182,post_box
McDonald's,29.8425581,-95.6452092,fast_food
Wendy's,29.838307,-95.6461335,fast_food
Jason's Deli,29.8799544,-95.6448031,restaurant
Fuddruckers,29.8835563,-95.6439191,restaurant
Willi's Icehouse,29.8827898,-95.644477,restaurant
Boston Market,29.8831917,-95.644477,fast_food
McDonald's,29.8841814,-95.6442538,fast_food
Burger King,29.8911914,-95.6405373,fast_food
Panera Bread,29.8797508,-95.6466938,fast_food
Spring Creek Barbeque,29.8647899,-95.6457786,restaurant
Pete's Fine Meats and Deli,29.7311039,-95.4741826,fast_food
Shipley's Donuts,29.7310965,-95.4743972,fast_food
Subway,29.709886,-95.686142,fast_food
A & M Postal Center,29.9672521,-95.5829507,post_box
Langham Creek YMCA,29.8988083,-95.667836,sports_centre
Ace Hardware,29.8821625,-95.6846948,doityourself
CENAS,29.8796695,-95.6442536,restaurant
Starbucks,29.8761934,-95.645784,cafe
Food Town,29.877987,-95.6488309,supermarket
Walgreens,29.8973255,-95.6364791,pharmacy
Ice Valley Boba Smoothies,29.9051763,-95.631654,cafe
Kolache Factory,29.9056991,-95.6312869,fast_food
Taco Cabana,30.0635488,-95.4329526,fast_food
Quiznos,30.0637271,-95.4330985,fast_food
Charley's Philly Steaks,30.0639945,-95.4308755,fast_food
Chick-fil-A,30.064975,-95.433253,fast_food
Hard Rock Cafe,29.7626286,-95.3672993,restaurant
Aesthetic & Comprehensive Dentistry of Clear Lake,29.5771472,-95.1591272,dentist
A Tribute to American Statesmanship,29.7713473,-95.3669424,artwork
Treemont,29.73807,-95.5309909,nursing_home
Walgreens,29.9975347,-95.1627099,pharmacy
Starbucks,29.9977822,-95.1778932,cafe
The Concert Pub,29.7321233,-95.4781733,bar
CVS Pharmacy,29.7320188,-95.467379,pharmacy
Starbucks,29.74123,-95.460606,cafe
Green Center,29.7211792,-94.9884887,recycling
Ron's Pub and White Horse Inn,29.7486253,-95.4864675,pub
Fountain View Cafe,29.7482014,-95.4864717,cafe
The Rice Box,29.7557726,-95.4085642,restaurant
Taco Cabana,29.6541475,-95.2532973,fast_food
Bayou Music Center,29.7624308,-95.3671894,theatre
AMC Houston 8,29.7617813,-95.3668957,cinema
Birraporetti's,29.7622468,-95.364836,restaurant
Kohl's,30.0181428,-95.2691069,department_store
Target,30.0192483,-95.2687528,department_store
The Leaf Pub,29.7436579,-95.3807681,pub
Leon's Lounge,29.7449197,-95.3736234,bar
Nouveau Antique Art Bar,29.7429775,-95.3756618,bar
Gen Korean BBQ House,29.7430613,-95.3796154,restaurant
Piola,29.7427972,-95.3797685,restaurant
El Tiempo Cantina,29.744737,-95.385631,restaurant
Sam Houston Monument,29.7215907,-95.3909695,memorial
Backstreet Cafe,29.7553353,-95.4085726,restaurant
Cafe Express,29.7534482,-95.3995168,restaurant
River Oaks Theater,29.7526802,-95.4091407,cinema
La Madeleine,29.7523537,-95.4104227,restaurant
Enlighten Coffee Roasters,29.5326871,-95.1258591,cafe
CY-Fair VFD Station 11,29.9081819,-95.6968187,fire_station
"Harris County Public Library, CyFair branch",29.9100372,-95.6923684,library
Children's Courtyard,29.8964047,-95.6574503,kindergarten
Jack in the Box,29.9518307,-95.5854317,fast_food
Lone Star College Emergency Services Education Center,29.9082338,-95.696395,college
Verna Mae's,29.9078992,-95.6479712,restaurant
Walgreens,29.8635906,-95.6064213,chemist
Walgreens,29.8647257,-95.6827677,chemist
Macayo's Mexican Restaurant,30.121175,-95.5536104,restaurant
Church's Chicken,30.1222004,-95.5535996,fast_food
LiquoRun,30.1228825,-95.5534923,beverages
Walgreens,29.9477432,-95.6766234,pharmacy
Southeast Volunteer Fire Department,29.5816005,-95.2162825,fire_station
South Belt-Ellington Chamber of Commerce,29.5812583,-95.2164907,public_building
Starbucks,29.9158378,-95.6163045,cafe
Cy-Fair ISD Police,29.9386727,-95.6487889,police
Jack in the Box,29.9482135,-95.6763857,fast_food
Smashburger,29.9034707,-95.6326223,fast_food
Carrabba's Italian Grill,29.8879737,-95.6425746,restaurant
Heirloom Cafe & Market,30.1148527,-95.6422417,cafe
Margaritas & Fajitas Mexican Kitchen,30.1068328,-95.6394116,restaurant
Fitness Connection,29.9446159,-95.4123552,sports_centre
Fleming Park,29.7222617,-95.4052513,playground
Five Star Hamburgers,29.6785352,-95.1927958,fast_food
Las Haciendas,29.6131997,-95.2112528,restaurant
McDonald's,29.6289712,-95.2291271,fast_food
KFC,29.6021414,-95.2144017,fast_food
Jack in the Box,29.6020201,-95.2151796,fast_food
Vine Wine Room,29.766815,-95.5498403,bar
Empire Turkish Grill,29.7666846,-95.5491108,restaurant
Starbucks,29.7664913,-95.550248,cafe
Total Wine & More,29.7670296,-95.5515031,beverages
Walgreens,29.7382774,-95.5353501,pharmacy
Z Pizza,29.7212834,-95.4423565,cafe
Subway,29.7211902,-95.4425282,fast_food
The Buffalo Grille,29.7210491,-95.4427831,restaurant
Pizza Hut,29.7281533,-95.5297137,restaurant
Burger Guys,29.735632,-95.6074374,restaurant
KCOH-AM (Houston),29.7559533,-95.276973,tower
KCOH-AM (Houston),29.755702,-95.2773968,tower
Starbucks,29.7601049,-95.4824123,cafe
Spec's,29.7617952,-95.4207773,beverages
Starbucks,29.7610851,-95.4172699,cafe
Barnaby's Cafe,29.7470442,-95.4864952,restaurant
Spec's,29.5567839,-95.1200493,beverages
Molly's Pub,29.5564409,-95.1231579,pub
Metro Mart,29.7910034,-95.3902683,convenience
Shokku Ramen,29.7887188,-95.3880842,restaurant
Heights Liquor,29.7909987,-95.3901234,beverages
Papi's,29.7597835,-95.3989269,nightclub
Walgreens,29.7680964,-95.39148,pharmacy
Brasa's Steakhouse,29.7589071,-95.3629581,restaurant
Flying Saucer Draught Emporium,29.7589677,-95.3631083,pub
CVS Pharmacy,29.7337441,-95.3915423,pharmacy
Chase,29.7341069,-95.3906588,bank
ComedySportz Houston,29.7828536,-95.5614499,theatre
Burlap Barrel,29.7833518,-95.5614606,bar
Havenpark Park,29.5909637,-95.1104765,playground
Jacks Food Store,30.0290753,-95.2393569,convenience
Frost Bank,29.7449266,-95.3915619,atm
Express Lane,29.6647843,-95.0828036,convenience
Baker's Liquor,29.6651386,-95.0880179,beverages
Ralston Discount Liquor,29.6642716,-95.1111385,beverages
Grand Buffet,29.6647284,-95.1121148,restaurant
Northwood Pines Community Playground,30.1069271,-95.4262987,playground
Total Wine,29.751148,-95.4624535,beverages
Merche',29.924378,-95.6298689,restaurant
None,30.0444688,-95.4816258,fire_station
Chuggin' Charlie's,30.0427404,-95.485136,bar
Bayou City Dermatology,29.741028,-95.441208,doctors
United States Post Office,29.7240031,-95.44287,post_office
Michael's Cookie Jar,29.7240405,-95.4426878,bakery
MW Cleaners,29.7413721,-95.4371654,laundry
Deutch Fine Jewelry,29.7411601,-95.4412154,jeweller
Sonic,29.9592882,-95.6726968,fast_food
Big Little School,29.7894508,-95.4860242,school
Subway,29.6650117,-95.0883026,fast_food
Little Caesars,29.6646435,-95.0885816,fast_food
Gringo's Mexican Kitchen,29.6653398,-95.0863768,restaurant
Bullritos,29.6659091,-95.0864667,fast_food
Domino's,29.6638883,-95.0867014,fast_food
ALDI,29.6634086,-95.0975379,supermarket
Supercuts,29.6646508,-95.1005177,hairdresser
Nails Club,29.6646531,-95.1004426,beauty_shop
Fish Place,29.6646446,-95.1007244,restaurant
Sage Dental,29.6646388,-95.1009171,dentist
The Wing Factory,29.6634315,-95.1031892,restaurant
McDonald's,29.6641028,-95.1238044,fast_food
Jack in the Box,29.6639815,-95.1233967,fast_food
Burger King,29.6640258,-95.1220582,fast_food
Car Wash,29.6641237,-95.1193948,car_wash
Casa Ole,29.663259,-95.1194806,restaurant
Luby's,29.6658438,-95.1221736,restaurant
Starbucks,29.6778062,-95.1227798,cafe
Bullritos,29.6775359,-95.1225652,fast_food
Chase,29.6789668,-95.1229407,bank
Walgreens,29.681614,-95.1238875,pharmacy
Burkes Outlet,29.6803836,-95.1245178,clothes
Food Town,29.6810897,-95.1246385,supermarket
Chopsticks,29.6821686,-95.1237453,fast_food
Panera Bread,29.6505093,-95.1505943,fast_food
Buffalo Wild Wings,29.6511478,-95.1505784,restaurant
Chipotle,29.6504161,-95.152622,fast_food
Chinois Orient Bistro,29.8644001,-95.6064831,restaurant
Liquor & Liquors,29.8646817,-95.6064793,beverages
McDonald's,29.8639931,-95.6077292,fast_food
Hoppie's Texican Grill,29.6655413,-95.0353371,restaurant
Beacon Federal Credit Union,29.6670562,-95.045846,bank
Moody National Bank,29.6507872,-95.1495884,bank
Bubbles Car Wash,29.6492208,-95.1494275,car_wash
Pei Wei,29.6491881,-95.1510905,restaurant
Sport Clips,29.6490809,-95.1521848,hairdresser
Souper! Salad!,29.6489457,-95.1521634,restaurant
Citibank,29.6486846,-95.1537512,bank
Which Wich?,29.6486566,-95.1538317,fast_food
Freebirds,29.6485774,-95.1539551,fast_food
Men's Wearhouse,29.6471088,-95.1554571,clothes
Tutti Frutti,29.6470156,-95.1555537,fast_food
Zales,29.6438758,-95.1559014,jeweller
Ross,29.6445539,-95.1555869,department_store
America's Best Contacts & Eyeglasses,29.6451216,-95.1553236,optician
School of the Woods,29.7936734,-95.4855202,school
Memorial Forest Club,29.7637747,-95.5410733,sports_centre
Texas Medical Center Commons,29.7095374,-95.3977045,restaurant
Salata,29.7094513,-95.4013821,restaurant
Walgreens,29.7090645,-95.4016289,pharmacy
Chipotle,29.7097296,-95.4011622,fast_food
Cliff's Grill,29.7099195,-95.4018918,restaurant
Go Fish,29.7098624,-95.4013459,restaurant
CVS Pharmacy,29.7093604,-95.4014478,pharmacy
The Halal Guys,29.7098205,-95.4019776,fast_food
Starbucks,29.7096388,-95.4012266,cafe
Citadel BBQ,29.7100977,-95.4017536,restaurant
JuiceLand,29.7099975,-95.4015712,cafe
Texas Heart Institute - Denton A. Cooley Building,29.7079305,-95.399419,hospital
Fiesta Mart,29.6902257,-95.4151183,supermarket
Taco Cabana,29.6924672,-95.4154831,fast_food
Office Depot,29.6913698,-95.4136404,stationery
Burger King,29.7065501,-95.4059359,fast_food
Pizza Hut,29.7065646,-95.4053495,restaurant
CVS Pharmacy,29.70681,-95.412015,pharmacy
HAM-TMC Library,29.711878,-95.3968178,library
Texas Whitetail Deer,30.1411702,-95.5053624,artwork
Starbucks,29.6888717,-95.4621141,cafe
Becks Prime,29.6888694,-95.4619612,fast_food
Planetary Cycles,29.6862395,-95.4566508,bicycle_shop
Academy Sports + Outdoors,29.6868197,-95.4566133,sports_shop
Panda Express,29.686706,-95.458016,fast_food
First Watch,29.9970974,-95.5818835,restaurant
Clayton House,29.7261687,-95.3860786,library
Copperfield Car Wash,29.8845764,-95.643792,car_wash
Barnes & Noble,29.8806927,-95.6435049,bookshop
Tobin's Sports Bar,29.8802066,-95.6406484,bar
Subway,29.8800182,-95.6435784,fast_food
Subway,29.8511742,-95.5043856,fast_food
ReBar,29.7473922,-95.3823847,bar
Gus S. Wortham Memorial Fountain,29.7618932,-95.3959402,fountain
None,29.7654875,-95.4317523,shelter
KTRK,29.7262659,-95.4287789,comms_tower
Three Quarter Time,29.7679816,-95.4469287,artwork
None,29.690849,-95.3975765,shelter
None,29.999246,-95.356302,fire_station
Trader Joe's,29.7392004,-95.4111693,supermarket
Barnes & Noble,29.7533356,-95.4098522,bookshop
H-E-B Pharmacy,29.9925377,-95.7450852,pharmacy
KRIV Satellites,29.7290757,-95.4475127,tower
Prosperity Bank,29.7280253,-95.3914063,bank
Prosperity Bank,29.7279557,-95.3912298,atm
Captain Benny's,29.7006989,-95.1014704,restaurant
JSC Federal Credit Union,29.6998725,-95.0993392,bank
Subway,29.6647112,-95.1124832,fast_food
Deer Park VFD Station #2,29.6796896,-95.1152276,fire_station
Brisket House,29.6819069,-95.1228505,restaurant
Subway,29.6823357,-95.1229221,fast_food
Bibi's House of Kabob,29.6829569,-95.1230436,restaurant
Shipley's Do-nuts,29.6832738,-95.1230651,bakery
Fantastic Sams,29.6805893,-95.1245456,hairdresser
Sonic,29.6795393,-95.1238161,fast_food
Bikram Yoga Meyerland Plaza,29.6867808,-95.460828,sports_centre
Barker Cypress Animal Clinic,29.9194332,-95.6854772,veterinary
None,29.6936344,-95.4974671,shelter
Best Donuts,29.6768353,-95.4925422,fast_food
Lemongrass Cafe,29.7051229,-95.4692533,restaurant
Auntie Pasto's,29.7050843,-95.4753385,restaurant
Domino's,29.8601663,-95.3857075,fast_food
Kolache Factory,29.9594209,-95.547023,fast_food
Starbucks,29.9593409,-95.5471202,cafe
Urban Harvest Farmers Market,29.7353247,-95.4243174,market_place
Whole Earth Provision Co.,29.738834,-95.411154,outdoor_shop
Chalet Fine Wines & Liquors,29.753808,-95.4061817,beverages
Relish Restaurant & Bar,29.742563,-95.421236,restaurant
PNC Bank,29.732246,-95.441073,bank
Spec's,29.722736,-95.439776,beverages
Bering's Hardware & Gifts,29.722627,-95.439482,general
Chase,29.706282,-95.442099,bank
Yoshi,29.706432,-95.442079,fast_food
Smoothie King,29.687933,-95.459803,fast_food
Trustmark Bank,29.8665083,-95.5378558,bank
Robinson Elementary School,29.5711798,-95.0598231,school
The Grotto,29.740553,-95.456784,restaurant
Houston Garden Centers,29.724973,-95.458997,garden_centre
Escalante's Mexican Grille,29.688858,-95.45989,restaurant
Café Express,29.685633,-95.46056,restaurant
UrgentVet,29.6895768,-95.4647808,veterinary
Jax Grill,29.7081948,-95.4683258,restaurant
Subway,29.722989,-95.458715,fast_food
Shipley's Donuts,29.715581,-95.451713,fast_food
Luigi's Pizzeria,29.715527,-95.451842,restaurant
Fajita Pete's,29.706868,-95.440835,restaurant
Subway,29.689483,-95.45718,fast_food
JJ Garden Restaurant,29.689483,-95.457298,restaurant
Ross,29.687295,-95.46062,department_store
Marshalls,29.687812,-95.460651,department_store
Panda Express,29.7338,-95.441069,fast_food
Schlotzsky's,29.73224,-95.441793,fast_food
Thai Cottage,29.732151,-95.441158,restaurant
Avis,29.731656,-95.458324,car_rental
Postino Uptown Park,29.7543327,-95.4572648,bar
Smoothie King,29.760846,-95.4172638,fast_food
Kolache Factory,29.7609257,-95.4172658,fast_food
Thrifty,29.7326219,-95.4588728,car_rental
Jamba,29.741228,-95.460457,fast_food
La Madeline,29.6887987,-95.4601726,restaurant
The UPS Store,29.7607663,-95.4172618,post_office
Subway,29.7617676,-95.419459,fast_food
Ethan Allen,29.7558482,-95.4564987,furniture_shop
Flower Child,29.756166,-95.4570241,restaurant
Express,29.688208,-95.461022,clothes
Old Navy,29.685721,-95.461613,clothes
OfficeMax,29.685678,-95.462056,stationery
The Children's Place,29.688036,-95.460005,clothes
Kelsey-Seybold Clinic,29.688159,-95.460684,clinic
Pizza Hut,29.705441,-95.440892,restaurant
The Rustic,29.7570434,-95.4566572,restaurant
Boudreaux Cajun Restaurant,29.72301,-95.45943,restaurant
Guadalajara,29.729749,-95.42369,restaurant
Memorial Hermann Imaging Center,29.734488,-95.422512,clinic
Café Express,29.729946,-95.437454,restaurant
Whitney Bank,29.729975,-95.436713,bank
Today's Vision,29.686847,-95.458033,optician
Elaine's Florist,29.6895981,-95.4611147,florist
Texas State Optical,29.688063,-95.46225,optician
PNC Bank,29.6888396,-95.4638492,bank
Gugliani's,29.689558,-95.46519,restaurant
Rack Room Shoes,29.685731,-95.461074,shoe_shop
AT&T,29.68571,-95.46077,mobile_phone_shop
Enterprise,29.893647,-95.587751,car_rental
Swift,29.9370016,-95.6490927,convenience
Valero,29.9453156,-95.6614218,convenience
Houston Garden Center,29.946832,-95.663025,florist
Juanita's Mexican Kitchen,29.994366,-95.754072,restaurant
Adidas,29.995763,-95.754969,sports_shop
Gap,29.996883,-95.75856,clothes
CVS Pharmacy,30.062334,-95.911503,pharmacy
Taco Cabana,29.6755752,-95.5869874,fast_food
Lone Star Wash,30.06147,-95.90941,car_wash
Shipley's Do-nuts,29.973543,-95.702701,fast_food
CVS Pharmacy,29.973027,-95.700758,chemist
Comfort Inn,29.8918182,-95.5852452,hotel
Dental Designers,29.7051646,-95.4423813,dentist
Chipotle,29.7365456,-95.5145013,fast_food
Starbucks,29.7165914,-95.4982746,cafe
Sonic,29.7183116,-95.5011142,fast_food
Tacos A Go Go,29.7818775,-95.3900259,restaurant
Coaches Sports Bar & Grill,29.8915431,-95.5833505,pub
The Hat Store,29.7308721,-95.4760679,clothes
Spec's Wine & Liquors,29.73214,-95.477936,beverages
Starbucks,29.728194,-95.427617,cafe
Stellar Bank,29.731283,-95.418191,bank
Freebirds,29.732781,-95.412748,fast_food
Foodarama,29.687554,-95.491335,supermarket
Starbucks,29.70546,-95.440367,cafe
Cherry de Pön,29.705493,-95.440525,fast_food
Pronto Cusino,29.705819,-95.426676,restaurant
Subway,29.9593809,-95.5470716,fast_food
Freds Italian,29.707078,-95.412262,restaurant
We Love Houston,29.7763705,-95.4041468,artwork
Cy-Fair Volunteer Fire Department Communications Center,29.909298,-95.680964,fire_station
Perry's Steakhouse and Grille,29.752735,-95.408213,restaurant
Great Clips,29.7857504,-95.5366658,hairdresser
Vision Source - Kingwood,30.0501052,-95.2298502,optician
Sonic,30.0682243,-95.2429249,fast_food
Pepper Tree Veggie Cuisine,29.732293,-95.439316,restaurant
Chipotle,29.732283,-95.439119,fast_food
Chase,29.733538,-95.429682,bank
Houston Wine Merchant,29.740914,-95.410956,beverages
AT&T,29.7410985,-95.4103737,mobile_phone_shop
Amazing Lash Studio,29.7410213,-95.4103762,beauty_shop
Corner Bakery,29.7297034,-95.4198259,cafe
Texas Community Bank,29.733852,-95.419573,bank
Stone Mill Bakers,29.742857,-95.419016,bakery
Jamba,29.753566,-95.410157,fast_food
J. McLaughlin,29.752761,-95.406863,clothes
J.Jill,29.753435,-95.407888,clothes
JoS. A. Bank,29.75344,-95.407765,clothes
Panda Express,29.9854602,-95.3353196,fast_food
None,29.7600904,-95.3710711,shelter
Whole Earth Provision Co.,29.7419234,-95.460148,outdoor_shop
Momentum Volvo,29.6687081,-95.5509792,car_dealership
Ron Craft Cadillac,29.8013955,-94.9942848,car_dealership
Land Rover Southwest Houston,29.6692694,-95.5502649,car_dealership
Veritex Bank,29.7617739,-95.4212785,bank
Duck and Bao,29.7606083,-95.4181333,restaurant
West University City Hall,29.7149471,-95.4377124,town_hall
DinoDental,29.8320302,-95.4856151,dentist
Armando's,29.742409,-95.41975,restaurant
Shanghai River Restaurant,29.741935,-95.416601,restaurant
Jason's Deli,29.742016,-95.410482,restaurant
Verizon,29.7422457,-95.4102243,mobile_phone_shop
Subway,29.734463,-95.410989,fast_food
T-Mobile,29.6927012,-95.4163711,mobile_phone_shop
T-Mobile,29.6722034,-95.4604433,mobile_phone_shop
Sierra Madre Taco Co.,29.9949615,-95.6155381,restaurant
Ace Hardware,29.9961648,-95.6239173,doityourself
Locatelli's,29.9948964,-95.6249651,restaurant
Masone's,29.9947292,-95.6212995,pub
Papa Murphy's,29.9948384,-95.6211778,fast_food
Papa John's,29.9960254,-95.6220022,fast_food
El Palenque,29.9981648,-95.5823994,restaurant
The UPS Store,29.9984807,-95.5826569,post_office
Old Navy,30.009846,-95.5904165,clothes
Hunan River Bistro,29.9950457,-95.6217065,restaurant
Kilburn's Tavern & Grill,29.9889442,-95.6151619,pub
The Bake Shoppe,29.9892503,-95.6165604,restaurant
La Parmigiana,29.9894971,-95.6169053,restaurant
Top Donuts,29.9879244,-95.615178,fast_food
Jax Burgers,29.9891509,-95.616405,fast_food
BreWingz,30.0095643,-95.5894757,restaurant
Submarina California Subs,30.0134,-95.5924677,fast_food
Salata,29.9954858,-95.5732644,restaurant
Sportin' Woodys,30.0123695,-95.6089114,bar
24-Hour Fitness,29.9815605,-95.6093647,sports_centre
Taisho Sushi,29.9814768,-95.6094773,restaurant
Bedrock Tavern,29.9814722,-95.6097241,bar
Subway,29.996194,-95.6215941,fast_food
Taco Bell,29.9956371,-95.6241576,fast_food
KFC,29.9956707,-95.6241965,fast_food
Tea for Two Tearoom,29.9950242,-95.6209633,restaurant
Starbucks,29.9943774,-95.6215914,cafe
The Great Frame-Up,29.9951055,-95.6208426,artwork
None,29.9887671,-95.6153749,doctors
Del Pueblo Mexican Restaurant,29.9657758,-95.5869644,restaurant
Little Caesars,29.9671957,-95.5847588,fast_food
Napoli's Pizza,29.967805,-95.5853871,restaurant
Starbucks,29.9641186,-95.5437566,cafe
Chipotle,29.9642162,-95.5435634,fast_food
Korner Food Mart,29.727207,-95.451379,convenience
Baker Servery,29.7170527,-95.3992944,food_court
Turrell 'Twilight Epiphany' Skyspace,29.7164872,-95.4042644,artwork
Starbucks,29.7072708,-95.4683074,cafe
Advanced Technology Center & Library,29.732969,-94.9772967,library
Sterling Municipal Library,29.7366955,-94.9798475,library
Southside Place City Hall,29.7147222,-95.4336639,town_hall
"G. Stewart Mill, D.D.S.",29.9972116,-95.6062223,dentist
Vino Artino,29.997139,-95.5919098,arts_centre
Express Food Stop,29.9968637,-95.5906621,convenience
Hair Care Expressions,29.9970728,-95.5905682,beauty_shop
JoS. A. Bank,29.9812017,-95.5138568,clothes
Gap,29.9816583,-95.5128014,clothes
Derma Technique Day Spa,29.9817489,-95.5125546,beauty_shop
Chico's,29.9816257,-95.5123535,clothes
Coldwater Creek,29.9814585,-95.5122247,clothes
Rockfish Grill,29.9803491,-95.5126337,restaurant
Lupe Tortilla,29.981132,-95.5140231,restaurant
Famous Footwear,30.0110027,-95.5910562,shoe_shop
Cicis,30.0097206,-95.5903159,restaurant
Allegria Wine & Cocktail Lounge,29.5659521,-95.1454051,bar
Raj Grocers,29.5658564,-95.144925,supermarket
Deer Park Municiple Court,29.699214,-95.1245784,courthouse
Carriage Glass & Detail,29.734751,-95.3901559,car_wash
Audi,29.731483,-95.41251,car_dealership
Chuck E. Cheese's,29.721895,-95.440587,restaurant
Ross,29.723153,-95.440458,department_store
Trek Bicycle Houston West University,29.723258,-95.440745,bicycle_shop
Supercuts,29.722037,-95.440764,hairdresser
Tip Top Cleaners,29.722128,-95.440874,laundry
Skeeter's,29.722191,-95.440976,restaurant
Baker Hall Fountain,29.7170319,-95.4028767,fountain
H-E-B Pharmacy,30.0003282,-95.1649152,pharmacy
Hibachi Grill & Buffet,29.7832786,-95.6016918,restaurant
Tolerance,29.761973,-95.3919294,artwork
Large Spindle Piece,29.7617463,-95.3835839,artwork
Passage Inachevé,29.7626581,-95.3800254,artwork
H-E-B Pharmacy,29.7896748,-95.7169503,pharmacy
H-E-B Pharmacy,29.7353057,-95.5866853,pharmacy
H-E-B Pharmacy,29.7571781,-95.7508656,pharmacy
H-E-B Pharmacy,29.6988948,-95.2949338,pharmacy
H-E-B Pharmacy,29.6911403,-95.5593592,pharmacy
H-E-B Pharmacy,30.0218548,-95.5276515,pharmacy
H-E-B Pharmacy,29.8217744,-95.5474192,pharmacy
H-E-B Pharmacy,29.6012607,-95.2499096,pharmacy
H-E-B Pharmacy,29.7268006,-95.4268225,pharmacy
H-E-B Pharmacy,29.9951845,-95.5756554,pharmacy
H-E-B Pharmacy,29.7875345,-95.5319181,pharmacy
H-E-B Pharmacy,29.9105159,-95.5859429,pharmacy
H-E-B Pharmacy,30.0527844,-95.1842088,pharmacy
H-E-B Pharmacy,29.737967,-95.4031022,pharmacy
Club Summerwood,29.9211206,-95.1857195,community_centre
H-E-B Pharmacy,29.6487433,-95.1441311,pharmacy
The Egg and I,29.6895666,-95.4643168,restaurant
Hallmark,29.6895608,-95.4649103,gift_shop
Great Clips,29.6895591,-95.4650814,hairdresser
Enterprise,29.728452,-95.436442,car_rental
Central Houston Nissan,29.6765543,-95.4220095,car_dealership
Subway,29.7466355,-95.3598421,fast_food
H-E-B Pharmacy,30.0683778,-95.4494374,pharmacy
H-E-B Pharmacy,29.9231229,-95.196355,pharmacy
H-E-B Pharmacy,30.0882844,-95.6295722,pharmacy
T-Mobile,29.6840205,-95.2771454,mobile_phone_shop
Pizza Hut,29.672764,-95.275922,restaurant
El Ahorro,29.8225916,-95.5232432,supermarket
D Wok Express,29.8230034,-95.5232616,restaurant
Staples,29.6976033,-95.2942292,stationery
Papa John's,29.683595,-95.278004,fast_food
Fallas Pardes,29.6745,-95.276129,clothes
Chase,29.665798,-95.277505,bank
Thang Hung Food Market,29.8210878,-95.5249442,supermarket
Tortilleria La Reyna,29.8210981,-95.5245646,bakery
Zimmer's Liquor Store,29.8222954,-95.523663,beverages
Enterprise,29.687771,-95.279204,car_rental
Shoe Carnival,29.6980441,-95.2940406,shoe_shop
Swirl Frozen Yogurt,29.777872,-95.56131,fast_food
Everything But Water,29.777258,-95.561956,clothes
Amegy Bank,29.781148,-95.562372,bank
None,29.783649,-95.562276,shelter
Sonic,29.7912267,-95.5643121,fast_food
Wyndham Houston West Energy Corridor,29.787215,-95.643888,hotel
Ross,29.7873733,-95.7220616,department_store
Jason's Deli,29.783587,-95.551382,restaurant
PNC Bank,29.783607,-95.531297,bank
Barnes & Noble,29.6455458,-95.1551269,bookshop
Burger King,29.6799394,-95.4023379,fast_food
Flower Box,29.684972,-95.278032,florist
None,29.8727404,-95.5443722,shelter
Texas Roadhouse,29.5526125,-95.1567872,restaurant
Sonic,29.5511099,-95.1548989,fast_food
McDonald's,29.5528651,-95.1595002,fast_food
Cicis,29.704888,-95.484973,restaurant
Dr. Gleem Car Wash,29.704988,-95.483115,car_wash
Planned Parenthood,29.706514,-95.483132,clinic
CN Nails,29.706525,-95.483281,beauty_shop
Pho VN 21,29.70601,-95.482803,restaurant
Tacos La Bala,29.706567,-95.483826,restaurant
Chinese Buffet,29.706613,-95.483932,restaurant
Honduras Maya Internacional Bar & Grill,29.705182,-95.486354,cafe
Azul Salon,29.7603435,-95.3986349,hairdresser
Christian’s Tailgate,29.781927,-95.3896764,restaurant
Kroger,29.7896319,-95.4112065,supermarket
Barnaby's Cafe,29.7633189,-95.3622116,restaurant
Warren's Inn,29.7624111,-95.3617298,bar
CRU,29.7622899,-95.3617995,bar
Frank's Pizza,29.7613726,-95.3625415,restaurant
El Big Bad,29.7613051,-95.3625898,bar
Chipotle,29.7603293,-95.362519,fast_food
Taco Bell,29.8078929,-95.1684691,fast_food
Popeyes,29.8071545,-95.1712524,fast_food
Walgreens,29.9317543,-95.5841728,pharmacy
Iekei Ramen & Sushi Bar,29.9355091,-95.2503602,restaurant
Starbucks,29.9360606,-95.2500543,cafe
Jack in the Box,30.0865625,-95.6321933,fast_food
Citiline Deli,29.7647358,-95.6219723,cafe
BB's Tex-Orleans Cooking,29.763778,-95.6246395,restaurant
Minuti Coffee,29.7631912,-95.6246395,restaurant
Subway,29.7634543,-95.6246369,fast_food
Subway,29.675344,-95.509256,fast_food
KIPP Dream,29.8454026,-95.3692115,school
Spec's,29.689201,-95.530661,beverages
Southwest Schwinn,29.675283,-95.507695,bicycle_shop
Fat Bao,29.735139,-95.418083,restaurant
Luna Pizzaria,29.735123,-95.417782,restaurant
Shape Body Center,29.8478088,-95.4944077,beauty_shop
The Shlenker School,29.6774948,-95.4885031,school
Keystone Surgery Center,29.676144,-95.426869,clinic
Good Eats Grill,29.9383573,-95.3305545,restaurant
Subway,29.7361874,-95.5488901,fast_food
Schlotzsky's,29.6925894,-95.4164283,fast_food
Chili's,29.7364646,-95.5507596,restaurant
Outback Steakhouse,29.7365368,-95.5488901,restaurant
CVS Pharmacy,29.9790718,-95.513277,pharmacy
Arby's,29.7358523,-95.6002399,fast_food
Schlotzsky's,29.7039731,-95.2972354,fast_food
Panda Express,30.0189414,-95.4345768,fast_food
Kroger,30.0218444,-95.4340646,supermarket
Wingstop,30.0200399,-95.4362022,fast_food
Schlotzsky's,30.0062537,-95.2748088,fast_food
Bank of America,29.8157331,-95.7209799,bank
CVS Pharmacy,29.8153166,-95.7214359,pharmacy
Schlotzsky's,29.8162032,-95.7210336,fast_food
Popeyes,29.8151513,-95.7197086,fast_food
Jack in the Box,29.8145369,-95.7201109,fast_food
Schlotzsky's,30.0506844,-95.2378418,fast_food
Walgreens,29.6656133,-95.1871984,pharmacy
Food Town,29.871179,-95.406122,supermarket
T-Mobile,29.870445,-95.406957,mobile_phone_shop
Chase,29.892219,-95.411179,bank
BMW Houston North,30.02437,-95.427448,car_dealership
T-Mobile,30.020419,-95.429583,mobile_phone_shop
Wells Fargo,30.01792,-95.429424,bank
Denny's,29.9991428,-95.4270599,restaurant
Subway,29.7268744,-95.429654,fast_food
100% Taquito,29.7287308,-95.4309947,restaurant
Thai Bistro,29.7287541,-95.4305012,restaurant
McDonald's,29.6132514,-95.4202076,fast_food
Church's Chicken,29.614113,-95.4199259,fast_food
Schlotzsky's,29.9636353,-95.6867012,fast_food
Richard's Spirits and Fine Wines,29.743078,-95.418389,beverages
Mutual of Omaha Bank,29.752752,-95.40726,bank
Ann Taylor,29.752667,-95.407869,clothes
Ballard Designs,29.752749,-95.407637,furniture_shop
Brasserie 19,29.753412,-95.4073494,cafe
Panera Bread,29.704855,-95.426826,fast_food
Mister Car Wash,29.736621,-95.419416,car_wash
Sushi King,29.735141,-95.418411,restaurant
T-Mobile,29.7052877,-95.4734839,mobile_phone_shop
Bollo Woodfired Pizza,29.738867,-95.413419,restaurant
Jamba,29.729857,-95.438011,fast_food
Gulf Coast Veterinary Clinic,29.729875,-95.437893,veterinary
Sarah and Sheila's Nail Salon,30.0103699,-95.5423472,beauty_shop
Fountain 2,29.8884992,-95.5349347,fountain
Hilton Garden Inn,29.7027694,-95.5551539,hotel
Firehouse Subs,29.6857351,-95.4638807,fast_food
Little Caesars,29.5598669,-95.1418413,fast_food
Burger King,29.5613531,-95.1420692,fast_food
Taco Bell,29.5556647,-95.1531392,fast_food
McDonald's,29.5602729,-95.1421685,fast_food
Jack in the Box,29.5591297,-95.144325,fast_food
McDonald's,29.5926696,-95.19224,fast_food
Chick-fil-A,29.5556253,-95.1538092,fast_food
Jack in the Box,29.5996897,-95.1770587,fast_food
Popeyes,29.5555446,-95.1518567,fast_food
Subway,29.5599556,-95.1419485,fast_food
Subway,29.5885879,-95.1832277,fast_food
Popeyes,29.5929075,-95.1926262,fast_food
Subway,29.6424042,-95.2434009,fast_food
Denny's,29.6518684,-95.25244,restaurant
ecurie25 Supercar Club,29.7794276,-95.5614622,car_sharing
CVS Pharmacy,29.704422,-95.475731,pharmacy
French Riviera Bakery & Cafe,29.7325547,-95.4768918,bakery
Starbucks,29.7476663,-95.4548472,cafe
Chacho's Grill,29.678459,-95.421968,restaurant
Jack in the Box,29.69299,-95.321896,fast_food
Shipley's Donuts,29.685185,-95.340294,fast_food
Texas Furniture Hut,29.9512606,-95.6692433,furniture_shop
Saltgrass Steak House,29.9521702,-95.6703168,restaurant
Walgreens,30.0480616,-95.3860444,pharmacy
Food Fair Supermarket,30.0486965,-95.3883542,supermarket
Hungry Like The Wolf,29.7671866,-95.3917245,restaurant
Spicy Tu Jiazu,29.7066563,-95.5531567,restaurant
Coleman Dental,29.75018,-95.5019009,dentist
China Stix,29.7049514,-95.4265689,restaurant
Ross,29.736512,-95.5032389,department_store
Texas Mattress Makers,29.7517854,-95.3242297,furniture_shop
Five Guys,29.8135915,-95.4099541,fast_food
H-E-B Pharmacy,29.9577705,-95.673734,pharmacy
Dick’s Sporting Goods,30.0004954,-95.1698988,stationery
TJ Maxx,30.0005609,-95.1706478,department_store
H-E-B Pharmacy,29.8477637,-95.6475217,pharmacy
Neiman Marcus,29.7392661,-95.461281,department_store
Hong Kong Market,29.5863444,-95.2133754,supermarket
Chipotle,29.7746436,-95.3979396,fast_food
Verizon,29.7746465,-95.3983173,mobile_phone_shop
Starbucks,29.7747678,-95.3983383,cafe
Phoenicia Speciality Foods,29.7543255,-95.3616311,supermarket
Popeyes,29.9462636,-95.5845058,fast_food
Prosperity Bank,29.7461687,-95.4514866,bank
Whatever Sports Bar & Grill,29.9478506,-95.5845866,bar
Wingstop,29.8121108,-95.4099457,fast_food
Raj Bhavan Vegetarian Restaurant,29.9595009,-95.5469258,restaurant
None,29.6890241,-95.3112436,shelter
Randalls Pharmacy,29.9800713,-95.5087176,pharmacy
Randalls Pharmacy,29.7384997,-95.53687,pharmacy
Randalls Pharmacy,29.7215167,-95.4422632,pharmacy
Randalls Pharmacy,29.7489292,-95.4656019,pharmacy
Randalls Pharmacy,29.7050017,-95.4257078,pharmacy
Randalls Pharmacy,29.7489076,-95.3748243,pharmacy
Randalls Pharmacy,29.8325429,-95.6841606,pharmacy
Randalls Pharmacy,29.7714759,-95.6069406,pharmacy
Randalls Pharmacy,29.7735146,-95.5595341,pharmacy
Randalls Pharmacy,29.7791381,-95.7172574,pharmacy
Randalls Pharmacy,29.8136942,-95.7191385,pharmacy
Smoothie King,29.9327295,-95.5844696,fast_food
Kroger,30.1145981,-95.55271,supermarket
Kroger,29.7711432,-95.599194,supermarket
None,29.7136507,-95.6028571,shelter
CoCos Crepes,29.7703853,-95.41834,cafe
Chipotle,29.8120147,-95.4223142,fast_food
Pei Wei,29.8120137,-95.4221734,restaurant
KIPP 3D,29.8453191,-95.3692136,school
KIPP Generations,29.8452337,-95.3692107,school
Corner Bakery,29.772809,-95.3989858,cafe
Corner Bakery,29.772809,-95.3989858,bakery
Chilosos Taco House,29.8043204,-95.3908882,restaurant
None,29.9294772,-95.4887655,shelter
Fiesta,29.672334,-95.530038,supermarket
Iconbank,29.750844,-95.460744,bank
AT&T,29.750628,-95.460779,mobile_phone_shop
Target,29.969248,-95.6962852,department_store
Walgreens,29.9215947,-95.6041019,pharmacy
Sonic,29.9200697,-95.6072991,fast_food
Chick-fil-A,29.7552172,-95.3627949,fast_food
McDonald's,29.7024364,-95.6434132,fast_food
Chipotle,29.8100076,-95.1624022,fast_food
JCPenney,29.8109958,-95.1607295,department_store
Chase,29.9336391,-95.2506958,bank
Walgreens,29.9335253,-95.248775,pharmacy
Chili's,29.9336768,-95.2514313,restaurant
Burger King,29.9335295,-95.2503123,fast_food
Walgreens,29.7792733,-95.7507245,pharmacy
Long John Silver's,29.649252,-95.1670521,fast_food
Sonic,29.6492124,-95.1653423,fast_food
Sport Clips,30.0917406,-95.6401943,hairdresser
Office Depot,30.0918288,-95.6413825,stationery
Target,30.0917963,-95.6392689,department_store
Lowe's,30.0917684,-95.6377079,doityourself
Chipotle,29.7463167,-95.3762346,fast_food
Starbucks,29.7465706,-95.3767282,cafe
AT&T,29.7464053,-95.3764189,mobile_phone_shop
Potbelly,29.7465193,-95.3766423,fast_food
Starbucks,29.748813,-95.3745347,cafe
Glitter Karaoke,29.7457448,-95.3762084,bar
Bich Nga Hair Design,29.7458636,-95.3761333,beauty_shop
Central Bank,29.7484929,-95.3734901,bank
PV Rental,29.7498063,-95.3728946,car_rental
High Fashion Home,29.742629,-95.3779908,furniture_shop
YogaOne,29.7435606,-95.3775778,sports_centre
Cali Sandwich & Pho,29.7436386,-95.3771975,fast_food
Jimmy John's,29.7734798,-95.3982548,fast_food
Houston Garden Center,29.8670291,-95.6447191,garden_centre
T-Mobile,29.5441242,-95.134033,mobile_phone_shop
McDonald's,30.1125018,-95.553282,fast_food
CVS Pharmacy,30.1113937,-95.552387,pharmacy
Fang's Cafe,30.1234143,-95.5534445,restaurant
Dr. Martin Luther King Jr.,29.7091368,-95.3373698,memorial
Wendy's,29.5577702,-95.1235945,fast_food
Subway,29.5719556,-95.1107826,fast_food
Walgreens,29.557305,-95.1231388,pharmacy
Kroger,29.558593,-95.1247749,supermarket
Subway,29.86866,-95.3843575,fast_food
Gotham Pizza,29.7495249,-95.3751133,restaurant
Target,30.0501898,-95.4348629,department_store
Audi,30.025104,-95.43048,car_dealership
Carmax,30.001612,-95.424144,car_dealership
Adriana's,29.8544475,-95.3721027,hairdresser
Little Caesars,29.8645832,-95.4739237,fast_food
Plonk Beer & Wine Bistro,29.8291689,-95.4311693,pub
Great Clips,29.8288953,-95.4304618,hairdresser
None,29.5986467,-95.1142641,shelter
Spec’s,29.9089721,-95.6309605,beverages
Pho 21,29.574632,-95.1096046,restaurant
Little Caesars,29.7857813,-95.3616309,fast_food
Texadelphia,29.8176278,-95.4098911,fast_food
Ulta Beauty,29.7378819,-95.4179772,beauty_shop
Oporto Fooding House,29.7531325,-95.380196,restaurant
Starbucks,29.7505266,-95.3746958,cafe
Jason's Deli,30.0506901,-95.2374511,restaurant
Kingwood Garden Center,30.0511487,-95.2385989,garden_centre
Local Foods,29.7194905,-95.4165267,restaurant
Thai Spice,29.7196547,-95.416577,restaurant
Subway,29.7327814,-95.4658258,fast_food
Ulta Beauty,29.7328017,-95.4649575,beauty_shop
Little Caesars,29.9021284,-95.3336999,fast_food
Table 7 Bistro,29.7581757,-95.3630325,restaurant
Sapporo Sushi & Bar,29.7632214,-95.3620814,restaurant
The Big Casino Bar,29.7624484,-95.3613586,restaurant
Hearsay Gastro Lounge,29.7630107,-95.3616013,restaurant
Angel Share HTX,29.7623925,-95.3612432,bar
Captain Foxheart's Bad News Bar & Spirit Lodge,29.7620312,-95.361147,bar
Cherry,29.7620059,-95.3611677,nightclub
Behind Closed Doors,29.7619536,-95.3612104,bar
Moon Tower Inn,29.7543105,-95.3409715,restaurant
Sambuca,29.76054,-95.3631907,restaurant
Siphon Coffee,29.7383874,-95.3882991,cafe
Jimmy John's,29.7580149,-95.3643278,fast_food
Jason's Deli,29.757519,-95.3654597,restaurant
Continental Club,29.7384755,-95.3797861,bar
Tacos a Go-Go,29.7383718,-95.3798552,fast_food
Double Trouble,29.7386508,-95.3796433,bar
Winnie's,29.7388028,-95.3795223,restaurant
Big Kat's Barbershop & Shave Parlour,29.7387614,-95.3798375,hairdresser
AT&T,29.7752929,-95.3833806,mobile_phone_shop
La Madeleine,29.7764377,-95.3824414,restaurant
Freebirds,29.775462,-95.3826895,fast_food
Bodegas Taco Shop,29.7236671,-95.3877275,restaurant
Torchy's Tacos,29.7169295,-95.4151375,restaurant
Calhoun's Rooftop,29.7228226,-95.3371295,bar
Jimmy John's,29.7227273,-95.3371652,fast_food
Murphy's Deli,29.7191977,-95.3376724,restaurant
Pink's Pizza,29.7226439,-95.3372,restaurant
Pizza Hut,29.7190663,-95.3377251,restaurant
Subway,29.7191268,-95.3377005,fast_food
Textbook Brokers,29.7189874,-95.3377581,bookshop
The Den,29.7188647,-95.337805,bar
The Nook Cafe,29.7225331,-95.3372392,cafe
Moody Towers Dining Commons,29.7175235,-95.3423427,restaurant
Kirkwood Dental Care,29.697767,-95.5873067,dentist
Quik Stop Market,29.7180818,-95.3535751,convenience
Subway,29.7225299,-95.3519286,fast_food
The T-Shirt Spot,29.7179372,-95.3536424,clothes
Wingstop,29.7224321,-95.3519714,restaurant
El Greco Greek,29.7272674,-95.3209052,restaurant
TDECU Credit Union ATM,29.7201161,-95.3412619,atm
Market at Cougar Village,29.7173751,-95.3434544,convenience
McAlister's Deli,29.7185367,-95.3397006,restaurant
Cell Xpert,29.7065016,-95.3437607,mobile_phone_shop
Ray's BBQ Shack,29.7064839,-95.3436962,restaurant
Accuston Nails & Facial,29.7048956,-95.3579898,beauty_shop
Belfort Seafood,29.7048579,-95.3580055,fast_food
JB Wig,29.7028592,-95.3588441,beauty_shop
Jolla Bella,29.7032229,-95.3586726,beauty_shop
L.A. Central Nails,29.7027607,-95.358882,beauty_shop
OST Dry Cleaners,29.7030971,-95.3587313,laundry
Scott Discount Cleaners,29.7043605,-95.3581489,laundry
Star Braiding,29.7042337,-95.3581981,beauty_shop
Sun Liquor,29.7041718,-95.3582223,beverages
U.S. Nails,29.7040987,-95.3582521,beauty_shop
Washateria,29.7034393,-95.3585891,laundry
Zen Fashion Accessories,29.703309,-95.3586426,beauty_shop
Summit Dental Center,29.7008748,-95.3589508,dentist
Boost Mobile,29.7040506,-95.3592447,mobile_phone_shop
Chase,29.7015477,-95.3615177,bank
City G.E.A.R.,29.7015307,-95.3619598,clothes
Clipper Barber Shop,29.7024374,-95.3638829,hairdresser
Clutch City Dialysis,29.7045891,-95.3590122,clinic
Cricket Wireless,29.7015392,-95.3617196,mobile_phone_shop
Domino's,29.7024355,-95.3639419,fast_food
Louisiana Fried Chicken & Seafood,29.7016239,-95.3644963,fast_food
Metro by T-Mobile,29.702443,-95.3638087,mobile_phone_shop
Papa John's,29.7016182,-95.3646136,fast_food
Princess Beauty Supply,29.7038913,-95.3593047,beauty_shop
Subway,29.7024336,-95.3640139,fast_food
The Medicine Shoppe,29.7041634,-95.3591978,pharmacy
ABC Dental,29.704649,-95.345466,dentist
Cullen Care Pharmacy,29.7045315,-95.3450811,pharmacy
Custom Loans,29.7038789,-95.3480273,bank
K & N Pediatric Therapy Centers,29.7045937,-95.3452787,doctors
Texas Children's Pediatrics Cullen,29.7044602,-95.3448442,clinic
Boost Mobile,29.7172232,-95.3151797,mobile_phone_shop
Check Cashers,29.7162392,-95.3153306,bank
Ostioneria Michoacan,29.7164776,-95.3157082,restaurant
Shipley Donuts,29.7163401,-95.3155115,fast_food
South Texas Dental,29.7165793,-95.3160015,dentist
Super Weave xpress,29.7166241,-95.3161449,beauty_shop
T-Mobile,29.7166888,-95.3163641,mobile_phone_shop
The Nail'ery,29.7166452,-95.3162058,beauty_shop
Yanessa's Liquor,29.716668,-95.3162798,beverages
Johnson Florist,29.7259155,-95.3162604,florist
Monterrey Barber Shop #2,29.7258942,-95.3161776,hairdresser
Santa Clara Family Clinic,29.726058,-95.3174556,clinic
Accident Injury Rehab Clinic,29.7121247,-95.312378,clinic
Artistic Nails,29.7120062,-95.3125769,beauty_shop
Chinese Buffet,29.711581,-95.3135741,restaurant
Harbor Freight Tools,29.711514,-95.3137995,doityourself
Fallas Discount Store,29.7113677,-95.3141929,clothes
Famsa,29.7114326,-95.3140206,furniture_shop
Jefferson Dental Clinic,29.7113316,-95.3142948,dentist
Julio's Mexican Grill,29.7120058,-95.314965,restaurant
Juniors Missy Plus,29.7116982,-95.3132353,clothes
Kids Mens Shoes,29.7116234,-95.3134592,shoe_shop
Little Caesars,29.7119846,-95.3150325,fast_food
Melrose Family Fashions,29.7116471,-95.3133472,clothes
Metro by T-Mobile,29.7120866,-95.3124218,mobile_phone_shop
Panadería La Unica,29.7120542,-95.3124807,bakery
Sellers Bros Food Market,29.7117132,-95.3128462,supermarket
Sprint,29.7121689,-95.3123285,mobile_phone_shop
Subway,29.7112505,-95.3145274,fast_food
Blanca Flor,29.7138986,-95.3178284,florist
Cricket Wireless,29.7173834,-95.3206849,mobile_phone_shop
Tuxedo Renta by Ascot,29.7138589,-95.3177868,clothes
Not Jus Donuts Cakes & More,29.7417472,-95.359486,bakery
James Food Store,29.7317268,-95.3598369,convenience
Washarteria,29.7316202,-95.3599236,laundry
Walgreens,29.5741312,-95.1119041,pharmacy
Children at Play,29.7218281,-95.4397114,artwork
Avis,29.6811468,-95.3995294,car_rental
UHCL Neumann Library,29.582158,-95.0980698,library
Spiritus Mundi,29.5826132,-95.0995262,artwork
Whole Foods Market,29.7524669,-95.4999989,supermarket
Chase,29.7530789,-95.5007075,bank
Walgreens,29.6018738,-95.2472654,pharmacy
Sunny's Food Store,29.677239,-95.439597,convenience
Maas Nursery,29.5929513,-94.9978583,garden_centre
Smart Financial Credit Union,29.7292227,-95.4523844,bank
Davenport Lounge,29.5830227,-95.1535756,bar
Subway,29.5827381,-95.1536587,fast_food
"Dan Hoang, DDS",29.5826681,-95.1539618,dentist
Chase,29.5816768,-95.1538116,bank
Frost Bank,29.5818751,-95.1528487,bank
Walgreens,29.5809344,-95.1551866,chemist
Abe's Cajun Market & Cafe,29.5807933,-95.15577,restaurant
Wells Fargo,29.5801151,-95.1559604,bank
Clear Lake Foot & Ankle Specialist,29.5771637,-95.1593508,doctors
Texas Children's Health Center Clear Lake,29.5782274,-95.1591818,doctors
Starbucks,29.5782694,-95.1569716,cafe
Alamo Tamales,29.578456,-95.1571165,restaurant
Texas Citizens Bank,29.5778028,-95.156859,bank
Texas Citizens Bank,29.5498512,-95.0920905,bank
Brewingz,29.5501032,-95.0916184,pub
Mediterraneo,29.5502898,-95.0889523,restaurant
Subway,29.5503972,-95.0902236,fast_food
Perbacco,29.7601901,-95.3651729,restaurant
Kroger,29.5779758,-95.1205712,supermarket
El Dorado Mexican Restaurant,29.5786745,-95.120244,restaurant
KFC,29.5783759,-95.1219579,fast_food
European Wax Center,29.8291678,-95.4308978,beauty_shop
Goodwill Donation Center,29.8291659,-95.4304555,recycling_clothes
Aura Nail Spa,29.8291668,-95.4306766,beauty_shop
Mathew Naftis DDS,29.8291684,-95.4310452,dentist
Cornerstone Hardware,29.7202112,-95.5160547,doityourself
Danish Inspirations,29.720309,-95.5162639,furniture_shop
Sharky's,30.0316071,-95.1734784,restaurant
Zammitti's,30.0318045,-95.1743112,restaurant
Chimichurri's,30.031541,-95.1731578,restaurant
Raffa's,30.0317441,-95.1740349,restaurant
Frenchie's Italian Restaurant,29.5467455,-95.1055901,restaurant
Church's Chicken,29.5577114,-95.1178206,fast_food
Dickey's Barbecue Pit,29.5575621,-95.117995,restaurant
Starbucks,29.5516681,-95.1262036,cafe
McDonald's,29.5514902,-95.1263979,fast_food
Elgin Pharmacy,29.7401037,-95.3752504,pharmacy
Eye Care Central,29.7401637,-95.3753656,optician
M C Eye Center & Optical,29.7404063,-95.3764789,optician
Nationwide Nail Supply Inc.,29.7404983,-95.3763714,beauty_shop
Brian Matthews Barber & Beauty Salon,29.7439773,-95.3645356,hairdresser
Chase Shoe Shine Parlor,29.7438601,-95.3648521,shoe_shop
Glossed Glam Factory,29.7444848,-95.3656864,beauty_shop
Phil & Derek's Speakeasy Comedy Lounge,29.7443784,-95.3655081,bar
Marquis Bar and Lounge,29.7440359,-95.3644921,bar
Mid Town Specialty RX Pharmacy,29.7444269,-95.3655938,pharmacy
Midtown Pain & Rehabilitation Center,29.7439239,-95.3645731,clinic
BCP Veternary Pharmacy,29.7444429,-95.3665128,veterinary
Food & Go,29.7391973,-95.3372745,convenience
Polk Washeteria,29.7391491,-95.3370818,laundry
Aerosol Warfare,29.7446527,-95.3599802,arts_centre
The Cajun Shop,29.7447607,-95.359894,restaurant
TDECU Credit Union ATM,29.7218937,-95.3382099,atm
'Burp the Bayou' Red Button,29.7641065,-95.3658135,attraction
"AHH, Coffee!",29.7527083,-95.3549529,cafe
Art Hous,29.7521866,-95.3543438,arts_centre
Houston Precious Metals,29.7519025,-95.3557249,jeweller
Neil's Bahr,29.7521467,-95.3555328,bar
Pizza Hut,29.7518735,-95.3554905,restaurant
Super K Food Mart,29.7520169,-95.3553806,convenience
Vitingho Restaurant,29.7520609,-95.3556728,restaurant
Warehouse Live,29.7520306,-95.3544714,nightclub
AT&T,29.7000543,-95.2962343,mobile_phone_shop
Al's Formal Wear,29.6961832,-95.2969651,clothes
Boudreaux's Cajun Kitchen,29.7003128,-95.2961486,restaurant
Cicis,29.6962472,-95.2972852,restaurant
Foot Locker,29.6995258,-95.2963464,shoe_shop
Footaction,29.6965706,-95.2972023,shoe_shop
Icing,29.6979375,-95.2964851,jeweller
Image Nails,29.69651,-95.296982,beauty_shop
Lovett Dental,29.6994831,-95.2961698,dentist
Marshalls,29.6976483,-95.2953653,department_store
Old Navy,29.6973533,-95.2954628,clothes
Ross,29.6970799,-95.2955684,department_store
Son Nam,29.7002406,-95.2957208,restaurant
Supercuts,29.6964079,-95.2972706,hairdresser
T-Mobile,29.6964739,-95.2968331,mobile_phone_shop
Texas Children's Pediatrics Gulfgate,29.6962225,-95.2971501,clinic
The Children's Place,29.6978316,-95.2966361,clothes
Vietnamese Cuisine,29.7002482,-95.2958652,restaurant
Visionworks,29.6978863,-95.2954205,optician
Wingstop,29.6965499,-95.2971202,fast_food
Starbucks,29.6978076,-95.2977735,cafe
Walgreens,30.0679335,-95.2120943,pharmacy
McDonald's,30.0681424,-95.2150286,fast_food
La Petite Academy,30.0696586,-95.2168999,kindergarten
MOD Pizza,29.7494484,-95.4785691,fast_food
Leaf & Grain,29.7494452,-95.4786982,restaurant
Jimmy John's,29.9439635,-95.4063687,fast_food
China Star,29.7017484,-95.2978596,restaurant
Dental Care,29.7016694,-95.297649,dentist
Gulfgate Vision,29.7016086,-95.2975646,optician
Office Depot,29.7021014,-95.2985627,stationery
Subway,29.7015523,-95.2974786,fast_food
Chase,29.7001248,-95.2969613,atm
Chase,29.7001367,-95.2970056,atm
Wells Fargo,29.7017373,-95.2966539,atm
Boondoggle's,29.5654575,-95.0530603,pub
Chelsea Wine Bar,29.5654225,-95.0533634,bar
Valdo's Seafood House,29.5652849,-95.0534304,restaurant
Villa Capri,29.563688,-95.0475519,restaurant
The Cock & Bull British Pub,29.5640869,-95.0447964,pub
Sam's Boat,29.5605605,-95.0420418,pub
Churches Chicken,29.7932116,-95.7755186,fast_food
Sonic,29.7934304,-95.7752863,fast_food
Shell,29.8015951,-95.7527039,convenience
Sonic,29.801445,-95.7527176,fast_food
A+ Cleaners,29.8006045,-95.7523407,laundry
Animal Clinic,29.7998879,-95.7526178,veterinary
B&B's Nails,29.7995808,-95.752586,beauty_shop
Bliss Braids,29.8000843,-95.7526693,beauty_shop
Classic Cleaners,29.7994815,-95.7525574,laundry
Donuts Kolaches,29.7993702,-95.7525312,fast_food
Famous Fades,29.8006005,-95.7526458,hairdresser
Health-Rite Pharmacy,29.7993078,-95.7525189,pharmacy
Health-Rite Pharmacy,29.7993078,-95.7525189,chemist
Secrets,29.7994177,-95.7525475,hairdresser
Subway,29.8006025,-95.7525187,fast_food
Aquario Dental,29.7290692,-95.3098234,dentist
Cricket Wireless,29.7292054,-95.3102551,mobile_phone_shop
Sally's Beauty Supplies,29.7291351,-95.3100409,beauty_shop
Washataria,29.729384,-95.3108269,laundry
Watermill Express,29.7299646,-95.3103049,vending_any
Le Q Nails,29.7330807,-95.3088321,beauty_shop
Lily's Elegant Nails & Beauty Salon,29.7268723,-95.3172409,beauty_shop
Oscar's Jewelry,29.7269258,-95.3174433,jeweller
Pak-A-Sak Grocery,29.7268987,-95.3173564,convenience
Zum Barrel,29.9756126,-95.4326606,restaurant
Blue Line Bike Lab,29.734311,-95.3306122,bicycle_shop
Chocolate Wasted Ice Cream,29.7345428,-95.3309446,cafe
Cardtronics,29.7151214,-95.2943952,bank
Pizza Patron,29.7169128,-95.2941371,restaurant
Shell,29.7149788,-95.2943592,convenience
Subway,29.7166771,-95.2942302,fast_food
Walgreens,29.7148199,-95.295457,pharmacy
Chase,29.7352332,-95.3060938,atm
Lawndale Medical Clinic,29.7178466,-95.2941631,clinic
Magnolia Dental Care,29.7178495,-95.2939996,dentist
Boost Mobile,29.7371234,-95.3059245,mobile_phone_shop
Children's & Bridal Etc.,29.7356661,-95.3053031,clothes
Cricket Wireless,29.7359383,-95.3062557,mobile_phone_shop
D K Nail,29.7356249,-95.305124,beauty_shop
Fallas Paredes,29.7357245,-95.3055158,clothes
Marlon Shoes & Sports,29.7358607,-95.3060099,shoe_shop
Melrose,29.7358887,-95.3061152,clothes
Rent-A-Center,29.7359803,-95.306437,furniture_shop
Subway,29.7358202,-95.3058764,fast_food
Wingstop,29.7355972,-95.3050308,fast_food
Supercuts,29.6993768,-95.2866964,hairdresser
Los Chinos Rico,29.6997066,-95.2866964,restaurant
Metro by T-Mobile,29.6995778,-95.2866928,mobile_phone_shop
Washateria,29.7000635,-95.2867409,laundry
Church's Chicken,29.7035153,-95.2933985,fast_food
Liquor World Discount,29.7033552,-95.2935142,beverages
ClothesMax,29.7033876,-95.2951374,clothes
Edible Arrangements,29.7039707,-95.2969622,gift_shop
Gulfgate Clinic,29.7039795,-95.2966835,clinic
King Dollar,29.7038992,-95.2962115,convenience
Mini's Cleaners,29.7039719,-95.2970791,laundry
Pizza Hut,29.7033713,-95.2957697,restaurant
ToDo Jewelry,29.7037575,-95.2961133,jeweller
Tooth Doctor for Kids,29.7039845,-95.2965218,dentist
Vstar,29.7034603,-95.2960411,restaurant
Wireless Max,29.7039807,-95.2963934,mobile_phone_shop
HCC Bookstore,29.7051038,-95.2979095,bookshop
Cricket,29.7176797,-95.2964194,mobile_phone_shop
La Michoacana Meat Market,29.7182133,-95.2955028,butcher
La Madeleine,29.7365254,-95.551862,restaurant
Whataburger,29.7566945,-95.3655339,fast_food
Metro by T-Mobile,29.8459647,-95.3714293,mobile_phone_shop
Fiesta,29.8781696,-95.7220263,supermarket
Bike Barn (Bayou Rental),29.762258,-95.3760557,bicycle_shop
Trek,29.9715121,-95.6901629,bicycle_shop
Bike Barn,29.7733156,-95.7499689,bicycle_shop
Trek,29.5743658,-95.1071465,bicycle_shop
Bike Barn,29.9980858,-95.1615703,bicycle_shop
Kroger,30.0666789,-95.1871315,supermarket
Starbucks,30.0668526,-95.1874435,cafe
Sonic,30.0667939,-95.1888441,fast_food
Kingwood Cleaners,30.0675567,-95.1955257,laundry
"Elegant Nails, Tan, & Spa",30.0674896,-95.1952177,beauty_shop
Northpark Veterinary Hospital,30.0676867,-95.1959549,veterinary
McDonald's,29.7886285,-95.7217061,fast_food
Walmart Pharmacy,29.7887347,-95.7223326,pharmacy
Subway,29.7877076,-95.7193939,fast_food
James Avery Jewelry,29.7872782,-95.7229273,jeweller
Sprint,29.7860845,-95.7234428,mobile_phone_shop
AT&T,29.7819856,-95.7168348,mobile_phone_shop
Famous Footwear,29.7818855,-95.7169778,shoe_shop
Office Depot,29.7813961,-95.7170506,stationery
Randalls,29.7794863,-95.7173321,supermarket
Star Liquor,29.7798622,-95.7172006,beverages
TGF Hair Salon,29.7798041,-95.7171959,hairdresser
TJ Maxx,29.7810536,-95.7170022,department_store
Target,29.7821551,-95.7160541,department_store
Ulta Beauty,29.7803148,-95.7171221,beauty_shop
Al's Formal Wear,29.7840707,-95.7155696,clothes
Lenny's Subs,29.7840763,-95.715382,fast_food
Sport Clips,29.7840749,-95.7154815,hairdresser
Starbucks,29.7821097,-95.7165598,cafe
Beauty Nail Bar,29.7884666,-95.7183408,beauty_shop
Catherines,29.7884611,-95.7170013,clothes
Chipotle,29.7876886,-95.7183519,fast_food
Five Guys,29.7860959,-95.7162593,fast_food
H-E-B,29.7892877,-95.7167418,supermarket
Jimmy John's,29.7875501,-95.718314,fast_food
Kohl's,29.7872072,-95.7166515,department_store
Men's Wearhouse,29.7860856,-95.7172624,clothes
OfficeMax,29.7877,-95.7168787,stationery
Sears Home Appliance Showroom,29.7823136,-95.718689,furniture_shop
Smoothie King,29.788607,-95.7184725,fast_food
Today's Vision,29.7886926,-95.7184831,optician
Verizon,29.7860829,-95.7174805,mobile_phone_shop
Chase,29.7860023,-95.7183577,atm
Ashley HomeStore,29.7876198,-95.7142304,furniture_shop
Budget,29.7860376,-95.7136064,car_rental
DXL Men's Apparel,29.7860426,-95.7121025,clothes
Panera Bread,29.7860465,-95.7119427,fast_food
Soft Touch Nails,29.7861902,-95.714432,beauty_shop
The Cottage,29.786069,-95.7137499,restaurant
Auri Jewelers,29.7925877,-95.7195224,jeweller
Donuts & Kolaches,29.7927032,-95.7194854,fast_food
European Wax Center,29.7928825,-95.7194854,beauty_shop
Fantastic Sams,29.7920245,-95.7211281,hairdresser
Hallmark,29.7922683,-95.7211338,gift_shop
Houston Swim Club,29.7919432,-95.7211326,sports_centre
Metro by T-Mobile,29.7925327,-95.7194961,mobile_phone_shop
Starbucks,29.7906436,-95.7205277,cafe
The UPS Store,29.7926457,-95.7194854,post_office
Tropical's Latin Food,29.7927788,-95.7194821,fast_food
Vip Nails & Hair,29.7930003,-95.7194902,beauty_shop
Walgreens,29.7904886,-95.7184734,pharmacy
Brewskis Pub & Patio,29.78751,-95.7341036,bar
Chang's Chinese,29.787025,-95.7341042,restaurant
Vellisima Capillar Restoration Salon,29.7869986,-95.7349114,hairdresser
Firehouse Subs,29.7867287,-95.733655,fast_food
Stone Age Korean Grill Bar,29.7869854,-95.7350085,restaurant
Kings Lounge,29.7869062,-95.7344779,bar
Sushi Ichii,29.7869248,-95.7340342,restaurant
Flavors Indian Cuisine Buffet,29.7865905,-95.733658,restaurant
Orleans Seafood Kitchen,29.7870326,-95.7347006,restaurant
Russo's New York Pizzeria,29.7871236,-95.7341164,restaurant
Mi Pueblito Restaurant,29.7870928,-95.7346155,restaurant
Unicle Julio's,29.7863233,-95.7281191,restaurant
Da Silva Steakhouse,29.7869597,-95.7351432,restaurant
Chair King Backyard Store,29.7829008,-95.721312,furniture_shop
Comerica Bank,29.7823608,-95.7205102,bank
GMS Dental Center,29.7833525,-95.7214083,dentist
Katy Pharmacy,29.7822392,-95.7194679,pharmacy
Orient Express,29.7822401,-95.7201867,restaurant
Shipley Donuts,29.7832325,-95.7214022,fast_food
Signs Now,29.7822383,-95.7200607,stationery
Sonny's Liquor & Cigars,29.782243,-95.7203126,beverages
Texas Mesquite Grill,29.7835724,-95.7214022,restaurant
Bank of America,29.7826435,-95.7196811,atm
Jimmy John's,29.7871895,-95.7512536,fast_food
Moe's Southwest Gril,29.7868797,-95.7511367,restaurant
Omega Postal,29.7870859,-95.7512536,post_office
Pho Bamboo Vietnamese Noodle House,29.7873531,-95.7512548,restaurant
Salata,29.7868786,-95.7512887,restaurant
CVS Pharmacy,29.7840656,-95.73646,pharmacy
Landmark Furniture,29.7834366,-95.7229162,furniture_shop
E Star Chinese Buffet,29.7834382,-95.7236306,restaurant
Full Armor Gun Range,29.7835965,-95.595937,sports_centre
The Grand Nails of America,29.7327871,-95.465186,beauty_shop
Boot Barn,29.7328431,-95.4634632,shoe_shop
Dimassi's Mediterranean Buffet,29.7327805,-95.4659304,restaurant
Eye Optique,29.73267,-95.4647836,optician
Golf Galaxy,29.7328741,-95.4631717,sports_shop
Office Depot,29.7328137,-95.4647103,stationery
Spec's,29.7328219,-95.4642212,beverages
TJ Maxx,29.732783,-95.4656572,department_store
Fiesta Mart,29.7809732,-95.7490959,supermarket
Kolache Factory,29.7819668,-95.7509396,fast_food
Tacos La Bala,29.7811435,-95.7508752,restaurant
Taquerias Arandas,29.7819652,-95.7512399,restaurant
Bits & Bytes,29.7821469,-95.7530032,computer_shop
Cici's Pizza,29.7824468,-95.7525604,restaurant
Cricket Wireless,29.7824444,-95.7523837,mobile_phone_shop
Freebirds,29.7824518,-95.7521266,fast_food
Harbor Freight Tools,29.7808409,-95.7530807,doityourself
Once Upon a Child,29.7814283,-95.7531091,clothes
Sunnys Liquor & Cigars,29.7802155,-95.7530968,beverages
Miri's Kitchen Persian,29.7609974,-95.4202809,restaurant
007 Barber Shop,29.7609974,-95.4203633,hairdresser
Aaron's,29.7764187,-95.7502173,furniture_shop
Atami Steak & Sushi,29.776683,-95.750311,restaurant
BreWingZ Sports Bar & Grill,29.7776869,-95.7511543,restaurant
Kabob Korner,29.7768044,-95.7511742,restaurant
Katy Cleaners,29.7751922,-95.7500103,laundry
Monkey Joe's,29.777847,-95.7507107,theme_park
Plato's Closet,29.7752378,-95.7502325,clothes
Starbucks,29.7768405,-95.7503329,cafe
The Walk in Closet,29.7762242,-95.7502802,clothes
The Bagel Cafe,29.7730357,-95.7503846,cafe
China Cottage,29.7730357,-95.7506082,restaurant
Fuzzy's Pizza,29.7739307,-95.7498753,restaurant
Model Home Furniture,29.7740996,-95.7498794,furniture_shop
Sears Appliance and Hardware Store,29.773077,-95.7511548,doityourself
Subway,29.8010881,-95.7176917,fast_food
T-Mobile,29.8013643,-95.7186729,mobile_phone_shop
Habanero's Tacos,29.5726926,-95.0263088,restaurant
Shipley's Doughnuts,29.5802627,-95.0277127,restaurant
Seabrook Waffle Company,29.5598985,-95.0243048,restaurant
Main Event,29.7832019,-95.7920321,sports_centre
Green Bank,29.7833216,-95.5290822,bank
Exxon,29.8025055,-95.7606307,convenience
Valero,29.802489,-95.7614268,convenience
OnCue,29.7375459,-95.5640241,convenience
Auto Dealer,30.0801822,-95.4148951,car_dealership
Starbucks,29.9872831,-95.4985434,mobile_phone_shop
Eighteen Twenty Lounge,29.7583002,-95.3526611,bar
Pink's Pizza,29.8177017,-95.4098872,restaurant
Dean's,29.7618201,-95.3613339,bar
Notsuoh,29.7619039,-95.3612534,bar
Off The Record,29.7610587,-95.3618838,bar
The Moonshiners,29.7605395,-95.3618891,bar
Shay McElroy's Irish Pub,29.7604224,-95.3624401,bar
Simply Phở,29.743861,-95.3776454,restaurant
The Boot,29.8034886,-95.4205897,restaurant
CVS Pharmacy,29.8117779,-95.4286264,pharmacy
Bernadine's,29.8019276,-95.4109947,restaurant
Hunky Dory,29.8021254,-95.4108479,restaurant
Vietnam Restaurant,29.8029447,-95.4082276,restaurant
Laredo Taqueria,29.7700789,-95.4050434,restaurant
Max's Wine Dive,29.7708152,-95.4091077,bar
Bayou City Veterinary Hospital,29.7708217,-95.4086625,veterinary
Miyako,29.7702821,-95.4076781,restaurant
Five Guys,29.7695948,-95.4007275,fast_food
Buffalo Wild Wings,29.7695605,-95.4002708,restaurant
"Good God, Nadine's",29.76817,-95.3978889,bar
Chatter's Cafe & Bistro,29.7681635,-95.3975505,cafe
Star Pizza,29.7700613,-95.3962089,restaurant
Urban Eats,29.7695952,-95.394786,restaurant
KA Sushi,29.8031008,-95.410536,restaurant
Hugs & Donuts,29.8030951,-95.4107421,restaurant
Fat Cat Creamery,29.8030954,-95.4106849,restaurant
Smoothie King,29.8030944,-95.4108565,fast_food
Torchy's Tacos,29.8027058,-95.4034662,restaurant
Harold's,29.8027092,-95.4033847,restaurant
Jeni's Ice Creams,29.8030396,-95.403484,cafe
Manready Mercantile,29.8030665,-95.4023581,clothes
Boomtown Coffee,29.8026862,-95.4006728,cafe
CAVA,29.8037522,-95.4012092,restaurant
Subway,29.8046045,-95.3995704,fast_food
PNC Bank,29.802606,-95.3996193,bank
Dandelion Cafe,29.8060546,-95.4083616,cafe
Yard House,29.7799159,-95.5612571,restaurant
Subway,29.9797113,-95.5144404,fast_food
Demeris Barbeque,29.8005039,-95.4482566,restaurant
Kut-N-Up,29.9973962,-95.1944995,hairdresser
Ae's Taste of Korea,29.9972963,-95.1945559,restaurant
Subway,29.9973729,-95.1946819,fast_food
SouthSide Espresso,29.7449924,-95.3907,cafe
Southwell's Hamburger Grill,29.7503864,-95.4850801,fast_food
Avalon Diner,29.7419327,-95.4168812,restaurant
Peso's Mexican Cafe,29.9211535,-95.0705174,restaurant
Subway,29.9206096,-95.0684521,fast_food
Going's BBQ,29.9176571,-95.0696162,restaurant
Pepperoni's,29.8287457,-95.4339681,fast_food
Bells Myown Cleaners,29.8287461,-95.434224,laundry
Oak Forest Dental Group and Orthodontics,29.8287458,-95.4338075,dentist
U P Liquor Store,29.8287455,-95.4341728,beverages
Jailhouse Saloon,30.0812543,-95.4210507,bar
Taste of Greek,30.048389,-95.1825861,restaurant
AT&T,30.0485399,-95.1825163,mobile_phone_shop
Kingwood Nails & Spa,30.0493572,-95.1821153,beauty_shop
Jewelers Bench,30.0494849,-95.1820617,jeweller
El Charro,30.0496938,-95.1819745,restaurant
Hin's Garden,30.0478369,-95.1808858,restaurant
Palm Beach Tan,30.0499144,-95.1815172,beauty_shop
The UPS Store,30.0499341,-95.1814636,post_office
Kings Crossing Dentistry,30.0499666,-95.1813898,dentist
Tide Cleaners,30.0502475,-95.1812972,laundry
Three B's Grill,30.0503855,-95.1813332,restaurant
La Madeleine,30.0501792,-95.1823405,restaurant
Cyrese & Co,30.0501256,-95.1823118,clothes
TGF Haircutters,30.050053,-95.1822743,hairdresser
Chipotle,30.0500472,-95.1830828,fast_food
Papa Murphy's,30.0498656,-95.1830099,fast_food
Sport Clips,30.0498044,-95.1829789,hairdresser
Super 8 Houston,29.9700402,-95.5592725,motel
TownePlace Suites Houston I-10 West/Energy Corridor,29.7834174,-95.6505557,hotel
Americas Best Value Inn & Suites - Houston / Katy Fwy,29.7836363,-95.6497151,motel
The Westin Oaks,29.739743,-95.4619967,hotel
Limited Houston Sharpstown,29.710736,-95.5040183,motel
Budget Lodge Channelview,29.7899036,-95.0938921,motel
Clarion Inn,29.7744468,-95.1435512,motel
Motel 7,29.7744118,-95.2485658,motel
Lexus Inn,29.8262216,-95.2830869,motel
SpringHill Suites Houston Downtown/Convention Center,29.7556922,-95.3669706,hotel
Residence Inn Houston Downtown/Convention Center,29.7555625,-95.3666344,hotel
Courtyard Houston Downtown/Convention Center,29.7554327,-95.3668959,hotel
Planned Parenthood,29.7255109,-95.3348151,clinic
Conservatory,29.760363,-95.3615432,restaurant
Jeff Haas Mazda,29.7854528,-95.5808406,car_dealership
Bahama Buck's Original Shaved Ice,29.7854485,-95.5826052,fast_food
Murphy's Deli,29.717759,-95.5055621,fast_food
Chase,30.0505553,-95.2408409,bank
Nail Plus,30.0512843,-95.2394488,beauty_shop
Elite Treats,30.0512262,-95.239375,bakery
Island Salon,30.0511751,-95.2393013,hairdresser
Cell+Doc Cell Phone Repair,30.0506795,-95.2398672,mobile_phone_shop
Texas Cardiology Associates of Houston,30.0511264,-95.2405767,doctors
Painted Tree Boutique,30.050355,-95.2393576,gift_shop
The Mint National Bank,30.0504223,-95.2387783,bank
Lopez,29.6530367,-95.5709047,restaurant
KPRC 2 News,29.9877603,-95.3501856,newsagent
Re+Bar No.9,29.9879763,-95.3499416,restaurant
Starbucks,29.987874,-95.3498089,cafe
Blaze Pizza,29.9875774,-95.3498023,restaurant
Mango Taco Truck,29.9875774,-95.3496322,restaurant
Houston!,29.9879773,-95.3496808,newsagent
Dimassi's Mediterranean Buffet,29.6891682,-95.4129677,restaurant
Happy Lamp Restaurant,29.6767078,-95.4930319,restaurant
Ross,29.6181363,-95.4946389,department_store
PNC Bank,29.6151061,-95.4952464,bank
Subway,29.6150128,-95.4950292,fast_food
Popeyes,29.6156378,-95.4958902,fast_food
Jack in the Box,29.619436,-95.5079574,fast_food
Papa John's,29.6216768,-95.5087996,fast_food
Casa flaco hermano Jean,29.7548895,-95.6112844,guesthouse
MFAH Gift Shop,29.7253216,-95.3892533,gift_shop
Kinder Foundation Education Center,29.7257294,-95.3907091,tourist_info
MFAH Parking Info Kiosk,29.7249464,-95.388645,tourist_info
MFAH Ticket Booth,29.7259142,-95.3904614,tourist_info
Brown Auditorium Theater,29.7253957,-95.3905583,theatre
James Avery Jewelry,30.0129896,-95.5370628,jeweller
James Avery Jewelry,29.7946694,-94.9810811,jeweller
James Avery Jewelry,30.0495229,-95.2450176,jeweller
James Avery Jewelry,29.5420196,-95.1372228,jeweller
Joe V's Smart Shop,29.6078877,-95.4775703,supermarket
Starbucks,30.0696677,-95.2163387,cafe
Walmart Neighborhood Market,30.0693331,-95.214514,supermarket
A-1 Dry Cleaners,30.0663932,-95.1890203,laundry
Kroger Pharmacy,30.0667532,-95.187566,pharmacy
James Avery Jewelry,29.9666508,-95.6922782,jeweller
James Avery Jewelry,29.7814907,-95.5398241,jeweller
Michael E. Debakey Center,29.7114271,-95.3959487,university
Cullen Building,29.7106671,-95.3964142,university
UTHSPH Library,29.7051135,-95.398188,library
Taqueria Elena 2 taco truck,29.7166835,-95.3150992,restaurant
Jenny's Washateria,29.8555932,-95.371534,laundry
The Hair Haus,30.0674381,-95.1950022,hairdresser
Pizza Hut,30.0675313,-95.1953898,restaurant
Citizen Donuts,30.0658704,-95.1889457,cafe
Skeeter's Mesquite Grill,30.0657481,-95.188928,restaurant
Green Garden,29.7906435,-95.7207072,restaurant
Justice,30.0145002,-95.2606146,clothes
Banfield Pet Hospital,30.0143781,-95.2607229,veterinary
Shoe Carnival,30.013292,-95.261109,shoe_shop
rue21,30.0131612,-95.2612473,clothes
Ulta Beauty,30.0151446,-95.2614243,beauty_shop
Carter's,30.0129673,-95.2613216,clothes
"Scott Mosby, DDS - Kingwood Family Dentistry",30.0679257,-95.2083096,dentist
Subway,30.0696815,-95.212126,fast_food
Jack in the Box,30.0680793,-95.209641,fast_food
Thai Chefs,29.8788205,-95.6837264,restaurant
Studio North Salon & Spa,30.0696862,-95.2123647,hairdresser
J. Christopher’s Italian Bistro,30.06969,-95.2124862,restaurant
Spa & Nails of America,30.0696881,-95.2125856,beauty_shop
Las Palomas Mexican Restaurant,30.0696863,-95.212833,restaurant
Talbots,30.0500014,-95.2436512,clothes
Carrabba's Italian Grill,30.0504657,-95.244521,restaurant
Pei Wei,30.0507663,-95.2452584,restaurant
Verizon,30.0506964,-95.24502,mobile_phone_shop
Wendy's,30.0510193,-95.2460722,fast_food
Chico's,30.0498967,-95.243736,clothes
Loft,30.0498052,-95.2437936,clothes
Willa Boutique,30.0496827,-95.2438872,clothes
Soma,30.0496203,-95.2439545,clothes
White House Black Market,30.0494312,-95.244449,clothes
JoS. A. Bank,30.0494333,-95.244617,clothes
The Children's Place,30.0494831,-95.2448427,clothes
Francesca's,30.0495434,-95.2451092,clothes
Rachael's Hallmark Shop,30.049639,-95.2454357,gift_shop
Wells Fargo,30.0497761,-95.2457574,bank
Kingwood Nails,30.0502553,-95.2471417,beauty_shop
TGF Haircutters,30.0503111,-95.2471233,hairdresser
The UPS Store,30.0503693,-95.2471035,post_office
Made Ya Smile Dental,30.0507566,-95.2469683,dentist
Dickey's Barbeque Pit,30.0505447,-95.2470403,restaurant
Kingwood Spine and Wellness,30.0504865,-95.2470667,clinic
Bank of Texas,29.7227202,-95.4189999,bank
MOD Pizza,29.7319739,-95.4661732,fast_food
KFC,30.0498695,-95.2302917,fast_food
Liquor,29.8321137,-95.6589124,beverages
Ana's Beauty Salon,29.8320795,-95.6589582,beauty_shop
Lee's Donuts,29.8319497,-95.6591377,bakery
Bike Werks,30.0490511,-95.2309655,bicycle_shop
"Park Benches (2, metal, with backrest)",29.8059906,-95.6879595,bench
Benches (2 metal),29.8070937,-95.6780286,bench
The Studio Salon,30.0487278,-95.2314166,hairdresser
Oriental Gardens Chinese Restaurant,30.0487012,-95.2322616,restaurant
Fouette Dancewear,30.0486966,-95.2321824,sports_shop
MedSpring Urgent Care of Kingwood,30.0491122,-95.2333851,doctors
Spec's,30.0487153,-95.2342715,beverages
Embody Fitness Center,30.048707,-95.2319591,sports_centre
The Woman's Place Kingwood,30.0487068,-95.2354609,clinic
The Center for Wound Care,30.048703,-95.2356244,clinic
Mr. Gatti's Pizza,30.0507739,-95.2362509,restaurant
Toys & Candy On The Park,30.0506867,-95.2376834,toy_shop
Stone Lantern,29.7191942,-95.3923081,monument
Arbor in the Pines,29.7197073,-95.3914629,artwork
Sonic,29.9824312,-95.2810697,fast_food
Lake Picnic Area,29.7179228,-95.389971,picnic_site
Atropos Key,29.7199343,-95.3891757,artwork
Moonscape Bench,29.7180884,-95.3912485,artwork
George Hermann Statue,29.7152584,-95.395748,artwork
Fiesta Mart,29.8368658,-95.6446754,supermarket
African Elephant Statue,29.7121882,-95.3929964,artwork
Dick Dowling Statue,29.7090478,-95.3908123,artwork
Leda and the Swan,29.7213575,-95.3400323,artwork
Luncheon on the Grass,29.7205031,-95.3405926,artwork
Untitled,29.7201622,-95.3405686,artwork
Split Level,29.7194228,-95.3412809,artwork
Doble Physichromic Modular,29.7188609,-95.3399008,artwork
Healing Nature,29.7185343,-95.3381962,artwork
Healing Nature,29.7180903,-95.3384454,artwork
Round About,29.7165855,-95.3396663,artwork
Genki,29.7183864,-95.3447021,artwork
Strength in Caring,29.7182311,-95.3445548,artwork
Evocacio Oriental,29.7179073,-95.347733,artwork
The Four Horsemen and Soho Saint,29.7178331,-95.3482351,artwork
Clinical Research & Services Building Collection,29.7161297,-95.3483534,artwork
Untitled,29.719976,-95.3488883,artwork
Nemo,29.7200022,-95.3512906,artwork
Jonah and the Whale,29.7198363,-95.3510086,artwork
Mujer con las Manos Cruzadas,29.721268,-95.3464276,artwork
"Waterfall, Stele and River",29.7208738,-95.3447044,artwork
Cougars,29.7231785,-95.3443284,artwork
A Comma A,29.7208414,-95.342715,artwork
A Comma A,29.72099,-95.3425209,artwork
Tower of the Cheyenne,29.7213699,-95.3429704,artwork
Orbit II,29.7239366,-95.3380574,artwork
Albertus Magnus,29.7231112,-95.3386786,artwork
Modulation,29.7263876,-95.3392226,artwork
University Computing Center Collection,29.7267036,-95.3397666,artwork
Big Orange,29.7269462,-95.3407331,artwork
Untitled,29.7270403,-95.3445756,artwork
Carl Lewis,29.7258089,-95.3461029,artwork
Athletic/Alumni Center Collection,29.7256809,-95.3461629,artwork
Cougar,29.7243648,-95.3474546,artwork
Winged Woman,29.7256024,-95.3441298,artwork
Euphonia,29.7255804,-95.344359,artwork
Ary Stillman Collection,29.7255188,-95.34457,artwork
A Moment in Time,29.7246151,-95.3440788,artwork
Flower Woman,29.7244034,-95.3438459,artwork
Orpheus,29.7247172,-95.3424396,artwork
Manole Uprising Sled,29.7245866,-95.3428648,artwork
Benches,29.7242406,-95.3417238,artwork
Ali,29.7239378,-95.3421282,artwork
Landscape with Blue Trees,29.7232604,-95.3412375,artwork
Lotus,29.7227325,-95.3438418,artwork
Houston Zoo Map #4,29.7150754,-95.3902974,tourist_info
Houston Zoo Map #5,29.7142169,-95.3903625,tourist_info
Houston Zoo Map #7,29.71357,-95.3915112,tourist_info
Houston Zoo Map #3,29.7143295,-95.3910308,tourist_info
Houston Zoo Map #2,29.7149657,-95.3921509,tourist_info
Dinosaurs at the Houston Zoo,29.7144886,-95.3925052,attraction
Subway,29.835613,-95.646585,fast_food
Aaina Brow Bar,29.8356129,-95.6466803,beauty_shop
Dolllar and More Varieties,29.8356128,-95.6467616,department_store
El Klosko Frutas y Helados,29.8356127,-95.6468653,cafe
Soccer 4all,29.8356124,-95.6471457,sports_shop
T Nails,29.8356123,-95.6472017,beauty_shop
Beauty Salon Botique,29.8356123,-95.647264,beauty_shop
Dong Khanh Market,29.8356222,-95.6483971,supermarket
Aaron's,29.8356315,-95.6479894,furniture_shop
Bear Loebe's Karate,29.8353756,-95.647968,sports_centre
Cafe Giot Dang,29.8352406,-95.647976,cafe
"Bench (metal, 2ea)",29.8122046,-95.6641344,bench
Smoothie King,29.8316938,-95.7030084,fast_food
BK Foods,29.831752,-95.7028073,convenience
Subway,29.8314053,-95.7046889,fast_food
Andy's Hair Place,29.8316101,-95.7046754,hairdresser
Katy Tools,29.8317357,-95.7046781,doityourself
Clay Dental,29.8318498,-95.7046808,dentist
Al-Ahad Meat and Grocers,29.8322662,-95.7046406,supermarket
Shoe Repair,29.8321755,-95.7046889,shoe_shop
Smitty's Bar and Grill,29.8321848,-95.7042999,bar
Texas Food Supermarket,29.8316729,-95.70857,supermarket
Mugshots Tavern,29.8316776,-95.7088275,bar
Casilla's Hair,29.8316985,-95.7092352,hairdresser
Maytena Bakery #2,29.8315542,-95.7092379,bakery
JCPenney,30.0089727,-95.271457,department_store
Forever 21,30.0098739,-95.2696278,clothes
Dillard's,30.00855,-95.2699174,department_store
Sears,30.0075698,-95.271162,department_store
Gifts of Texas,30.0080204,-95.2711539,gift_shop
Lane Bryant,30.0082471,-95.2711516,clothes
Barnes & Noble,30.0082056,-95.2705661,bookshop
Victoria's Secret,30.0085466,-95.270932,clothes
Boost Mobile,30.0086777,-95.2705837,mobile_phone_shop
Diamond Wireless,30.0087127,-95.2706721,mobile_phone_shop
Shapes Makeover Bar,30.0087367,-95.2707629,beauty_shop
Shapes Brow Bar,30.0088219,-95.2707276,beauty_shop
Motherhood Maternity,30.0088635,-95.2708311,clothes
Aldo,30.0090077,-95.2707781,shoe_shop
Gold Elements,30.0089443,-95.2708008,beauty_shop
Express,30.0090514,-95.2704424,clothes
Aeropostale,30.0092131,-95.2707074,clothes
Shoe Palace,30.0093749,-95.2709472,shoe_shop
Helzberg Diamonds,30.0093071,-95.2706796,jeweller
Cardtronics,30.0094076,-95.2706443,atm
Stride Rite,30.0091498,-95.2703793,shoe_shop
Build-A-Bear Workshop,30.0092175,-95.2703465,toy_shop
American Eagle Outfitters,30.0093202,-95.2703036,clothes
Gap,30.0095104,-95.2701824,clothes
Gap Kids,30.0095978,-95.2701547,clothes
Elements Grill,29.7219141,-95.3898569,fast_food
Collector's Shop,29.7221203,-95.3900769,gift_shop
Houston Museum of Natural Science Store,29.7218063,-95.389373,gift_shop
Kingwood Town Center,30.049731,-95.1846576,fountain
Studio K - A Hair Company,30.048342,-95.1847273,hairdresser
MJ Nail Salon,30.0481911,-95.185072,beauty_shop
Chachi's Mexican Restaurant,30.0480617,-95.1855796,restaurant
Texas Sushi Hana,30.0482021,-95.1856292,restaurant
Fabulous Things,30.0483379,-95.1856748,gift_shop
Moriri Hair Etc Salon & Day Spa,30.0484584,-95.1857278,hairdresser
Face It Med Spa,30.0485327,-95.1857801,beauty_shop
Russo's New York Pizzeria,30.0487103,-95.1854019,restaurant
Gnome Sweet Gnome,30.0483376,-95.1852678,gift_shop
Va Va Bloom,30.0482866,-95.185249,florist
Town Center Foot and Ankle,30.0483498,-95.1852396,clinic
Kingwood PC Repair,30.0482314,-95.1852208,computer_shop
Hair by Tony,29.7978265,-95.7186907,beauty_shop
Cricket Wireless,29.7994118,-95.7186699,mobile_phone_shop
Fry Road Animal Clinic,29.7989556,-95.7199198,veterinary
Family Medicine,29.7990813,-95.7199305,clinic
Panadería Y Pupuseria Magili Bakery,29.7994467,-95.71996,bakery
Italian Pizza & Pasta,29.7995538,-95.71996,restaurant
Ivy Nails,29.7997353,-95.7199734,beauty_shop
Koby Japanese Steak House & Sushi Bar,29.7999215,-95.7199842,restaurant
Cravin' Cajin,29.800685,-95.7201585,restaurant
Vivien Nails,29.8008176,-95.7200432,beauty_shop
Domino's,29.8009526,-95.7200512,fast_food
Computers,29.8010294,-95.7200539,computer_shop
Alameda Meat Market,29.8011505,-95.7200646,butcher
Jury Beauty Supply,29.8012924,-95.7200566,beauty_shop
Cards and Comics,29.8013483,-95.7200593,bookshop
El Kiosko Frutas Y Helados #12,29.8014065,-95.72007,cafe
Katy Centro Medico Hispano,29.8014786,-95.720078,clinic
Goodwill Select Store,29.8016555,-95.7200915,clothes
Katy Dental,29.8023258,-95.7200861,dentist
Sophisti Cuts,29.8024003,-95.7200888,hairdresser
Boost Mobile,29.8024702,-95.7200861,mobile_phone_shop
Natural Nails & Hair,29.8030942,-95.72023,hairdresser
Cleaners,29.8031686,-95.7202354,laundry
Washateria,29.8032522,-95.7202363,laundry
Kelsey-Sebold Clinic,30.0459483,-95.1832684,clinic
Kelsey-Seybold Pharmacy,30.0461349,-95.1832586,pharmacy
Kingwood Bagel & Sandwich,30.0476822,-95.1844576,cafe
Papa John's,30.0477249,-95.1844737,fast_food
Memorial Hermann Medical Group,30.0476134,-95.1838031,clinic
Memorial Hermann Sports Medicine and Rehabilitation,30.0475333,-95.1839869,clinic
Creekwood Dental,30.0473612,-95.1838506,dentist
Sky Liquors Cigars and,29.8492252,-95.683816,beverages
Outlaw Country,29.8498813,-95.6828343,bar
Taqueria,29.8490885,-95.6829026,fast_food
Transitions Beauty Shop,29.8491746,-95.6823662,beauty_shop
Windsong Trail,29.8490573,-95.6756643,community_centre
Mi Rancho,29.9367186,-95.2490338,restaurant
Verizon,29.9355918,-95.2464751,mobile_phone_shop
Subway,29.9369706,-95.249044,fast_food
Walmart Pharmacy,29.9360928,-95.2524343,pharmacy
T-Mobile,29.9361648,-95.2500548,mobile_phone_shop
Gustafson Dental,29.936327,-95.245585,dentist
Shell Federal Credit Union,29.9378267,-95.2489958,bank
Gadget MD Cell Phone Repair,29.9367571,-95.2472618,mobile_phone_shop
Tutti Frutti Frozen Yogurt,29.9367613,-95.2473588,fast_food
Texas State Optical,29.9363581,-95.2460792,optician
MP Nails Spa,29.9370337,-95.2490466,beauty_shop
Pizza Hut,29.9368445,-95.2490389,restaurant
Stonefield Liquor & Tobacco,29.9367168,-95.2488338,beverages
Park Lakes Cleaners,29.9372355,-95.2490548,laundry
Park Lakes Dental Care,29.9371346,-95.2490507,dentist
Urgent Care & Weight Loss,29.9351281,-95.215247,clinic
Summer Creek Physicians,29.9352315,-95.2152404,clinic
Summer Creek Cleaners,29.9351836,-95.2146506,laundry
Bar 88,29.9353464,-95.2168222,bar
Lotus Nail and Day Spa,29.9353484,-95.2171686,beauty_shop
Kings Crossing Animal Hospital,30.0572962,-95.1873992,veterinary
Kingwood Meat Market,30.0549747,-95.1869576,butcher
Soccer4All,30.0548829,-95.1872647,sports_shop
Action Chiropractic,30.0549078,-95.1870813,clinic
Carus Dental,30.0548944,-95.1871719,dentist
Mercury Tanning Salon,30.0548619,-95.1874591,beauty_shop
Walgreens,30.0520192,-95.1863954,pharmacy
Town Center Family Dentistry,30.0517801,-95.1862291,dentist
Nextlevel Urgent Care,30.0518451,-95.1862586,clinic
Hunan Garden Restaurant,30.0510899,-95.1863493,restaurant
S&A Nails,30.0516963,-95.1862804,beauty_shop
Domino's,30.0508288,-95.1866068,fast_food
Hallmark,30.0507795,-95.1866378,gift_shop
Swift,29.846583,-95.366573,convenience
Her Healthcare,30.0601925,-95.2480069,clinic
Cyndy's Nails,30.0611509,-95.2476159,beauty_shop
Medi Spa,30.061124,-95.2475123,beauty_shop
Fung's kitchen,29.7026669,-95.5170209,restaurant
Ocean Palace,29.7028834,-95.5786086,restaurant
Starbucks,29.7156999,-95.4173876,cafe
Minuti Coffee,30.0540101,-95.2594419,cafe
Mean Dog,30.0075681,-95.110051,dog_park
Monument au Fantome,29.7533427,-95.3583539,artwork
Synchronity of Color - Red,29.7531436,-95.3600865,artwork
Synchronity of Color - Blue,29.7525383,-95.3590814,artwork
CenterPoint Energy Seating Areas,29.7527149,-95.3598658,picnic_site
Starbucks,29.7515798,-95.3601287,cafe
JP Morgan Chase Bench Area,29.7524783,-95.3595422,picnic_site
Beverly and Staman Ogilvie Seating Area,29.7525349,-95.3595543,picnic_site
Wachovia Securities Seating Area,29.7523632,-95.3591887,bench
Riley Family Fountain,29.7521946,-95.3599588,fountain
Listening Vessels,29.7520076,-95.3598981,artwork
Ray C. Fish Foundation Bench Area,29.7517852,-95.3596584,bench
George R. Brown,29.7528775,-95.3600775,artwork
Burguieres Foundation Seating Area,29.7533652,-95.3607213,bench
Greg and Gretchen Tharp Fountain,29.7534294,-95.3605932,fountain
"Friends of Lily, Kelly & Sadie Kinder Seating Area",29.753305,-95.3606266,bench
Wells Fargo Seating Area,29.7532916,-95.3606012,bench
The Bela Fountain,29.753212,-95.3603604,fountain
Simmons Family Stage,29.7537553,-95.3601658,theatre
HPL Express,29.7534071,-95.3595422,library
The House (Heart),29.7519161,-95.3595178,artwork
Carruth Foundation Bocce Courts,29.752066,-95.3597102,pitch
Powell Foundation Outdoor Reading Room,29.753371,-95.359668,bench
Morgan Reading Room,29.7534409,-95.3595232,bench
Tookie's Seafood,29.5616169,-95.0247795,restaurant
Lillian Schnitzer Fountain Statue,29.721297,-95.3868353,artwork
Oliver Twist,29.7192812,-95.3884429,artwork
Portable Trojan Bear,29.718089,-95.3872331,artwork
Japanese Lanterns,29.71878,-95.3914865,artwork
Kugel Ball Fountain,29.7168797,-95.394264,fountain
Mr. and Mrs. William Clayton,29.7256026,-95.3866407,artwork
Holcombe Drive,29.7262361,-95.3860265,artwork
Two: The Dawn,29.7356315,-95.3916065,artwork
Charlotte Allen Fountain,29.738558,-95.3706468,fountain
Ronald E. McNair,29.7429195,-95.3625331,artwork
Power of Houston,29.7513413,-95.3578271,artwork
Heritage Lanterns,29.751336,-95.3633069,artwork
Gazebo Roof,29.7511918,-95.364145,artwork
APRECI8,29.7511937,-95.372959,artwork
Dogs,29.7606785,-95.371927,artwork
Neuhaus Fountain Coyotes,29.7601058,-95.3711754,artwork
Armillary Sphere,29.7603306,-95.3706831,artwork
Shady Grove,29.7616823,-95.3799232,artwork
Open Channel Flow,29.762653,-95.3774826,artwork
untitled (totems),29.7632711,-95.375254,artwork
The Blue Trees,29.7648172,-95.3978468,artwork
Pueblo Bonito,29.7663617,-95.3977811,artwork
Arcadia,29.7726019,-95.397053,artwork
U.S.S. Houston Monument,29.7594216,-95.372205,memorial
Alexander Hodge Memorial,29.7595,-95.3716181,memorial
John B. Connally,29.7593335,-95.3715054,memorial
World War I Monument,29.7591491,-95.3713127,memorial
"Geometric Mouse, Scale X",29.7598031,-95.3700455,artwork
The Battle of Midway,29.7604958,-95.3699625,artwork
Sam Houston,29.7603926,-95.3692102,artwork
Sam Houston,29.7602936,-95.3693013,artwork
Untitled - Friedlander,29.7602752,-95.3693258,artwork
City Hall Interior Bas Reliefs,29.760247,-95.3692688,artwork
Guitar Solo,29.7597932,-95.3672806,artwork
KGA Art Bench,29.7597805,-95.3671112,artwork
Julia Ideson,29.7590482,-95.3691774,artwork
"Generations, Union Sheet Metal Craftsmen",29.7590581,-95.3690031,artwork
Sam Houston,29.7589309,-95.3692327,artwork
Houston Lyceum Committee,29.7589219,-95.3690278,artwork
Galveston Bay/Harbor,29.7589299,-95.3690052,artwork
George Washington Bust after Houdon,29.7588801,-95.3690319,artwork
Stephen F. Austin,29.7588509,-95.3689686,artwork
The Venus De Milo,29.7588423,-95.3690131,artwork
Spider Lilies,29.7588295,-95.3690685,artwork
Sam Houston,29.7588329,-95.3690438,artwork
Rembrant,29.7587994,-95.3690181,artwork
Wild Boar,29.7587951,-95.3689222,artwork
Venus De Milo,29.7587574,-95.368851,artwork
The Alamo/San Antonio Texas,29.7587212,-95.3692786,artwork
Wall Drawing 2002,29.7615674,-95.3695554,artwork
In Minds,29.761073,-95.3694942,artwork
Sweeney Clock,29.7620772,-95.368771,artwork
Columbia Memorial,29.7614538,-95.3687375,memorial
Hair Revolution Salon,29.5837738,-95.1312304,beauty_shop
Mickey Leland,29.9874013,-95.3344364,artwork
The Annie,29.9879979,-95.338313,restaurant
Winds of Change,29.9863593,-95.3386581,artwork
Beads,29.9865241,-95.3339413,artwork
Leopard Sky,29.9867913,-95.3342122,artwork
Galaxy Way,29.9867123,-95.3335926,artwork
"Passages 1, 2, 3, 4",29.9861594,-95.3335577,artwork
Time Line,29.9872118,-95.3326163,artwork
Little Caesars,29.8989307,-95.4288134,fast_food
Little Caesars,29.828125,-95.3740626,fast_food
Shelter D2,29.8085941,-95.6692026,shelter
Shelter D1,29.8084196,-95.6692267,shelter
Shelter F2,29.8109022,-95.6706624,shelter
Shelter F1,29.8108522,-95.670431,shelter
The Amish Craftsman,29.7703436,-95.417697,furniture_shop
Little Caesars,29.870448,-95.3826709,fast_food
Mamacita's,29.5414238,-95.1138536,restaurant
El Hidalguense,29.8025708,-95.4705104,restaurant
Spanish Flowers Seafood & Oyster Bar,29.9090554,-95.4133251,restaurant
Skechers Factory Outlet,29.9134788,-95.4135744,shoe_shop
El Papaturro,29.9312898,-95.4077994,restaurant
Domino's,29.9312676,-95.4082501,fast_food
Subway,29.9131982,-95.4135695,fast_food
James Avery Jewelry,29.872905,-95.6460845,jeweller
Schlotzsky's,29.6637124,-95.0990386,fast_food
Dunkin',29.83959,-95.4891624,fast_food
BLVD Dentistry,29.7725803,-95.3989785,dentist
Doctors Express Urgent Care,29.7726682,-95.3989819,clinic
Denny's,29.9379523,-95.3721616,restaurant
T-Mobile,29.7745484,-95.3989635,mobile_phone_shop
CVS Pharmacy,29.7728943,-95.2485775,pharmacy
Wells Fargo,29.7729968,-95.245112,bank
Veteran Honor Garden,30.0589723,-95.187457,memorial
Piada Italian Street Food,29.7609975,-95.4206271,fast_food
Schlotzsky's,30.0724376,-95.5110905,fast_food
Schlotzsky's,30.0651092,-95.439241,fast_food
Whole Foods Market,29.7495946,-95.4618721,supermarket
Buffalo Wild Wings,29.9969154,-95.1743793,restaurant
Dermatological Association of Texas,29.5353538,-95.1264579,doctors
H-E-B Pharmacy,29.6064547,-95.1263903,pharmacy
H-E-B Pharmacy,29.666908,-95.096314,pharmacy
H-E-B Pharmacy,30.0027826,-95.6385734,pharmacy
Gold Nails,29.8686615,-95.384277,beauty_shop
Pan Dulce Bakery,29.8686627,-95.3842116,bakery
Seabrook Community House,29.5640667,-95.0247753,community_centre
H-E-B Pharmacy,29.7482233,-95.484647,pharmacy
Becks Prime,29.7732626,-95.4333134,restaurant
Angelo'z,29.6915956,-95.4120932,fast_food
East Star Chinese Buffet,29.54669,-95.1060915,restaurant
Starbucks,29.7556333,-95.3667303,cafe
Popeyes,29.7165205,-95.3544047,fast_food
site of civil war era gunpowder mill explosion,30.1110869,-95.6529773,attraction
Avis,29.6567678,-95.2808183,car_rental
Enterprise,29.6523065,-95.2642637,car_rental
Smoothie King,29.9237265,-95.195442,fast_food
Subway,29.9236645,-95.1954538,fast_food
IHOP,29.5449282,-95.108883,restaurant
Half Price Books,29.5465336,-95.1082902,bookshop
Cuisine Of India,29.5468836,-95.1018743,restaurant
Shipley Doughnuts,29.5467739,-95.1021935,restaurant
Ray's Italian Kitchen,29.5481297,-95.1011074,restaurant
Mediterranean Chef,29.5482207,-95.1004744,restaurant
Pho NASA,29.5474406,-95.0990855,restaurant
Fuddruckers,29.5514134,-95.0877044,restaurant
Bullrito's,29.5500472,-95.0920442,restaurant
Five Guys,29.5495297,-95.0936278,fast_food
1000 Degrees Neapolitan Pizzeria,29.5493495,-95.0928117,restaurant
Burger Nation,29.5478467,-95.0983564,restaurant
Franca's Italian,29.5469627,-95.1041176,restaurant
Mom Alone,29.5472548,-95.103773,restaurant
Clear Lake Specialties,29.5342489,-95.1297959,doctors
James Coney Island,29.527107,-95.1302034,restaurant
Harbor Freight Tools,29.5312193,-95.1305946,doityourself
Nobi Public House,29.539191,-95.1168013,pub
The Hop,29.5375652,-95.1184079,nightclub
Hunan Star,29.5747297,-95.1094732,restaurant
The UPS Store,29.7424585,-95.4254575,post_office
West University Community Building and Senior Center,29.7166198,-95.4377206,community_centre
Academy Sports + Outdoors,30.0024474,-95.2814139,sports_shop
Persona Wood Fired Pizzeria,29.9367229,-95.2471838,fast_food
Kroger,29.6535678,-95.0321936,supermarket
Bright Orthodontics Katy,29.7718953,-95.7526949,dentist
Jack in the Box,29.6531246,-95.0309078,fast_food
First Choice Emergency Room,29.6527539,-95.0313053,clinic
Tokyo Bowl,29.5721744,-95.1079869,restaurant
Ace Hardware,29.5747292,-95.1071878,doityourself
CVS Pharmacy,29.5549683,-95.1209094,pharmacy
Wells Fargo,29.5553976,-95.1201799,bank
Bay Area Barber Shop,29.5583174,-95.1176829,hairdresser
Pizza Hut,29.5702946,-95.0257401,restaurant
Pier Eight Seafood Market,29.5534391,-95.0223258,restaurant
Merlion,29.5598029,-95.0232255,restaurant
Cell Wizard,29.5609227,-95.0240274,mobile_phone_shop
Midnite Slice,29.5626889,-95.0243225,restaurant
Galleria Aesthetics,29.7374563,-95.4695813,beauty_shop
Star Ice & Teriyaki,29.7035303,-95.5543131,fast_food
UTMB Health,29.5342554,-95.1258801,doctors
Space Center Souvenir,29.5332248,-95.1250196,gift_shop
Arlan's Market,29.5674654,-95.0594107,supermarket
Casa Anita's,29.5674592,-95.0602033,restaurant
Bay Area Meat Market,29.5724278,-95.0589586,restaurant
Bay Area Meat Market,29.5725017,-95.0589368,butcher
Java Coffee & Tea Co.,29.7363898,-95.5200085,cafe
DNA Pharmacy & Health Systems,29.8485191,-95.2644932,pharmacy
Oral Surgery Associates,29.546736,-95.1181625,dentist
Bonita's Hair Nails & Massage,29.8497031,-95.6827802,beauty_shop
Seller's Brothers,29.810541,-95.5256538,supermarket
Subway,29.8101515,-95.5250249,fast_food
Whataburger,29.9861327,-95.3457969,fast_food
Main Street Theater,29.7168193,-95.4179631,theatre
Paul J. Houser DDS & Adriana Guerrero DDS,29.5450144,-95.1796977,dentist
Fountain 7,29.8886806,-95.5400523,fountain
Fountain 6,29.8885762,-95.5389311,fountain
The UPS Store,29.725221,-95.4162324,post_office
Night Light Pediatric Urgent Care,29.5426135,-95.1424685,doctors
Amy and Alans,29.5724167,-95.1246143,guesthouse
Poké Fresh,29.758101,-95.370137,restaurant
Bullritos,29.9860574,-95.3455849,fast_food
Chick-fil-A,29.9866974,-95.3459524,fast_food
Cibo Express,29.9858611,-95.3456426,convenience
Duty Free Store,29.9858065,-95.3459416,gift_shop
El Real,29.9869309,-95.3461106,fast_food
Freshii,29.9869797,-95.3460234,restaurant
Jason's Deli,29.986227,-95.3455916,restaurant
Johnston & Murphy,29.9858773,-95.3454696,shoe_shop
Panda Express,29.9860469,-95.3457995,fast_food
Ray's BBQ Shack,29.9863373,-95.3459591,fast_food
Cibo Express,29.9859772,-95.3455232,convenience
Smashburger,29.986414,-95.3460958,fast_food
Spanx,29.9862153,-95.3458853,clothes
Spirit of the Red Horse,29.9871411,-95.3458196,clothes
Starbucks,29.9858634,-95.3456975,cafe
Tagliare,29.9861329,-95.3455862,fast_food
The Wall Street Journal,29.9863338,-95.345668,convenience
Barcüterie,29.9856543,-95.3461522,bar
Sunglass Icon,29.9871411,-95.3459617,optician
3rd Bar Eating House,29.9859761,-95.3458236,pub
Johnny Nelson Katy Heritage Museum,29.791165,-95.8265654,museum
Baylor Family Practice,29.7330473,-95.4184239,clinic
Bogies,30.0189828,-95.3801547,bar
Bagby Dog Park,29.7516615,-95.3758031,dog_park
Midtown Artwork,29.7519339,-95.3760293,artwork
Emily Morgan Fountain,29.7774796,-95.5429267,fountain
Marshal's,29.550749,-95.1437957,department_store
Lakeside Dental,29.561827,-95.0411748,dentist
Maribelle's,29.5623827,-95.0410173,bar
Cellular Sales- Verizon Authorized Retailer,29.5626721,-95.0417446,mobile_phone_shop
Spec's Liquor,29.5619579,-95.0411483,beverages
Pelican Grill,29.5624935,-95.0410987,restaurant
Corner Store,29.5635694,-95.0423658,convenience
Wong's Chef,29.560414,-95.0385983,restaurant
Iguana Rana's,29.5600846,-95.0385895,restaurant
Wells Fargo,29.5594119,-95.0391203,bank
Taqueria NASA,29.560511,-95.0347353,restaurant
Seabrook Classic Cafe,29.5601288,-95.0336417,restaurant
Moody National Bank,29.5613252,-95.0313093,bank
Second Baptist High School Ballpark,29.7585757,-95.4973615,park
Deer Park Library,29.6838588,-95.1228358,library
Last Drop Liquor,29.6858616,-95.1239999,beverages
Cattle Drive BBQ,29.6864045,-95.1239677,restaurant
Baytown Seafood,29.6892473,-95.1238684,restaurant
Deer Park Community Center,29.6891381,-95.1186556,community_centre
Ingenia Polymers Houston,29.7575385,-95.1420865,attraction
Dunkin' Donuts,29.6815036,-95.1229223,fast_food
McDonald's,29.6991563,-95.1234158,fast_food
Burger King,29.6995244,-95.1232978,fast_food
Shell Federal Credit Union,29.7003492,-95.1222088,bank
Jimmy Burke Activity Center,29.699199,-95.1277857,community_centre
The Battleground,29.6963784,-95.1358536,restaurant
The Battlegrounds Driving Range,29.6963632,-95.1343043,sports_centre
SpaceTrader Gift Shop,29.5515403,-95.0982898,gift_shop
Gift Station,29.5521936,-95.0983113,gift_shop
Astronaut Gallery,29.5519673,-95.0987958,attraction
Space Center Theater,29.5519843,-95.0990254,attraction
International Space Station,29.5517223,-95.0985272,attraction
Mission Mars,29.5521076,-95.0984897,attraction
Mission Briefing Center,29.5521839,-95.098127,attraction
Destiny Theater,29.5518737,-95.098,attraction
7 Starship Gallery,29.5518652,-95.0977411,attraction
Kids Space Place,29.5517009,-95.0978762,attraction
Murder By Chocolate,29.544406,-95.1041363,bakery
Somboon Thai Kitchen,29.7765006,-95.4114297,restaurant
Texas knife makers supply,29.7987483,-95.5616142,attraction
Gessner Carwash,29.8845636,-95.54148,car_wash
Sketch Florist,29.8909064,-95.5378792,florist
Caly Nails,29.8909854,-95.5378792,beauty_shop
Computer Clinic,29.8911203,-95.5378792,computer_shop
ZAF Cleaners,29.8912226,-95.5378792,laundry
Radhika Spa Wellness Center,29.8914621,-95.5378792,beauty_shop
Royal Mart,29.8916179,-95.5378792,convenience
Fountain 4,29.8859807,-95.5285067,fountain
Fountain 5,29.8873342,-95.5294776,fountain
Fountain 3,29.8867644,-95.5305183,fountain
Fairbanks Liquor,29.8820459,-95.5250658,beverages
510 Bar,29.8819384,-95.5250713,bar
Hollywood Nails,29.8818312,-95.5250769,beauty_shop
Galaxy Mart,29.8814023,-95.525099,convenience
Mr. K Donuts & Kolaches,29.8815097,-95.5250935,fast_food
Mi Tierra,29.8832575,-95.5242062,restaurant
Seafood Kitchen,29.883258,-95.52413,restaurant
Off the Wall Work and Play Cafe,29.8832597,-95.5238541,cafe
Laugh N' Discover,29.8832603,-95.5237621,kindergarten
Dong Tin Jewelry,29.7027833,-95.5786042,jeweller
Harris County Sheriff's Office District 5 Substation,30.0300032,-95.5985614,police
Bay Area Veterinary Specialists,29.6141997,-95.2119111,veterinary
Starbucks,29.925438,-95.1971223,cafe
Berripop Frozen Yogurt,29.6887698,-95.4621051,cafe
La Esperanza,29.8970632,-95.5243856,restaurant
Fairbanks Carwash,29.8977491,-95.5243574,car_wash
Smashburger,29.7538917,-95.6245553,fast_food
Auntie Melody,29.751153,-95.6123259,guesthouse
Ashrod Building,29.753548,-95.607204,community_centre
the commons,29.737697,-95.624173,community_centre
Office Depot,29.7339661,-95.6250751,stationery
First Choice Emergency Room,29.7520825,-95.624718,clinic
Ahead 29 Apartments,29.6905655,-95.62815,community_centre
Lowe's,29.7798642,-94.9757497,doityourself
McDonald's,29.7767269,-94.9747314,fast_food
Ross,29.773556,-94.9800435,department_store
Monument Inn,29.7611311,-95.0804689,restaurant
Tri-County Marker,29.7886158,-95.825973,monument
Tide Cleaners,29.7617649,-95.4198969,laundry
The Teahouse,29.7617654,-95.419809,cafe
Fajita Pete’s,29.761766,-95.419713,restaurant
DSW,29.7422044,-95.4601557,shoe_shop
Lakeshore Learning Store,29.7429898,-95.4601939,bookshop
The Honey Hole,29.7432498,-95.4602067,restaurant
Centrl Sply,29.7434434,-95.4602131,shoe_shop
Dick's Sporting Goods,29.7438859,-95.4602194,sports_shop
Grand Lux Cafe,29.7411202,-95.462946,restaurant
Nordstrom Rack,29.7421712,-95.4630289,department_store
Marshalls,29.7426082,-95.4626721,department_store
Old Navy,29.7427354,-95.4618312,clothes
Relax the Back,29.7418804,-95.4629702,department_store
Bellagio Fountain,29.8869619,-95.5485444,fountain
City of Jersey Village Water Tower,29.8806327,-95.550186,water_tower
Bicycles and Smoothies,29.7675243,-95.6431063,bicycle_rental
King's Head Pub,29.7491465,-95.6244819,pub
Super K Food Store,29.8590502,-95.3502191,convenience
None,29.8036568,-95.1921363,shelter
None,29.8048007,-95.1912035,shelter
Mogul Indian,29.5564265,-95.1188327,restaurant
888 Chinese Restaurant,29.5554046,-95.1214451,restaurant
McDonald's,29.5776422,-95.107385,fast_food
Denny's,29.5783233,-95.1070524,restaurant
Nokturne,29.5588223,-95.1132168,restaurant
Chase,29.5542214,-95.1203435,bank
Kolache Factory,29.5451523,-95.1346764,cafe
Torchy's Tacos,29.5431456,-95.1382813,restaurant
Panera Bread,29.5558451,-95.1513027,fast_food
Starbucks,29.5564406,-95.149822,cafe
Budget,29.9697085,-95.3319993,car_rental
Family Food,29.9301018,-95.3035388,convenience
Brident,29.8598632,-95.385707,dentist
AT&T,29.5455537,-95.1056812,mobile_phone_shop
Office Depot,29.5467383,-95.1081503,stationery
Eduardo's Mexican Kitchen,29.5453083,-95.1083558,restaurant
Subway,29.5469158,-95.1078173,fast_food
Masa Sushi,29.5471987,-95.1081074,restaurant
Sunny's,29.5481738,-95.1078512,convenience
Domino's,29.5637511,-95.0450475,restaurant
Village Pizza and Seafood,29.5646743,-95.044663,restaurant
ALDI,29.8229583,-95.4097761,supermarket
DriveSavers Data Recovery,29.7607358,-95.3975442,computer_shop
La Diabla,29.7622041,-95.361006,bar
B&B Butchers,29.767862,-95.3764426,restaurant
Bubba's Texas Burger Shack,29.7259871,-95.4668573,fast_food
Sbarro,29.7386875,-95.4623741,fast_food
Taste Kitchen + Bar,29.76096,-95.3619869,restaurant
The Pass & Provisions,29.7587752,-95.3856423,restaurant
True Food Kitchen,29.7498579,-95.4625164,restaurant
Adair Kitchen,29.7490172,-95.4665814,restaurant
Pappas BBQ,29.7581914,-95.3692405,restaurant
Total Wine & More,29.705371,-95.4199371,beverages
Otto's,29.7574413,-95.3704044,restaurant
Pappas Bros. Steakhouse,29.755539,-95.3631481,restaurant
Chick-fil-A,29.7575276,-95.3703175,fast_food
Fresh Healthy Cafe,29.7574772,-95.3702996,fast_food
Starbucks,29.7410211,-95.4665679,cafe
Ruth's Chris Steak House,29.7383345,-95.4715567,restaurant
Walgreen,29.5912848,-95.4698381,pharmacy
Subway,29.5952557,-95.4669526,fast_food
Foodarama,29.5945796,-95.4663316,supermarket
Frenchy's,29.595219,-95.4667521,fast_food
Boost Mobile,29.5947223,-95.4680556,mobile_phone_shop
Shake Shack,29.7397336,-95.4627643,fast_food
Bounce Bounce Trampoline Park,29.8927321,-95.6844972,theme_park
Fish & Chicks,29.8924298,-95.6844811,fast_food
Hotspot Cajun Seafood House,29.8921508,-95.6844758,restaurant
Frenchy's Chicken,29.8918578,-95.6844664,fast_food
Voice Karaoke Bar & Lounge,29.8923624,-95.6844821,bar
Black Bottle Wine Lounge,29.8922903,-95.6844794,bar
Master's Workshop 2,29.8920938,-95.6844727,jeweller
A-1 Dental,29.8919775,-95.68447,dentist
Washateria,29.8915159,-95.6842608,laundry
Mega Cleaners,29.8914415,-95.6842554,laundry
MaTu Chinese Restaurant,29.8912718,-95.684246,restaurant
Britney Hair Studio,29.8911043,-95.6842398,hairdresser
Top Sushi,29.8910381,-95.6842384,restaurant
Virtuoso,29.7628545,-95.3651131,artwork
George H. W. Bush,29.7650091,-95.366009,monument
Top Gun Range,29.7300141,-95.4824471,outdoor_shop
Skywood Food Market,29.8593714,-95.3964848,convenience
CJ Express,29.8600283,-95.3912938,convenience
New Smiles Implant & Orthodontic Center,29.7032578,-95.5804252,dentist
DXL Men's Apparel,29.7880104,-95.7942019,clothes
Chipotle,29.7868561,-95.7924527,fast_food
Field & Stream,29.7879689,-95.792401,outdoor_shop
Golf Galaxy,29.7879128,-95.7911963,sports_shop
Dick's House of Sport,29.7879897,-95.7919013,sports_shop
Hope Village Food Store,29.5452137,-95.1801576,convenience
Personage and Birds,29.760264,-95.3645299,artwork
James Avery Jewelry,30.0085452,-95.269833,jeweller
Dillard's,29.5436031,-95.1500881,department_store
James Avery Jewelry,29.782082,-95.5409993,jeweller
James Avery Jewelry,29.9616009,-95.537781,jeweller
Houston Flooring Warehouse,30.0089174,-95.4614926,doityourself
None,29.80313,-95.1917535,shelter
Beautiful Grace Salon,29.9964077,-95.1611382,hairdresser
Chinese Baptist Church,29.7817996,-95.5049603,community_centre
Hyderabad House,29.788534,-95.6464929,restaurant
Home Base Pizza,29.9055714,-95.6703965,restaurant
Snowflake Donuts,29.9054151,-95.6701981,bakery
Academy Sports + Outdoors,29.9166221,-95.6128026,sports_shop
None,29.8770134,-95.0790558,shelter
None,29.8775803,-95.081962,shelter
Vito's Famous,30.0263775,-95.562283,restaurant
Potbelly,29.9040008,-95.5517273,fast_food
Carter's,29.9254556,-95.2040851,clothes
Osh Kosh,29.9255223,-95.2040846,clothes
Famous Footwear,29.9256326,-95.2040798,shoe_shop
Nails of America,29.9258302,-95.2040654,beauty_shop
James Avery Jewelry,29.9272355,-95.2025472,jeweller
The UPS Store,29.9272814,-95.2025823,post_office
Salata,29.9273278,-95.2026179,restaurant
Crown Liquors,29.9273739,-95.2026532,beverages
Sport Clips,29.927486,-95.2027391,hairdresser
Five Guys,29.9279553,-95.2031832,fast_food
T-Mobile,29.9280501,-95.2032947,mobile_phone_shop
Mama Fu's,29.9281078,-95.2033625,restaurant
MOD Pizza,29.9281737,-95.2034401,fast_food
Verizon,29.9282832,-95.2035592,mobile_phone_shop
America's Best Contacts & Eyeglasses,29.9273156,-95.2033269,optician
The Pho,29.9272546,-95.2032701,restaurant
Summer China Diner,29.9271955,-95.2032151,restaurant
Amazing Lash Studio,29.9270352,-95.203066,beauty_shop
Gulf Coast Educators Federal Credit Union,29.9269215,-95.2029602,bank
Big Texas,29.5456103,-95.1096163,nightclub
Half Price Books,29.8798608,-95.6482039,bookshop
Panda Express,29.8788525,-95.6505813,fast_food
The Children's Place,29.8722102,-95.6468374,clothes
Papa John's,30.0869231,-95.6313557,fast_food
Banfield,29.6719647,-95.4605636,veterinary
Chipotle,30.0662399,-95.4377595,fast_food
Clear Lake Pediatric Center,29.5444674,-95.1288582,doctors
Tacodeli,29.7679646,-95.3773873,fast_food
Advance Orthodontics - Dr John Karotkin,29.7469949,-95.5599566,dentist
House of Blues,29.7538517,-95.3639653,restaurant
Narin's Bombay Brasserie,29.7357431,-95.4582462,restaurant
Tony’s Mexican Restaurant,29.769734,-95.753099,restaurant
Kingwood Medical Center Cafe,30.0500761,-95.2555698,cafe
Kingwood Medical Center Gift Shop,30.0501016,-95.2540919,gift_shop
Freebirds,29.5449609,-95.1349096,fast_food
Buffalo Wild Wings,29.5452272,-95.1345505,restaurant
Sonic,29.5470182,-95.1315229,fast_food
Angelo's Pizza and Pasta,29.5468432,-95.131944,restaurant
Genghis Grill,29.5455603,-95.1337768,restaurant
Taco Cabana,29.5438774,-95.1345699,fast_food
Bay Area Cleaners,29.5462684,-95.1314573,laundry
Lowe's,29.5437257,-95.1391822,doityourself
BJ's,29.5447254,-95.1330526,restaurant
Subway,29.5674694,-95.059939,fast_food
Barbacana,29.763563,-95.3608003,restaurant
La Calle Tacos,29.7634792,-95.3606743,restaurant
La Calle Cantina,29.7634536,-95.360626,bar
Houston Watch Company,29.7634303,-95.3605831,bar
The Gorgeous Gael,29.7162306,-95.4147344,pub
Darkhorse Tavern,29.7680065,-95.3808572,bar
Cutthroat,29.7679971,-95.3807216,hairdresser
Little Woodrow's,29.7498187,-95.3772533,bar
Beers Looking At You,29.5459239,-95.1264153,bar
Dan's Pizza Co.,29.567058,-95.1461661,restaurant
Stanton's City Bites,29.7709364,-95.3721326,restaurant
Acadia Bar & Grill,29.9923102,-95.4876616,bar
Bohemeo's,29.7345771,-95.3314933,bar
Brookshire Brothers Pharmacy,29.8005323,-95.8096455,pharmacy
Baby Barnaby's Cafe,29.7482751,-95.3882641,restaurant
Barnaby's Cafe,29.7482657,-95.3884224,restaurant
Barnaby's Cafe,29.7818237,-95.3890885,restaurant
Brookshire Brothers Pharmacy,30.0582123,-95.9138177,pharmacy
Barbarella,29.7456259,-95.3719684,nightclub
La Pupusa Loca,29.7023722,-95.6449846,restaurant
La Pupusa Loca,29.81297,-95.541565,restaurant
La Pupusa Rica,29.6803572,-95.5281215,restaurant
Cocina Latina Pupusa Buffet,29.8034559,-95.4852814,restaurant
Willie's Grill and Ice House,29.8919309,-95.5840764,restaurant
Roswell's Saloon,29.7427425,-95.3967786,bar
Boondocks,29.7426148,-95.3967856,bar
Pondicheri,29.7415173,-95.4194861,restaurant
Eddie V's,29.7402794,-95.4190917,restaurant
La Tapatia,29.7339952,-95.4041551,restaurant
Penny Whistle Pub,29.734159,-95.4006779,pub
Avis,29.9695805,-95.3318645,car_rental
Alamo,29.9697072,-95.3319164,car_rental
National,29.9697074,-95.331836,car_rental
Avis Car Rental Return,29.9684851,-95.3337209,car_rental
Pollo Campero,29.9512055,-95.4078061,restaurant
Nordstrom Rack,29.9607885,-95.540075,clothes
Macy's Men,29.9587381,-95.5398431,department_store
Old Navy,29.9619784,-95.5394113,clothes
Zara,29.9611819,-95.5397042,clothes
Gordon's Jewelers,29.959936,-95.5392096,jeweller
Abercrombie & Fitch,29.9594057,-95.5394689,clothes
Buckle,29.9593017,-95.5392769,clothes
Express,29.9591186,-95.5393009,clothes
Kids Foot Locker,29.95905,-95.5391712,shoe_shop
Kay Jewelers,29.9589231,-95.5389456,jeweller
Hot Topic,29.9588004,-95.5390392,clothes
Justice,29.958632,-95.5389624,clothes
American Eagle Outfitters,29.9592767,-95.5387919,clothes
The Children's Place,29.9585259,-95.5390392,clothes
Cotton On,29.958686,-95.5391208,clothes
Finish Line,29.9584801,-95.5389072,sports_shop
Journeys Kidz,29.9584718,-95.5387511,shoe_shop
Things Remembered,29.9584115,-95.5387199,gift_shop
Banana Republic,29.9602317,-95.5392094,clothes
Victoria's Secret,29.9613967,-95.5392343,clothes
Charlotte Russe,29.9614574,-95.5397667,clothes
Zales Jewelers,29.9616727,-95.5398458,jeweller
Spencer's,29.9616394,-95.539721,gift_shop
Visionworks,29.9615417,-95.5400883,optician
Pretzelmaker,29.9611985,-95.5393225,fast_food
Shapes Brow Bar,29.9616124,-95.5399803,beauty_shop
Willowbrook Dental,29.961785,-95.5400811,dentist
Shoe Palace,29.9618266,-95.5398722,shoe_shop
LensCrafters,29.9616354,-95.5393318,optician
Aeropostale,29.9614622,-95.539427,clothes
Helzberg Diamonds,29.960968,-95.5394732,jeweller
Footaction,29.961699,-95.5395454,shoe_shop
Relax Station,29.9608967,-95.5396814,beauty_shop
Gymboree,29.9606999,-95.5394593,clothes
Abercrombie Kids,29.9602853,-95.5388569,clothes
Aldo,29.9604434,-95.5387433,shoe_shop
Torrid,29.9605329,-95.5389654,clothes
ThinkGeek,29.9607834,-95.5393492,gift_shop
Clarks,29.960673,-95.5393096,shoe_shop
White House Black Market,29.9605373,-95.5392425,clothes
Soma,29.9604598,-95.5392166,clothes
Pandora,29.9601123,-95.5392098,jeweller
AT&T,29.9601287,-95.5392872,mobile_phone_shop
Starbucks,29.9600646,-95.5389516,cafe
Sarku Japan,29.9597351,-95.5387795,fast_food
Chick-fil-A,29.9596695,-95.5384163,fast_food
China Max,29.9596307,-95.5387347,restaurant
Lids,29.959829,-95.5388259,clothes
Cinnabon,29.9598573,-95.5389086,fast_food
Papa Tony's,29.9441867,-95.3321206,restaurant
Kung Food,29.9441885,-95.3324562,restaurant
Hoot County Saloon,29.9443139,-95.3329743,bar
Subway,29.9509092,-95.3482496,fast_food
Subway,29.944188,-95.3323743,fast_food
Alwadi,29.9441899,-95.3327314,fast_food
Gumbo Jeaux's,29.944391,-95.3329889,fast_food
Starbucks,29.9471346,-95.4073765,cafe
Laredo Taco Company,29.9821804,-95.4240546,fast_food
Potbelly,30.0643689,-95.4408856,fast_food
AT&T,30.0507351,-95.4299746,mobile_phone_shop
Cleaners,29.9455353,-95.4666313,gift_shop
Laser Wash,29.9461992,-95.4662569,car_wash
Foodmart,29.9512117,-95.4002464,convenience
Panera Bread,30.0142047,-95.535232,fast_food
Pro Cuts,29.9872405,-95.4986198,hairdresser
Farmacia Supercare,29.9807,-95.4924384,pharmacy
The Crab Station Oyster Bar,29.9871526,-95.4987729,restaurant
Car Stereo,29.9804105,-95.4930217,gift_shop
Gourmet India,29.7349958,-95.6217536,restaurant
Bombay Sweets Inc.,29.7190352,-95.5003778,restaurant
Govinda's Vegetarian Cuisine,29.8178628,-95.4239037,restaurant
Goonga Food Mart,29.9610766,-95.4772097,convenience
Trucks & Car for Less,29.9792693,-95.4913625,car_dealership
Killer Noodle Tsujita,29.8025859,-95.4104689,restaurant
Advantage/E-Z,29.9695958,-95.3319798,car_rental
Hertz,29.9697026,-95.332188,car_rental
Enterprise,29.9695922,-95.332294,car_rental
Ciao Gourmet Market,29.9878601,-95.3333543,convenience
Bayou City Bar,29.987739,-95.3322802,bar
Cypress Veterinary Hospital,29.952535,-95.6021434,veterinary
Cà Mau Food Market,29.8809901,-95.7002784,supermarket
TD Tofu & Fast Food,29.8809715,-95.7000317,fast_food
Pho Viet Mai,29.8809808,-95.6997688,restaurant
Bún Bò Huế - Đức Chương 529,29.8805342,-95.7002248,restaurant
Aristoi Classical Academy,29.816964,-95.8161005,school
Lenny's Sub Shop,29.5480253,-95.1284678,restaurant
Zaxby's,29.9058112,-95.6850372,fast_food
Monster Textbooks,29.9101856,-95.6854014,bookshop
Starbucks,29.9118067,-95.6855128,cafe
Lakeside Family Dentistry,29.9117451,-95.6855154,dentist
Chipotle,29.9115823,-95.6855141,fast_food
Jack in the Box,29.912217,-95.6856402,fast_food
Slim Chickens,29.912532,-95.6855919,restaurant
Crazy Cajun Seafood Shoppe,29.9353807,-95.6812146,restaurant
Marvino's Italian Kitchen,29.9524544,-95.6707716,restaurant
La Fogata Tex-Mex Grill,29.8706194,-95.5461759,restaurant
Subway,29.8708404,-95.5460847,fast_food
Timewise,29.8790839,-95.7231442,convenience
Track 21,29.8451373,-95.6476806,theme_park
Teeth Are Us Dental,29.8037433,-95.4901707,dentist
Little Caesars,29.8031661,-95.4906026,fast_food
Raspados El Oasis,29.8800465,-95.700085,fast_food
Domino's,29.8800751,-95.7148803,fast_food
Valero,29.8802332,-95.7141775,convenience
Star Wok Asian Bistro,29.878395,-95.720892,restaurant
Uno Mas Liquor,29.8783867,-95.7215761,beverages
Metro by T-Mobile,29.8783774,-95.7211936,mobile_phone_shop
Adrian's Mexican Street Food,29.8783988,-95.721086,restaurant
JLB Eatery,29.87837,-95.720982,restaurant
Rodeo Braces,29.8784044,-95.7228456,dentist
Rodeo Dental,29.8782183,-95.722851,dentist
Royal Nails,29.8800835,-95.7199542,beauty_shop
Walgreens,29.8802635,-95.7245329,pharmacy
CVS Pharmacy,29.8804123,-95.7233688,pharmacy
Jack in the Box,29.8807966,-95.7244317,fast_food
DQ Grill & Chill,29.8801373,-95.7253222,fast_food
Wells Fargo,29.8801943,-95.7224468,bank
Kroger,29.8126507,-95.7701896,supermarket
Brewingz Sports Bar & Grill,29.7845046,-95.7935641,restaurant
Antonia's Restaurant - Cucina Italiana,29.783563,-95.8066396,restaurant
Comerica Bank,29.8606727,-95.5250093,bank
Stellar Bank,29.847262,-95.5004572,bank
Vieng Thai,29.8026336,-95.4709335,restaurant
Famous Princess Kitchen – West African Restaurant,29.8653896,-95.6686346,restaurant
Shapla Grocers & Halal Meat,29.8657949,-95.6702815,supermarket
Phở 18,29.8659019,-95.6702815,restaurant
Bar BQ Village,29.8660135,-95.6702842,restaurant
Paris Hair,29.8662252,-95.6702895,hairdresser
Popeyes,29.8642893,-95.6837033,fast_food
Jack in the Box,29.86616,-95.6837489,fast_food
La Michoacana Meat Market,29.8667256,-95.6839984,supermarket
Cypress Dentists,29.8794941,-95.6851871,dentist
Cypress Cleaners,29.8795301,-95.6849189,laundry
Bubbly's Salon,29.8795348,-95.6850047,beauty_shop
Spec's,29.8805185,-95.6828201,beverages
Pizza Hut,29.8955109,-95.6830209,restaurant
Cy-Fair Medical Partners,29.8956341,-95.6830423,clinic
Mr. Donut Hot & Fresh Kolaches,29.8959021,-95.683094,fast_food
Quiznos,29.8958451,-95.6830833,fast_food
Burlington,29.8779269,-95.6560123,department_store
Subway,29.8506913,-95.6462692,fast_food
Cricket Wireless,29.8508658,-95.6462665,mobile_phone_shop
The Kickin' Crab,29.8511659,-95.6462263,restaurant
CVS Pharmacy,29.8778743,-95.6474536,pharmacy
Famous Footwear,29.8767452,-95.646716,shoe_shop
Old Navy,29.8764789,-95.6466918,clothes
dd's Discounts,29.8762009,-95.6466851,department_store
Shoe Expo,29.8760277,-95.6467455,shoe_shop
Zales Outlet,29.8753683,-95.6458442,department_store
AT&T,29.8737449,-95.6458121,mobile_phone_shop
Marshalls,29.8732332,-95.6469654,department_store
rue21,29.8744799,-95.6467589,clothes
Phenix Salon Suites,29.874838,-95.646783,beauty_shop
Frost Bank,29.8729088,-95.6458121,bank
Regency Beauty Institute,29.8720784,-95.6468179,college
Regency Beauty Institute,29.8720784,-95.6468179,beauty_shop
Soccer 4 All,29.8726343,-95.6468259,sports_shop
Ideal Furniture,29.8727367,-95.6468286,furniture_shop
Edward Jones,29.8721947,-95.6460186,clothes
Beauty Brands,29.8721971,-95.6457584,clothes
Salon・Spa・Superstore,29.872204,-95.6458711,beauty_shop
French Quarter Cajun Seafood,29.8825369,-95.6459261,restaurant
Ross,29.8816904,-95.6467093,department_store
Domino's,29.8965873,-95.637175,fast_food
China Inn,29.8966733,-95.6371241,restaurant
Next Level Urgent Care,29.8967803,-95.6370516,clinic
Yokohamaya,29.9822111,-95.7224754,restaurant
JCPenney,29.9682874,-95.6878944,department_store
Lowe's,29.9715371,-95.6986138,doityourself
First Choice Emergency Room,29.9916268,-95.7471406,clinic
Brewingz,29.9906161,-95.742878,fast_food
Little Caesars,29.9938828,-95.7414891,fast_food
Hot Wok,29.9939246,-95.7413912,restaurant
Fair Lakes Family Dentistry,29.9940907,-95.7410157,dentist
Salon Nails & Spa,29.994158,-95.7408668,beauty_shop
North Cypress Physicians Center - Fairfield Plaza,29.9940756,-95.7401962,doctors
North Cypress Emergency Room,29.9935692,-95.7397322,clinic
DaVita Dialysis,29.9937155,-95.7390456,clinic
Food Mart,29.9083477,-95.6488926,convenience
Professional Cleaners,29.9082965,-95.6487799,laundry
Angel's Nail Spa,29.9083012,-95.6486968,beauty_shop
$5 Pizza,29.9082942,-95.6486002,fast_food
Beyond Bronze Tanning Salon,29.9081919,-95.6484473,beauty_shop
Star Cuts,29.9081501,-95.6482703,hairdresser
Select Cleaners,29.9050858,-95.6317139,laundry
Little Caesars,29.9052505,-95.6316049,fast_food
A-Gleam Swimwear,29.9054172,-95.6307706,clothes
Wherever Bar & Grill,29.9049268,-95.6309563,restaurant
Memorial Hermann Medical Group Copperfield,29.9044125,-95.6317923,clinic
Princess Fountain,29.7197906,-95.4015874,fountain
Amazing Lash Studio,29.8813287,-95.6466757,beauty_shop
Big Frog Custom T-Shirts,29.8812816,-95.6466757,clothes
Snappy Nails,29.8812293,-95.6466757,beauty_shop
Banhmi and Tea,29.881177,-95.6466743,restaurant
Sport Clips,29.8811165,-95.646669,hairdresser
Office Depot,29.8803734,-95.6435003,stationery
"Ellis & Satchell, D.D.S.",29.8800211,-95.6434694,dentist
TLF Cut,29.8800269,-95.6432723,hairdresser
NW General Dentistry,29.8800234,-95.6433675,dentist
Infinity Travel,29.8800257,-95.6436746,travel_agent
Fabulous Nails & Spa,29.8801118,-95.643684,beauty_shop
Thai Chili,29.8801664,-95.6428981,restaurant
The Walk-in Closet,29.8801676,-95.6430188,clothes
Pizza Fino,29.8801711,-95.6427331,restaurant
Monkey Joe's,29.8801263,-95.6421055,playground
Nails by Chelsea,29.8801821,-95.6418963,beauty_shop
Jamillah Garden,29.880203,-95.6413545,restaurant
Twin Lakes,29.880203,-95.6409173,pharmacy
Castle Dental,29.8760363,-95.6458118,dentist
Sprint,29.8761619,-95.644865,mobile_phone_shop
Aisha's Salon & Spa,29.8760276,-95.644873,beauty_shop
Hikari Sushi Bar,29.8759671,-95.6448717,restaurant
Pediatrics - Family Physician - Weight Loss Clinic,29.8762648,-95.644865,doctors
Hertz,29.8743781,-95.6448405,car_rental
Unique Dental,29.874267,-95.6448385,dentist
Supercuts,29.874213,-95.6448372,hairdresser
Jimmy John's,29.8741583,-95.6448338,fast_food
The Egg & I,29.8688551,-95.6447312,restaurant
Boost Mobile,29.8666597,-95.6457044,mobile_phone_shop
Phở Hái 2 Vietnamese Noodle House,29.8668004,-95.6457365,restaurant
Chávez Mexican Café,29.8645886,-95.6444191,restaurant
Neighbors Emergency Center,29.8611442,-95.6457431,clinic
Polonia,29.8059369,-95.5240449,restaurant
Northern Pasta,29.7055288,-95.5465442,restaurant
Lucky Dragon,29.7057694,-95.5465463,restaurant
Xin Jiang BBQ,29.7056476,-95.5465467,restaurant
Jusgo,29.7058174,-95.546864,supermarket
Mandalay Dental,29.7058097,-95.5473197,dentist
Tainan Bistro,29.7059198,-95.5476345,restaurant
Mala Sichuan Bistro,29.7059372,-95.5481697,restaurant
Jing 5,29.7057957,-95.548437,restaurant
Yuan Ten,29.7056712,-95.5484609,restaurant
Triple Pepper,29.70527,-95.5484083,restaurant
Taj,29.7384979,-95.6238813,restaurant
Afghan Bakery,29.7379547,-95.6247838,bakery
Vishala Grocery,29.7381154,-95.6247919,supermarket
Gil's Bar-B-Q,29.7378359,-95.6247758,restaurant
Lasagna House III,29.7370115,-95.6248053,restaurant
Chopan Kabob House,29.7355936,-95.6219731,restaurant
Le Teahouse,29.8787773,-95.683727,restaurant
Phở Tàu Bay,29.8789587,-95.6837243,restaurant
Cue Bida Billiards,29.8788867,-95.6837254,bar
Cue Bida Billiards,29.8788867,-95.6837254,sports_centre
Jersey Mike's Subs,29.9277153,-95.5947647,fast_food
Interventional Pain Specialists,29.6403748,-95.1671977,doctors
Hopdoddy,29.9959637,-95.5737666,restaurant
Potbelly,29.9959884,-95.5740191,fast_food
Mo's Irish Pub,29.9959783,-95.5710571,pub
Shogun Grill,29.9943862,-95.5724601,restaurant
El Tiempo,29.9948552,-95.5725296,restaurant
Another Broken Egg,29.9948853,-95.5740152,restaurant
Dimassi's Mediterranean Buffet,29.7362405,-95.5692188,restaurant
Dunkin',29.8817942,-95.6838173,fast_food
Charlie's New York Style Pizza,29.8829738,-95.6828503,restaurant
Double Dragon Chinese Café,29.8787605,-95.6807847,restaurant
Tata African Hair Braiding,29.8797176,-95.6742883,hairdresser
Jo Jo Chinese Café,29.8797298,-95.6744961,restaurant
Twin's Beauty Supply,29.8784405,-95.6696261,beauty_shop
KAAWS,29.8784288,-95.6700902,veterinary
10 Nails & Spa,29.8787119,-95.6539104,beauty_shop
Herradura Mexican Grill,29.8787131,-95.6540016,restaurant
Cricket Wireless,29.8787242,-95.6542027,mobile_phone_shop
La Reyna Salon,29.8787242,-95.6541699,beauty_shop
Taco de Oro,29.8795824,-95.6604933,restaurant
B-B-Q Sushi Bar,29.8795824,-95.6611156,restaurant
Lucky Star Asian Buffet,29.8795964,-95.6612792,restaurant
Eagle Springs Community Center,29.9777795,-95.1881953,community_centre
China Bistro,29.8784743,-95.6658793,restaurant
The Exclusive Barber Shop,29.878486,-95.6660161,hairdresser
Hira Meat,29.8784871,-95.6661032,butcher
Bahama Buck's Original Shaved Ice,29.8784802,-95.6664787,beverages
Panadería y Pastelería,29.8784685,-95.6670125,bakery
La Pasadita,29.8784732,-95.6671319,supermarket
Boost Mobile,29.8784743,-95.6672673,mobile_phone_shop
New York Solar Nails,29.8784755,-95.6673545,beauty_shop
Daiquiri House,29.8784743,-95.6675972,beverages
Subway,29.8784767,-95.667502,fast_food
Beauty Cuts II,29.8784778,-95.6674551,hairdresser
Taquería México Lindo Y Sabroso,29.8657058,-95.6824158,restaurant
El Amanecer Restaurante y Pupusería,29.8657064,-95.6825352,restaurant
Kay's Nails & Spa,29.8657064,-95.6823542,beauty_shop
Casey's Sports Bar,29.865711,-95.6821932,bar
D. Mary's Beauty Salon,29.8657122,-95.6820068,beauty_shop
green seed vegan,29.7304001,-95.3764556,restaurant
Circle of Peace,29.7299926,-95.3765537,hairdresser
Shine AutoSpa Midtown,29.7297898,-95.3761474,car_wash
Cafe 4212,29.7310827,-95.376171,cafe
Mary'z,29.7707276,-95.4064408,restaurant
Triple Crown Bingo,29.9263469,-95.5863629,restaurant
Phở Bon,29.9254868,-95.5852878,restaurant
Tony's New York Pizza,29.9257332,-95.5852676,restaurant
Nails Couture,29.9256876,-95.5852697,beauty_shop
Café Latino Bakery & Pupusería,29.9259383,-95.5852994,restaurant
Southern Maid Donuts,29.9260836,-95.5852699,cafe
Beauty Care Hair Studio,29.9270698,-95.5853173,hairdresser
Walgreens,29.8202274,-95.4600936,pharmacy
Tamale Joint,29.8169843,-95.443574,restaurant
Hong Kong Food Market,29.7013659,-95.5773981,supermarket
Chuck E. Cheese,29.5367091,-95.1494068,restaurant
Blaze Pizza,29.5377662,-95.1498252,restaurant
Academy Sports + Outdoors,29.993158,-95.7473758,sports_shop
Kirkland's,29.9929672,-95.7468742,clothes
Maurices,29.99346,-95.7479739,clothes
Ulta Beauty,29.9936156,-95.7484433,beauty_shop
Old Navy,29.9937828,-95.7488483,clothes
Marshalls,29.9947167,-95.7503074,department_store
Rooms To Go,29.9938254,-95.7530278,furniture_shop
Zoës Kitchen,29.9931975,-95.7516633,fast_food
AT&T,29.9931371,-95.7514836,mobile_phone_shop
Chipotle,29.993086,-95.751328,fast_food
LensCrafters,29.9930832,-95.7503712,optician
Pei Wei,29.9928114,-95.7505348,restaurant
Allen's Landing,29.986853,-95.3452697,newsagent
Peet's Coffee,29.9867183,-95.3451276,cafe
H-E-B Pharmacy,30.1443281,-95.549996,pharmacy
Studio Movie Grille,29.7814411,-95.5609277,cinema
RA Sushi,29.7796943,-95.560899,restaurant
Grimaldi’s,29.778903,-95.5613998,restaurant
Sunrise Grocery,29.7910387,-95.5486612,convenience
Cyclone Anaya’s Mexican Grill,29.7799112,-95.5604091,restaurant
Texas De Brazil,29.7818412,-95.5608612,restaurant
Salata,29.7799747,-95.5622486,fast_food
The Moran CITYCENTRE Hotel,29.7801906,-95.5614001,hotel
Chipotle,29.7796293,-95.5621863,fast_food
Grubb Burger,29.7796793,-95.5610933,restaurant
Capital Grille,29.7800166,-95.5618731,restaurant
Urban Outfitters,29.779944,-95.5609137,clothes
Brio,29.7788592,-95.5604242,restaurant
Eddie V’s,29.7789041,-95.5608382,restaurant
Seasons 52,29.780464,-95.5619061,restaurant
Einstein Brothers,29.7216629,-95.3436742,restaurant
Crazy Frog's,29.8968168,-95.6097694,restaurant
Speedy Stop,29.8484983,-95.646628,convenience
Molly’s Pub,29.737622,-95.5729607,pub
Macy's,29.7823765,-95.5395581,department_store
Dillard's,29.7809131,-95.5372159,department_store
JCPenney,29.7799887,-95.5394975,department_store
Popeyes,29.987811,-95.3386555,fast_food
Jamba,29.9880073,-95.3386101,fast_food
Velvet Taco,29.9879987,-95.3387221,restaurant
Lego,29.9878085,-95.3382985,toy_shop
Texas Monthly News,29.9864967,-95.3386555,newsagent
Pinto Ranch,29.9862449,-95.3386421,clothes
Pink's Pizza,29.9856735,-95.3382532,fast_food
M. Frederic,29.9856588,-95.3385862,clothes
Landry's,29.9853874,-95.3382738,restaurant
Wendy's,29.9855394,-95.3382,fast_food
La Salsa,29.985485,-95.3382717,fast_food
Einstein Bros. Bagels,29.9854802,-95.3383328,fast_food
Raising Cane's,30.0175768,-95.4398686,fast_food
Luby's,30.0188196,-95.4407196,restaurant
T-Mobile,30.0190377,-95.4382002,mobile_phone_shop
Tiger Liquor,30.0201176,-95.4358909,beverages
Beauty Supply,30.0215226,-95.4347697,chemist
dd's Discounts,30.0213531,-95.4353544,department_store
Great Wall,30.0202244,-95.4350245,restaurant
AT&T,30.0202105,-95.4350916,mobile_phone_shop
Auto Nation,30.0235454,-95.424403,car_dealership
Chacon Autos,30.0227047,-95.4215974,car_dealership
Jack in the Box,30.0240284,-95.4203636,fast_food
Mobile Repair,30.0050929,-95.3086093,mobile_phone_shop
Food Mart,30.0051045,-95.308443,convenience
Little Caesars,30.0050673,-95.3074586,fast_food
Subway,30.0039792,-95.3069061,fast_food
Liquor Lot,30.0039784,-95.3070027,beverages
Donald's Donuts,30.0039777,-95.3070992,fast_food
Dr Daquari,30.0039776,-95.307158,beverages
Metro by T-Mobile,30.0039774,-95.3072756,mobile_phone_shop
KPRC2 Houston Travel Store,29.9876383,-95.3392482,newsagent
Cibo Express,29.9877823,-95.3391248,convenience
Travelex,29.9876452,-95.3423542,atm
Cibo Express,29.9876476,-95.3428772,convenience
Adrenaline,29.9879356,-95.341866,clothes
Swarovski,29.9880951,-95.3417108,jeweller
Vida Taqueria,29.9893922,-95.3413832,restaurant
Cibo Express,29.9893597,-95.3416219,convenience
Starbucks,29.9893016,-95.3416193,cafe
Ember,29.987938,-95.3414878,restaurant
BằmBằm,29.9890216,-95.3413703,restaurant
Pala,29.9887103,-95.3413904,restaurant
Sunglass Hut,29.988414,-95.3413731,optician
Jo Malone,29.988331,-95.3413632,clothes
Wendy's,29.98809,-95.3412791,fast_food
Pick Up Stix,29.9880247,-95.3412206,fast_food
Potbelly,29.9879544,-95.3411518,fast_food
Travelex,29.9876426,-95.3406911,atm
United Customer Service,29.9878039,-95.3407219,tourist_info
Walmart Supercenter,29.894378,-95.065666,supermarket
Famsa Furniture,29.7061128,-95.4946844,furniture_shop
CVS Pharmacy,29.5486358,-95.0955375,pharmacy
Honey Baked Ham,30.0035183,-95.2723145,fast_food
DSW,30.0040967,-95.2724165,shoe_shop
Dee's Hair Design,30.0026031,-95.2706864,hairdresser
Cicis,30.0026008,-95.2708635,restaurant
V Bistro,30.0037413,-95.2708366,restaurant
Humble Nails,30.0038203,-95.270834,beauty_shop
Jason's Deli,30.0040502,-95.2705711,restaurant
Skechers,30.004041,-95.2703324,shoe_shop
Kami Ramen Bar,30.004041,-95.270217,restaurant
AT&T,30.004041,-95.2701151,mobile_phone_shop
Texas Choice Dental,30.0040386,-95.2700078,dentist
Val Discount Liquor,30.0037343,-95.2699059,beverages
Nothing Bundt Cakes,29.7414642,-95.4618972,bakery
Antony's Deli,29.7833858,-95.5587987,restaurant
Office Depot,29.7828219,-95.5495098,stationery
Goode Co. Seafood,29.7833305,-95.5481543,restaurant
Guadalajara Hacienda,29.7834179,-95.5346576,restaurant
Wells Fargo,29.7833858,-95.5251532,bank
Jack in the Box,29.7833378,-95.4676163,fast_food
Food Mart,29.7737636,-95.4570662,convenience
The Egg & I,29.7854915,-95.53708,restaurant
Jimmy John's,29.7854775,-95.5375976,fast_food
Popeyes,29.7882421,-95.687847,fast_food
Subway,29.7894835,-95.6878181,fast_food
Supermercado Gigante,29.8111878,-95.6878767,supermarket
China One,29.8110092,-95.6879113,restaurant
Cindy's Donuts,29.8110782,-95.6878979,bakery
Checkers,29.8119183,-95.6877183,fast_food
Starbucks,29.8326995,-95.6840642,cafe
Irapuato Meat Market,29.8495263,-95.6828115,butcher
Los Faroles,29.8539189,-95.6824296,restaurant
African Market,29.8535816,-95.6824645,supermarket
Pizza Hut,29.853677,-95.6824699,restaurant
Christian's Tailgate Bar & Grill,29.7866937,-95.6440764,restaurant
Chabela's,29.8307138,-95.646233,fast_food
Señor Burritos #2,29.7871193,-95.6455605,fast_food
Southern Maid Donuts,29.7870751,-95.6455618,bakery
Annam Indian Cuisine,29.7869575,-95.6455698,restaurant
Pho Kim Kim,29.7875476,-95.6455873,restaurant
Umami Sushi,29.7874731,-95.6455819,restaurant
Pupusería Las Brisas,29.8314545,-95.6461445,fast_food
Crawfish N' More,29.8315939,-95.6461457,restaurant
El Rincón Paisa,29.8319247,-95.6461421,restaurant
Uncle Albert's,29.8623207,-95.6827913,pub
Pizza Fino,29.8622032,-95.6827738,fast_food
Checkers,29.6890031,-95.622923,fast_food
Texas Forever,29.6890054,-95.6227567,convenience
Now & Forever,29.7561885,-95.6439761,convenience
Kolache Factory,29.7751463,-95.6434007,bakery
Starbucks,29.7752825,-95.6434503,cafe
Easton Commons Animal Hospital,29.9008737,-95.6285792,veterinary
China Inn Café,29.9023331,-95.6356654,restaurant
Famous Pizza,29.9020261,-95.6358558,restaurant
Memorial Town & Country Animal Clinic,29.7662921,-95.5580396,veterinary
Wells Fargo,29.6530532,-95.0289608,bank
Denny's,29.6539578,-95.030957,restaurant
Barber shop,29.6860055,-95.2969867,hairdresser
Tía Pancha,29.8872188,-95.3940639,market_place
Sinta Flea Market,29.8876863,-95.3941077,market_place
Mercado Sabadomingo,29.8864472,-95.39156,market_place
Lucky Land Flea Market,29.88512,-95.3934402,market_place
La Michoacana Meat Market,29.8826714,-95.3916599,supermarket
La Michoacana Medical Clinic,29.8828795,-95.3913675,clinic
Sunny Flea Market,29.8861502,-95.3932209,market_place
De Buey y Vacas Taquerías Flea Market,29.8870351,-95.3932411,market_place
Cheng's Flea Market,29.9133575,-95.4040495,market_place
MidInMod,29.7743559,-95.749882,furniture_shop
First Community Credit Union,30.0927222,-95.6328408,bank
Bank of America,30.0773855,-95.6279439,bank
McDonald's,30.0804368,-95.700848,fast_food
Xochi,29.754635,-95.35882,restaurant
Fiesta,29.91616,-95.4043967,supermarket
Ross,29.9142591,-95.4166311,department_store
Chicas Cabaret,29.9083552,-95.411798,nightclub
3 Chiles,29.8985583,-95.4463368,restaurant
Go Kart Raceway,29.8980393,-95.4560621,sports_centre
Martin's Hardware and Lumber Company,29.8992957,-95.4631644,doityourself
Laredo Taco Company,29.9014727,-95.4647302,fast_food
Church's Chicken,29.9201416,-95.4931197,fast_food
Food Mart,29.9202299,-95.4932793,convenience
Taco Bell,29.9219935,-95.4975299,fast_food
Rosa's Pupuseria & Taqueria,29.9286635,-95.5046772,restaurant
Pho Bien Hoa,29.9287798,-95.5048502,restaurant
Nourish Market,29.7911983,-95.5209816,supermarket
Honorary Consulate of the Czech Republic,29.7289282,-95.3848468,embassy
Baylor Saint Luke’s Emergency Center–Holcombe,29.7052849,-95.4206693,clinic
Go Kart City,29.8750574,-95.5260533,sports_centre
Spring Branch Hillendahl Clinic,29.8003167,-95.4944998,clinic
North Houston Endoscopy & Surgery,30.0232201,-95.4353638,clinic
Subway,29.7912951,-95.5653161,fast_food
Snowflake Donuts,29.7912683,-95.5655092,bakery
Burger King,29.728231,-95.5583898,fast_food
Frenchy's Chicken,29.7282287,-95.5587599,fast_food
Pollo Bravo,29.728174,-95.5590831,restaurant
Six Ping,29.70556,-95.5484632,bakery
Schlotzsky's,29.7584729,-95.3653197,fast_food
Schlotzsky's,29.9864468,-95.3451585,fast_food
Schlotzsky's,29.9445135,-95.4065159,fast_food
Jersey Mike's Subs,29.7861352,-95.4675823,fast_food
Schlotzsky's,29.9379277,-95.3726416,fast_food
Schlotzsky's,29.9235408,-95.2028523,fast_food
Schlotzsky's,29.7366634,-95.4902924,fast_food
Schlotzsky's,29.786192,-95.5349818,fast_food
Premiere Surgical Arts,29.7343966,-95.4110849,dentist
1 Stop Food Store,29.8178222,-95.4467672,convenience
Dr. Shalaby- Cardiologist,29.5436012,-95.121232,doctors
None,29.53639,-95.1256009,shelter
Peking Cuisine Chinese Restaurant,29.6893653,-95.5312605,restaurant
Pho Binh 59 South,29.6892922,-95.5313186,restaurant
Maharaja Bhog,29.6891914,-95.5313963,restaurant
Church's Chicken,29.9479101,-95.3325405,fast_food
Starbucks,29.6959048,-95.4151656,cafe
Smashburger,29.6945865,-95.413473,fast_food
Kolache Factory,29.6946254,-95.4135412,restaurant
Supercuts,29.6946067,-95.413505,hairdresser
AT&T,29.694731,-95.4137158,mobile_phone_shop
Glazed the Doughnut Cafe,29.6935165,-95.411536,restaurant
Infinite Smiles Family Dentistry,29.6934193,-95.4119743,dentist
The UPS Store,29.693469,-95.4117501,post_office
Pizza Hut,29.6919034,-95.4122297,restaurant
Viet's Express,29.691657,-95.4121204,restaurant
Akashi Asian Sushi Cuisine & Wine Bar,29.6915785,-95.4131297,restaurant
Russo's New York Pizza,29.6889777,-95.4131124,restaurant
Subway,29.6888394,-95.4131556,fast_food
Asahi Sushi,29.6886936,-95.4131519,restaurant
TGF Hair Salon,29.6901131,-95.4144568,hairdresser
Chipotle,29.6910715,-95.4157213,fast_food
Royal Nails & Spa,29.6910254,-95.4158373,beauty_shop
Five Guys,29.6909547,-95.4159163,fast_food
Panda Express,29.6908764,-95.4160373,fast_food
Quiznos,29.6918057,-95.4171287,fast_food
Pepperoni's,29.6917264,-95.4171793,restaurant
Chase,29.6922099,-95.4167708,bank
Papa John's,29.6927984,-95.4163056,fast_food
Wingstop,29.6929281,-95.4162192,fast_food
Starbucks,29.6929428,-95.4185697,cafe
UnIted Christian School,29.6786529,-95.4185396,school
Velasco Street Incinerator,29.7593308,-95.3359146,ruins
The Rumpus Room,29.8929418,-95.6102321,playground
Athena Bitcoin ATM,29.7341298,-95.441206,atm
Five Guys,29.7856119,-95.5344513,fast_food
Love Mural,29.7669883,-95.336449,artwork
Peacock Records Mural,29.7669531,-95.3363845,artwork
Donna Maria,29.7578881,-95.3432259,restaurant
Haute Mess Salon & Coffee Bar,29.7578262,-95.3431244,hairdresser
Redbox,30.0541098,-95.5766851,vending_any
Burke's Outlet,29.5717119,-95.0258898,clothes
None,29.7661188,-95.3384744,shelter
None,29.7665696,-95.3384802,shelter
None,29.7666515,-95.33884,shelter
None,29.7666553,-95.3381436,shelter
None,29.7669688,-95.3384961,shelter
Americas Best Value Inn & Suites Baytown - San Jacinto Mall,29.8089984,-94.9820652,hotel
Taqueria El Zocalo,29.7678707,-95.3355116,cafe
Torchy's,30.051548,-95.1812404,restaurant
Potbelly,30.0517023,-95.1800531,fast_food
MOD Pizza,30.0517006,-95.1802902,fast_food
Starbucks,30.0517187,-95.1805463,cafe
Seoul Garden,29.7984306,-95.5248902,restaurant
Starbucks,29.9856311,-95.3497678,cafe
Tree Garden,29.7977346,-95.5259508,restaurant
DLG Cosmetics Beauty studio,29.7390768,-95.7343544,hairdresser
Korea House,29.7948086,-95.5433434,restaurant
Korea Restaurent,29.7969258,-95.5263767,restaurant
The Crib,29.6944515,-94.9355905,castle
The Yellow Cup,29.7707362,-95.4220598,cafe
CareNow,29.910231,-95.6854463,doctors
Fix Coffeebar,29.7442673,-95.3866269,cafe
Sorrento Ristorante,29.7442487,-95.3870534,restaurant
Premier Sports Chiropractic,29.5593277,-95.0376564,doctors
HCESD 48 Fire Station #5,29.8161466,-95.7381973,fire_station
Harris County War Memorial,29.8201857,-95.6113293,memorial
Little Ginger Cafe,30.0479548,-95.1845697,restaurant
McDonald's,29.6148862,-95.3856118,fast_food
Catalina Coffee,29.7679924,-95.3806538,cafe
Smart Financial Credit Union,29.6987486,-95.3203507,bank
Winkler Washateria,29.7022119,-95.3019843,laundry
Rodeo Goat,29.74992,-95.356344,restaurant
Truck Yard,29.7500311,-95.3555656,biergarten
Solecita,29.761438,-95.3624825,restaurant
Irma's Southwest Grill,29.7578208,-95.3594124,restaurant
Oakmont Houston,29.753387,-95.3769282,bar
T.K. Bitterman's,29.7388996,-95.4086156,bar
New Balance,29.7471559,-95.4616186,shoe_shop
Maggiano's Little Italy,29.745192,-95.4604598,restaurant
Heights Bier Garten,29.7974416,-95.4103536,biergarten
CVS Pharmacy,29.7633572,-95.3628655,chemist
Pad Thai,29.762478,-95.364199,restaurant
Roost,29.744864,-95.407402,restaurant
BB's Tex-Orleans,29.7441986,-95.3885032,restaurant
Phil & Derek's Restaurant & Jazz Lounge,29.7443186,-95.3654024,restaurant
1967 Opening Dedication,29.7805539,-95.58243,memorial
"Memorial for Mark Heard, Marlin Geiger, and Michael Thompson",29.7806496,-95.5825642,memorial
Virtuosi of Houston,29.7822052,-95.541001,theatre
"Memorial for John ""Wade"" Williams & Supercat Awards",29.7806383,-95.5823649,memorial
Memorial for Andrew Pasek,29.781168,-95.582538,memorial
None,29.7843778,-95.7023026,shelter
None,29.7843561,-95.7023026,shelter
None,29.7842053,-95.7023037,shelter
None,29.7843071,-95.7023026,shelter
None,29.7842828,-95.7023037,shelter
None,29.7842575,-95.7023037,shelter
None,29.7842319,-95.7023037,shelter
None,29.7843304,-95.7023021,shelter
"Houston Ear, Nose, Throat & Allergy Clinic",29.7549499,-95.3629938,clinic
Hope & Harmony,29.8286794,-95.7035854,doctors
Cloud Column,29.7271678,-95.3906586,artwork
WAIS,29.7806506,-95.5826236,artwork
Human Ingenuity,29.7806506,-95.5825099,artwork
Los Tios Mexican Restaurant,29.7725563,-95.5903615,restaurant
Pizaro's Pizza,29.7725655,-95.5905986,restaurant
Tree House - Craft Coffee & Frozen Yogurt,29.7716107,-95.5903681,cafe
Luchi & Joey's,29.7704369,-95.590126,restaurant
The Devine Affair,29.7699592,-95.5901623,restaurant
Pei Wei,29.7716713,-95.5902095,restaurant
Urban American Kitchen,29.7714617,-95.5907283,restaurant
Honey Baked Ham,29.771804,-95.591249,fast_food
The UPS Store,29.769969,-95.5903271,post_office
MedSpring Urgent Care,29.7699633,-95.5907821,clinic
Kirkwood Memorial Animal Clinic,29.7701937,-95.5901309,veterinary
Ann's Fine Gifts,29.7716143,-95.5912378,gift_shop
Amazing Cleaners,29.7706784,-95.5914302,laundry
Snip-its Haircuts for Kids,29.7707598,-95.5912444,hairdresser
Garden Oaks Veterinary Clinic,29.8179067,-95.409876,veterinary
The Studewood Cantine,29.7915632,-95.3881333,restaurant
United States Post Office,29.8821631,-95.6845223,post_office
Woody's Hideaway,29.7829486,-95.5897304,bar
The UPS Store,29.9704415,-95.6910722,post_office
Luxe Nails,30.0122674,-95.5879372,beauty_shop
Algeria Brazilian Grill,29.7844399,-95.7947684,restaurant
ALDI,29.9968821,-95.1737907,supermarket
The Lost Cajun,29.9959864,-95.1714959,restaurant
Woodforest,29.9960239,-95.1766786,bank
Denver Harbor Family Health Center,29.7803014,-95.3098685,clinic
Hummus Republic,29.8188705,-95.4668324,restaurant
Avalon Medical Career Academy,29.6703664,-95.50796,college
Founder's Memorial,29.7185413,-95.3990609,artwork
Frog Wall,29.7188849,-95.3992924,attraction
2920 Nails Spa,30.0770781,-95.5146971,beauty_shop
Oishii,29.7331057,-95.4368638,restaurant
Sunrise Super Stop,29.7331066,-95.4366615,convenience
Ross,29.8275988,-95.4326363,department_store
Pizza Hut,29.8275307,-95.4313889,restaurant
Exclusive Furniture,29.9971279,-95.2702484,furniture_shop
Union Kitchen - Washington,29.7708445,-95.4228832,restaurant
Sushi on Post Oak,29.7451127,-95.4599682,restaurant
Chipotle,29.7319795,-95.466322,fast_food
In D Kitchen,29.7441343,-95.4704522,fast_food
Common Bond,29.750282,-95.4793365,restaurant
Dish Society,29.7502878,-95.4788178,restaurant
H-E-B Pharmacy,29.9275571,-95.7254069,pharmacy
Dassani Dentistry,29.5842162,-95.1473329,dentist
H-E-B Pharmacy,29.7075368,-95.4700166,pharmacy
Flaming Wok,29.5990284,-95.2670397,restaurant
Waller ISD Stadium,30.0752988,-95.9130403,stadium
Tracey's Theatre,29.7593419,-95.0552718,theatre
Lashes Plus,29.7669403,-95.5519626,beauty_shop
Penwell Tower Fountain,29.7524259,-95.4547714,fountain
Crú Food & Wine Bar,29.741422,-95.4194831,bar
CVS Pharmacy,29.7425628,-95.4218507,chemist
milk + honey spa,29.741534,-95.4190658,beauty_shop
Isle Pedispa,29.7411875,-95.4195217,beauty_shop
John Knox Statue,29.7490745,-95.4585353,artwork
John Calvin Statue,29.7490921,-95.4586695,artwork
Water Cascade,29.7367963,-95.4642103,fountain
Amegy Bank of Texas,29.7478028,-95.4517347,bank
Snap Kitchen,29.7333618,-95.418971,restaurant
Kata Robata,29.7335268,-95.4196027,restaurant
NASA Fast Food,29.5484273,-95.0944688,restaurant
JINYA Ramen Bar,29.5441282,-95.1038439,restaurant
Delicias Latinas,29.5450747,-95.1048123,restaurant
None,29.7558399,-95.4568011,shelter
None,29.7556848,-95.4568011,shelter
None,29.7572344,-95.4569595,shelter
None,29.7571087,-95.456961,shelter
Masraff's Fountain,29.748049,-95.4610107,fountain
Harry's Mural,29.7444583,-95.4600147,artwork
Copper Statue,29.7341786,-95.4256314,attraction
Deep Horizion,29.7311828,-95.4310333,memorial
USPS TWO HOUSTON CNTR — Post Office™,29.7562118,-95.3632783,post_office
Smashburger,29.7385516,-95.4696567,fast_food
Edwin Watts Golf,29.7385385,-95.4704378,sports_shop
C Nails & Spa,29.7385525,-95.4697471,beauty_shop
Laser Away,29.7385519,-95.4698294,beauty_shop
Jersey Mike's Subs,29.7385452,-95.4703199,fast_food
Bank of America,29.7400789,-95.4692951,bank
Therapy Hair Studio,29.7385493,-95.4695014,hairdresser
T-Mobile,29.7385507,-95.4695792,mobile_phone_shop
Destination XL,29.7385523,-95.4700609,clothes
Charles Schwab,29.74008,-95.4691539,bank
Grind House Barbell,29.917762,-95.6224124,sports_centre
Stonecutter Weightlifting Club,30.0188541,-95.586469,sports_centre
Team Titan Weightlifting,29.5380911,-95.1161788,sports_centre
Chase,29.7505107,-95.4625145,atm
Bacco Wine and Spirits,29.727577,-95.4209152,restaurant
Twin Oaks Cleaners,29.7639303,-95.479593,laundry
Deville Fine Jewelry,29.7639986,-95.4792508,jeweller
Tanglewood Nails,29.7638434,-95.4798554,beauty_shop
Janelle Alexis Salon,29.7639679,-95.4795348,beauty_shop
Wells Fargo,29.763853,-95.4791347,bank
Edible Arrangements,29.7638989,-95.4797261,gift_shop
None,29.7548953,-95.4567646,shelter
None,29.7549447,-95.4567697,shelter
Brother's Pizza,29.7868898,-95.6455855,fast_food
Down Periscope,29.7622979,-95.3765987,artwork
North Italia,29.7486206,-95.4621617,restaurant
Hiatus Spa + Retreat,29.7502838,-95.4790591,beauty_shop
Rest,29.7811764,-95.5838632,artwork
Mascalzone,29.7366568,-95.5945975,restaurant
Biby's Hair Studio,29.9502573,-95.4152084,hairdresser
Boost Mobile: Pronto Wireless,29.6689556,-95.2633877,mobile_phone_shop
Ashford Pub,29.7372774,-95.6247605,pub
BFE Rock Club,29.9410038,-95.5843438,nightclub
Cockeyed Seagull,29.5455764,-95.1051147,bar
MKT BAR,29.7546185,-95.3613855,bar
Emporio Brazilian Grill,29.7374539,-95.5972183,restaurant
Papa John's,29.9221918,-95.4139676,fast_food
Wingstop,29.9224469,-95.4139431,fast_food
Cafe Ginger,29.7542945,-95.4020514,restaurant
Raul Yzaguirre School for Success,29.6980191,-95.2783314,school
Public Services Wine & Whisky,29.7634862,-95.3612355,bar
The District,29.7599178,-95.362833,restaurant
Cellar 7 Wine & Bar Bites,29.759729,-95.3629486,bar
Smart Spine and Joint,29.7543157,-95.6070343,doctors
Log House 18557,30.0997157,-95.6195712,attraction
Model Railroads Exhibition,30.0971184,-95.613264,attraction
1907 Tomball's Caboose,30.0968591,-95.6131976,attraction
Copas Dental,30.0889818,-95.6334712,dentist
ProOptix,29.7487076,-95.4842725,optician
Image District Face and Body,29.748743,-95.4842732,beauty_shop
Comet Cleaners,29.7487847,-95.484274,laundry
Luxy Lashes and Skin,29.7488168,-95.4842746,beauty_shop
SH Salon,29.7488596,-95.4842754,hairdresser
Posh Nails and Spa,29.748901,-95.4842762,beauty_shop
The Pretty Kitty,29.7489379,-95.4842769,beauty_shop
Monkee's,29.749261,-95.484283,clothes
Torchy's Tacos,29.749386,-95.4842853,fast_food
La Madeleine,29.7495353,-95.4842881,fast_food
Briargrove Mart,29.7503283,-95.486539,convenience
Star Sailor,29.801213,-95.4307123,restaurant
Maine-ly Sandwiches,29.7856571,-95.4656215,fast_food
Wells Fargo,29.7054735,-95.1233737,bank
Rtic Outdoors,29.9210992,-95.6236327,outdoor_shop
Panera Bread,29.8534432,-95.5123479,fast_food
Blow Dry Bar,29.7424576,-95.4255286,hairdresser
Helena's Wax and Day Spa,29.7350253,-95.4798053,beauty_shop
Burger King,29.9529384,-95.6044007,fast_food
VCA Telge Road Animal Hospital,29.9447311,-95.6481622,veterinary
Mirus Academy,29.7879675,-95.8205399,school
The Marigold Club,29.7433844,-95.4003602,bar
The Cheesecake Factory,29.781579,-95.5429021,restaurant
Finn Hall,29.7586759,-95.3638138,food_court
Bungalow,29.7611638,-95.3614046,bar
Fabian's Latin Flavors,29.7620509,-95.360708,restaurant
Etro Nightclub,29.7634185,-95.3600352,nightclub
Lilly & Bloom,29.7634896,-95.3599612,bar
Roma's Pizza,29.7622816,-95.3604831,restaurant
Olio Panini Bar,29.987765,-95.3425932,bar
H Mart,29.7930173,-95.7746464,supermarket
Athena Bitcoin - Mobil Gas Bitcoin ATM,29.7421775,-95.3591985,atm
National Bitcoin ATM - Super Amigo Food Mart,29.7434512,-95.2968843,atm
None,29.7615231,-95.4807688,shelter
Subway,29.7802662,-95.1253916,fast_food
Pizza Hut,29.7800894,-95.1259295,restaurant
"Westbridge Recovery Center, Inc",30.072272,-95.1722775,hospital
The UPS Store,29.5447717,-95.1330238,post_office
Pho Now,29.8451048,-95.3910651,restaurant
Twiga Café,29.7123409,-95.3925345,cafe
Plan Your Day Kiosk,29.7130827,-95.3926724,tourist_info
Albert and Hazel Herzstein Trading Post,29.7116711,-95.3919725,cafe
Houston Zoo Gift Shop,29.7160025,-95.3905127,gift_shop
"K. Mathew Warnock, MD",29.9666522,-95.5511535,doctors
Allegience Bank,29.7386533,-95.6230611,bank
Portocall Pavilion,29.9255728,-95.0801109,shelter
Ashley's Donuts,29.5692599,-95.110666,fast_food
Ryan's,29.5693746,-95.1106228,laundry
Gallery & Gifts,29.5688312,-95.1108926,gift_shop
Bay Mart,29.568922,-95.1108493,convenience
Starbucks,29.7893236,-95.6889363,cafe
Nailtime,29.7606044,-95.4178584,beauty_shop
River Oaks Cleaners,29.7606056,-95.4179467,laundry
Walgreens,29.7665893,-95.4100236,pharmacy
Sunny's,29.8177962,-95.4109003,convenience
H-E-B Pharmacy,29.8072402,-95.4088301,pharmacy
H-E-B,29.8073613,-95.4088622,supermarket
Kroger,29.8045727,-95.4004585,supermarket
None,29.7793561,-95.632297,shelter
Taqueria No Toques Mi Taco,29.8287103,-95.3996842,restaurant
Bonjour,29.8287037,-95.3994819,convenience
Falcon Scrap Metal,29.8536545,-95.3811818,recycling_metal
Luke's Barber Shop,29.8537091,-95.3811785,hairdresser
Ritual Pedi Spa,29.8192277,-95.428724,beauty_shop
Marco's Pizza,29.8185841,-95.429169,restaurant
Sunshine Dental,29.818671,-95.4291834,dentist
Jellyfish Sushi,29.8184737,-95.4291834,restaurant
The Union Kitchen,29.8192547,-95.4291901,restaurant
Thrive Pet Healthcare,29.8182506,-95.4291731,veterinary
Mico's Hot Chicken,29.8080377,-95.4097713,restaurant
E-Star Buffet,29.9659691,-95.5363452,restaurant
Sonic,29.8079278,-94.9818518,fast_food
Red Lobster,29.8046371,-94.9871929,restaurant
None,29.8065811,-94.9861276,fire_station
Panera Bread,29.7955675,-94.9811593,fast_food
Texas Children's Pedatrics,29.8067015,-95.3990876,clinic
Johnny Carino's,29.8029627,-94.9819033,restaurant
Hooters,29.8033012,-94.986254,restaurant
None,29.8068655,-94.9925238,shelter
Chase,29.8422637,-95.3846657,bank
Aroma Lavanderia,29.8321994,-95.3755608,laundry
Panda Express,29.9648656,-95.5425068,fast_food
The Catch,29.9649389,-95.5423404,restaurant
Eva G's Beauty Salon,29.8322708,-95.37556,beauty_shop
The Brass Tap,29.7400304,-95.3794151,pub
Family Fun Washateria,29.7123833,-95.4934247,laundry
Taqueria El Sol De Mexico,29.7121394,-95.4933542,restaurant
Lizbeth's Salon,29.7123671,-95.4935366,beauty_shop
Jack in the Box,29.7155416,-95.498397,fast_food
Super Sun Sun Salvadoreño,29.8324432,-95.3757177,convenience
KIKI,29.7477903,-95.3906046,bar
U-Haul,29.8133051,-95.3799051,car_rental
Memorial Hermann GoHealth,29.8082562,-95.4097712,clinic
Enterprise,29.9970394,-95.4794903,car_rental
Barnes & Noble,29.980854,-95.5101656,bookshop
Starbucks,29.9796814,-95.5092875,cafe
Carrabba's Italian Grill,29.9809421,-95.5116576,restaurant
IHOP,29.9786848,-95.5159752,restaurant
"swingset, play structures, slides",29.7957469,-95.4972848,playground
"play structure, slide",29.7961228,-95.4972888,playground
Kroger,29.7968241,-95.4864439,supermarket
Peli Peli Kitchen,29.7852552,-95.5136307,restaurant
H-E-B Pharmacy,30.054176,-95.5771636,pharmacy
Potbelly,29.7298402,-95.4381054,fast_food
Helen in the Heights,29.7914185,-95.3881314,restaurant
Mint Thai Kitchen,29.7601628,-95.3985633,restaurant
Heights Super Cleaners,29.8037679,-95.3887748,laundry
Maison Pucha Bistro,29.789264,-95.3881148,restaurant
Fifth Vessel,29.7637063,-95.3598509,cafe
The Burger Joint,29.5393045,-95.1457498,fast_food
Ethan Allen,29.5406912,-95.1446911,furniture_shop
Rooms To Go,29.5421713,-95.1443505,furniture_shop
Denny's,29.5428464,-95.1449915,restaurant
Verizon,29.5432556,-95.1452576,mobile_phone_shop
Charming Charlie,29.5439196,-95.1457841,clothes
Plato's Closet,29.5444183,-95.1462918,clothes
Lakeshore Learning Store,29.5445235,-95.1463504,toy_shop
Anna's Linnens,29.5443707,-95.1461904,clothes
Impression Bridal,29.5453095,-95.1470956,clothes
E&G Amish Furniture,29.5454288,-95.1472436,furniture_shop
Macy's,29.5402127,-95.1474943,department_store
Sprint,30.0094807,-95.2668317,mobile_phone_shop
Ross,30.0061781,-95.2729339,department_store
T-Mobile,30.0044996,-95.279519,mobile_phone_shop
Washworld Washateria,29.8462118,-95.377647,laundry
Hair by KC,29.8459318,-95.377288,hairdresser
EZ A Furniture,29.7759476,-94.978415,furniture_shop
Pipeline Grill,29.7759336,-94.9786457,restaurant
Papa John's,29.7747706,-94.9781932,fast_food
Famous Footwear,29.7741397,-94.979879,shoe_shop
Office Depot,29.7744109,-94.9799192,stationery
Lane Bryant,29.774915,-94.9798508,clothes
Jason's Deli,29.773156,-94.9784427,restaurant
Old Navy,29.7746763,-94.9798736,clothes
"Specs Wines, Spirits, and Foodstore",29.7761349,-94.9798227,beverages
The Chute,29.7727253,-94.9790408,nightclub
Ricks Thick and Juicy Burgers,29.7727451,-94.9784534,restaurant
Plato's Closet,29.7722015,-94.9784346,clothes
Buds Barbeque,29.7702947,-94.9788691,restaurant
Cici's Pizza,29.7707918,-94.9766375,restaurant
AT&T,29.7756396,-94.9773168,mobile_phone_shop
Domino's,29.7787964,-94.9789516,fast_food
Wingstop,29.7795996,-94.9783401,fast_food
Boost Mobile,29.7795588,-94.978674,mobile_phone_shop
Aaron's,29.7805122,-94.9787706,furniture_shop
Boost Mobile,29.7806239,-94.9769909,mobile_phone_shop
None,29.7815725,-94.9772082,hospital
Five Guys,29.7814049,-94.9771813,fast_food
Cricket Wireless,29.7808253,-94.9788443,mobile_phone_shop
Hertz,29.7808113,-94.9789798,car_rental
Community Bank,29.783542,-94.9781563,bank
Univision,29.9858218,-95.3403317,newsagent
Agave Taquiera,29.9858159,-95.3396145,restaurant
Houston!,29.9858349,-95.3399465,gift_shop
Starbucks,29.9858252,-95.3395315,cafe
CIBO Express Gourmet Market,29.985788,-95.3391977,convenience
CNBC Smartshop,29.9853153,-95.3386045,convenience
CIBO Express Gourmet Market,29.9852176,-95.338503,convenience
H-Burger Bar,29.9847214,-95.3384849,restaurant
Benefit Cosmetics,29.9858173,-95.3386879,vending_any
Freshëns,29.9857959,-95.3382774,fast_food
Alchemy Cocktail Lounge,29.98579,-95.3381173,bar
Rip Curl,29.9858252,-95.3373031,outdoor_shop
Southern Belle,29.9858291,-95.3369106,restaurant
Culturemap,29.9858232,-95.3365723,convenience
Subway,29.9857861,-95.336128,fast_food
Starbucks,29.9853309,-95.335404,cafe
Custom Burgers,29.9853067,-95.3352371,fast_food
Beerhive,29.9854404,-95.3354113,bar
The Market by Villa,29.9855974,-95.3354967,fast_food
Pappasito's Cantina,29.985529,-95.3354918,fast_food
World Nectar,29.9856552,-95.3355461,fast_food
Tagliare,29.9856569,-95.335512,fast_food
Johnston & Murphy,29.9858271,-95.335201,clothes
Americana,29.9852371,-95.3352889,gift_shop
Q - Texas BBQ & Steakhouse,29.9851339,-95.3351868,restaurant
CIBO Express Gourmet Market,29.9842314,-95.3353033,convenience
El Primo Tex-Mex Bar & Grill,29.9842425,-95.3351343,restaurant
CIBO Express Gourmet Market,29.9848861,-95.3351711,convenience
iStore,29.9848319,-95.3350781,vending_any
NYS,29.9850734,-95.3351085,optician
Tout Suite,29.7586456,-95.3506867,cafe
JoS. A. Bank,29.5382795,-95.1469977,clothes
Sprint,29.53827,-95.147093,mobile_phone_shop
Fashion Bug,29.5382434,-95.1472377,clothes
Panda Express,29.53801,-95.148867,fast_food
"CoCo Crêpes, Waffles & Coffee",29.7148259,-95.4144119,restaurant
Jumps Bar & Grill,29.7216836,-95.6188116,bar
Osaka Sushi,29.7054824,-95.4407856,restaurant
Scout Bar,29.543973,-95.103476,bar
Toulouse,29.7429705,-95.4536536,restaurant
Sprinkles Cupcakes,29.7419351,-95.4459805,cafe
La Fiesta Restaurant & Cantina,29.7821246,-95.5268053,restaurant
Tidwell Car Wash,29.8459305,-95.3768168,car_wash
Houston C Store,29.8486108,-95.3789335,convenience
Evolution Barber Shop,29.8471395,-95.3782348,hairdresser
Burbank Cleaners & Alterations,29.8459313,-95.3773811,laundry
L&B Nails,29.8459303,-95.3772243,beauty_shop
Wells Fargo,29.9672209,-95.5847304,bank
Subway,29.9672118,-95.5849371,fast_food
AT&T,30.0110812,-95.5904932,mobile_phone_shop
Trade Wind Enterprise Auto Sales,29.8491978,-95.3847878,car_dealership
Que Bella Hair & Nails,29.8459647,-95.3713086,beauty_shop
Latino's Sports Bar,29.8554488,-95.3849537,bar
Northpoint Clinic,29.8429769,-95.3916508,doctors
Airline Car Wash,29.8428972,-95.3840303,car_wash
3d Nails & Lashes,29.8458788,-95.3831474,beauty_shop
Fashion Ropa Colombiana,29.8459582,-95.3834027,clothes
Tacos La Bala,29.8460692,-95.383395,restaurant
Jefferson Dental Care,29.8458799,-95.383388,dentist
Tierra Caliente Bakery,29.8460047,-95.3833988,bakery
Royal Hair,29.8488248,-95.3847198,hairdresser
Globe Nails,29.8470444,-95.3838758,beauty_shop
Pizza Patron,29.8469973,-95.3838734,fast_food
Texan Credit Corporation,29.8469503,-95.3838709,bank
Mendoza Mexican Restaurant,29.8468562,-95.3838659,restaurant
Melys Hair Salon,29.8468091,-95.3838634,hairdresser
None,29.846762,-95.3838609,clinic
Total By Verizon,29.846715,-95.3838584,mobile_phone_shop
SuKarne,29.8465267,-95.3838485,butcher
Mi Doctor,29.8458517,-95.384006,doctors
Walgreens,29.8277631,-95.430395,pharmacy
Taqueria Jesus Maria,29.8587843,-95.3850981,restaurant
Metro by T-Mobile,29.8588992,-95.3850903,mobile_phone_shop
Annie Food Mart,29.858106,-95.384365,convenience
Texan's Discount Liquor,29.8602196,-95.3857116,beverages
Orlin Barber Shop,29.8581051,-95.3842123,hairdresser
Boost Mobile,29.8590439,-95.3851186,mobile_phone_shop
Franco's Barbershop,29.8599571,-95.3857082,hairdresser
Tostada Regia,29.8603005,-95.3857126,restaurant
Best Wireless & Repairs,29.8600051,-95.3857088,mobile_phone_shop
Watermill Express,29.8583389,-95.3844575,vending_any
Walgreens,29.859962,-95.3838292,pharmacy
Five Guys,29.7493774,-95.4602024,fast_food
Berryhill Baja Grill,29.7492781,-95.4597581,restaurant
Merchant,29.7493836,-95.4601018,cafe
Consulate General of the Federal Republic of Germany,29.7535618,-95.4612415,embassy
First Convenience Bank,29.8362838,-95.3855968,bank
Amazonautos.net,29.8321981,-95.4111817,car_dealership
Jack in the Box,29.6517784,-95.0875361,fast_food
Sanskar Maharashtrian Veg Cuisine,29.7763865,-95.7789298,restaurant
Best Food Market,29.845778,-95.3904784,convenience
Swift,29.8834671,-95.3920072,convenience
Cricket Wireless,29.8451642,-95.3839588,mobile_phone_shop
PNC Bank,29.8452553,-95.3839638,atm
Antone's,29.747776,-95.4550689,restaurant
David's Bridal,29.7478679,-95.4552391,clothes
Wendy's,29.9854397,-95.3324967,fast_food
Viviana's,29.8070682,-95.4579451,nightclub
Boost Mobile,29.8449367,-95.3769678,mobile_phone_shop
Gymnast II,29.7263406,-95.3904593,artwork
The Sound of Night,29.7265255,-95.3902589,artwork
The Walking Man,29.7265623,-95.3904269,artwork
Bird,29.7269604,-95.3906856,artwork
The Large Horse,29.7264509,-95.3903307,artwork
New Forms,29.7266844,-95.3902843,artwork
Adam,29.7266206,-95.3903179,artwork
Lee's Sandwiches,29.7043313,-95.5759894,fast_food
Obelistk,29.7509465,-95.4638406,memorial
Break Stop,29.8766485,-95.1909297,convenience
Church's Chicken,29.8526322,-95.1881079,fast_food
Express Fuel,29.8528277,-95.1881229,convenience
S & S Mobile,29.8366463,-95.3856842,mobile_phone_shop
Sun Nail Spa,29.8377398,-95.384903,beauty_shop
Handi Plus,29.8376526,-95.384903,convenience
Upscale Cleaners,29.8081548,-95.4097728,laundry
Boost Mobile,29.8792961,-95.6854825,mobile_phone_shop
Boost Mobile,29.8657135,-95.6823055,mobile_phone_shop
Starbucks,29.918467,-95.6897317,cafe
Boost Mobile,29.8562303,-95.6437729,mobile_phone_shop
Starbucks,29.8775032,-95.6470067,cafe
Airline Market,29.8494752,-95.3852693,convenience
Chicas,29.8496702,-95.3852815,beauty_shop
Two Circle Sentinel,29.7265102,-95.390567,artwork
The Pilgrim,29.7266996,-95.390809,artwork
Spirit of Eternal Repose,29.7264351,-95.3905164,artwork
Big Twist,29.7266996,-95.3905518,artwork
Moy Tung Kung Fu Academy,29.7339295,-95.4113004,sports_centre
JINYA Ramen Bar,29.742746,-95.3798071,restaurant
Starbucks,29.7048865,-95.4249877,cafe
Staples,29.7757486,-95.3834297,stationery
Pearl Dentisry,29.7754552,-95.3833886,dentist
Grace Episcopal Church School & Office Entrance,29.673784,-95.4440319,school
Wingstop,29.7735693,-95.3982558,fast_food
Franklin Optical,29.8366979,-95.3856892,optician
Time Mart,29.918062,-95.6690336,convenience
UT Physicians,29.7878398,-95.4108626,doctors
Miguel's,29.8268742,-95.3758349,convenience
Carnitas Gerardo's,29.8590499,-95.3503149,restaurant
Paty's Beauty Salon,29.8590521,-95.3504625,beauty_shop
Metro by T-Mobile,29.8590569,-95.3505731,mobile_phone_shop
Smith & Wollensky,29.7412765,-95.4456328,restaurant
Coda,29.8030552,-95.4030679,gift_shop
Champions Forest Animal Clinic,29.9806567,-95.5083556,veterinary
Boost Mobile,29.8451046,-95.3911338,mobile_phone_shop
Reel Seafood & Bar,29.8042462,-95.4266948,restaurant
Hard Rock Cafe,29.9869425,-95.3455899,restaurant
Dessert Gallery,29.7333719,-95.4193347,bakery
bellagreen,29.7383385,-95.4152429,restaurant
Hops Meets Barley,29.7382255,-95.4148526,restaurant
Aka Sushi House,29.7388397,-95.4161373,restaurant
PlainsCapital Bank,29.7398317,-95.4183489,bank
Tootsies,29.7420667,-95.4190928,clothes
Flemings,29.7381291,-95.4166203,restaurant
China One,29.8705197,-95.4028541,restaurant
Green Earth,29.8080996,-95.4097765,cafe
Ray's BBQ Shack,29.7028404,-95.356682,restaurant
Walgreens,29.7019144,-95.3589323,pharmacy
Artistic Teethcrafters Dental Lab,29.7944204,-95.7375289,dentist
Murphy Industrial Products,29.7958487,-95.4563955,doityourself
Back III,29.7262781,-95.39079,artwork
Back I,29.7262934,-95.3907109,artwork
Houston Triptych,29.7263697,-95.3908845,artwork
Back IV,29.7262921,-95.3908387,artwork
Back II,29.7262884,-95.390752,artwork
KA Beauty Supply,29.9894771,-95.4981862,beauty_shop
Veroc Auto LLC,29.7133389,-95.6048666,car_dealership
Blanca's Hair Styling,29.7844341,-95.2952195,hairdresser
Recuerdo de Machu Picchu No. 3 (Las terrazes),29.7264697,-95.3906136,artwork
Spatial Concept/Nature No. 1,29.7263569,-95.3905287,artwork
Crossover Health,30.1054411,-95.4312519,doctors
Local Poké,29.8167459,-95.4303549,restaurant
Skoah,29.8167451,-95.4304512,beauty_shop
Ella & Oak Salon,29.8167442,-95.4305474,hairdresser
Surfhouse,29.8167425,-95.4307399,sports_shop
BB's,29.8167417,-95.4308361,restaurant
The Teahouse,29.8168597,-95.4308518,cafe
Aladdin,29.8171044,-95.4308518,restaurant
Rice Epicurean Market,29.7466025,-95.4863817,supermarket
Postal Zone,29.7469872,-95.4864406,post_office
Craft Pita,29.7474532,-95.4865062,restaurant
Fountainview Wine & Spirits,29.7471475,-95.4865084,beverages
City Vet,29.7472337,-95.4865078,veterinary
Michael's cookie jar,29.7476969,-95.4864724,restaurant
Esquire Cleaners & Alterations,29.7477942,-95.4864722,laundry
Panda Garden,29.7479179,-95.486472,restaurant
Fountainview Barber Shop,29.7481186,-95.4864718,hairdresser
Briargrove Smiles Dentistry,29.7480679,-95.4864718,dentist
Sweet Moment Nail & Pedi Spa,29.7480243,-95.4864719,beauty_shop
Star Cinema Grill,29.5458326,-95.1500975,cinema
Yard House,29.5462939,-95.1500878,restaurant
Otsuka Ramen Bar,29.546023,-95.1500347,restaurant
Perry's Steakhouse,29.5463185,-95.1495746,restaurant
The Rouxpour Restaurant & Bar,29.546023,-95.1495392,restaurant
Maggiano's Little Italy,29.545829,-95.1495038,restaurant
Bar Louie,29.5456609,-95.1494826,bar
Dave & Buster's,29.5454749,-95.1500064,restaurant
Gloria's Latin Cuisine,29.5452356,-95.1495392,restaurant
Salata,29.5452787,-95.1491676,restaurant
Evereve,29.5444218,-95.1493975,clothes
Arhaus,29.5445921,-95.149427,furniture_shop
Sunglass Hut,29.5448649,-95.149474,optician
Chico's,29.5449456,-95.1494916,clothes
White House Black Market,29.5450529,-95.1495009,clothes
Anthony Vince' Nail Spa,29.5449468,-95.1496867,beauty_shop
Versona,29.545205,-95.1497539,clothes
Laser Away,29.5451156,-95.14972,beauty_shop
Soma,29.5450422,-95.1496978,clothes
Forever 21,29.5435853,-95.1483766,clothes
Anthropologie,29.5445254,-95.1496429,clothes
Primp and Blow,29.5439199,-95.1497267,hairdresser
Fabletics,29.5441083,-95.1496927,clothes
Grimaldi's,29.5442688,-95.1496141,restaurant
Lululemon,29.5437791,-95.1492648,clothes
Rowan Piercing,29.5436567,-95.1491804,beauty_shop
LoveSac,29.543617,-95.1491429,furniture_shop
Buttersmilk Sky,29.5456312,-95.149991,bakery
Fogo de Chão,29.5454646,-95.1494259,restaurant
Remington College Webster Campus,29.5253204,-95.1235322,college
The Cross at Sagemont Church,29.5996581,-95.2198884,wayside_cross
Commemorative Plaque to Anne Wilford,29.7804083,-95.5454515,memorial
Bisou,29.7417071,-95.4537764,restaurant
Blind Pig Liquor,29.9100217,-95.5687204,beverages
Premier Fine Wine & Spirits,29.7737349,-95.3982568,beverages
Walgreens,29.7526675,-95.4039915,pharmacy
Fountain at Somerset Green,29.7843414,-95.4421797,fountain
A+ Dental Kids,29.8599084,-95.4010297,dentist
Tacos Tierra Caliente,29.7382663,-95.4082571,fast_food
Randell Reed's,29.9943703,-95.2711791,car_dealership
Post Oak Bank,29.7460433,-95.4576779,bank
Hertz,29.7378276,-95.4634916,car_rental
Chipotle,29.9199841,-95.413573,fast_food
Bonfire Wings,29.9198473,-95.4135729,fast_food
Eskimo Hut Daquiris To Go,29.9199205,-95.4135744,beverages
AT&T,29.9197778,-95.4135768,mobile_phone_shop
Home Source Furniture Showroom,29.7499395,-95.4604554,furniture_shop
Home Source Furniture Warehouse Showroom,29.7879955,-95.5649775,furniture_shop
Rincon de Buhos,29.8977991,-95.4133042,bar
Great Clips,29.9254355,-95.1968208,hairdresser
Tide Cleaners,29.9254367,-95.1969715,laundry
My Wireless AT&T Authorized Retailer,29.9254374,-95.1970469,mobile_phone_shop
Summerwood Smiles Dentistry & Orthodontics,29.9254348,-95.1967454,dentist
Northern Tool,29.9625207,-95.5511092,doityourself
Smile Squad,29.8211539,-95.4097377,dentist
Subway,29.8212927,-95.4097407,fast_food
Stan Cleaners,29.8214315,-95.4097436,laundry
Farm Boy Brew Shop,29.8215703,-95.4097466,bar
United States Post Office,29.8217091,-95.4097495,post_office
Lifesavers 24/7 Emergency Room,29.8219867,-95.4097554,clinic
Miller's Cafe,29.8222243,-95.4097605,restaurant
LV Nail Spa,29.8225379,-95.4097672,beauty_shop
Fajita Pete's,29.8291662,-95.4305323,restaurant
T-Mobile,29.8133559,-95.4099524,mobile_phone_shop
Connect Dental Specialists,29.8134525,-95.4099517,dentist
Southwell's Hamburger Grill,29.7742699,-95.3828309,restaurant
Today's Vision,29.7742667,-95.3829268,optician
The Heights Modern Dentisry,29.7746248,-95.3827455,dentist
Sport Clips,29.7748402,-95.3827342,hairdresser
Rumor Has It Day Spa,29.7747766,-95.3827455,beauty_shop
MOD Pizza,29.7749406,-95.3827314,fast_food
Banfield Pet Hospital,29.774003,-95.3831439,veterinary
Mister Car Wash,29.7057276,-95.4108229,car_wash
Shell,29.7065852,-95.4179339,convenience
Houston Computer Help,29.7073483,-95.41806,computer_shop
La Fresca Pizza,29.707591,-95.4180438,restaurant
Campbell's Compounding,29.7077741,-95.4180942,pharmacy
Boutros Orthodontics,29.7065968,-95.4605287,dentist
SOS Salon Unisex,29.6811483,-95.2610806,hairdresser
Chipotle,29.698482,-95.5182989,fast_food
Blaze Pizza,29.6981603,-95.5186571,fast_food
Jimmy John's,29.6982213,-95.5185999,fast_food
Sprint,29.6982823,-95.5185427,mobile_phone_shop
Salata,29.6986345,-95.5181126,restaurant
LifeWay Christian Store,29.6978878,-95.5189585,bookshop
Shipley Do-Nuts,29.6979892,-95.5188021,fast_food
Firehouse Subs,29.6978397,-95.5190175,fast_food
Tu y Yo at Ofelia's Salon,29.6979511,-95.5188691,hairdresser
Exclusive Cleaners & Shoe Repair,29.707681,-95.4180468,laundry
Mr,30.028313,-95.379662,pub
Swamp City,29.8703406,-95.4028595,restaurant
Beer Market,29.7419945,-95.379631,pub
Metro by T-Mobile,29.8286957,-95.3993732,mobile_phone_shop
Walgreens,29.6638949,-95.4649399,pharmacy
CVS Pharmacy,29.756967,-95.3974451,pharmacy
H-E-B,29.7688039,-95.3966726,supermarket
Luchi & Joeys - Underground Downtown,29.7578061,-95.3648998,restaurant
Tamashi,29.8291679,-95.4309309,restaurant
Verizon,29.814644,-95.3990749,mobile_phone_shop
Glo Nails,29.8146478,-95.3988297,beauty_shop
Pearle Vision,29.8146509,-95.3986326,optician
The Pretty Kitty,29.7746446,-95.3980755,beauty_shop
Jamba,29.7746451,-95.3981368,fast_food
Pokeworks,29.7746457,-95.398213,restaurant
L&L Hawaiian Barbecue,29.7746441,-95.3979976,fast_food
Champion Computers & Phones,29.8206881,-95.4684046,computer_shop
Luby's,29.8207152,-95.4686464,restaurant
Subway,29.8206717,-95.4683056,fast_food
dd's Discounts,29.8205059,-95.4671584,department_store
Look Eyecare,29.8164618,-95.4290306,optician
Dentisry of the Oaks,29.8164616,-95.4289359,dentist
The UPS Store,29.8164613,-95.4288411,post_office
Brush Box,29.8164611,-95.4287464,beauty_shop
Les Ba'Get,29.8164608,-95.4286516,restaurant
Take It Back,29.8481003,-95.3938477,artwork
El Amigo Grocery Store,29.8668938,-95.3845101,convenience
Wendy's,29.6529282,-95.2766482,fast_food
Mademoiselle Louise,29.7509775,-95.3693589,cafe
Sojourn de Nails,29.7520287,-95.3680578,beauty_shop
Your Pie,29.752224,-95.3684415,restaurant
Slowdrip TX,29.7519015,-95.3679437,cafe
Get RX'd,29.748166,-95.3507361,sports_shop
Eagle Express Cleaners,29.7431708,-95.4042394,laundry
AZ Food Mart,29.743172,-95.4043347,convenience
Sonic,29.6647972,-95.0842525,fast_food
Exclusive Food Mart,30.0243048,-95.4391564,convenience
Mo's,30.0142348,-95.3775676,convenience
Pizza Hut,29.8006423,-95.4482231,restaurant
Thai Lanna,29.800812,-95.4481798,restaurant
Premiere Cinema 7 Tomball,30.0877359,-95.6334683,cinema
Ross,29.8328696,-95.3815169,department_store
Marshalls,29.8328771,-95.3810662,department_store
Teatonic,29.8329466,-95.3831551,cafe
Wingstop,29.8330372,-95.3832152,fast_food
Cicis,29.8328283,-95.3830765,restaurant
DaVita Dialysis,29.8331908,-95.3833238,clinic
The Cellar Bar,29.7343954,-95.4261302,bar
FastRun,29.8601879,-95.3880826,convenience
Verizon,29.8309335,-95.3808432,mobile_phone_shop
Houston Crossroads Dental Care,29.8310507,-95.3809433,dentist
Northline Nails & Spa,29.8311528,-95.3810259,beauty_shop
The Children's Place,29.8315055,-95.3809275,clothes
Ashley Stewart,29.8316022,-95.3807205,clothes
Kids Foot Locker,29.8295569,-95.3796293,shoe_shop
ABC Dental,29.829444,-95.379832,dentist
China Star,29.8300027,-95.3802257,restaurant
Nails Club,29.8302872,-95.3797176,beauty_shop
House of Hoops,29.8299828,-95.3809118,shoe_shop
Foot Locker,29.8300502,-95.3809644,shoe_shop
My Eye Dr.,29.8298165,-95.3807778,optician
Navy Federal Credit Union,29.8298966,-95.3808294,atm
Rainbow,29.8303511,-95.3804671,clothes
rue21,29.8307161,-95.3798746,clothes
Burlington,29.8329136,-95.3788659,department_store
Chuck E. Cheese,29.8329013,-95.3796092,restaurant
Shoe Carnival,29.8328921,-95.3801619,shoe_shop
AT&T,29.8328094,-95.3827779,mobile_phone_shop
Salon Park,29.8205291,-95.4662627,beauty_shop
WSS,29.8205198,-95.4666233,shoe_shop
Boost Mobile,29.8279744,-95.3770205,mobile_phone_shop
Galaxy & iPhone Repair Center,29.828015,-95.377688,mobile_phone_shop
Louisiana Fish House,29.8280382,-95.3779439,restaurant
USA Wings,29.8280699,-95.3782495,restaurant
Subway,29.8280848,-95.3783476,fast_food
Domino's,29.8281002,-95.3784823,fast_food
Hungry Farmer Barbecue,29.8281238,-95.3786464,restaurant
Total by Verizon,29.8282127,-95.379339,mobile_phone_shop
Chelsea Nails,29.828208,-95.3793067,beauty_shop
Brident Dental & Orthodontics,29.8281956,-95.3792209,dentist
Chipotle,29.8189297,-95.4669098,fast_food
Kyrish Truck Centers,29.7957327,-95.2715396,travel_agent
TX America Cinemas,29.7068777,-95.5143291,cinema
Capital One,29.7385083,-95.4787552,atm
Cyclone Anaya's,29.760222,-95.4824132,restaurant
Lee's Pretty Nails,29.7598708,-95.4824106,beauty_shop
Tide Cleaners,29.7593357,-95.4824072,laundry
DermaHealth,29.7595195,-95.4824081,doctors
Goodwill Donation Center,29.7596951,-95.4824094,recycling
PostNet,29.7599878,-95.4824115,post_office
The Brisket House,29.7599293,-95.4824111,restaurant
The Cheesecake Factory,29.739685,-95.4629395,restaurant
Star Cinema Grill Vintage Park,29.9946496,-95.5727172,cinema
Walgreens,29.7815019,-95.3602778,pharmacy
Star Stop,29.8032348,-95.2183235,convenience
Alamo Tamale Company,29.8380916,-95.36487,restaurant
McDonald's,29.9366099,-95.4973993,fast_food
McDonald's,29.8129875,-95.5444694,fast_food
McDonald's,29.654653,-95.5667531,fast_food
McDonald's,29.6444081,-95.5380669,fast_food
McDonald's,29.8706837,-95.4074273,fast_food
McDonald's,29.994683,-95.6243429,fast_food
Primp & Blow,29.8169926,-95.4286996,hairdresser
BubbleEgg,29.8169854,-95.428773,restaurant
Tamez Auto Sales,29.83705,-95.3807641,car_dealership
Nailology,29.813403,-95.4099527,beauty_shop
The Lodge,30.0546517,-95.6547314,community_centre
Deer Frolic,30.0566439,-95.6602701,artwork
Unbridled,30.0593572,-95.6517602,artwork
Walgreens,29.8974361,-95.6847572,pharmacy
Pollo Bravo,29.7609974,-95.420421,fast_food
Eagle Springs Eagle Statue,29.9727713,-95.1940192,artwork
CVS Pharmacy,29.7402601,-95.4574173,pharmacy
Redbox,29.7727898,-95.4008691,vending_any
Walmart Pharmacy,29.7732205,-95.4010032,pharmacy
Walgreens,29.7410888,-95.4676241,pharmacy
Esquire Fine Cleaners,29.7617949,-95.4207054,laundry
McDonald's,29.7220028,-95.5198306,fast_food
On My Way,29.7219993,-95.5199164,convenience
Houston Police Station,29.7649432,-95.3706247,police
Red Bike Statue,29.7688408,-95.6228979,artwork
Cottage Shop,29.7581429,-95.4208667,gift_shop
Atlas Furniture,29.8277314,-95.3792366,furniture_shop
Walmart Pharmacy,29.6666099,-95.099783,pharmacy
Walmart Garden Center,29.6666541,-95.0991259,garden_centre
McDonald's,29.6665236,-95.1005207,fast_food
Redbox,29.6663791,-95.1005743,vending_any
SmartStyle,29.66654,-95.1000567,hairdresser
Yami's Taqueria,29.8593654,-95.3968073,restaurant
Karla's Beauty Salon,29.8593659,-95.3966245,beauty_shop
Swift,29.871364,-95.4299591,convenience
Boost Mobile,29.871364,-95.4300829,mobile_phone_shop
Uz's Donuts,29.871364,-95.4303303,bakery
Frenchy's Chicken,29.871364,-95.430454,fast_food
Sitting Buddha,29.7806132,-95.5830257,artwork
Hoptei,29.7806216,-95.5830179,artwork
Stone Lantern,29.7805558,-95.582853,artwork
XX3,29.7410223,-95.4214663,bar
Jaxton's World Flavors,29.7412297,-95.4212896,restaurant
Downing Street Social Club,29.7410562,-95.4212877,bar
T-Mobile,29.8166051,-95.769095,mobile_phone_shop
Malawis Pizza,29.8151995,-95.7695188,fast_food
Cornerstone Orthodontics,29.8152612,-95.7695174,dentist
Anayah's Threading Salon & Spa,29.8153426,-95.7695188,beauty_shop
Wingstop,29.8155427,-95.7695268,fast_food
Sport Clips,29.8156917,-95.7695295,hairdresser
Deluxe Nails & Spa,29.815772,-95.7695322,beauty_shop
Verizon,29.8158592,-95.7695389,mobile_phone_shop
Petco,29.8147178,-95.7697172,veterinary
T. Jin's China Diner,29.81382,-95.7700083,restaurant
Today's Vision,29.8137665,-95.7700297,optician
Subway,29.8137293,-95.7700418,fast_food
Greater Houston Pediatric Dentistry,29.8136822,-95.7700619,dentist
Supercuts,29.8135937,-95.7700941,hairdresser
T-Mobile,29.8135053,-95.770129,mobile_phone_shop
Ideal Dental,29.8134006,-95.7701746,dentist
Starbucks,29.8129933,-95.7703462,cafe
Little Caesars,29.8182067,-95.7651159,fast_food
Great Clips,29.8182434,-95.7653171,hairdresser
Nail Bar of Texas,29.8182428,-95.7653748,beauty_shop
Sake Asian Fusion,29.8182422,-95.7654532,restaurant
Cricket Wireless,29.8182428,-95.7655404,mobile_phone_shop
The UPS Store,29.8182399,-95.7656564,post_office
Night Light,29.8182411,-95.7658079,doctors
Smiles Dentistry & Orthodontics,29.818248,-95.7662264,dentist
Metro by T-Mobile,29.816633,-95.7638888,mobile_phone_shop
5 O'Clock Spot Grille,29.8166319,-95.7639921,restaurant
The Fountainhead,30.0149246,-95.4516381,bar
Standing Buddha,29.7806218,-95.5830251,artwork
SpinXpress Laundry,29.8450255,-95.3859802,laundry
Burger King,29.8009736,-95.4521437,fast_food
Northline Washateria,29.8647007,-95.3982109,laundry
Northline Food Mart & Deli,29.8646035,-95.3982052,convenience
Bellami Beauty Bar,29.7486224,-95.4620411,hairdresser
The Arrangement,29.7489715,-95.4597329,furniture_shop
Wildfish Theatre,29.7496754,-95.4604471,theatre
Panera Bread,29.7499094,-95.460135,fast_food
Ninfa's Uptown Houston,29.7499831,-95.4627164,restaurant
Sakowitz Furs,29.7486252,-95.4618459,clothes
Frost Bank,29.7498758,-95.4619221,bank
Luxington,29.7498659,-95.4622374,clothes
The UPS Store,29.7495648,-95.4601211,post_office
Eye Elegance,29.7493796,-95.4604256,optician
Post Oak Nail Lounge,29.7486153,-95.4597038,beauty_shop
Paloma,29.7486239,-95.4619339,beauty_shop
Pinto Ranch,29.7491337,-95.4597462,clothes
Bill Walker Clothier,29.748463,-95.4596914,clothes
Sensia Studio and Japanese Day Spa,29.7497876,-95.4601302,hairdresser
Pappadeaux Seafood Kitchen,29.984724,-95.3351576,restaurant
Mindworks,29.985481,-95.3351032,gift_shop
Livefire Burger,29.9856002,-95.3347956,restaurant
Auntie Anne's,29.9858041,-95.3333886,fast_food
United Polaris Lounge,29.9856524,-95.3335031,bar
Sports Corner,29.9856998,-95.333225,gift_shop
Beerhive,29.9856418,-95.3325435,bar
Tanglewood Grille,29.9853467,-95.3321769,restaurant
Dufry Duty Free,29.9855974,-95.3351135,gift_shop
Cibo Express,29.9856102,-95.3350249,convenience
Sunglass Hut,29.9855951,-95.3348882,optician
Gav!,29.9857818,-95.3331441,restaurant
Dufry Duty Free,29.9857767,-95.3324167,gift_shop
NYS Collection,29.9855466,-95.3321064,gift_shop
Einstein Bros. Bagels,29.9856463,-95.3353149,fast_food
United Club,29.9856431,-95.3336182,bar
Starbucks,29.9856326,-95.3327675,cafe
Cibo Express,29.9856657,-95.332107,convenience
Schlotzsky's,29.9855522,-95.332614,fast_food
United Customer Service,29.9852709,-95.3323022,tourist_info
Yume Asian Kitchen & Market,29.9857569,-95.3346641,restaurant
Dunkin',29.9856356,-95.3338505,fast_food
Cibo Express,29.9857664,-95.3337585,convenience
SkyRoam,29.9862401,-95.3336704,mobile_phone_shop
Chanel,29.9877462,-95.3336975,gift_shop
Space Corner,29.9850346,-95.3322826,gift_shop
US News & World Report,29.9864304,-95.3335816,convenience
Cibo Express,29.9849723,-95.3321837,convenience
Collectivo,29.9846986,-95.3321946,gift_shop
Cibo Express,29.9842454,-95.3322602,fast_food
Houston Wheelhouse Tex-Mex Bar & Grill,29.984234,-95.3321026,restaurant
iStore,29.9848176,-95.3319932,vending_any
Benefit,29.9862017,-95.3336766,beauty_shop
Ruby's Diner,29.9862216,-95.3335605,restaurant
Stance,29.9862773,-95.3336673,gift_shop
iS Duty Free,29.9877399,-95.3338812,gift_shop
Peet's Coffee,29.9879086,-95.3341225,cafe
Hugo's Cocina,29.9878539,-95.334197,restaurant
Pandora,29.987891,-95.3337051,jeweller
Corsa Collections,29.9878896,-95.3336304,clothes
Univision,29.9879013,-95.3340693,gift_shop
Tumi,29.9879083,-95.3340248,gift_shop
Cibo Express,29.9881182,-95.3413607,convenience
United Club,29.9877905,-95.3388766,bar
Q Bar Texas BBQ,29.9877175,-95.3396919,restaurant
Made: Texas,29.9879773,-95.3418336,gift_shop
Univision,29.9868509,-95.345433,convenience
IS Duty Free,29.9868663,-95.3456345,gift_shop
The Fruteria,29.9856644,-95.3452559,fast_food
United Customer Service,29.9860317,-95.3455947,tourist_info
World Bean,29.9876475,-95.3429358,cafe
World Bean,29.9877863,-95.3390793,cafe
Forno Magico,29.9854256,-95.3385525,restaurant
Space Corner,29.9877898,-95.3390382,gift_shop
Poppy's Bagels / Little Purse Dumpling Den,29.9857914,-95.3385602,restaurant
Cibo Express,29.9873886,-95.3384788,convenience
United Club,29.9856607,-95.3388532,bar
Cibo Express,29.9859418,-95.3384416,convenience
El Premio Tex-Mex Bar & Grill,29.9855054,-95.3385495,restaurant
Thai Jasmine,29.6199078,-95.2268199,restaurant
Domino's,29.8280142,-95.4293036,fast_food
Chase,29.8289062,-95.4293483,atm
Chase,29.8289062,-95.4293852,atm
First Boutique Nails,29.7642999,-95.4790405,beauty_shop
Qua Salon,29.7643803,-95.4791111,hairdresser
Houston Eye Associates,29.7640033,-95.4787682,optician
Omni Cleaners,29.764476,-95.4791486,laundry
Murphy’s Deli,29.7641076,-95.4788553,fast_food
Walgreens,29.7645889,-95.4791475,chemist
BLVD Dentistry,29.8275395,-95.4321049,dentist
Subway,29.8275398,-95.4322091,fast_food
Nails by Tina,29.8275401,-95.4323003,beauty_shop
Tide Cleaners,30.0032403,-95.5322984,laundry
Tide Cleaners,30.0311229,-95.5577174,laundry
Tide Cleaners,30.0704719,-95.4272981,laundry
Tide Cleaners,30.0736484,-95.5105476,laundry
Tide Cleaners,30.1462654,-95.5494277,laundry
Tide Cleaners,30.0898204,-95.6337533,laundry
Tide Cleaners,29.9289782,-95.7267933,laundry
Tide Cleaners,29.9731548,-95.6901055,laundry
Tide Cleaners,29.7474481,-95.7508943,laundry
Tide Cleaners,29.755966,-95.624606,laundry
Tide Cleaners,29.7514356,-95.4626637,laundry
Tide Cleaners,29.7352866,-95.4104395,laundry
Tide Cleaners,29.7669543,-95.5525739,laundry
Tide Cleaners,29.7263793,-95.4282685,laundry
Tide Cleaners,29.7064964,-95.4165613,laundry
Tide Cleaners,29.7050877,-95.4734849,laundry
Russo’s New York Pizzeria,29.7857342,-95.4657032,fast_food
Subway,29.7852289,-95.467411,fast_food
Panda Express,29.7857396,-95.4675807,fast_food
Supercuts,29.787797,-95.4675797,hairdresser
Houston Improv,29.7855483,-95.4639472,theatre
Dolce & Cafe,29.7858758,-95.4675812,cafe
Hollywood Nails & Spa,29.7877246,-95.467578,beauty_shop
NW Dental,29.7860739,-95.4675821,dentist
Tamashi Ramen & Sushi,29.7879317,-95.4675828,restaurant
Big City Wings,29.7854088,-95.4637509,restaurant
Hugh O’Connors,29.7859486,-95.4645014,pub
Dave & Buster's,29.7859489,-95.4657217,restaurant
Warehouse 72,29.7859488,-95.4654502,restaurant
Paris’s Nails and Spa,29.7858073,-95.4675809,beauty_shop
Jimmy John's,29.7876711,-95.4675768,fast_food
Eight One,29.786007,-95.4675818,clothes
T-Mobile,29.7861968,-95.4675826,mobile_phone_shop
Verizon,29.7873731,-95.4683889,mobile_phone_shop
Red Robin,29.785333,-95.4635849,restaurant
Kiss,29.7701525,-95.3809243,restaurant
Polish Parker and Roe Nail Salon,29.7701486,-95.3813004,beauty_shop
Local Pho Vietnamese Noodle,29.7701475,-95.3814885,restaurant
Bayou City Smiles,29.7701433,-95.381667,dentist
Satori Salon,29.7701421,-95.3818543,hairdresser
Awesome Bites Company,29.7701387,-95.3820406,bakery
Loft 18,29.7701353,-95.3822269,bar
CVS Pharmacy,29.8035615,-95.3989221,pharmacy
Everyday,29.8406707,-95.429298,convenience
Chang’s,29.7494571,-95.4782245,restaurant
Kolache Factory,29.7494552,-95.4782995,fast_food
Hyde Park Nails,29.7494533,-95.4783765,beauty_shop
Today’s Vision,29.7494514,-95.4784506,optician
A-1 Cleaners,29.7494413,-95.4788529,laundry
Tanglewood Dental,29.7494347,-95.4791137,dentist
Trustmark Bank,29.7494317,-95.4792297,bank
MOD Pizza,29.7494397,-95.478916,fast_food
Vanity Salon,29.7494374,-95.4790068,hairdresser
Hopdoddy,29.8030191,-95.4053322,restaurant
JINYA Ramen Bar,29.8032464,-95.4053479,restaurant
Pappas Bar-B-Q Monroe,29.6673073,-95.2620592,restaurant
Salon Vive,29.761664,-95.4211299,hairdresser
SCF Office Furniture,29.8218395,-95.3782554,furniture_shop
Voss Nails,29.7364425,-95.5020716,beauty_shop
The Q Salon,29.7364378,-95.5023625,beauty_shop
Rainbow,29.7364334,-95.5024882,clothes
City Gear,29.7364248,-95.5027395,clothes
Performance Bike,29.7364205,-95.5028652,bicycle_shop
Office Depot,29.7364565,-95.5016559,stationery
Tresslife Weavery and Braid Bar,29.6358961,-95.4966224,bar
Walgreens,29.7067456,-95.4947573,pharmacy
Walgreens,29.7068202,-95.4946607,chemist
Metro by T-Mobile,29.8177964,-95.4109968,mobile_phone_shop
Monterrey Auto Title,29.8177863,-95.4114342,car_dealership
Mi Sombrero,29.817796,-95.4111427,restaurant
Pour 'n More Liquor,29.8177757,-95.4098832,beverages
Janie's Salon,29.8704908,-95.3982326,hairdresser
Puro Norte Botanero,29.8704938,-95.3981135,bar
Express Liquor,29.8704886,-95.3975125,beverages
Express Fuel,29.8704854,-95.397308,convenience
Justin's Hair Salon,29.8591695,-95.4098694,hairdresser
Sunrise Mini Mart,29.8591757,-95.4096575,convenience
Snooze AM,29.7418686,-95.4618729,restaurant
Paparucchos,29.735113,-95.4665515,restaurant
Burger King,29.953633,-95.5458945,fast_food
24 seven,29.953556,-95.5459506,convenience
Church's Chicken,29.9528407,-95.5464932,fast_food
Star Stop,29.9528833,-95.5466382,convenience
Express Inn,29.8899785,-95.4128695,motel
Doggett Ford,29.8951223,-95.4136312,car_dealership
Enterprise,29.8893716,-95.4127595,car_rental
Villa Italian Kitchen,29.959592,-95.5386126,fast_food
Taco Bell,29.9596485,-95.5384914,fast_food
B & J Fallbrook,29.920408,-95.4459076,convenience
Whole Foods Market,29.8137026,-95.3981434,supermarket
Arandas Bakery,29.8442477,-95.3852735,bakery
Starbucks,29.7233225,-95.4676456,cafe
Perk Coffee Shop,29.7535592,-95.3652924,cafe
Chase,29.6047155,-95.1263292,bank
Caroline C. Johnson DDS,29.7606004,-95.4175835,dentist
Dessange Salon & Spa,29.7606017,-95.417673,beauty_shop
Scott Gertner's Rhythm Room,29.7606837,-95.4173477,pub
Caracol,29.7433601,-95.4624564,restaurant
PNC Bank,29.7433601,-95.4615096,bank
Cafe Ginger,29.7433694,-95.4622821,restaurant
Moxie's,29.7428244,-95.4614613,restaurant
Primeway Credit Union,29.7708186,-95.4088751,bank
Pho King Bar,29.7708169,-95.4089914,restaurant
Woman's Health,29.7708133,-95.4092317,clinic
Direct Car Company,29.8124127,-95.4033838,car_dealership
AT&T,29.8122218,-95.4099481,mobile_phone_shop
Goodyear Motors,29.8117167,-95.4100555,car_dealership
Yale Street Grill,29.8051317,-95.3990443,restaurant
Marcos Market,29.8597632,-95.3504348,convenience
El Paisano Meat Market,29.8598372,-95.3494185,butcher
Seguin Elementary School,29.6784598,-95.3061171,school
Consulate General of the United Arab Emirates,29.6992776,-95.4099059,embassy
Jinya,29.7864152,-95.7451107,restaurant
Chicken Salad Chick,29.7864245,-95.7458121,restaurant
H-E-B Pharmacy,29.7141767,-95.3764494,pharmacy
H-E-B Pharmacy,29.7687258,-95.3966627,pharmacy
McDonald's,29.8301539,-95.685803,fast_food
Precious Hair & Nails,29.971467,-95.6928541,beauty_shop
C-Mart,29.9715683,-95.6929645,convenience
Metro by T-Mobile,29.9716764,-95.6930825,mobile_phone_shop
Uptown Park Dental,29.7578304,-95.4564525,dentist
Lucho,29.7576338,-95.4566813,clothes
High Gloss,29.7560241,-95.4565009,jeweller
Uptown Sushi,29.7554406,-95.4564936,restaurant
Rejuvenation,29.7555909,-95.4564955,furniture_shop
Crave Cupcakes,29.754637,-95.4572718,bakery
Carrie Ann,29.7544853,-95.4572683,clothes
McCormick & Schmick's,29.7546462,-95.4569359,restaurant
Bill Walker Clothier,29.7554146,-95.4572341,clothes
Lewis Jewelers,29.7551653,-95.4572371,jeweller
Drybar,29.7551684,-95.4571338,hairdresser
Potbelly,29.7551711,-95.4568998,fast_food
Francesca's,29.7553184,-95.4568978,clothes
Loft,29.7554203,-95.4569317,clothes
Longoria Collection,29.7561527,-95.4574226,furniture_shop
Top Drawer Lingerie,29.7568073,-95.4571274,clothes
Étoile,29.7566768,-95.4571392,restaurant
Executive Baskets,29.7565903,-95.4571427,gift_shop
Songkran,29.7565121,-95.4571804,restaurant
Mendocino Farms,29.7575045,-95.4570849,fast_food
Merus Grill,29.7551334,-95.4584104,restaurant
M Penner,29.7553567,-95.4584119,clothes
Elizabeth Anthony,29.7555659,-95.4584134,clothes
Ceron,29.7557634,-95.4584147,hairdresser
H-E-B Pharmacy,30.0683971,-95.2512501,pharmacy
The Urban Vet,29.7464358,-95.3764784,veterinary
Chase,29.9176706,-95.413599,bank
Panda Express,29.917473,-95.4136084,fast_food
Dr. Gleem Auto Salon,29.815445,-95.4297497,car_wash
Top Flight Barber Shop,29.9045434,-95.4335124,hairdresser
Blue Bell Corner Store,29.9044079,-95.4335117,convenience
Frost Bank,29.9220643,-95.4139799,bank
TS Nail & Spa,29.9221281,-95.4139738,beauty_shop
Avis/Budget,29.9222556,-95.4139615,car_rental
Kim's Pho Grill,29.9225106,-95.413937,restaurant
Cricket Wireless,29.8184482,-95.4698038,mobile_phone_shop
Happy Nails & Spa,29.818497,-95.4698539,beauty_shop
Chipotle,29.7506198,-95.4772789,fast_food
Bird's Eye View Optometry,29.7506202,-95.4774353,optician
La Table,29.7473871,-95.4616265,restaurant
Toys To Love,29.7493787,-95.4603184,toy_shop
Subway,29.751349,-95.4626595,fast_food
Liberty Kitchen & Oysterette,29.7469623,-95.4498647,restaurant
PurePoint Financial,29.7470788,-95.4616159,bank
Republic Boot Co,29.746969,-95.4497405,shoe_shop
Woodlake Travel Agency,29.747233,-95.4616212,travel_agent
The Railyard,29.7470866,-95.4490264,pub
Cedra Pharmacy,29.7512595,-95.4626579,pharmacy
Chanails & Spa,29.7469854,-95.4492325,beauty_shop
Festari For Men,29.7470018,-95.4616133,clothes
Chase,29.747056,-95.4549682,atm
Pearle Vision,29.74731,-95.4616239,optician
Postal Station,29.7469814,-95.4493595,post_office
The Annie Café & Bar,29.7469247,-95.4616106,restaurant
Christy’s Liquor,29.7469696,-95.4496034,beverages
The Eye Gallery,29.7497513,-95.4619064,optician
River Oaks Cleaners,29.7469779,-95.449108,laundry
Pokeworks,29.7511543,-95.4626536,fast_food
FastPass Market,29.8464808,-95.4292583,convenience
CVS Pharmacy,29.8984916,-95.4304702,pharmacy
Pizza Hut,29.8289633,-95.3797441,restaurant
T-Mobile,29.8289519,-95.3796481,mobile_phone_shop
Jamboree Dentistry & Orthodontics,29.8289978,-95.3800321,dentist
None,29.871787,-95.5478396,shelter
None,29.8605628,-95.5068961,shelter
Bicheta's Sports Bar,29.8376786,-95.3817211,bar
Favi's Beauty Salon,29.8375492,-95.3817456,beauty_shop
La Costa del Sol,29.8374336,-95.3817439,restaurant
Cricket Wireless,29.8303808,-95.3837474,mobile_phone_shop
Regional Finance Loans,29.8302877,-95.3837393,bank
Boojee Hair,29.8301528,-95.3837299,hairdresser
Career School Of Texas,29.8298247,-95.3833745,college
Nailspa,29.8302651,-95.3839476,beauty_shop
Loving Care Pharmacy,29.829955,-95.3839445,pharmacy
Crescent City Beignets,29.749307,-95.4842838,restaurant
Sushi Choo Choo,29.7492624,-95.499827,restaurant
Academy Sports + Outdoors,29.8180106,-95.4693407,sports_shop
Đài Các Thánh Tử Đạo Việt Nam,29.9114575,-95.4683971,monument
Đài Thánh Giuse,29.9117168,-95.4683193,artwork
Thai Spice,29.740283,-95.5013746,restaurant
Houston Methodist Emergency Care,29.7499707,-95.499816,clinic
Richard’s Liquor And Fine Wines,29.7493978,-95.4998313,beverages
Nailvana Lash & Spa,29.7401608,-95.5013729,beauty_shop
Roosters Men’s Grooming Center,29.7495601,-95.4998247,hairdresser
Ultra Clean Cleaners,29.7490133,-95.4998207,laundry
A-1 Cleaners,29.7400466,-95.5013725,laundry
Vision Source,29.7497792,-95.499828,optician
Hand & Stone Massage & Facial Spa,29.7487848,-95.4998125,beauty_shop
Kung Fu Kebab,29.7402193,-95.5013759,restaurant
Bellagio Nail Design,29.7490967,-95.4998271,beauty_shop
Bullritos,29.7491825,-95.4998267,fast_food
Cost Cutters,29.740101,-95.5013717,hairdresser
Shipley Do-Nuts,29.7399912,-95.5013699,fast_food
Starbucks,29.7496535,-95.4998269,cafe
Great American Cookies,29.7489401,-95.4998182,fast_food
Vietnam War Memorial,29.7042185,-95.5805431,artwork
Regions Bank,30.0562573,-95.5752263,bank
Regions Bank,30.1359205,-95.552786,bank
Regions Bank,29.9254085,-95.2011788,bank
Regions Bank,29.7324738,-95.4372881,bank
Target,29.7350204,-95.5678172,department_store
Ross,29.7350391,-95.5686556,department_store
Whole Foods Market,29.7350969,-95.5705068,supermarket
Jason's Deli,29.7362198,-95.5712114,restaurant
Smoosh,29.7363036,-95.5712114,fast_food
Rally House,29.7363919,-95.5712105,clothes
Wells Fargo,29.7355538,-95.5721643,bank
Bike Barn,29.7357028,-95.5721696,bicycle_shop
Consulate General of Spain,29.7482323,-95.4801343,embassy
Swoon Apparel + Accessories,29.7503762,-95.4853874,clothes
Liquor Source,29.7503964,-95.4847717,beverages
Boss Cleaners,29.7504,-95.4846647,laundry
Nail'ori,29.7504016,-95.4845677,beauty_shop
Ginza Japanese Resaurant,29.7504052,-95.4844542,restaurant
Fu's Garden,29.7504086,-95.4843135,restaurant
Super K,29.7504114,-95.4841307,convenience
AT&T,29.7232657,-95.4676467,mobile_phone_shop
Starbucks,29.7744169,-95.3850808,cafe
Becks Prime,29.7387819,-95.4821808,fast_food
The Melting Pot,29.7390788,-95.4912503,restaurant
El Tiempo Cantina,29.7382595,-95.4896028,restaurant
Bering's Hardware,29.7382725,-95.4889437,doityourself
Smoothie King,29.7757751,-95.3826939,fast_food
Great Clips,29.7757125,-95.382693,hairdresser
Amazing Lash Studio,29.7756499,-95.3826921,beauty_shop
Great American Cookies,29.7755246,-95.3826904,fast_food
Heights Nail Spa,29.7749712,-95.3850424,beauty_shop
Shell,29.8708044,-95.539853,convenience
Toasted Yolk,29.7702643,-95.4079781,restaurant
Movie Magic,29.8588768,-95.384267,video_shop
CVS Pharmacy,29.7740478,-95.3850593,pharmacy
Saint Elizabeth Ann Seton Catholic School,29.8732666,-95.6313156,school
Pro-Life Monument,29.8728011,-95.631785,memorial
Saint Elizabeth Educational Day-Out Services,29.8729438,-95.630428,kindergarten
Kolbe Kids’ Early Childhood Program,29.9087573,-95.5696685,kindergarten
Williford Parish Library,29.9087725,-95.5693909,library
Vic & Anthony's Steakhouse,29.7570664,-95.3582067,restaurant
Guadalajara Del Centro,29.754153,-95.3644211,restaurant
Kulture,29.7544398,-95.3565967,restaurant
Rainbow,29.870743,-95.4069954,clothes
Supercuts,29.7780846,-95.7531653,hairdresser
Little Woodrow's,29.7843876,-95.7581046,bar
Landry's Seafood House,29.7843597,-95.7577479,restaurant
Northline Beauty Salon,29.8313188,-95.3754882,hairdresser
Minali Dental,29.8313125,-95.3758375,dentist
Huynh Restaurant,29.7516364,-95.3556902,restaurant
The Halal Guys,29.8137425,-95.4291273,fast_food
Smoothie King,29.8279568,-95.4293014,fast_food
Foot Spa,29.8278421,-95.4292971,beauty_shop
Ella Nails Spa,29.8278995,-95.4292993,beauty_shop
"Barry P. Weinstein, Podiatrist",29.8281289,-95.4293079,doctors
DJ Ella Cleaners,29.827631,-95.4292493,laundry
Lim Liquor,29.8275656,-95.4292474,beverages
Arc Dental,29.8275003,-95.4292454,dentist
CVS Pharmacy,29.8268471,-95.4097708,pharmacy
GoodBots,29.8628769,-95.332261,computer_shop
The Cellar Door,29.7703052,-95.7499239,bar
Bourbon Street Sports Bar,29.7712947,-95.7508466,bar
EinStein's Pub,29.7700724,-95.7509176,bar
King Fuels,29.9407646,-95.3028975,convenience
None,29.8983216,-95.5428183,shelter
Metro by T-Mobile,29.8506128,-95.4126039,mobile_phone_shop
Luce Coffee Roasters,29.8164623,-95.4292201,cafe
Tropical Smoothie Cafe,29.8164621,-95.4291254,fast_food
Los Tios,29.7496091,-95.4653941,restaurant
Longmi Lashes and Float Spa,29.7494827,-95.4653933,beauty_shop
Perfect 10 Spa,29.7494381,-95.465393,beauty_shop
Smoothie King,29.7493355,-95.4653924,fast_food
Rain Tree Boutique,29.7492664,-95.465392,clothes
Salon Vendôme,29.7491384,-95.4653912,hairdresser
Jimmy John's,29.7490183,-95.4664972,fast_food
Esquire Fine Cleaners,29.7490192,-95.466429,laundry
Parcel Plus,29.7490201,-95.4663646,post_office
Starbucks,29.7490213,-95.4662733,cafe
Love Nails,29.8832592,-95.5239461,beauty_shop
Party Pantry Liqors & Fine Wines,29.8913691,-95.5378792,beverages
Jimmy John's,29.7367883,-95.4770705,fast_food
Corelli’s Bistro,29.7385024,-95.475615,restaurant
Miracle Nails,29.7372375,-95.4780405,beauty_shop
AT&T,29.7376874,-95.4762692,mobile_phone_shop
Russo’s New York Pizzeria,29.7374361,-95.4780342,fast_food
Orvis,29.737596,-95.4780755,clothes
Uptown Shears,29.7371483,-95.4762017,hairdresser
Rich Cleaners,29.7372951,-95.4762073,laundry
Kolache Factory,29.7374296,-95.476214,fast_food
Allegro Cleaners,29.736693,-95.4770757,laundry
Red Pepper,29.7384995,-95.4750236,restaurant
Katia Boutique,29.738506,-95.4753198,clothes
Fu Belly,29.737129,-95.4780448,restaurant
Supercuts,29.737334,-95.4780384,hairdresser
Noam Jewelers,29.7381898,-95.4760226,jeweller
Houston Diamonds,29.7369858,-95.4774323,jeweller
Burganic Hub,29.7372226,-95.4761985,fast_food
Coffee Mill,29.7375031,-95.4762218,cafe
Men's Wearhouse,29.7383598,-95.474565,clothes
Asian Cafe,29.7373603,-95.47621,restaurant
Mi Recuerdo,29.8834689,-95.5241631,restaurant
H-E-B Pharmacy,29.6885083,-95.4639306,pharmacy
Salon at The Post Oak Hotel,29.7518431,-95.4570218,hairdresser
29° North,29.7513887,-95.4570218,clothes
Craft F&B,29.7517057,-95.4570218,restaurant
Post Oak Grill,29.7539344,-95.462725,restaurant
City of Houston Fire Station 24,29.658029,-95.3899701,fire_station
BHLDN,29.7421405,-95.4468094,clothes
Pottery Barn,29.7411625,-95.4458146,furniture_shop
JoS. A. Bank,29.7410576,-95.447716,clothes
Soma,29.7424545,-95.4461807,clothes
Pottery Barn Kids,29.7412356,-95.4470195,furniture_shop
Lululemon,29.7411517,-95.445991,clothes
Lucchese,29.7412356,-95.4471225,shoe_shop
Warby Parker,29.7419169,-95.4476665,optician
Design Within Reach,29.7421227,-95.4471817,furniture_shop
Brandy Melville,29.7424977,-95.4458796,clothes
Escalante’s,29.7412348,-95.4472271,restaurant
Vineyard Vines,29.7419121,-95.4477873,clothes
Splendid,29.7411471,-95.4461147,clothes
Banana Republic,29.7421844,-95.4442483,clothes
Peloton,29.742252,-95.446695,sports_shop
Lucky Brand,29.7411317,-95.4462536,clothes
Francesca's,29.7425025,-95.4457249,clothes
Z Gallerie,29.7421885,-95.4441103,furniture_shop
Madewell,29.7422529,-95.4466059,clothes
Lilly Pulitzer,29.7411289,-95.4464962,clothes
Marmi,29.7425005,-95.4456389,clothes
1,29.7410425,-95.4451093,restaurant
J.Crew,29.7412826,-95.4466279,clothes
Restoration Hardware,29.742072,-95.4462623,furniture_shop
Johnny Was,29.7412839,-95.4451089,clothes
Chico's,29.7424451,-95.446426,clothes
Anthropologie,29.7412782,-95.4468092,clothes
Paper Source,29.7420694,-95.4461112,stationery
Don Ramon's Mexican Restaurant,29.978664,-95.5118678,restaurant
Hippo Burger,29.9873032,-95.1937621,restaurant
Big City Wings,29.987118,-95.1942756,restaurant
Comet Cleaners,29.9795903,-95.1914986,laundry
Southern Maid Donuts,29.9796124,-95.1916084,restaurant
Kinder Morgan Coal Terminal,29.7480243,-95.1512651,viewpoint
Select Physical Therapy,29.8180692,-95.4291766,clinic
Flowe Studio,29.818153,-95.4291639,hairdresser
Golden Wok Chinese Food and Sushi,29.8187853,-95.4288964,restaurant
Gatlin's BBQ,29.8204413,-95.4290847,restaurant
Providence,29.8042469,-95.4228699,bar
La Paz Day Spa & Salon,29.8042486,-95.422643,beauty_shop
1st Stop Food Store,29.8042494,-95.4225295,convenience
BATL,29.8038904,-95.4256223,sports_centre
Dentini Pediatric Dentist,29.8117752,-95.4000163,dentist
Elysian Boutique,29.8117765,-95.3999198,beauty_shop
Shipley Do-Nuts,29.8117797,-95.3996784,fast_food
Möge Tee,29.8035896,-95.4107288,cafe
Crust Pizza Company,29.8034323,-95.4107865,restaurant
None,29.8833987,-95.527302,shelter
Cricket Wireless,29.9231536,-95.2022574,mobile_phone_shop
Supercuts,29.9231536,-95.2021929,hairdresser
T-Bones Sports Pub,29.8025165,-95.4321307,pub
Jester Plaza Veterinary Clinic,29.8024154,-95.4328187,veterinary
The Spaghetti Western,29.8026662,-95.4328898,restaurant
Subway,29.8018965,-95.4321684,fast_food
Kolache Factory,29.9972255,-95.5764976,fast_food
Kleb Heritage Windmill,30.0708088,-95.7382218,windmill
Hair Say,29.802119,-95.432929,hairdresser
Bayou City Healthcare,29.8023435,-95.4321188,clinic
None,29.7443393,-95.7431084,shelter
None,29.7443684,-95.7436006,shelter
None,29.7439905,-95.7421441,shelter
None,29.7440639,-95.7421441,shelter
None,29.7441827,-95.7421482,shelter
None,29.7438568,-95.7428229,shelter
None,29.7439263,-95.7428205,shelter
None,29.7440509,-95.7428232,shelter
None,29.7439165,-95.7433744,shelter
None,29.7439207,-95.7439841,shelter
Supercuts,29.8275317,-95.4314634,hairdresser
PostNet,29.8275365,-95.4318065,post_office
D'Limo Nail Lounge,29.8275347,-95.4316789,beauty_shop
Memorial Eye Center,29.8275328,-95.431538,optician
Starbucks,29.776509,-95.4108986,cafe
Phone Repair Ambulance,29.7765078,-95.4109745,mobile_phone_shop
Edible Arrangements,29.7765066,-95.4110504,gift_shop
Men's T Clinic,29.776503,-95.411278,clinic
SNAP,29.7764994,-95.4115055,veterinary
Tiff's Treats Cookie Delivery,30.0515332,-95.1814263,restaurant
Boardroom Salon for Men,30.051717,-95.1806584,hairdresser
Smart Financial Credit Union,30.0514964,-95.1816281,bank
Affordable Furniture,29.8315917,-95.4842905,furniture_shop
Rainbow,29.8326272,-95.4859061,clothes
Joe V's,29.8316216,-95.484882,supermarket
Starbucks,29.8314744,-95.4827812,cafe
Bank of America,29.7504645,-95.3747311,bank
T-Mobile,29.7504132,-95.374774,mobile_phone_shop
Napoli's Wine Cafe,29.7702889,-95.4075077,restaurant
Pappa Geno's,29.8021804,-95.4305264,fast_food
Statue of Four Lies,29.7185851,-95.3428358,artwork
British Isles,29.7176853,-95.4143129,gift_shop
Brazos Bookstore,29.7252607,-95.4159723,bookshop
AJ Food Store,29.8504488,-95.3906366,convenience
Walgreens,29.9146686,-95.4056751,pharmacy
Firehouse Subs,29.829172,-95.4307504,fast_food
Eugene's Gulf Coast Cuisine,29.7480102,-95.4077583,restaurant
Haut Wash Laundry,29.7480119,-95.4075699,laundry
Chase,29.7587589,-95.6258759,bank
PNC Bank,29.9141346,-95.0699788,bank
Fuel Maxx,29.8838066,-95.1998699,convenience
Checkers,29.883595,-95.1997063,fast_food
Subway,29.8527565,-95.1881191,fast_food
Bunny Stop,29.8497479,-95.2630144,convenience
Maisah Food Mart,29.8486854,-95.3210816,convenience
Metro by T-Mobile,29.8702873,-95.324375,mobile_phone_shop
Empire Barber Studio,29.870286,-95.3245262,hairdresser
Road Stop,29.8702847,-95.3246774,convenience
El Rey Taqueria,29.7861973,-95.5344677,fast_food
Skechers,29.8690098,-95.3274429,shoe_shop
Walgreens,29.8295685,-95.3622397,pharmacy
PCP,29.8477037,-95.3496189,doctors
Tidwell Professional Pharmacy,29.8477316,-95.3493185,pharmacy
Quick Shop 3701,29.9029277,-95.3361355,convenience
King Express,29.9029646,-95.3367343,convenience
El Regio Pollos Asados,29.9029567,-95.3369782,restaurant
Metro by T-Mobile,29.9029703,-95.3369103,mobile_phone_shop
Cricket Wireless,29.8800345,-95.3557865,mobile_phone_shop
V Max,29.8798294,-95.3547899,convenience
Swift,29.8799154,-95.3557797,convenience
First Financial Bank,30.0651705,-95.2475182,bank
The Forest Collection and Safari Legenda,30.0640544,-95.2469866,clothes
The Union Kitchen,30.0626764,-95.2468535,restaurant
Texas Direct Auto,30.0621302,-95.2470257,car_dealership
Paige Orthodontics,30.0618654,-95.2470504,dentist
Complete Dental Care,30.0605515,-95.2479006,dentist
Vision Source Family Eye Care,30.0608094,-95.2477605,optician
Greenpath Pharmacy,30.0641115,-95.2471009,chemist
Luby's,30.0643856,-95.2469909,restaurant
Epione Health Clinic,30.0647478,-95.2461178,clinic
Family Health Clinic,30.0646411,-95.2461473,clinic
Vn'Wich Cafe,30.0681053,-95.2425272,restaurant
Cricket Wireless,30.0680925,-95.2424644,mobile_phone_shop
Dana's Barber Shop,30.0680898,-95.2424171,hairdresser
Donut Palace,30.0680651,-95.2423298,fast_food
Nail Expertise,30.0680258,-95.2421743,beauty_shop
1.75 Dry Cleaners,30.0679834,-95.2420423,laundry
Timewise,30.0686824,-95.244444,convenience
Circle K,30.0710333,-95.4083741,convenience
Jae's All Seasons,29.8226846,-95.5257113,convenience
Best Kolaches & Donuts,29.9555899,-95.265993,fast_food
Boost Mobile,29.9555922,-95.2659501,mobile_phone_shop
Diana's Beauty Salon,29.9555922,-95.2659099,hairdresser
AM/PM Food Mart,29.9555957,-95.2656926,convenience
Frenchy's Chicken,29.9555969,-95.2655491,fast_food
Finley's Barbershop,29.770758,-95.4225254,hairdresser
Fizz Nails,29.770762,-95.4223684,beauty_shop
Rush Bowls,29.770765,-95.4222518,fast_food
Standard,29.7707679,-95.4148013,bar
Pink's Pizza,29.7709967,-95.4145639,fast_food
M&M Kitchen,29.8919202,-95.2872697,restaurant
Maisha Food Mart,29.8919156,-95.287448,convenience
JJ's,29.8907703,-95.2873434,convenience
All Stars 23 Barber Shop,29.8912646,-95.2566361,hairdresser
2 My Cafe,29.8912575,-95.2567658,restaurant
Lake Houston Market,29.8912498,-95.2569488,convenience
Checkers,29.8918225,-95.3004889,fast_food
Star Stop,29.8917732,-95.300385,convenience
LeapFrog,29.8974638,-95.2118795,convenience
Lovett Dental,29.7740661,-95.3982589,dentist
Citris Nail Spa,29.7739833,-95.3982584,beauty_shop
Great Clips,29.7738177,-95.3982573,hairdresser
Aqua Cleaners,29.7733902,-95.3982538,laundry
Smashburger,29.7732111,-95.3982518,fast_food
An Amazing Christian Childcare and Preschool,30.024674,-95.4385221,kindergarten
B&D Washateria,30.0246101,-95.4386361,laundry
Metro by T-Mobile,30.024463,-95.4388608,mobile_phone_shop
Boost Mobile,30.0244284,-95.4389151,mobile_phone_shop
VIP Nail Spa,30.0243938,-95.4389693,beauty_shop
Nail and Salon,30.0316841,-95.44051,beauty_shop
The Greasy Spoon,30.0314943,-95.440865,restaurant
Cypress Express Mart,30.0315576,-95.4407467,convenience
Julia's Wash & Dry,30.0317474,-95.4403916,laundry
Blue Bell Express,29.8249968,-95.4626972,convenience
Big Bear Food Store,29.824189,-95.4627411,convenience
La Belle Beauty Salon,29.8243697,-95.4627432,beauty_shop
NJ's,29.82446,-95.4627442,bar
Mangum Cleaner,29.8246408,-95.4627462,laundry
Mama's Beauty,29.8464631,-95.4295994,chemist
Fuel Expo,29.8465348,-95.4145623,convenience
Sport Clips,29.8167586,-95.4300269,hairdresser
OaksPoint Pediatric Dentistry,29.8167554,-95.4301741,dentist
Consulate General of the Philippines,29.7298671,-95.548593,embassy
Galaxy Smoothies & Nutritional Supplements,30.0039502,-95.2642117,cafe
Local Table,29.8168534,-95.4347162,restaurant
Valencia's Tex-Mex Garage,29.8168504,-95.4350164,restaurant
Valor Barber Shop,29.8168657,-95.4406169,hairdresser
Daquiris To Go,29.8464997,-95.4580164,beverages
Roadstar,29.8465044,-95.4578742,convenience
McAlister's Deli,30.0495425,-95.4289386,restaurant
Spring Park Dentisry,30.0494075,-95.4289296,dentist
In & Out Smart Repair,30.0492724,-95.4289207,mobile_phone_shop
Tune Up The Manly Salon,30.0491374,-95.4289117,hairdresser
Adriatic Cafe,30.0490024,-95.4289028,restaurant
Boot Barn,30.0487555,-95.428893,clothes
Royalty Dental Associates,30.051249,-95.4283592,dentist
American Freight,30.0509099,-95.4283178,department_store
Starbucks,30.0509762,-95.4299095,cafe
OneMain Financial,30.0508062,-95.4299583,bank
TSO,30.0508773,-95.429942,optician
Capital One,29.7911755,-95.521456,bank
Aldine Nutrition,29.9185744,-95.4049563,cafe
Juno Hair,29.7911698,-95.521142,hairdresser
KPop Gift,29.791403,-95.5221487,gift_shop
The Taco Company,29.8120484,-95.4130223,fast_food
7-Eleven,29.9295611,-95.3306155,convenience
Santana's Beauty Salon,29.8323009,-95.4503102,hairdresser
Nani Food Mart,29.8323067,-95.4502285,convenience
Tony K's,29.7256411,-95.4211436,beverages
RoadWaze,29.840887,-95.4802197,convenience
Subway,29.931346,-95.4019072,fast_food
Taqueria Huetamo,29.9313446,-95.4015863,restaurant
Nancy's Beauty Salon,29.9313442,-95.4014794,beauty_shop
Boost Mobile,29.9313437,-95.4013724,mobile_phone_shop
Aldine Mini Market,29.9313432,-95.4012529,convenience
Maxim Hair Restoration,29.7294106,-95.4125363,clinic
OST Liquor,29.7021272,-95.3564269,beverages
Modish Ladies Apparel,29.7021116,-95.356679,clothes
On The Rocks Bar & Lounge,29.7021341,-95.3563162,bar
Essentials Pharmacy,29.7021404,-95.3562135,pharmacy
Motherland Brading,29.7021188,-95.3561369,hairdresser
Fuel Maxx,30.014719,-95.3533137,convenience
Nini Kitchen,29.6943684,-95.5956164,restaurant
A1 Food Mart,29.6945676,-95.595611,convenience
Flying J,29.9991142,-95.4272249,convenience
Boost Mobile,29.8224832,-95.409766,mobile_phone_shop
Cricket Wireless,29.8222791,-95.4097616,mobile_phone_shop
Fuel Maxx,30.0047903,-95.3717723,convenience
Subway,29.9963921,-95.3988703,fast_food
Laredo Taco Company,29.9814841,-95.4213774,fast_food
The Hook Up Wireless,29.9821137,-95.4265192,mobile_phone_shop
Just Cuttin' Barber Studio,29.9836089,-95.4017984,hairdresser
Tomo Motors,29.9836092,-95.4017109,car_dealership
Airtex Food Mart,29.9836099,-95.4014486,convenience
Burger King,29.9985596,-95.3712325,fast_food
Roadster,29.9986556,-95.3713719,convenience
Popeyes,29.9375525,-95.3557679,fast_food
Wendy's,29.9378965,-95.3557719,fast_food
Burger King,29.9379941,-95.3567576,fast_food
Belt 8 Travel Plaza,29.9379383,-95.3724271,convenience
Subway,29.9377582,-95.383687,fast_food
Hardy Express,29.937764,-95.3837983,convenience
Maza Pakistani Grill,29.9442289,-95.3328779,restaurant
Q Tee Nails,29.8524928,-95.5076207,beauty_shop
Dow Cleaners,29.8502899,-95.511094,laundry
Best Donuts & Kolaches,29.8503485,-95.511045,cafe
Church's Chicken,29.8505291,-95.5109189,fast_food
Star Stop,29.9325495,-95.4064169,convenience
Burger King,29.9325556,-95.4065769,fast_food
Ocean Point,29.8499772,-95.4943394,convenience
MR Express Sunoco,29.9826713,-95.275362,convenience
Schlotzsky's,29.9827967,-95.2752922,fast_food
Sunrise Food Mart,29.9384403,-95.2861325,convenience
Hartz Chicken Buffet,29.9395302,-95.2831147,fast_food
Yours Truly Customz,29.9518447,-95.3048396,clothes
All Season Food Store,29.9519704,-95.3048716,convenience
Halal Taqueria,29.9407728,-95.302746,fast_food
Wells Fargo,29.690114,-95.440465,bank
Golden Chick,29.9739888,-95.419115,fast_food
Andrea's,29.9738959,-95.4189004,convenience
Taco Corner,29.9561709,-95.5085774,fast_food
Fuel Maxx,29.9562417,-95.5086766,convenience
CGX,29.7301674,-95.2570748,department_store
Taqueria 3 Estados,29.844825,-95.384806,fast_food
Clinica Hispana,29.8448247,-95.3848739,clinic
Tidwell Dental Center,29.8448244,-95.3849418,dentist
Queen Nails,29.8448233,-95.3852133,beauty_shop
Las Perronas Tortas,29.8448227,-95.3853491,fast_food
Metro by T-Mobile,29.8448224,-95.385417,mobile_phone_shop
CGX,29.6049335,-95.1781555,department_store
Trinity Dental,29.9355146,-95.2500543,dentist
Southern Maid Donuts,29.9355135,-95.2501155,fast_food
AT&T,29.9355124,-95.2501766,mobile_phone_shop
Tune Up,29.9355113,-95.2502378,hairdresser
Jimmy John's,29.9355102,-95.250299,fast_food
Little Caesars,29.9361635,-95.2503933,fast_food
PostNet,29.9361641,-95.2502217,post_office
Houston Barber School,29.8495305,-95.5029521,college
Hibbett Sports,29.8494717,-95.5028549,sports_shop
T-Mobile,29.8692319,-95.3274466,mobile_phone_shop
Fashion House,29.8693129,-95.3274199,clothes
Ross,29.8683938,-95.3274328,department_store
Maisah Food Store,29.879988,-95.3226507,convenience
Yustis Taqueria,29.9786728,-95.248872,restaurant
Nola Hair Studio / Barber Shop,29.9786728,-95.249067,hairdresser
Blue Line Bike Lab,29.7983022,-95.3989917,bicycle_shop
Queen's Kitchen Halal,29.9614831,-95.2475005,restaurant
Fly,29.9616423,-95.2474979,convenience
The Curry House,30.0040477,-95.2657235,restaurant
Supercuts,30.0041615,-95.2656859,hairdresser
Country Scrambled Cafe 2,30.0043264,-95.2656269,restaurant
Union Food Store,29.855143,-95.3912542,convenience
Lily Lash Artistry,29.7528821,-95.4038046,beauty_shop
Cross Country Mortgage,29.7528746,-95.4058072,bank
Cost Cutters,29.7538089,-95.4060402,hairdresser
Restore Hyper Wellness & Cryotherapy,29.7538084,-95.406111,clinic
Your Nail Time & Spa,29.7538767,-95.4060709,beauty_shop
MMC Beauty Salon,29.8037658,-95.3888489,beauty_shop
Pizza Hut,29.8693172,-95.3270409,restaurant
Dentist USA,29.8693152,-95.3272185,dentist
Little Buddy,29.8832561,-95.5244349,convenience
El Pajal,29.845104,-95.3913398,shoe_shop
Tidwell Pediatrics,29.8451042,-95.3912711,doctors
Whataburger,29.70608,-95.1235732,fast_food
Otto's,29.7548035,-95.3622373,restaurant
Newton Nursery,29.8399447,-95.488487,garden_centre
Houston Dental Oasis,29.8146497,-95.3987093,dentist
The Lash Lounge,29.814652,-95.3985645,beauty_shop
Threadfare,29.817012,-95.4209019,clothes
Flowe Studio,29.8172064,-95.4209024,hairdresser
Rainbow,29.8502941,-95.5033028,clothes
Paulina's Fashion Boutique,29.8503872,-95.5033229,clothes
The UPS Store,29.8492429,-95.5042309,post_office
Wells Fargo,29.8490728,-95.5043677,bank
Jimmy John's,29.8395737,-95.4893741,fast_food
Metro by T-Mobile,29.8395708,-95.4892588,mobile_phone_shop
Airtex Food Mart,29.9825197,-95.4099516,convenience
Foodstreet,29.9824779,-95.4100267,fast_food
Olla Taco,29.9837342,-95.4100153,fast_food
Tiny's Milk & Cookies,29.7172098,-95.4336772,bakery
Metro by T-Mobile,29.9597707,-95.4788687,mobile_phone_shop
Visible Effects,29.9598575,-95.4787132,hairdresser
Antoine Express,29.9599722,-95.4785247,convenience
Desi Grocers,29.9598151,-95.4787987,supermarket
Tempura Kabob Grill & More,29.9598968,-95.4786431,restaurant
Walgreens,29.9601867,-95.4780888,pharmacy
McDonald's,29.9650165,-95.4201284,fast_food
Star Stop,29.965034,-95.420218,convenience
Walgreens,29.965373,-95.4221955,pharmacy
Mister Car Wash,29.966342,-95.4214472,car_wash
Mars Liquor,29.8660709,-95.5073934,beverages
First Stop,29.8660724,-95.5072924,convenience
Limeños Restaurant,29.8661778,-95.5072235,restaurant
Smoothie King,29.9871713,-95.4984603,fast_food
Com gá Thoung Hai Chicken Noodle Soup,29.9386783,-95.4838626,restaurant
Taco Real,29.9386801,-95.4839561,fast_food
Golden Chick,29.9387193,-95.4844053,fast_food
24 Seven,29.9387158,-95.4842202,convenience
Lollipop Chicken,29.8890181,-95.4756358,restaurant
Unity Beauty College,29.8890995,-95.4755071,college
2T Travel and Services,29.8892227,-95.4754293,travel_agent
Pro Hair & Nail,29.8894379,-95.4757129,beauty_shop
Net Rong,29.8895487,-95.4758627,bar
Cherry Food Store,29.8896041,-95.4759376,convenience
Home Run,29.8899715,-95.4764807,convenience
Daquiris To Go,29.8916203,-95.4800186,bar
Valentino Virgin Hair,29.8915479,-95.4799797,hairdresser
Inwood Express,29.8912587,-95.4798241,convenience
Lucky Stop & Save,29.8928829,-95.4801862,convenience
Beauty Wendy's Hair Salon & Barber Shop,29.8929083,-95.4794102,hairdresser
Burnout Cellular,29.892972,-95.4794081,mobile_phone_shop
Rainbow Quick Stop,29.8931631,-95.4794016,convenience
Alco,29.9455025,-95.4554535,convenience
Victoria's Beauty & Barber Shop,29.920258,-95.4809748,hairdresser
Micheladas La Barra,29.9201982,-95.4809721,bar
AM PM Washateria,29.9201383,-95.4809694,laundry
CVS Pharmacy,29.8669654,-95.4881573,pharmacy
Walgreens,29.8669742,-95.4864032,pharmacy
Ulta Beauty,29.7734576,-95.3887242,beauty_shop
Total Wine,29.7734436,-95.3883728,beverages
Pizza Hut,29.7773548,-95.3968942,restaurant
Subway,29.7773979,-95.3969881,fast_food
Sprouts Farmers Market,29.7745983,-95.4002443,supermarket
Wells Fargo,29.8302046,-95.3792097,atm
Pearl Marketplace,29.7441722,-95.3807768,market_place
RB Mobile Repair,29.9986825,-95.212027,mobile_phone_shop
Teddy's,29.9986837,-95.2116582,convenience
Boost Mobile,29.8337837,-95.4850785,mobile_phone_shop
Cricket Wireless,29.8336549,-95.4851248,mobile_phone_shop
Boost Mobile,29.8198918,-95.4680367,mobile_phone_shop
Atomic Wings,29.8199887,-95.4682678,fast_food
Mother's Hair Beauty Supply,29.8461356,-95.4025456,chemist
Westwood Dental Group,29.8511675,-95.5043147,dentist
Hollister Cleaners,29.8511409,-95.504031,laundry
Smoothie King,29.8511609,-95.5042438,fast_food
Cinnabon,29.7703192,-95.3982702,fast_food
Schlotzsky's,29.7703273,-95.3983399,fast_food
Mid-Town Food Mart,29.7707603,-95.4079912,convenience
Subway,29.7852734,-95.4950523,fast_food
Sport Clips,29.7852287,-95.4950521,hairdresser
Spring Valley Nail Salon,29.785184,-95.4950518,beauty_shop
VV Nails,29.7869093,-95.5306162,beauty_shop
Ageless Men's Health,29.7869128,-95.5307646,clinic
Edible Arrangements,29.7869145,-95.5308388,gift_shop
Postal Copy Center,29.786918,-95.5309872,post_office
Starbucks,29.7850499,-95.495051,cafe
Walgreens,29.7706614,-95.6083287,pharmacy
CVS Pharmacy,29.7544045,-95.6054011,pharmacy
Big John's Ice House,29.7544441,-95.6080887,bar
Ashiana Indian Restaruant,29.7543137,-95.606584,restaurant
Banfield Pet Hospital,29.7876862,-95.5339792,veterinary
Ross,29.7876047,-95.5350414,department_store
Burlington,29.787621,-95.5354813,department_store
Denny's,29.7856141,-95.5351854,restaurant
Kolache Factory,29.78351,-95.6172726,fast_food
CVS Pharmacy,29.7830165,-95.485324,pharmacy
Houston Spine & Wellness,29.7868488,-95.5305467,doctors
Bellissima Women's Clinic,29.9661305,-95.5407625,clinic
Pizza Inn,29.7729116,-95.4570588,fast_food
Buddy's,29.7477936,-95.3908954,bar
Glacier,29.8405191,-95.4736584,vending_any
Watermill Express,29.840114,-95.4734837,vending_any
Regions Bank,29.8188112,-95.466755,bank
Spring Cypress Modern Dentistry,30.0342445,-95.5530463,dentist
Genesis Medical Group - Tomball,30.0401173,-95.6088555,hospital
H-E-B Pharmacy,29.7958615,-94.9777303,pharmacy
H-E-B Pharmacy,30.0720443,-95.5023357,pharmacy
Little Casita Mexican Restaurant,29.8395027,-95.4739313,restaurant
Pachanga Billar,29.8395033,-95.4741757,bar
Pachanga Billar,29.8395033,-95.4741757,sports_centre
Fawn's Fancy Nails,29.9667812,-95.5415028,beauty_shop
Dentist at the Commons,29.966651,-95.5417818,dentist
Ross,29.9665395,-95.5420125,department_store
DSW,29.9662886,-95.5427635,shoe_shop
Handi Stop,29.7913373,-95.5643137,convenience
Veterans Memorial,29.930628,-95.7020903,monument
Cindy's Beauty Salon,29.8688241,-95.3986806,beauty_shop
VIP Barber Shop,29.8691661,-95.3988737,hairdresser
Charles Schwab,29.7418108,-95.4499385,bank
Katy Periodontics & Dental Implants,29.7718232,-95.7524881,dentist
Cinnabon,29.7862565,-95.5349797,fast_food
Twice the Ice,29.8230388,-95.4102851,vending_any
CH First Emergency Room,29.7023897,-95.1012625,hospital
Burger King,29.8475443,-95.4119159,fast_food
Handi Stop,29.8475327,-95.4118127,convenience
Alder Trails Dental,29.9415258,-95.6803554,dentist
Great Clips,29.9414608,-95.6801465,hairdresser
Pak & Ship,29.9414824,-95.6802161,post_office
Marco's Pizza,29.9414174,-95.6800072,restaurant
Beauty Nail Bar,29.9413583,-95.6799345,beauty_shop
AT&T,29.9412934,-95.67987,mobile_phone_shop
Hollywood Hair & Nail Salon,29.7477921,-95.3907904,beauty_shop
Pines Lake Fountain,30.1326925,-95.5131583,fountain
99 Ranch Market,29.7757349,-95.750206,supermarket
Berkeley Eye Center,30.0491451,-95.2596795,optician
Millennium Physicians Family Practice,30.0464919,-95.2600149,clinic
"Pulmonary Critical Care and Sleep Specialists, PA",30.0466153,-95.2600149,clinic
Starbucks,29.9186842,-95.6055111,cafe
Starbucks,30.0919741,-95.639264,cafe
CVS Pharmacy,29.7445797,-95.4527754,pharmacy
Starbucks,29.744943,-95.4530436,cafe
Starbucks,30.0194487,-95.268513,cafe
CVS Pharmacy,30.0189564,-95.2687544,pharmacy
CVS Pharmacy,30.0007562,-95.1729512,pharmacy
Starbucks,30.000733,-95.1723021,cafe
CVS Pharmacy,29.8491007,-95.5018893,pharmacy
Starbucks,29.849203,-95.5020958,cafe
WingStreet,29.7065506,-95.4053208,fast_food
Sparkles Burger,29.7266721,-95.3714477,fast_food
Lice Care Solutions Houston,29.7424705,-95.4253925,clinic
CVS Pharmacy,29.742905,-95.3298651,pharmacy
Fajas Columbianas Forma Tu Cuerpo,29.8448238,-95.3850776,clothes
Kung Fu Rice Express,29.8448258,-95.3846023,restaurant
Metro by T-Mobile,29.8492263,-95.4738683,mobile_phone_shop
Starbucks,29.7734436,-95.3895584,cafe
Studewood Barber Shop,29.8037535,-95.3883273,hairdresser
Aaina Salon & Brow Bar,29.945027,-95.5853908,beauty_shop
Belleza Latina Hair Salon,29.9449029,-95.5853899,hairdresser
Simply Splendid Donuts,29.9447788,-95.585389,fast_food
Z's Mart,29.9446547,-95.5853881,convenience
Candy's Floreria,29.8668075,-95.3845091,florist
Ostoneria Las Rocas,29.8667213,-95.3845081,restaurant
Chicago Mexican Beef & Pizza,29.8029159,-95.3822815,restaurant
Reno's Karaoke and Pool,29.523969,-95.1297721,bar
Reno's Karaoke and Pool,29.523969,-95.1297721,sports_centre
UniCare,29.523794,-95.1278794,dentist
CVS Pharmacy,29.9994067,-95.5839247,pharmacy
Starbucks,29.9998132,-95.5842438,cafe
Brays Bayou / Atwell Bridge Gateway,29.675286,-95.4832112,tourist_info
CVS Pharmacy,30.0486473,-95.2349907,pharmacy
Burger King,29.8484772,-95.3435022,fast_food
Handi Stop,29.8485912,-95.3435183,convenience
PINK nail lounge & boutique,29.7590058,-95.6259187,beauty_shop
Nawab's Biryani House,29.7590671,-95.6259209,restaurant
Aka,29.7592405,-95.6259232,restaurant
timewise,29.7594357,-95.6262388,convenience
Deluxe Dry Cleaners,29.7595802,-95.6262429,laundry
Hair & Nails,29.7597488,-95.6262472,hairdresser
GeeTee Dental Center,29.759888,-95.6262465,dentist
La Tortuga Taqueria,29.7599442,-95.6262478,restaurant
Foody's Gourmet,29.7602325,-95.6263601,restaurant
Le Mistral,29.7603585,-95.6261162,restaurant
Pharmacy,29.7605417,-95.6262152,chemist
A Cut Above Florals,29.7606037,-95.6262152,florist
rattan pan-asian bistro & wine bar,29.7607687,-95.6261889,restaurant
General Dentistry,29.7609638,-95.6260366,dentist
Eldridge Urgent Care Family Medicine,29.7609374,-95.6260366,clinic
Orthodontist,29.7611872,-95.6260377,dentist
Premier Pain & Wellness,29.7611635,-95.6260377,clinic
OXXO Care Cleaners,29.7636767,-95.6246394,laundry
Kolache Bar,29.763628,-95.6246394,fast_food
Five Spice Asian Cuisine,29.7635436,-95.6246384,restaurant
Maxim Nails & Spa,29.7634152,-95.6246362,beauty_shop
Verizon,29.7633768,-95.6246373,mobile_phone_shop
Priya's Salon,29.7632812,-95.6246373,beauty_shop
Iyara Thai Cuisine,29.756619,-95.6246042,restaurant
Supercuts,29.7565461,-95.624603,hairdresser
Tropical Smoothie Cafe,29.7564491,-95.6246054,fast_food
European Wax Center,29.7562604,-95.6246066,beauty_shop
Wynn Nails Spa,29.7561509,-95.6246054,beauty_shop
Matsu Sushi Bar,29.7560905,-95.6246078,restaurant
Pho Basil Vietnamese Restaurant,29.7560258,-95.6246066,restaurant
Starbucks,29.7557839,-95.6246114,cafe
Palm Beach Tan,29.7556828,-95.624609,beauty_shop
Hopdoddy Burger Bar,29.7434855,-95.4536981,restaurant
Roller Rabbit,29.7434838,-95.4535381,clothes
Bella Rinova,29.7435352,-95.453619,hairdresser
Dior,29.7429237,-95.4534934,clothes
Giuseppe Zanotti,29.7431196,-95.4536568,clothes
Vilebrequin,29.7432176,-95.4536602,clothes
Bonobos,29.7432184,-95.4535782,clothes
IPIC Theaters,29.7433941,-95.4530215,cinema
Cartier,29.7429808,-95.4530923,jeweller
MAD,29.7436892,-95.4531002,restaurant
Hermès,29.7426287,-95.4531008,clothes
Stella McCartney,29.7424973,-95.4530996,clothes
Canali,29.7423473,-95.4530982,clothes
Harry Winston,29.7422222,-95.453097,jeweller
Saint Bernard,29.7418169,-95.4527255,clothes
Ouzo Bay,29.7417056,-95.4532514,restaurant
Le Colonial,29.741905,-95.4532232,restaurant
John Lobb,29.7425454,-95.4534789,shoe_shop
Oliver Peoples,29.7424549,-95.4534791,optician
Brunello Cucinelli,29.7422293,-95.4534794,clothes
Etro,29.7422279,-95.4536483,clothes
Joie,29.7424475,-95.4536504,clothes
Diptypque,29.7425974,-95.4536518,clothes
COS,29.7419367,-95.4537996,clothes
Vince,29.742005,-95.4540377,clothes
Intermix,29.7421204,-95.4540397,clothes
Alice + Olivia,29.7421986,-95.4540411,clothes
Zadig & Voltaire,29.7422892,-95.4540427,clothes
Kiton,29.7423667,-95.4540441,clothes
Theory,29.7431932,-95.4540344,clothes
de Bouille,29.7424308,-95.4540452,jeweller
Steak 48,29.7417068,-95.4544674,restaurant
Baccarat,29.742502,-95.4540465,jeweller
Dolce & Gabbana,29.7429403,-95.4540368,clothes
Moncler,29.7430738,-95.4540355,clothes
Veronica Beard,29.7433448,-95.4540329,clothes
Chicken Salad Chick,30.0688531,-95.249414,fast_food
Twin Liquors,30.0695221,-95.2522592,beverages
Primrose School of Kingwood at Oakhurst,30.0709823,-95.2532386,kindergarten
Nukumi Japanese Steak House,30.0698185,-95.2524078,restaurant
Nails of America,30.0697264,-95.2523524,beauty_shop
Howard Hughes Gravesite,29.7632531,-95.3873159,memorial
Phenix Salon Suites,29.8081281,-95.4105239,beauty_shop
Lovett Dental,29.8080583,-95.4108002,dentist
Neumed Urgent Care & IV Therapy,29.808056,-95.4110845,clinic
Daiquiri Shack,29.6274461,-95.3960001,fast_food
Walgreens,29.8010172,-95.8083431,pharmacy
Walgreens,29.6935452,-95.4127033,pharmacy
Fundamentally Toys,29.7172883,-95.4151333,toy_shop
Bellaire Allergy & Asthma,29.7064934,-95.4604629,clinic
Cato,29.8213198,-95.5468579,clothes
Great Clips,29.8212414,-95.5466762,hairdresser
Village Liquor,29.8212156,-95.5465902,beverages
Thai Jin,29.8211898,-95.5465041,restaurant
Evan's Nails,29.8211641,-95.5464181,beauty_shop
Vision Source,29.8211092,-95.546198,optician
T-Mobile,29.8211278,-95.5460398,mobile_phone_shop
Starbucks,29.8211266,-95.5458333,cafe
Imagen Salon & Barbershop,29.8601857,-95.4020368,hairdresser
Sazon Los Abuelos,29.8601852,-95.4021597,fast_food
JuiceLand,29.7817434,-95.3922518,fast_food
Whittington Bridal,30.0535751,-95.2457114,clothes
Great Harvest Bread Company,30.0535233,-95.2454824,bakery
Kingwood Speech Pathology,30.0535054,-95.2459013,clinic
Planet Beach Spay & Spa,30.0534215,-95.2459281,beauty_shop
Conservatory Day Spa & Salon,30.0528928,-95.2456475,beauty_shop
Independent Financial,30.0523385,-95.2459462,bank
Gossip & Co. Nail Spa,30.0744771,-95.5014239,beauty_shop
Walgreens,29.7738888,-95.5586501,pharmacy
Golden Gypsies,30.0796875,-95.4193884,gift_shop
Lakewood Park,29.9785014,-95.5892998,pitch
Moore Elementary,29.9786517,-95.5958114,school
Cypress Creek High School,29.9661014,-95.5652983,school
Walgreens,29.7230514,-95.379477,pharmacy
Money Money,29.7397462,-95.4103616,clothes
Buffalo Exchange,29.7398731,-95.410367,clothes
Guiltless Nail Spa,29.804823,-95.399588,beauty_shop
Hella Bubble,29.8046856,-95.3995711,cafe
PNC Bank,29.9245587,-95.6278378,atm
Timewise,29.775951,-95.643754,convenience
Houston Farmers Market,29.8102257,-95.3816173,market_place
Vanity,29.8031949,-95.4012536,hairdresser
Rainbow,29.8686618,-95.3274358,clothes
Chase,29.7108331,-95.4005605,bank
Monumental Barn Owl,29.7182823,-95.4010001,artwork
Mirror,29.7173559,-95.4011517,artwork
PNC,29.710016,-95.4018008,bank
Poké in the bowl,29.7097482,-95.4020412,restaurant
Edgar Odell Lovett,29.719488,-95.3998914,artwork
Untitled,29.7166513,-95.4049784,artwork
Waves Column,29.7181059,-95.4012158,artwork
"Again the Tree, Knot, Flower, and Me",29.7167243,-95.4018904,artwork
Walking Molecular Flower,29.7115087,-95.4016799,artwork
Rice University Campus Store,29.7180151,-95.4021855,bookshop
"45°, 90°, 180°",29.7204409,-95.3998103,artwork
George R. Brown,29.7178367,-95.4021929,artwork
School of Architecture,29.7189021,-95.399822,university
Jesse H. Jones Graduate School of Business,29.7174864,-95.4035856,university
Susanne M. Glasscock School of Continuing Studies,29.7144295,-95.4068418,university
George R. Brown School of Engineering,29.7201347,-95.3987573,university
School of Humanities,29.7176008,-95.3997178,university
The Shepherd School of Music,29.7161236,-95.4051441,university
Wiess School of Natural Sciences,29.7191331,-95.4012932,university
School of Social Sciences,29.7158063,-95.4022707,university
In Play,29.7144216,-95.4063521,artwork
Po-um (Lyric),29.7146347,-95.405414,artwork
Archer,29.7194461,-95.4014646,artwork
Pitcher and Hitter,29.7145086,-95.40459,artwork
Berlin Wall Section,29.7164665,-95.4022615,artwork
paraMuseum: Environmental Exigencies,29.7178706,-95.4008527,artwork
Sacred Emblem,29.7158231,-95.4049792,artwork
In the Park with Krazy Kat,29.7181933,-95.4003179,artwork
Jack,29.7181165,-95.4033124,artwork
Lift,29.7181782,-95.4035243,artwork
Endeavor,29.7181919,-95.4003908,artwork
Radiant Pathway,29.7109084,-95.4021927,artwork
Malutka II,29.7173524,-95.3979891,artwork
Rice Coffeehouse,29.7179736,-95.4023034,cafe
The Hoot,29.7179092,-95.402115,food_court
Holland Private Dining Room,29.7177945,-95.4021187,restaurant
Sammy's,29.7178664,-95.4019744,restaurant
Willy's Pub,29.7178922,-95.4018772,restaurant
Ambassador Cafe,29.7178549,-95.4018637,cafe
Laredo Taco Company,29.9458592,-95.4972437,fast_food
Denny's,29.7956074,-95.0332242,restaurant
IHOP,29.7967293,-95.0311723,restaurant
McDonald's,29.7983074,-95.0328755,fast_food
All Star BBQ,29.8186553,-95.0355014,fast_food
CareNow,29.7456785,-95.3767643,clinic
Eye Trends,29.9502547,-95.4158585,optician
Brown Sugar's BBQ,29.9502529,-95.416292,restaurant
Chase,29.8285502,-95.4293027,atm
Pitman Tower,29.7177353,-95.3997148,tower
Baker Institute for Public Policy,29.7164322,-95.4025625,university
Lucian and Nancy Morrison Theater,29.7158441,-95.4059188,theatre
Woodson Research Center,29.7178699,-95.4002174,library
Valhalla,29.7192174,-95.4003646,pub
The UPS Store,29.7573056,-95.3650789,post_office
Walgreens,29.7066521,-95.4670967,pharmacy
Memorial Eye Center,29.7176858,-95.4142493,doctors
The Village Dentistry,29.7176057,-95.415129,dentist
Rice Village Animal Hospital,29.7177049,-95.4128904,veterinary
The Bay Patio,29.5632589,-95.0503436,restaurant
Pinballz Pizzeria,29.7578391,-95.3470413,restaurant
Maldives Spa & Nails,29.7579276,-95.3471808,beauty_shop
Bottles Wine Spirits & Cigars,29.7579672,-95.3472519,beverages
Frost Bank,29.7580312,-95.3473699,bank
Green Fork & Straw,29.741953,-95.411069,restaurant
Brown Fine Arts Library,29.7182841,-95.4003778,library
Footaction,29.8313661,-95.3811624,shoe_shop
The Pretty Kitty,29.7164489,-95.4159627,beauty_shop
Banana Republic,29.7153727,-95.4156515,clothes
Loft,29.7153727,-95.4155174,clothes
Tecovas,29.7155077,-95.4153124,shoe_shop
Black Walnut Cafe,29.7156942,-95.4152921,cafe
tasc Performance,29.7156243,-95.4152868,clothes
Lily Rain,29.715615,-95.4163275,gift_shop
Shake Shack,29.7156398,-95.4180971,fast_food
Sixty Vines,29.7153337,-95.4175833,restaurant
Sweetgreen,29.7156942,-95.4174958,fast_food
Sunglass Hut,29.7157055,-95.417009,optician
Drybar,29.7157004,-95.4173048,hairdresser
Madison Reed,29.715702,-95.4172282,beauty_shop
Altar'd State,29.715333,-95.4173063,clothes
Warby Parker,29.7153426,-95.4171769,optician
Athleta,29.7153387,-95.4170855,clothes
Dao Chloe Dao,29.716292,-95.4181964,clothes
Teahouse Tapioca and Tea,29.7176605,-95.4175619,cafe
Subway,30.0017969,-95.2684003,fast_food
Pancho's Mexican Buffet,30.0041243,-95.2641571,restaurant
Captain Crawfish,30.0029254,-95.2644515,restaurant
Furniture Town Outlet,30.0027167,-95.2652568,furniture_shop
Chick-fil-A,30.1325728,-95.552822,fast_food
Jersey Mike's Subs,30.1331143,-95.5528207,fast_food
Hassler Dermatology,29.8025563,-95.3996126,doctors
Great American Cookies,29.8535736,-95.5121406,fast_food
Affordable Dentures & Implants,29.8540669,-95.5118668,dentist
Visionworks,29.8540776,-95.5130669,optician
Chipotle,29.8539865,-95.5128918,fast_food
Nails Club,29.8539778,-95.5119355,beauty_shop
AT&T,29.8537996,-95.512073,mobile_phone_shop
Sport Clips,29.8538887,-95.5120043,hairdresser
OneMain Financial,29.8537105,-95.5121417,jeweller
Spec's,30.0125184,-95.5880767,beverages
Laredo Taco Company,30.0137326,-95.5895387,fast_food
Boost Mobile,29.9470039,-95.5645899,mobile_phone_shop
Celaya's Mexican Restaurant,29.9471119,-95.5645953,restaurant
The Shoe Boxx,29.8211034,-95.4694627,shoe_shop
Champs Sports,29.8304936,-95.3802359,sports_shop
Carter's,29.8302203,-95.3806795,clothes
Chick-fil-A,30.1032424,-95.4461518,fast_food
Tiger Noodle House,29.7175696,-95.4160281,restaurant
Paul Bunyan Bouquet no. 2,29.7163183,-95.3978026,artwork
Wells Fargo,29.7464634,-95.3787053,bank
Raise the Roost Chicken & Biscuits,30.0056062,-95.2548766,fast_food
Laredo Taco Company,29.9387983,-95.5840614,fast_food
Chick-fil-A,29.9210361,-95.6867233,fast_food
T-Mobile,29.8579985,-95.5230586,mobile_phone_shop
Gentle Dental,29.8580064,-95.523363,dentist
Subway,29.8580039,-95.5232766,fast_food
Kolache Factory,29.8579984,-95.5231577,fast_food
The Sisters,29.721476,-95.3965477,artwork
Asymmetric Seekers,29.7196373,-95.4015347,artwork
Owl,29.7176787,-95.3978188,artwork
Off the Wall,29.7178092,-95.4008209,artwork
Meeting,29.7166668,-95.4028641,artwork
Chimera,29.7182434,-95.3998182,artwork
Suite from Aten Reign,29.716669,-95.4028492,artwork
Think,29.7110306,-95.4019818,artwork
Brancusi’s Flower,29.718209,-95.3998078,artwork
Night Forest,29.7181828,-95.3997999,artwork
Nebula at the Edge of Time,29.7181544,-95.3997913,artwork
Extensor of the Sky,29.7182283,-95.3998136,artwork
Creative Interventions,29.7163164,-95.4010753,artwork
Ladder descending a staircase,29.7146072,-95.4064572,artwork
"Circle Within a Square, Each With Broken Bands of Color",29.7144019,-95.406718,artwork
Ross,29.8097998,-95.4556432,department_store
TJ Maxx,29.8098059,-95.4552982,department_store
Burlington,29.8098119,-95.4549533,department_store
Rack Room Shoes,29.809841,-95.4539409,shoe_shop
Ulta Beauty,29.8098427,-95.4541417,beauty_shop
Old Navy,29.8098443,-95.4543424,clothes
MOD Pizza,29.8086238,-95.4556285,fast_food
Reflection Pool,29.7215685,-95.3983786,fountain
Laredo Taco Company,30.0594766,-95.2490368,fast_food
Starbucks,30.0502178,-95.4352555,cafe
CVS Pharmacy,30.0502056,-95.4350845,pharmacy
Target Optical,30.0501683,-95.4345624,optician
Target Snack Bar,29.8776111,-95.6472838,fast_food
McAlister's Deli,29.8159859,-95.4108234,restaurant
Salata,29.8164982,-95.4108108,restaurant
Sante Beauty Lounge,30.0485635,-95.2412205,beauty_shop
Dr. Roy MD,30.0485632,-95.2410709,doctors
Smart Stop,30.0485631,-95.2409961,convenience
Crown Seafood Restaurant,29.7048244,-95.5690079,restaurant
Houston Cat Hospital,29.7359791,-95.5729523,veterinary
Kristi's Nails,29.9121918,-95.5854642,beauty_shop
Blue Wave Express Carwash,29.9159835,-95.5850289,car_wash
Sonic,29.9141137,-95.5851084,fast_food
Chevron,29.9173368,-95.5852511,convenience
Value Discount Liquor,29.9114881,-95.5858648,beverages
Little Caesars,29.9122244,-95.5849457,fast_food
Daiquiritas Drive-Through,29.9146298,-95.585094,beverages
Grand Hunan Chinese,29.9120895,-95.585829,restaurant
Cy-Fair Federal Credit Union,29.9130691,-95.5854535,bank
Wells Fargo,29.9118942,-95.5858075,bank
Esam Thai,29.9115672,-95.5859309,restaurant
Vinny's,29.7494771,-95.356594,restaurant
Lightnin's Good Times,29.7493595,-95.3564787,bar
ALDI,29.5563709,-95.1206663,supermarket
ALDI,29.5235776,-95.1600974,supermarket
ALDI,29.7495557,-95.7502209,supermarket
ALDI,29.736257,-95.5335557,supermarket
ALDI,30.0501578,-95.2352033,supermarket
ALDI,30.0056875,-95.2927199,supermarket
Silver Bell Grocery,29.8907517,-95.3291027,convenience
ALDI,29.8180432,-95.5447357,supermarket
ALDI,29.9078721,-95.5857979,supermarket
ALDI,30.0020036,-95.5599323,supermarket
Zero Degrees,30.0061741,-95.2829164,cafe
7Spice Cajun Seafood,30.0061149,-95.2829107,restaurant
Firehouse Subs,30.0059964,-95.2828993,fast_food
Brooklyn Pizzeria,30.0058281,-95.2828797,restaurant
Truist,30.0056422,-95.2828767,bank
Family First ER: Baytown Emergency Room,29.8043362,-94.9780841,clinic
CVS Pharmacy,29.7166053,-95.2954571,pharmacy
Times Barber Shop,29.7296405,-95.4109981,hairdresser
Fastmart & Fuel,29.8522017,-95.2999739,convenience
Hempstead Express,29.8359815,-95.506821,convenience
Her and Reese Boutique,29.8171416,-95.4209022,clothes
Rockets Shop,29.7514364,-95.3620521,sports_shop
First Community Credit Union,30.068662,-95.4495949,bank
El Pueblo Meat Market,29.8659807,-95.480136,butcher
Super K,29.8662086,-95.4806368,convenience
Little Kitchen HTX,29.7179111,-95.400868,cafe
Big Madre Tacos and Tortas,29.9958967,-95.4346168,fast_food
Time Maxx,29.9959002,-95.4346959,convenience
Sarpino's Pizzeria,29.6960301,-95.4162188,fast_food
Bedrock City Comic Company,29.7875196,-95.718317,bookshop
Bedrock City Comic Company,29.9866416,-95.4994404,bookshop
Bedrock City Comic Company,29.7384715,-95.4996161,bookshop
Break Time Market,29.9625916,-95.2484071,convenience
Walgreens,29.795441,-95.4865015,pharmacy
Dr. Xydas Women's Center Ob/Gyn,29.8601871,-95.4016419,doctors
Boost Mobile,29.8601868,-95.4017223,mobile_phone_shop
Speed Queen,29.8703895,-95.3347045,laundry
Wingstop,29.8705325,-95.3347005,fast_food
Frost Bank,29.8706756,-95.3346965,bank
dd's Discounts,29.8699917,-95.3340367,department_store
Sea Smiles Dental & Orthodontics,29.8700034,-95.3335619,dentist
Tammy Nails,29.8700011,-95.3332856,beauty_shop
Mi Tienda,29.8699592,-95.3325185,supermarket
Kirby Ice House,29.7358093,-95.4245071,bar
Pizza Hut,30.1233599,-95.5534484,restaurant
Very Fresh Clamatos & Snacks,30.1234785,-95.5534438,cafe
Brushed Hair Studio,30.1235931,-95.5534423,hairdresser
El Chaparro,30.123721,-95.5534176,restaurant
Yummy Tummy Cake Shop,29.9995762,-95.2568185,bakery
1st Nails,29.9995716,-95.2567086,beauty_shop
Fia's Pizzeria,29.7238695,-95.3876716,restaurant
Little Caesars,29.9787379,-95.2503598,fast_food
Sunny Liquor,29.9785542,-95.2507739,beverages
Lily's Nails & Spa,29.9785555,-95.2510015,beauty_shop
Vogue Lash Boutique,29.9785545,-95.2508308,beauty_shop
Diva Style Hair,29.9785539,-95.250717,hairdresser
My Dream Wedding Design,29.9785535,-95.2506601,clothes
Humble Donuts,29.9785532,-95.2506032,fast_food
Metro by T-Mobile,29.9785195,-95.2498542,mobile_phone_shop
Pho Tai 2 Noodle Soup & Grill,29.9785178,-95.2500617,restaurant
Veronica's Beauty Salon,29.9785203,-95.2497504,beauty_shop
WIC,29.978522,-95.2495428,convenience
Clinica Latina International,29.9785186,-95.249958,clinic
Mama Mia Sugarcane Drinks,29.7030201,-95.5745392,restaurant
Lei Low Rum & Tiki Bar,29.8088112,-95.3893143,bar
Eastern Glades,29.7671764,-95.4281823,attraction
Tesla Gallery & Service Center,29.980735,-95.4214028,car_dealership
Tesla Gallery & Service Center,29.7363573,-95.5375991,car_dealership
Stop at Joe's Food Store,29.8086541,-95.3893009,convenience
James Avery Jewelry,29.7427912,-95.4616025,jeweller
Medic Pharmacy,29.8205236,-95.4656181,pharmacy
Bismillah Restaurant & Cafe,29.7214884,-95.501622,restaurant
Busy Boy,29.7205628,-95.5014203,restaurant
Reza Persian Grill,29.7207316,-95.5016186,restaurant
Bawa Jewelers,29.720876,-95.501624,jeweller
Aisha's Salon & Spa,29.7210095,-95.5016258,beauty_shop
Imran's,29.720946,-95.5016196,clothes
Hot Breads,29.7211764,-95.5016208,bakery
Halal Wok,29.7214335,-95.5016208,restaurant
Kandahari,29.7217944,-95.501624,restaurant
Darband Shishkabob,29.7219065,-95.501688,restaurant
Kabul Cuisine,29.7219508,-95.5013409,restaurant
India Mart,29.7219216,-95.5015286,supermarket
Keemat Grocers,29.7220201,-95.5006682,supermarket
Karat 22 Jewelers,29.721768,-95.5005572,jeweller
MakeUp And Hair Studio,29.7216137,-95.5001656,hairdresser
Bank of America,30.0213475,-95.4306264,atm
Trez Art and Wine Bar,29.7677572,-95.3916505,bar
Sichuan Pepper Express,29.8164112,-95.4108129,restaurant
Aura Nail Spa,29.8163268,-95.410815,beauty_shop
Frost Bank,29.7905959,-95.3902423,bank
Rose Nails & Eyelash,29.8721048,-95.3844751,beauty_shop
Taqueria Mi Huetamo,29.8723751,-95.3844782,restaurant
Happy Smiles,29.872258,-95.3844769,dentist
CJ's Mart,29.8724564,-95.3844791,convenience
Saint John's Family Medical Clinic,29.8723091,-95.3844774,clinic
Fit & Sexy Health Spa,29.8720537,-95.3844746,beauty_shop
MVP Barber Shop & Beauty Salon,29.8722069,-95.3844763,hairdresser
Little Caesars,29.9340018,-95.3998274,fast_food
Metro by T-Mobile,29.933968,-95.4001,mobile_phone_shop
None,29.933949,-95.4009446,clinic
Cricket Wireless,29.9339264,-95.4007328,mobile_phone_shop
Guerrerense,29.9339541,-95.4005259,supermarket
Latinos Hair Salon,29.9339619,-95.4001388,hairdresser
Star Stop,29.9351179,-95.4003426,convenience
Consulate General of France,29.7534757,-95.4573844,embassy
Houston's Hair Salon,29.8030958,-95.4106277,hairdresser
Tarka Indian Kitchen,29.8030831,-95.4111965,restaurant
Pudgy's Fine Cookies,29.7890995,-95.4094856,bakery
Pepperoni's,29.7884055,-95.409465,fast_food
Elder Son Brewing Co.,29.7883336,-95.4094638,bar
Metro by T-Mobile,29.7892099,-95.4094725,mobile_phone_shop
Longhorn Liquor,29.789452,-95.4094836,beverages
Polished Nail Lounge,29.7889622,-95.4094872,beauty_shop
The Waffle Bus,29.8024446,-95.4104695,fast_food
The UPS Store,30.0756065,-95.5164328,post_office
TGF Hair Salon,30.0756206,-95.5165158,hairdresser
Shri Balaji Bhavan,29.7213023,-95.5006484,restaurant
Al-Aqsa Halal Meat,29.7212362,-95.5006548,butcher
Sari Sapne,29.721172,-95.5006558,clothes
EZ SHIP,29.7211215,-95.5006537,post_office
Sell Phone 360,29.7210426,-95.5006516,mobile_phone_shop
Aisha's Salon & Spa,29.7209518,-95.5006558,beauty_shop
Suave Motors,29.7216693,-95.4997746,car_dealership
Kala Niketan Salwar-Kameez,29.7214381,-95.5001972,clothes
Delineados Lorena,29.721991,-95.4994539,beauty_shop
Hope USA Auto Dealers LLC,29.7214394,-95.4993694,car_dealership
Slowpokes,29.8167593,-95.42066,cafe
Fincher's Texa Best Auto & Truck Sales,30.0564898,-95.6176509,car_dealership
Village Cleaners,29.7176848,-95.4144116,laundry
R House Cantonese Restaurant,29.7039327,-95.5543211,restaurant
Tortoni,29.7850675,-95.4932882,restaurant
Artistic Works Dentistry,29.7852316,-95.4934139,dentist
AT&T,29.7850832,-95.4934151,mobile_phone_shop
Patagonia Grill & Cafe,29.7852333,-95.492544,restaurant
Russo's New York Pizzeria,29.7813334,-95.389384,restaurant
Wingstop,29.7858306,-95.5216863,fast_food
Starbucks,29.7822756,-95.5216229,cafe
Kroger,29.7823174,-95.5221864,supermarket
Empanada Company,29.8147981,-95.4456652,fast_food
Supreme Sandwiches,29.810364,-95.4430764,fast_food
Studio A Salon,29.7809877,-95.3810531,hairdresser
Active Passion,29.7809865,-95.3811845,cafe
Jalisco Taqueria,29.8124153,-95.4745705,restaurant
Subway,29.8030928,-95.4832117,fast_food
180 Beauty Salon,29.8283448,-95.3884386,hairdresser
BLVD Dentistry and Orthodontics,29.7412168,-95.4629491,dentist
Tiger Noodle House,29.7413135,-95.4629521,restaurant
Iloff Jewelers,29.7414101,-95.4629552,jeweller
Kenz Mediterranean Cafe,29.7417348,-95.4629655,restaurant
Good Feet,29.7418076,-95.4629678,shoe_shop
Mr. Express,29.8149179,-95.4599074,convenience
Bank of America,29.7692592,-95.3993598,atm
Bank of America,29.7692592,-95.3994253,atm
Mein Restaurant,29.7075394,-95.5500939,restaurant
Buzz N Bites,29.7967119,-95.5229621,cafe
Taco Corner,30.0048032,-95.371668,fast_food
Hlavinka’s General Store,29.7795617,-95.803664,gift_shop
Process Computer Technology,29.8190744,-95.4771193,computer_shop
First Aid,29.7793445,-95.8059323,clinic
Bank of America,29.8684694,-95.33002,atm
Martinizing Dry Cleaning,29.7695394,-95.4102757,laundry
Sunny's,29.8104629,-95.4436718,convenience
Pepe's Kitchen,29.8364862,-95.3850013,fast_food
Chester's,29.8360046,-95.5067441,fast_food
Space City Credit Union,29.750123,-95.3436986,bank
The Snake Pit,29.7784764,-95.8043016,attraction
Monster Storms,29.7788043,-95.8057047,attraction
The Duelin' Daltons,29.7792919,-95.8061284,attraction
Lone Star Racers,29.7800204,-95.8046524,attraction
McDonald's,29.7514285,-95.3227955,fast_food
Timewise,29.7512329,-95.3229243,convenience
Memorial Park Vision,29.7605983,-95.4174366,optician
Entrust Immediate Care,29.7610054,-95.4172679,clinic
Spine Rehab,29.8582301,-95.4050868,doctors
Villiage Medical,29.7827719,-95.4076193,doctors
Red Crab Juicy Seafood and Bar,29.8205895,-95.4678103,restaurant
Brident Dental & Orthodontics,29.8206059,-95.4679094,dentist
The UPS Store,29.8206224,-95.4680084,post_office
Rent-A-Center,29.8206388,-95.4681075,furniture_shop
Clinica Familia Hispana,29.8206938,-95.4684958,clinic
The Taco Bar,30.0143567,-95.4513913,fast_food
Antojitos Mexican Restaurant,29.8863392,-95.4949409,restaurant
Fantasy Cut & Nails,29.886805,-95.4949379,beauty_shop
Lazaro's Pizza,29.8865551,-95.4949395,restaurant
Sprinkle Donuts & Coffee,29.88687,-95.4949375,fast_food
E-Z 7 Food Store,29.8861982,-95.4949418,convenience
Pho Binh,29.7369897,-95.4854286,restaurant
Dental Art,29.7369332,-95.4848396,dentist
Made Men,29.7374344,-95.4854303,hairdresser
Zabak's Mediterranean Cafe,29.7369293,-95.4850009,restaurant
Happy Lamb Hot Pot,29.7369406,-95.4845269,restaurant
The French House,29.7372735,-95.4854297,restaurant
Fitness Unlimited,29.7375301,-95.4854307,sports_shop
Gold & Silver Traders,29.7369351,-95.4847575,jeweller
NU Ice & Drinks,29.7369373,-95.4846659,cafe
Crystal's Nails,29.7369245,-95.4852057,beauty_shop
Empire Jewelers,29.7373521,-95.48543,jeweller
Fat Crab,29.7369217,-95.4853228,restaurant
Takumi-Ichi Ramen,29.7369271,-95.4850958,restaurant
Spotlight Karaoke,29.7369205,-95.4854283,nightclub
BreWingZ Restaurant and Bar,29.6215209,-95.222919,restaurant
Island Grill,29.717059,-95.4142255,restaurant
Velvet Taco,29.7173059,-95.4177848,fast_food
Walgreens,29.8105962,-95.5238915,pharmacy
CVS Pharmacy,29.8090579,-95.5239035,pharmacy
Mint Dental Works - Houston,29.7620397,-95.4159915,dentist
King Cole,29.7345192,-95.4046527,beverages
McDonald's,29.7080992,-95.4007673,fast_food
Subway,29.8083201,-95.3178348,fast_food
Concentra Urgent Care,29.6804469,-95.3991486,clinic
Popeyes,29.797466,-95.3164554,fast_food
24 Seven,29.7972635,-95.3164407,convenience
None,29.8273867,-95.3963833,shelter
Frost Bank,29.7894268,-95.3598382,bank
Walgreens,29.9018119,-95.3558564,pharmacy
King Fuels,29.9385659,-95.3980596,convenience
McDonald's,29.9384799,-95.3978893,fast_food
Tacocina,29.8466463,-95.3665819,fast_food
Ages & Stages Child Care Center,29.8584872,-95.4061291,kindergarten
Clinica Parker,29.8583767,-95.4061317,clinic
Super K Food Store,29.7488099,-95.410316,convenience
Le Bon Cleaners,29.748959,-95.4103281,laundry
Budget,29.7757938,-95.3947163,car_rental
Shell,29.775795,-95.3948115,convenience
Pitch 25,29.7516917,-95.3546669,pub
EaDo Bike Co,29.7499151,-95.3517395,bicycle_shop
Baby's & Kid's 1st Furniture,29.7308984,-95.4757509,furniture_shop
Top Styles Barber Shop,29.9288638,-95.5049658,hairdresser
Carter's Country,29.7837395,-95.5090168,sports_shop
Waymore Silencers,29.5902004,-95.1862488,pitch
One Stop Food Shop,29.8214749,-95.5306806,convenience
Gilded Hair and Nails,29.8214833,-95.5305429,hairdresser
Panera Bread,30.0112178,-95.5905591,fast_food
First Service Credit Union,29.9094172,-95.5569671,bank
Krispy Krunchy Chicken,29.8586482,-95.4892864,fast_food
Laredo Taco Company,29.8854764,-95.5416691,fast_food
Always Market,29.8725299,-95.2999363,convenience
Chevron,29.870867,-95.3139371,convenience
Tacos Tierra Caliente,29.7746087,-95.409202,fast_food
Capital One,30.0055783,-95.283418,atm
Capital One,30.0059221,-95.2834851,atm
Burlington,30.0024178,-95.2804145,department_store
Brass Tacks,29.7514393,-95.3493986,cafe
Chama Gaucha,29.7370522,-95.4838765,restaurant
The River Grill,29.7790813,-95.8049343,restaurant
Yoyo's Hot Dogs,29.7707609,-95.4081454,fast_food
Pink's Pizza,29.7257742,-95.4218195,fast_food
dd's Discounts,30.0500603,-95.4331952,department_store
Jason's Deli,30.0505014,-95.4365829,restaurant
Memorial Park Golf Course Pro Shop,29.7731313,-95.4332378,sports_shop
Chipotle,29.9974067,-95.1640281,fast_food
Teriyaki Madness,29.9973466,-95.1641758,restaurant
Jimmy John's,29.8191138,-95.466162,fast_food
Laredo Taco Company,29.7033535,-95.348762,fast_food
Laredo Taco Company,29.8927048,-95.5240705,fast_food
Laredo Taco Company,29.8030591,-94.9982522,fast_food
Verizon,29.697939,-95.2977356,mobile_phone_shop
PNC Bank,29.7480937,-95.4182792,bank
Uniforms Zone,29.8304274,-95.3803302,clothes
Walgreens,29.8010411,-95.4276984,pharmacy
Cleaners at the Ballpark,29.7605227,-95.3491073,laundry
Alan D. Ethen,29.7370608,-95.5313914,memorial
Goyaco,29.8585814,-95.4892979,convenience
Hunt Brothers Pizza,29.8286811,-95.4300986,fast_food
Dunkin',29.8140941,-95.4298827,fast_food
Renegades,29.6195425,-95.2220569,clothes
Cracker Barrel Country Store,29.9805189,-95.4236466,restaurant
East Side Surgery Center,29.7728593,-95.2367829,clinic
Centrum Health,29.7728599,-95.2361196,clinic
Sleep Center,29.7728597,-95.2363506,clinic
American Health imaging,29.7731083,-95.2369809,clinic
Dorsey Dental Services,29.7728596,-95.2364662,dentist
Wallis Bank,29.6292576,-95.2346744,bank
Boost Mobile,29.629254,-95.2347694,mobile_phone_shop
Addis Liquor,29.6292469,-95.2349526,beverages
La Beauté Nails & Spa,29.6292516,-95.2348617,beauty_shop
rue21,29.6280667,-95.2378527,clothes
America's Best Contacts & Eyeglasses,29.629438,-95.2370954,optician
Shoe Carnival,29.6293019,-95.2375145,shoe_shop
Citi Trends,29.6292895,-95.2378134,clothes
Metro by T-Mobile,29.6269731,-95.2346376,mobile_phone_shop
Sandi's Alterations & Nail,29.6268904,-95.2346333,beauty_shop
MV Nails,29.6272213,-95.2309996,beauty_shop
Pollo Campero,29.6281456,-95.2310401,fast_food
Cricket Wireless,29.6292088,-95.2315726,mobile_phone_shop
Clinica Corazon Hispano,29.6293787,-95.2317516,clinic
Domino's,29.7871295,-95.3724176,fast_food
Chipotle,29.7698392,-95.1818998,fast_food
Denny's,29.8550508,-95.1289978,restaurant
Copart,29.8553092,-95.1565203,car_dealership
Friendly Ford,29.8909971,-95.0611068,car_dealership
Katy Budget Books,29.7708428,-95.7523699,bookshop
dd's Discounts,29.6238142,-95.228428,department_store
Hibbett Sports,29.6241319,-95.2282059,sports_shop
Rainbow,29.6240297,-95.2281625,clothes
Visionworks,29.6243363,-95.2274969,optician
Finish Line,29.6232137,-95.2272003,sports_shop
Champs Sports,29.6234616,-95.2279232,sports_shop
Foot Locker,29.6230094,-95.2276266,shoe_shop
Kids Foot Locker,29.622874,-95.2275698,shoe_shop
Journeys,29.6230314,-95.2272238,shoe_shop
Journeys Kidz,29.6233874,-95.2278962,shoe_shop
Lids,29.6231452,-95.2276967,clothes
Great American Cookies,29.6231899,-95.2277198,fast_food
Krispy Krunchy Chicken,29.6233313,-95.2280103,fast_food
Cricket Wireless,29.6230791,-95.2278892,mobile_phone_shop
Julep,29.767533,-95.3778952,bar
A&A Food Mart,29.7370329,-95.5194457,convenience
GiGi Nail Spa,29.769592,-95.4005111,beauty_shop
Pinnacle Pediatric Dentistry,29.769459,-95.4006124,dentist
American Eagle Outfitters,29.9974413,-95.7559691,clothes
Chuck E. Cheese,30.0031464,-95.2666944,restaurant
Pawelek Orthodontics,29.6679647,-95.122458,dentist
Alamo Liquor,29.6428264,-95.2428607,beverages
District 7 Memorial,29.7782971,-95.6249839,cafe
Now and Forever Market,29.8591176,-95.4012126,convenience
None,29.9478533,-95.5842063,clinic
Mail Boxes Etc.,29.6047949,-95.3793829,post_office
A&W,29.9147983,-95.4116162,fast_food
Long John Silver's,29.9147381,-95.4116168,fast_food
Buffalo Wild Wings,29.9034846,-95.5561472,restaurant
Burger King,29.8183358,-95.7715855,fast_food
Starbucks,29.8168041,-95.7721917,cafe
Nassau Bay Spire,29.557884,-95.0755142,monument
The Grill,29.7375503,-95.5642667,fast_food
Haute 821 Unisex Salon Boutique,29.7444499,-95.3656344,clothes
Highline Park,29.7830177,-95.4081299,restaurant
Rakkan Ramen,29.7828939,-95.4078445,restaurant
Mendocino Farms,29.7827722,-95.4080861,fast_food
Blue Sushi Sake Grill,29.78275,-95.4078173,restaurant
Da Gama Canteen,29.7830118,-95.407866,restaurant
Casa Nomad,29.7829055,-95.4080894,restaurant
Pedego Electric Bikes,29.7829704,-95.4086042,bicycle_shop
Treadwell,29.7828615,-95.4087425,hairdresser
Ray-Ban,29.7827669,-95.4086952,optician
Tight Squeeze Juice Bar,29.7828201,-95.4085606,cafe
Homestead,29.7829987,-95.4087975,restaurant
Louisiana Famous Fried Chicken,30.0121723,-95.6073646,fast_food
In N Out Express,30.0121795,-95.6074566,convenience
Simmy's Eyebrows and More,30.0121609,-95.6075478,beauty_shop
Jame's Liquors and Fine Wines,29.7380746,-95.4945702,beverages
Boost Mobile,29.7380716,-95.4944509,mobile_phone_shop
Circle A Food Mart,29.7380926,-95.4936744,convenience
Elizabeth Nails,29.7380598,-95.4931998,beauty_shop
Little Caesars,29.6631683,-95.4647606,fast_food
Regions Bank,29.7231537,-95.4676481,bank
Chez Kobayashi Pastries,29.7702815,-95.6047754,bakery
Laredo Taco Company,30.0056492,-95.2587819,fast_food
Checkers,29.9672486,-95.2852948,fast_food
Taco Corner,29.9676942,-95.2850898,fast_food
Fuel Maxx,29.9675821,-95.2851413,convenience
Cande's Beauty Salon,29.7173632,-95.3206142,hairdresser
Walgreens,29.7428005,-95.3903416,pharmacy
Moore Foot & Ankle Specialists,30.071201,-95.4578553,doctors
SteadFast Primary Care,29.7824844,-95.7974764,hospital
CVS Pharmacy,29.9080153,-95.6850801,pharmacy
Cariloha Bamboo,29.7818193,-95.4085167,clothes
SMYL Dentistty,29.7815879,-95.4082691,dentist
Buckle Bunny Hat Bar,29.7820896,-95.4087863,clothes
Shampu Salon,29.7819234,-95.4082552,hairdresser
Burdlife,29.7818483,-95.4084429,jeweller
Sanna,29.7821073,-95.4085646,clothes
Chloe Dao,29.7820919,-95.4086522,clothes
Semper Laser Hair Removal,29.7818944,-95.4083563,beauty_shop
La La Land Kind Cafe,29.7821171,-95.4083461,cafe
Anjouil's,29.7815422,-95.4085057,clothes
Common Assembly,29.7816377,-95.4085046,clothes
Sweetgreen,29.7821214,-95.4082748,fast_food
June & Co,29.781717,-95.4085147,clothes
Trè Sorelle,29.7814719,-95.4085057,clothes
Elite Meals,29.7822941,-95.408589,restaurant
Taft,29.782285,-95.4088105,shoe_shop
Nollege,29.7822766,-95.4088751,clothes
The Skin Clinic,29.7822856,-95.4087207,beauty_shop
The Boardroom,29.7737081,-95.3979541,hairdresser
Salata,29.7735742,-95.3979472,restaurant
Clear Smiles,29.7737829,-95.3979592,dentist
Barnaby's Cafe,29.7733811,-95.3979327,restaurant
Ideal Image,29.7734905,-95.3979459,beauty_shop
Best Handi Stop,29.8192629,-95.4586573,convenience
Alondra's Beauty Salon,29.8192395,-95.4583738,beauty_shop
Falcon Express,29.7721771,-95.2329791,convenience
Starbucks,29.7348284,-95.5173855,cafe
CVS Pharmacy,29.7349659,-95.5180684,pharmacy
H-E-B Pharmacy,29.5527421,-95.1490279,pharmacy
Retreat Lake Fountain,30.1282169,-95.5259838,fountain
Kura Sushi,29.7891328,-95.7731078,fast_food
Books Kinokuniya,29.7890791,-95.7730688,bookshop
Haidilao Hot Pot,29.78853,-95.7726522,restaurant
85°C,29.7892154,-95.7731973,cafe
Squares Hot Pot,29.7925405,-95.7733976,restaurant
Happy Lemon,29.7927725,-95.7733906,cafe
CVS Pharmacy,29.7825276,-95.7159591,pharmacy
Target Optical,29.7822808,-95.7163239,optician
Starbucks,29.6523929,-95.1523223,cafe
CVS Pharmacy,29.652398,-95.1527302,pharmacy
Target Optical,29.6524006,-95.1530904,optician
Consulate General of Peru,29.7312784,-95.4656877,embassy
Laredo Taco Company,29.7639001,-95.2139381,fast_food
Star Liquor,29.7736677,-95.2154783,beverages
Amigo,29.7734407,-95.2153046,convenience
Big Madre Tacos y Tortas,29.7734762,-95.2152584,fast_food
Walgreens,29.6647686,-95.0863507,pharmacy
CVS Pharmacy,29.6635951,-95.0875215,pharmacy
Qualcare Rehabilitation,29.7559534,-95.3339892,clinic
Allied Medical Centers,29.7558906,-95.3341408,clinic
Savannah Cafe and Bakery,29.5777088,-95.1563642,bakery
Peet's Coffee,29.9868629,-95.345568,cafe
EaDo Family Dental,29.7579475,-95.3474371,dentist
EaDo Optics,29.7578699,-95.3474994,optician
Iridium Pharmacy,29.7578023,-95.3475537,pharmacy
Big City Wings,29.7577408,-95.3475999,restaurant
Houston Sword Sports,29.6693146,-95.4375463,sports_centre
The Castle Lounge,29.7294887,-95.5300628,restaurant
Nails of America,29.7418143,-95.4091344,beauty_shop
Pokéworks,29.7414739,-95.4091355,restaurant
Churrascos,29.7424589,-95.4091323,restaurant
The Keratin Salon,29.7419345,-95.409134,hairdresser
Smile Direct Club,29.7417041,-95.4091348,dentist
Radiant Waxing,29.7415344,-95.4091353,beauty_shop
Moissy Fine Jewelry,29.7411538,-95.4103719,jeweller
Equity Urgent Care,29.7412976,-95.4103673,clinic
The Teahouse,29.7413174,-95.4102581,cafe
CVS Pharmacy,29.7412122,-95.4099016,pharmacy
Starbucks,29.7412914,-95.4093048,cafe
Taco Bell,29.7999774,-95.317419,fast_food
KFC,29.8000112,-95.317423,fast_food
Wingstop,29.8006722,-95.3163394,fast_food
Boost Mobile,29.8007665,-95.3163502,mobile_phone_shop
Swift,29.8008642,-95.3163582,convenience
Blush Nail Spa,29.769642,-95.6054361,beauty_shop
MOD Pizza,29.7696485,-95.6051832,fast_food
Smoothie King,29.7696455,-95.6053617,fast_food
CVS Pharmacy,29.7328663,-95.6270661,pharmacy
Starbucks,29.7322467,-95.6270393,cafe
Target Optical,29.7331318,-95.6270661,optician
Firehouse Subs,30.0512472,-95.4352625,fast_food
Ryan's Beverage,30.0512821,-95.4356538,beverages
Bakery Donuts,30.0512937,-95.4357842,fast_food
Lane Bryant,30.0500985,-95.4335431,clothes
The Children's Place,30.0501151,-95.433806,clothes
Element Dental,30.0501206,-95.4338937,dentist
Hand Care Center and Surgery Specialists of Texas,29.758619,-95.3985988,doctors
Pimlico,29.7583502,-95.3986026,pub
ZO Skin Centre,29.7584547,-95.3986127,doctors
The Westin Houston Medical Center,29.7097021,-95.4015787,hotel
Krispy Krunchy Chicken,30.0049012,-95.3717077,fast_food
Pho I-10,29.7858329,-95.5217693,restaurant
85°C Bakery Cafe,29.7858328,-95.5223095,bakery
Memorial Villages Farmers Market,29.778631,-95.5041758,attraction
Tan Tan Restaurant,29.7059824,-95.545822,restaurant
One Dim Sum,29.7506296,-95.3758707,restaurant
Stampede Houston,29.8979506,-95.3186686,bar
Dr. Philip A. Matorin MD,29.7076992,-95.4760739,doctors
Pho Saigom,29.7451159,-95.377577,restaurant
Fukuoka Sushi Bar & Grill,29.7450517,-95.3775139,restaurant
VN Beauty Salon,29.7451583,-95.3775852,beauty_shop
East West Bank,29.7449274,-95.3773172,bank
Khon's Wine Darts Coffee Art,29.7452842,-95.377516,bar
Siu Lap City,29.7452409,-95.3775674,restaurant
Luce Coffee Roasters,29.7685382,-95.384016,cafe
Randalls,29.7384958,-95.537097,supermarket
Starbucks,29.7384931,-95.5375188,cafe
Signature Cafe,29.738491,-95.5373453,cafe
Urgent Doc,29.7380676,-95.5377389,clinic
Postal + Copy Center,29.7376996,-95.5377264,post_office
Lux Nail Spa,29.7378595,-95.5377317,beauty_shop
Best Cleaners,29.7381928,-95.5381102,laundry
The Teahouse,29.7385055,-95.5376635,cafe
Amazing Lash Studio,29.7385121,-95.5362674,beauty_shop
Blaze Pizza,29.7385146,-95.5361763,restaurant
Cost Cutters,29.7385146,-95.5365596,hairdresser
Tropical Smoothie Cafe,29.7678081,-95.391644,fast_food
Urban Cleaners,29.7676964,-95.3916601,laundry
Sam's Cafe,29.7675909,-95.391678,restaurant
AT&T,29.7673813,-95.3917057,mobile_phone_shop
Parkview Nails,29.7672579,-95.3917173,beauty_shop
Memorial Heights Dental Center,29.7675171,-95.3916887,dentist
ORTAHAUS Barber Co.,29.7674597,-95.3916967,hairdresser
Cell Geeks Spring,30.0206958,-95.5224129,mobile_phone_shop
New Heights Cell Repair,29.8026983,-95.3822406,mobile_phone_shop
The UPS Store,29.8024872,-95.4055163,post_office
Zapvor by Thai Spice,29.8024865,-95.4056031,restaurant
Simply Greek,29.8072362,-95.5234325,restaurant
Panamericana Family Clinic,29.8074769,-95.523487,clinic
Cobble & Spoke,29.807485,-95.5236769,bar
Bella Imagen Hair Salon,29.8074965,-95.5240951,hairdresser
Stop-N-In,29.8074993,-95.5241843,convenience
Reserved Salon,29.7683865,-95.3737011,hairdresser
FIVE STAR BARBBERSHOP,29.7194435,-95.5191744,hairdresser
Panda Express,29.7856049,-95.5336449,fast_food
Which Wich?,29.7856098,-95.5335869,fast_food
European Wax Center,29.7856121,-95.5334852,beauty_shop
Sharetea,29.7861984,-95.5343496,cafe
T-Mobile,29.7863579,-95.5335736,mobile_phone_shop
Pearle Vision,29.7862547,-95.533571,optician
Spring Branch Dental Group,29.7861861,-95.5335698,dentist
Soho Nail Lounge,29.786096,-95.5335733,beauty_shop
Starbucks,30.0651267,-95.4350845,cafe
Smoothie King,29.7892749,-95.4676941,fast_food
America's Best Contacts & Eyeglasses,29.7893796,-95.4676957,optician
Yantze Restaurant,29.7070537,-95.5562295,restaurant
Handam BBQ,29.7068264,-95.5562466,restaurant
Laundry Express,29.5593554,-95.1456316,laundry
El Dorado Food Mart,29.5594028,-95.1455469,convenience
Kay-Tee Florist on Mason Road,29.7708146,-95.7528302,florist
Jimmy John's,30.0888587,-95.6334529,fast_food
Chipotle,30.0890026,-95.6345962,fast_food
Laredo Taco Company,30.0671209,-95.6250228,fast_food
Dodo's Chicken,29.7285411,-95.5315769,restaurant
Agility Bank,29.8081095,-95.4104434,bank
Taqueria Los Agaves #3,29.6644323,-95.1326605,restaurant
MOD Pizza,29.7884958,-95.7184402,fast_food
Cavender's Boot City,29.7832399,-95.6001601,clothes
MOD Pizza,29.7374499,-95.5616287,fast_food
Panera Bread,29.7374879,-95.562193,fast_food
FedEx Office,29.737492,-95.5620084,post_office
Tarka,29.7374831,-95.5618869,restaurant
CAVA,29.7374379,-95.5612319,restaurant
Tropical Smoothie Cafe,29.7374528,-95.5615619,fast_food
Ideal Dental,29.7374567,-95.5614848,dentist
Prime Cut Hair Designs,29.7321164,-95.4883335,hairdresser
Street Food Guru,29.9221746,-95.4101647,restaurant
Hair Lovers Salon,29.8136332,-95.4605775,supermarket
Memorial Heights Emergency Center,29.7703486,-95.4015026,clinic
Independent Financial,29.7703677,-95.4016128,bank
The Cookshack,29.7697177,-95.4011909,restaurant
Supercuts,29.769747,-95.4014691,hairdresser
The Lash Lounge,29.7697394,-95.4013782,beauty_shop
Houston Smart Phones & Repair,29.717773,-95.5086724,mobile_phone_shop
Luna Pizzeria,29.7725199,-95.3989765,restaurant
High Class Nails,29.5362665,-95.1521443,beauty_shop
Subway,29.536264,-95.1523916,fast_food
Ross,29.5366422,-95.1490267,department_store
Great Clips,29.5362775,-95.1523359,hairdresser
Torrid,29.536723,-95.1486226,clothes
Pottery Barn,29.5368119,-95.1478545,furniture_shop
Eggcellence Cafe & Bakery,29.5377484,-95.150043,restaurant
Shell Federal Credit Union,29.5384452,-95.1512126,bank
Raising Cane's,29.5383542,-95.151851,fast_food
Dick's House of Sport,29.5490478,-95.1522142,sports_shop
Duluth Trading comany,29.5478804,-95.1518617,outdoor_shop
Total Wine,29.5475708,-95.1515454,beverages
REI,29.5472871,-95.1512786,outdoor_shop
Red Robin,29.5468932,-95.1502915,restaurant
Whiskey Cake,29.546979,-95.1496499,pub
Pink's Pizza,29.7535955,-95.3892958,restaurant
Stop & Shop,29.753598,-95.389078,convenience
Up To Date Cleaners,29.7536072,-95.3894785,laundry
Laredo Taco Company,29.7239047,-95.5917607,fast_food
Clear Lake Dental Care and Implant Center,29.5428263,-95.1249858,dentist
The Health Nut,29.6875813,-95.1239728,restaurant
Bijan Persian Grill,29.7185138,-95.5005022,restaurant
Market Street Cafe,30.0965347,-95.6158803,restaurant
Fireant Brewery,30.0964388,-95.616123,pub
Craving Kernels,30.0963795,-95.6162731,cafe
Turquoise Door Boutique,30.0963409,-95.6163707,clothes
Miguelangel and HJR Coffee,29.7626765,-95.2332996,cafe
A&D Hair Salon,29.7627699,-95.2333056,hairdresser
Taqueria El Charro Mex,29.7629568,-95.2333177,restaurant
Holland Food Mart,29.7631451,-95.2333137,convenience
Patterson Park,29.7793092,-95.4064536,bar
OST Food Store,29.7026983,-95.3589705,convenience
CVS Pharmacy,29.7027804,-95.3603008,pharmacy
Walgreens,29.7690433,-94.9189179,pharmacy
Cyclone Cycles,29.7074017,-95.439923,bicycle_shop
Veronica Injects,29.8081089,-95.4104871,clinic
Subway,29.7602846,-95.3985678,fast_food
Pizza Birra Vino,29.760011,-95.3985652,fast_food
Chic Lash Boutique,29.7598452,-95.3985703,beauty_shop
Bayou Liquor,29.7603984,-95.3985739,beverages
The Bridal Suite,29.7602625,-95.3986323,beauty_shop
Days Spa Nails & Facial,29.7601266,-95.3986323,beauty_shop
Cory Logan DDS,29.7601929,-95.3986323,dentist
Midtown Family Medicine,29.7598875,-95.398637,clinic
Costumeworx,29.7695049,-95.3836524,clothes
Slowpokes Coffee,29.8018078,-95.4918543,cafe
Feges Barbecue,29.8022591,-95.4929727,restaurant
CVS Pharmacy,29.7632412,-95.3628385,pharmacy
Taco Corner,30.0822627,-95.6109908,fast_food
Fuel Maxx,30.0821791,-95.6109841,convenience
Golden Chick,29.8899169,-95.4937367,fast_food
Home Run,29.8897319,-95.4937768,convenience
Avis,29.8121351,-95.4147061,car_rental
Budget,29.8121788,-95.4147088,car_rental
Kroger,29.603198,-95.2149315,supermarket
CVS Pharmacy,29.7824101,-95.5409454,pharmacy
Starbucks,29.7823778,-95.5415355,cafe
Target Optical,29.7823992,-95.5411772,optician
Kendra Scott,29.7838461,-95.398598,jeweller
Local Foods,29.7836351,-95.3986181,restaurant
The Impeccable Pig,29.7839276,-95.3986014,clothes
Pressed,29.7841149,-95.3986628,fast_food
Warby Parker,29.7831817,-95.397831,optician
Shop N Go,29.7058597,-95.4969741,convenience
Walgreens,29.7060817,-95.5208176,pharmacy
Divine Salon,29.9825229,-95.4095927,hairdresser
Domino's,29.9825168,-95.4096874,fast_food
Biggie's,29.9870113,-95.4101129,convenience
Smart Phone Repair,29.7186777,-95.5033404,mobile_phone_shop
Jumping World,29.8591864,-95.5266368,attraction
Naam Khao Thai Kitchen & Bar,29.7600437,-95.6263754,restaurant
Star Stop,29.5970197,-95.1991438,convenience
Wendy's,29.597143,-95.198964,fast_food
Target,29.6026242,-95.264021,department_store
Timewise,29.9383923,-95.4603051,convenience
Laredo Taco Company,29.9662771,-95.5572095,fast_food
Circle K,30.015,-95.5862414,convenience
Little Caesars,29.9203448,-95.4955296,fast_food
Time Mart,29.8771268,-95.4127049,convenience
La Vista,29.8771219,-95.4127999,fast_food
Jack in the Box,29.8697349,-95.4121848,fast_food
Willie's,29.9834954,-95.5679452,restaurant
Little Woodrow's,30.0300764,-95.5998257,restaurant
Checkout,29.9366065,-95.4587633,convenience
Timewise,29.8499584,-95.5057629,convenience
Chase,29.918064,-95.413542,atm
Chase,29.9180942,-95.413541,atm
Chase,29.9181243,-95.41354,atm
Chase,29.9181544,-95.413539,atm
Wells Fargo,29.9147545,-95.4165255,bank
Charleys Philly Steaks,29.9214916,-95.4134869,fast_food
Verizon,29.921619,-95.4134584,mobile_phone_shop
Cicis,29.9221039,-95.4106256,restaurant
Harbor Freight Tools,29.9223774,-95.4106256,doityourself
None,29.9934471,-95.3745346,fire_station
Big Burger V,29.8652114,-95.3646687,fast_food
Church's Chicken,29.9399736,-95.3839222,fast_food
King Fuel,29.9399857,-95.3837722,convenience
Shell Gas Station (Falcon Express),29.8196136,-94.9681194,convenience
CVS Pharmacy,29.9678129,-95.5309135,pharmacy
Starbucks,29.9679941,-95.5305272,cafe
MM Food Mart,29.8827423,-95.3691662,convenience
Las Vegas Night Club,29.88258,-95.3691153,nightclub
Pine Grill Food Store,29.8414186,-95.4421442,convenience
Institute of Anti-Aging Medicine and Skin Spa,29.7309011,-95.4263393,beauty_shop
Starbucks,29.7351975,-95.5679345,cafe
CVS Pharmacy,29.7351418,-95.5674202,pharmacy
Houston Federal Credit Union,29.6012247,-95.2626899,bank
Burlington,29.6024836,-95.2649678,department_store
Pizza Hut,29.6022918,-95.2656937,restaurant
Castle Dental,29.6022821,-95.2658517,dentist
CVS Pharmacy,29.6024788,-95.2638,pharmacy
Starbucks,29.6024326,-95.2642795,cafe
AT&T,29.6011862,-95.263673,mobile_phone_shop
Bouray’s PHO,29.7558874,-95.3702153,restaurant
Zip's Food Market,29.9077949,-95.4115029,convenience
Supermercado El Rancho,29.848055,-95.3915426,supermarket
dd's Discounts,29.8474396,-95.3914301,department_store
China King Buffet,29.8477351,-95.3913926,restaurant
Rodeo Dental,29.8466594,-95.3913658,dentist
Edible Arrangements,29.7624759,-95.3603315,gift_shop
New Nails,29.8462646,-95.3913572,beauty_shop
Visionworks,29.7416349,-95.4614609,optician
Morton's The Steakhouse,29.7418547,-95.4617408,restaurant
European Wax Center,29.7416748,-95.4618743,beauty_shop
Sport Clips,29.7413365,-95.4619069,hairdresser
Arhaus,29.7411915,-95.4619069,furniture_shop
Lashes by Ann,29.7413901,-95.4617601,beauty_shop
GolfTec,29.7412773,-95.4617423,sports_shop
Wells Fargo,29.7427018,-95.4624276,atm
Our Children's Dentist & Orthodontist,29.7411051,-95.4404761,dentist
Haven Dentistry,29.7411912,-95.4404855,dentist
Walgreens,29.7412017,-95.4407054,pharmacy
Baylor Medicine Family Clinic,29.7411912,-95.4410099,clinic
Cyclebar Premium Indoor Cycling,29.7712392,-95.3799972,bicycle_shop
High Fashion Home,29.7711783,-95.3819141,furniture_shop
Burger King,29.7341927,-95.3485588,fast_food
Church's Chicken,29.7365997,-95.347508,fast_food
Hunt Brothers Pizza,29.7966583,-95.2725671,fast_food
Ear Piercing by Rowan,29.7720397,-94.9758115,beauty_shop
CVS Pharmacy,29.7718884,-94.9759886,pharmacy
Starbucks,29.772226,-94.9759725,cafe
Dentist Tree of The Heights,29.8051196,-95.3994144,dentist
Kroger,29.6748622,-95.2910328,supermarket
El Catrin Mexican Grill & Seafood,30.0198634,-95.3804519,restaurant
Humble Vascular Surgical Center,30.0055043,-95.299006,clinic
Airrosti,29.8287472,-95.4343264,clinic
Bautsch Family Dentistry,30.0471185,-95.1837133,dentist
Jack in the Box,29.8190365,-95.0575179,fast_food
7-Eleven,29.8186633,-95.0570933,convenience
Laredo Taco Company,29.8187117,-95.057088,fast_food
Sonic,29.818135,-95.0570264,fast_food
Food Town,29.8194146,-95.0583254,supermarket
Metro by T-Mobile,29.8198677,-95.058379,mobile_phone_shop
Walgreens,29.8317932,-95.6855797,pharmacy
Super K,29.8363065,-95.6401578,convenience
Kroger,29.7923441,-94.9829718,supermarket
Marshalls,29.7932677,-94.982953,department_store
Ulta Beauty,29.7935537,-94.9830119,beauty_shop
Sonic,29.7901981,-95.1602851,fast_food
Domino's,29.7911145,-95.1598351,fast_food
Kroger,29.7896563,-95.2009461,supermarket
Texas Children's Urgent Care,29.7893868,-95.2017886,clinic
Cost Cutters,29.7896369,-95.2015145,hairdresser
Woodforest National Bank,29.7896825,-95.2001815,bank
First Convenience Bank,29.7896636,-95.2007333,bank
Kroger Pharmacy,29.7896459,-95.2012496,pharmacy
Banana Leaf,29.7026096,-95.5531648,restaurant
Office Depot,29.9159829,-95.4154162,stationery
The Teahouse,29.6917716,-95.4131553,cafe
Liberty Taco,29.6933944,-95.4120866,restaurant
Pauline A Clansy Edd Psychologist,29.6884112,-95.5287889,doctors
PNC Bank,29.7866685,-95.8009662,bank
Walgreens,29.8692348,-95.3293491,pharmacy
Payless Food Store,29.8910583,-95.2933633,convenience
Bunny Stop,29.8995739,-95.3016881,convenience
Maisah Food Mart,29.8711088,-95.2822749,convenience
Food Town,29.7790121,-95.1259129,supermarket
Rent-A-Center,29.7889695,-95.3598489,furniture_shop
Verizon,29.785871,-95.3616587,mobile_phone_shop
Subway,29.7978314,-95.3685468,fast_food
Shake Shack,29.7591815,-95.3635376,fast_food
Line & Lariat,29.7624509,-95.3608224,bar
O'Kane Theatre,29.7660779,-95.3588544,theatre
Subway,29.7300447,-95.3832818,fast_food
West Gray Cleaners,29.7301732,-95.3832176,laundry
Mendocino Farms,29.759611,-95.3625127,fast_food
IBC Bank,29.756995,-95.3646183,bank
Boost Mobile,29.7843797,-95.3614371,mobile_phone_shop
La Michoacana Meat Market,29.7843221,-95.3617855,supermarket
Bells Myown Cleaners,29.7883947,-95.3600125,laundry
Fresenius Kidney Care,29.788638,-95.3600305,clinic
WellMed,29.7965286,-95.3668037,doctors
Monkey's Tail,29.8118163,-95.3695505,bar
Asia Market Restaurant,29.8039163,-95.3682082,restaurant
CVS Pharmacy,29.7510212,-95.4997846,pharmacy
CVS Pharmacy,29.7381741,-95.411472,pharmacy
Yale Store,29.8396443,-95.4032314,convenience
Office Depot,29.9580668,-95.5463396,stationery
REI,29.9580654,-95.547432,outdoor_shop
Salon 1-2-3,29.9571426,-95.5459079,beauty_shop
Ashley HomeStore,29.958064,-95.5485544,furniture_shop
PNC Bank,29.9916798,-95.4903775,bank
Regions Bank,29.9975293,-95.4803719,bank
Blue Water,29.9750001,-95.5211475,restaurant
Walgreens,30.0136703,-95.4507533,chemist
Walgreens,30.0135059,-95.4507587,pharmacy
CVS Pharmacy,30.0140694,-95.4497328,chemist
CVS Pharmacy,30.0139122,-95.4497221,pharmacy
Pitstop Express,29.995071,-95.4844124,convenience
Blue Wave,30.0091033,-95.459277,car_wash
1960 Corner Store,30.0161225,-95.447781,convenience
Subway,30.020055,-95.3808483,fast_food
Papa John's,30.019931,-95.380859,fast_food
Sichuan Pepper Express,29.8687879,-95.3274492,restaurant
CVS Pharmacy,29.7397869,-95.4712679,pharmacy
Luke's Barbershop,29.8609663,-95.3635714,hairdresser
Houston Auto Finance,29.8148496,-95.3843743,car_dealership
Wild,29.8055874,-95.4105727,cafe
Los Pecadores,29.8395185,-95.3751782,bar
Diamond Kuts Barber Shop,29.8133817,-95.3815223,hairdresser
Elite Dermatology,29.8065028,-95.4099949,doctors
Tikila's,29.8112845,-95.4100574,bar
Ulta Beauty,29.7322947,-95.6252394,beauty_shop
James Avery Jewelry,29.7322704,-95.625009,jeweller
Voodoo Seafood,29.7326634,-95.6243501,restaurant
Banfield Pet Hospital,29.7337033,-95.6250328,veterinary
Cato,29.7334996,-95.6270363,clothes
Burlington,29.7343437,-95.6271274,department_store
Parkway Optical,29.7340491,-95.6249255,optician
Eyes on the Heights Optometry,29.8080551,-95.4109672,optician
Seven Crown Food Store,29.794303,-95.4119376,convenience
Site of Civil War era gunpowder mill explosion,30.1090594,-95.6560977,attraction
Star Stop,29.7766162,-95.4174127,convenience
Heights Motor Credit,29.8124054,-95.4098553,car_dealership
Urbe,29.7563216,-95.457137,restaurant
Wells Fargo,29.8481191,-95.334685,bank
Now & Forever,29.7890005,-95.0915464,convenience
Texas Forever Cafe & Grill,29.7890711,-95.0913436,restaurant
CVS Pharmacy,29.7380542,-95.52549,pharmacy
Cedars Bakery,29.7289036,-95.5150098,bakery
Barbar Mediterranean Grill,29.7371532,-95.5069738,restaurant
Jenni's Noodle House,29.8037177,-95.3920162,restaurant
Ross,30.0883941,-95.5193464,department_store
DSW,30.0881202,-95.5195422,shoe_shop
Burlington,30.0887654,-95.5190889,department_store
Banfield Pet Hospital,30.0891524,-95.5188091,veterinary
Redbox,29.6625487,-95.4647205,vending_any
Perú Gourmet,29.6633482,-95.4647604,restaurant
Subway,29.8663188,-95.4998534,fast_food
Best Stop,29.866314,-95.4996981,convenience
Heavenly Look Beauty Salon,29.8659773,-95.4799316,hairdresser
Scottish Inn & Suites,29.8651721,-95.5173988,motel
Handi Stop,29.8651193,-95.5250155,convenience
Food Town,29.8669271,-95.4858994,supermarket
Tejas Market,29.8692529,-95.536931,convenience
Subway,29.8635072,-95.4749848,fast_food
Johnny's,29.8807224,-95.5780781,convenience
Cricket Wireless,29.8483669,-95.4728467,mobile_phone_shop
Popeyes,29.8503908,-95.509289,fast_food
Cicis,29.8517512,-95.5029756,restaurant
Shop N Go,29.8502986,-95.4884798,convenience
Cricket Wireless,29.8501993,-95.4884798,mobile_phone_shop
Triple Crown Liquor,29.84996,-95.4884583,beverages
Boost Mobile,29.8486479,-95.4728279,mobile_phone_shop
Domino's,29.6883783,-95.3911198,fast_food
Abu Omar,29.6916027,-95.3900074,restaurant
Domino's,29.6573526,-95.4775514,fast_food
Metro by T-Mobile,29.6572488,-95.4773865,mobile_phone_shop
Lo Price Liquor & Tobacco,29.6574536,-95.4776916,beverages
The Samaritan Furniture,29.657916,-95.4783658,furniture_shop
Spec's,30.0847272,-95.5210395,beverages
Comerica Bank,29.8026238,-95.4039278,bank
Blue Lion Salon Studios,30.0847502,-95.5214093,beauty_shop
Wingstop,30.0842708,-95.521493,fast_food
Emler Swim School,30.0841558,-95.5214999,sports_centre
Eye Trends,30.0848669,-95.5223687,optician
Dripped Birria,30.084905,-95.5227882,fast_food
Ichigo Curry and Ramen,30.0849161,-95.5228571,restaurant
Palace Nails & Spa,30.0849438,-95.5231602,beauty_shop
Russo's New York Pizzaria,30.0849591,-95.5233422,restaurant
Harvest Food,29.834319,-95.4024659,convenience
Starbucks,29.537416,-95.1522759,cafe
America's Best Contacts & Eyeglasses,30.0855831,-95.5214958,optician
Five Guys,30.0856018,-95.5221083,fast_food
Amazing Lash Studio,30.0856118,-95.5222129,beauty_shop
Waxing the City,30.0856317,-95.5224475,beauty_shop
Great American Cookies,30.0856471,-95.5225813,fast_food
Salata,30.0856617,-95.5226536,fast_food
T-Mobile,30.0857379,-95.5234138,mobile_phone_shop
Marco's Pizza,30.0815697,-95.5207025,fast_food
Sushi Haya,30.0816412,-95.5207735,restaurant
Tune Up,30.0817169,-95.5208498,hairdresser
Smoothie King,30.081782,-95.5209166,fast_food
Chicken Salad Chick,30.0818295,-95.5209679,fast_food
T. Jin China Diner,30.0857494,-95.5236756,restaurant
Potbelly,30.0857683,-95.5237687,fast_food
My Kid's Dentist and Orthodontics,30.0857867,-95.5239395,dentist
Roadster,29.7201416,-95.5720907,convenience
Meyerland,29.6699889,-95.4642528,tourist_info
Laredo Taco,30.0835412,-95.4767431,fast_food
Mucho Mexico Cafe & Bakery,29.7733584,-95.2909709,cafe
Mucho Mexico Restaurant & Seafood Bar,29.7730102,-95.2909426,restaurant
Swipe,29.828691,-95.3390138,convenience
Star Pizzeria,29.6523098,-95.5549858,restaurant
The Festive PIgs,29.6632935,-95.4691437,artwork
The Festive PIgs,29.6632831,-95.4691175,artwork
Fuel Depot,29.7030388,-95.2781397,convenience
Dr. Vidal & Associates,29.69507,-95.2780876,dentist
Del Sol Centro Medico Familiar,29.6950521,-95.2783725,clinic
Checkpoint,29.6961214,-95.2783591,convenience
The Taco Bar,29.696021,-95.27838,fast_food
Walgreens,29.7382201,-95.5353391,chemist
Splended Dental Care,30.0835999,-95.4493432,dentist
Torchy's Tacos,30.0834356,-95.449323,restaurant
Noe's Cafe,30.0836055,-95.4485786,cafe
Frost Bank,30.0834944,-95.4485408,bank
JINYA Ramen Bar,30.0839191,-95.4498287,restaurant
Beard Papa's,30.0840159,-95.4498302,bakery
Total Men's Primary Care,30.0840814,-95.4498326,doctors
Edible Arrangements,30.0842108,-95.4498316,gift_shop
CAVA,30.0843504,-95.4498539,restaurant
Tarka Indian Kitchen,30.0847226,-95.4499933,restaurant
Banfield Pet Hospital,30.0849171,-95.4498301,veterinary
MOD Pizza,30.0850824,-95.4497207,fast_food
Supercuts,30.0851442,-95.4494779,hairdresser
Cherry Blow Dry Bar,30.0851521,-95.4493495,hairdresser
Nails of America,30.0851576,-95.4490775,beauty_shop
Starbucks,30.0851559,-95.4488333,cafe
Dandelion Cafe,29.7051453,-95.4745482,cafe
Hunter's Pub,29.6661422,-95.4628198,pub
Walgreens,29.953094,-95.5843431,pharmacy
Al Aseel Grill and Cafe,29.7289197,-95.5143991,restaurant
Zalat Pizza,29.8037512,-95.4010999,restaurant
Spring Klein Dentistry,30.0857932,-95.5240277,dentist
PostNet,30.0858088,-95.5242028,post_office
Shannon Jewelers,30.0858212,-95.5243298,jeweller
Jamba,30.0858336,-95.5244252,fast_food
La Madeleine,30.0873281,-95.5234657,restaurant
Outback Steakhouse,30.0872946,-95.5231814,restaurant
The Toasted Yolk Cafe,30.0884377,-95.5220796,cafe
Chipotle,30.088703,-95.5215858,fast_food
Pho Viet & Grill,30.0887378,-95.5215055,restaurant
Expedia Cruises,30.0887716,-95.5214366,travel_agent
AT&T,30.0887974,-95.5212816,mobile_phone_shop
James Avery Jewelry,30.0886891,-95.5211507,jeweller
Bloofin Sushi,30.088545,-95.5210542,restaurant
Dutch Bros. Coffee,30.0764324,-95.6286376,cafe
Aspen Dental,30.0766669,-95.6286831,dentist
Area 52,29.8021901,-95.3990575,clothes
"Richard B. Pesikoff, M.D. & Associates",29.7513181,-95.4514691,doctors
"The Kidney Institute, Romano Park",30.0106258,-95.4536942,doctors
Casa do Brasil,29.7373308,-95.4672722,restaurant
Men's Wearhouse,30.0892919,-95.5203607,clothes
Cinnaholic,30.088888,-95.5205153,fast_food
MOD Pizza,30.0888114,-95.5204563,fast_food
Starbucks,29.9695042,-95.6962162,cafe
Boot Barn,29.9689566,-95.6952988,clothes
America's Best Contacts & Eyeglasses,29.9690796,-95.6954358,optician
TJ Maxx,29.9687688,-95.6950341,department_store
Ross,29.9684076,-95.6944702,department_store
Famous Footwear,29.9685794,-95.6947613,shoe_shop
King Nails Spa,29.9700194,-95.6967336,beauty_shop
Pearle Vision,29.969847,-95.6964879,optician
Anything Bling Boutique,29.9700768,-95.6968155,clothes
Five Guys,29.9700109,-95.693751,fast_food
T-Mobile,29.969833,-95.6936078,mobile_phone_shop
Banfield Pet Hospital,29.9676099,-95.6935431,veterinary
Office Depot,29.9675743,-95.6931393,stationery
Lane Bryant,29.9674176,-95.6928891,clothes
Polish Nail Bar,29.9672974,-95.6926965,beauty_shop
Sola Salons,29.9663586,-95.6922035,beauty_shop
TJ Maxx,30.0878536,-95.5197463,department_store
Famous Footwear,30.0876733,-95.5199111,shoe_shop
Maurices,30.0875848,-95.5200982,clothes
Nails of America,30.0868214,-95.5213461,beauty_shop
Torrid,30.0866974,-95.5213779,clothes
OshKosh B'gosh,30.0865712,-95.5213983,clothes
Carter's,30.0864776,-95.5214117,clothes
Costco Pharmacy,29.7342063,-95.4391439,pharmacy
Costco Food Court,29.7339656,-95.4392848,fast_food
Parrilla Colombiana,29.6967803,-95.4877275,restaurant
Bissonnet Medical Clinic,29.6965832,-95.488106,clinic
La Sultana Panaderia y Pupuseria,29.6971344,-95.487726,restaurant
The Afghan Village Resturant,29.7131603,-95.4942729,restaurant
Buffet de Pupusas,29.7130995,-95.4941805,restaurant
Chatt 'N Paan,29.7139046,-95.4952424,restaurant
Momo House,29.7140008,-95.4951164,restaurant
Taqueria El Palomo,29.7444461,-95.3862311,fast_food
168 Szechuan,29.6665904,-95.4628279,restaurant
None,29.8170058,-95.4292813,clinic
Dimassi's Mediterranean Buffet,29.5431111,-95.1388707,restaurant
Super K Food Store,29.7716656,-95.4237917,convenience
Shipley Do-Nuts,29.771584,-95.4239024,fast_food
Maderas - Kitchen & Cantina,29.7449845,-95.3823374,restaurant
CAVA,29.7703263,-95.4012809,restaurant
Pepperoni's,29.7452839,-95.391735,fast_food
Lucid Service and Delivery Center Houston,29.9788811,-95.4210679,car_dealership
Doctors Clinic Houston,29.9794262,-95.4233757,clinic
Pristine Dental,29.9793658,-95.4232523,dentist
Total Care Pharmacy,29.9793652,-95.4231294,pharmacy
Mala Sichuan Bistro,29.7830635,-95.4083148,restaurant
Dave's Express,30.0990001,-95.5389577,convenience
Fat Tuesday,30.0991006,-95.5390919,beverages
7-Eleven,30.0986497,-95.5404057,convenience
Leslie's Sports Bar,30.0985576,-95.538297,bar
Burrito District,30.0981444,-95.5385998,fast_food
Classy Cork Wine Room,30.0981996,-95.5385218,bar
Time Saver Gas & Grocery,29.6224948,-95.2202357,convenience
Chicken 'n Grill,29.6224978,-95.2200935,fast_food
Aiko,29.7679696,-95.3775437,restaurant
Taco Muy Bien,29.8799439,-95.719896,fast_food
Today's Vision,29.7573168,-95.3651116,optician
Domino's,29.7572329,-95.3650506,fast_food
Big Deal Furniture,29.6502485,-95.4644433,furniture_shop
Kale Me Crazy,29.8015295,-95.4105406,fast_food
Teapresso Bar,29.8015295,-95.4108001,cafe
Heights Eye Care,29.8015198,-95.4108564,optician
Kim's Tea House,29.7604096,-95.7505189,cafe
Lost Lake Visitor Center,29.7609919,-95.4020602,tourist_info
Acacia Food Mart,29.6501737,-95.5653613,supermarket
Wingstop,29.6720698,-95.4604869,fast_food
Metro by T-Mobile,29.6624622,-95.4647868,mobile_phone_shop
H.S. Green,29.7327131,-95.463989,restaurant
The UPS Store,29.7327061,-95.463812,post_office
Mister Car Wash,29.7374315,-95.4788323,car_wash
James C. Myers Flagpoles,29.6475396,-95.4732646,memorial
Redbox,29.6745318,-95.4952503,vending_any
Periodic Table,29.7222544,-95.3901149,fast_food
La Sierra,29.6575683,-95.463235,nightclub
Walgreens,29.8035681,-95.3998906,pharmacy
Burger King,29.8636197,-95.47394,fast_food
Laredo Taco Company,29.8497411,-95.5626478,fast_food
Amigo,29.8507777,-95.5626582,convenience
7-Eleven,29.9259131,-95.5244334,convenience
Laredo Taco Company,29.9257533,-95.5245513,fast_food
Cypress Creek Park Northern Playground,29.9916546,-95.5518577,playground
"Sam M. Sukkar, MD",29.5842248,-95.154289,doctors
Cafe Hababi,29.7070429,-95.5054669,restaurant
Reyes Barbershop,29.7981751,-95.7186396,hairdresser
휴스턴한인학교,29.8040131,-95.5070596,school
Mendocino Farms,29.7161035,-95.4152848,fast_food
HopDoddy,29.7162069,-95.4152792,restaurant
Sterling McCall Honda,30.0409239,-95.2560615,car_dealership
Panda Express,29.98548,-95.3325585,fast_food
Piola,29.751459,-95.4996573,restaurant
La Michoacana Meat Market,29.9995813,-95.1942761,supermarket
Press Waffle Co.,30.1441918,-95.5519704,cafe
Chubbies,29.7831635,-95.3980328,clothes
Postino,29.783077,-95.3985745,restaurant
Americas Inn & Suites IAH North,30.0045998,-95.2565209,hotel
Russian General Store,29.6766018,-95.4930903,general
My Flaming Heart,29.7386944,-95.3796059,clothes
The Fashion Time Machine,29.738736,-95.3795729,clothes
Spicy Girl,29.7389279,-95.3801327,restaurant
Winner's Corner,29.7378331,-95.3791578,convenience
Computer & Cellular Sales & Repairs,29.7378973,-95.3793029,computer_shop
Cooper Park,30.0263446,-95.2226615,park
Turkish Consulate,29.7396387,-95.4683783,embassy
Coastline Pizzeria,29.7736098,-95.3722215,restaurant
Cafe Brussels,29.7735633,-95.3722189,restaurant
Woodchase Park,29.7205781,-95.5446534,tourist_info
Timewise,29.7815227,-95.8009697,car_wash
AT&T,29.813918,-95.4611126,mobile_phone_shop
Aspen Dental,29.8084115,-95.4553875,dentist
Artista Dental,29.8132361,-95.4605772,dentist
Darlene's Flowers & Gifts,29.8135165,-95.4605774,florist
Tamales Dona Tere,29.8696685,-95.3856348,restaurant
Donna Jewelry,29.7733454,-95.558041,jeweller
Taco Bell,29.8112502,-95.3997847,fast_food
Blossom Hotel Houston,29.6994595,-95.3993868,hotel
CVS Pharmacy,30.0143196,-95.7678809,pharmacy
Halal Fried Chicken,29.5658817,-95.1453412,restaurant
Pediatrix Primary + Urgent,29.8085778,-95.4551831,clinic
E-Star Asian Buffet,29.8098599,-95.4569007,restaurant
Frost Bank,29.8100212,-95.4571031,bank
Raising Cane's,29.9819591,-95.4253608,fast_food
Ody,29.7041635,-95.6700772,kindergarten
DriveTown,29.6414824,-95.2447106,car_dealership
Spec's,29.6337768,-95.2371752,beverages
Enterprise,29.6340356,-95.2373549,car_rental
Big Star Honda,29.6323943,-95.2352199,car_dealership
Cabo,29.5586625,-95.0337863,bar
Rosewater,29.5844009,-95.1471084,bar
Village Pizza & Seafood,29.5843542,-95.1471755,restaurant
Feline Medical Center,29.5842936,-95.1472586,veterinary
World Famous Daquiris & Margaritas To Go,29.5827378,-95.1537415,bar
Jack in the Box,29.676597,-95.266065,fast_food
Laredo Taco Company,29.6766722,-95.2675382,fast_food
Redbox,29.676529,-95.2675114,vending_any
KFC,30.0706718,-95.4477205,fast_food
Long John Silver's,30.0706693,-95.4477617,fast_food
Big City Wings,30.077542,-95.5151832,fast_food
ODY USA,29.7927892,-95.7388563,alpine_hut
Laredo Taco Company,29.8297884,-95.3555029,fast_food
Tony's,29.8064293,-95.4288419,restaurant
Athas Florist,29.8061779,-95.4288419,florist
MOD Pizza,29.6041464,-95.1271329,fast_food
TJ Maxx,29.6043749,-95.1273367,department_store
Ross,29.6046641,-95.1275513,department_store
Famous Footwear,29.6048833,-95.127723,shoe_shop
Akashi,29.6059794,-95.1236406,restaurant
Bank of America,29.5916924,-95.1398144,bank
Pizza Hut,29.5918556,-95.1399109,restaurant
Space City Liquor,29.5924294,-95.140619,beverages
Waffle House,29.6528127,-95.2494927,restaurant
DQ Grill & Chill,29.6525469,-95.2499755,fast_food
Arandas Bakery,29.651484,-95.2498065,bakery
Enterprise,29.6511973,-95.2494229,car_rental
The Crawfish Pot & Oyster Bar,29.6515237,-95.2515419,restaurant
Le Jardinier,29.7265498,-95.3900365,restaurant
Cafe Leonelli,29.7263099,-95.3899138,cafe
La Rivière,29.7265347,-95.3901914,artwork
None,29.5910379,-94.9934177,shelter
None,29.5909143,-94.9934096,shelter
None,29.5914062,-94.9929684,shelter
None,29.591398,-94.9926941,shelter
None,29.5916219,-94.992499,shelter
None,29.5917939,-94.9926432,shelter
None,29.5918849,-94.9922663,shelter
None,29.5919373,-94.9928229,shelter
None,29.5921397,-94.9923669,shelter
None,29.5923012,-94.991921,shelter
None,29.5916441,-94.9927592,shelter
None,29.5922155,-94.9932856,shelter
None,29.5921677,-94.9930529,shelter
None,29.5923922,-94.9926003,shelter
Subway,29.5900095,-95.0277605,fast_food
The Pelican's Nest,29.5617602,-95.021012,guesthouse
Merlion,29.5605087,-95.0214811,restaurant
Texas Bay Credit Union,29.6213946,-95.204991,bank
Burger King,29.6127932,-95.2230064,fast_food
The UPS Store,29.6131772,-95.219066,post_office
AT&T,29.613155,-95.2191344,mobile_phone_shop
Subway,29.6137939,-95.2196722,fast_food
Cicis,29.6137683,-95.2197701,restaurant
Marina Seafood Kitchen,29.6139817,-95.219754,restaurant
China King,29.6143781,-95.2199377,restaurant
Taco Bell,29.781799,-95.8033535,fast_food
Papa John's,29.5547788,-95.1193736,fast_food
Supercuts,29.5548512,-95.1184804,hairdresser
CANA Tea & Coffee,29.5548605,-95.1186709,cafe
Fajita Pete's,29.5548535,-95.1183812,restaurant
Gatti's Pizza,29.5561968,-95.1205015,restaurant
Noodles & Dumplings,29.5560323,-95.1218238,restaurant
Sawa,29.5562878,-95.1220558,restaurant
Starbucks,29.5991772,-95.2658584,cafe
Überrito Mexican Grill,29.9994022,-95.1713104,fast_food
AT&T,29.9992812,-95.1713212,mobile_phone_shop
MOD Pizza,29.998908,-95.1722018,fast_food
Famous Footwear,30.000597,-95.1713663,shoe_shop
Marco's Pizza,29.6069864,-95.1245926,fast_food
Wells Fargo,29.6069118,-95.1244907,bank
Jersey Mike's Subs,29.6060618,-95.1237263,fast_food
Laredo Taco Company,30.069896,-95.4759899,fast_food
Courtyard,29.7836192,-95.6075077,hotel
Aspire Allergy & Sinus,29.5377599,-95.1499603,clinic
Banfield Pet Hospital,29.5364708,-95.1498454,veterinary
Image Studios,29.5374526,-95.1499928,beauty_shop
CoCo Fresh Tea & Juice,29.7522625,-95.3777828,cafe
FAO,29.7491052,-95.3760004,bar
Electric Feelgood,29.7491455,-95.3785467,bar
Dogwood,29.7492561,-95.3784366,bar
Redbox,29.792428,-95.1877765,vending_any
Walgreens,29.7923786,-95.187912,pharmacy
Panda Express,29.7719216,-95.1860449,fast_food
Christian's Tailgate Bar & Grill,29.7525626,-95.3763539,bar
Blue Tile Coffee,29.7682028,-95.3966542,cafe
La Sicilia,29.7442106,-95.3880975,cafe
World of Lashes,29.7442182,-95.387841,beauty_shop
Poké in the Bowl,29.7442081,-95.3881812,restaurant
Pappa Geno's,29.744205,-95.3882852,fast_food
Nu Cuts,29.7442028,-95.3883611,hairdresser
Pepe's Taqueria,29.7815717,-95.3594187,restaurant
Victor's Deli & Restaurant,29.9861169,-95.5020188,restaurant
Boost Mobile,29.9995937,-95.1949002,mobile_phone_shop
Nails & More,29.9995503,-95.1951217,beauty_shop
Underground Hall,29.7603862,-95.3615978,food_court
Figata,29.760351,-95.361675,restaurant
Bunslut,29.7603923,-95.3617094,restaurant
Luv'em Leches,29.760373,-95.3616479,restaurant
Bird Haus Hot Chicken,29.7604022,-95.3618045,restaurant
Birria Los Primos,29.7603787,-95.361766,restaurant
Wokker Underground,29.7603581,-95.3617267,restaurant
IYKYK,29.760421,-95.3616686,nightclub
Champion Landscape Supplies & Automower,29.7522145,-95.6433708,garden_centre
Vince's Bridge,29.7193351,-95.220145,memorial
The Monk's Kitchen,29.771621,-95.3967694,restaurant
Long Coffee,29.7035385,-95.5686011,cafe
Tony Thai Restaurant,29.702649,-95.5693968,restaurant
Kravin Fruit Bar,29.7030037,-95.5697049,cafe
Phở 54,29.7031491,-95.5697013,restaurant
Six Ping,29.7033747,-95.5696921,bakery
Phở Bình,29.7034734,-95.5702876,restaurant
Hangout Fruit Juices & Bites,29.7026243,-95.5691578,cafe
Nem Houston,29.7026743,-95.5690552,restaurant
My Baguettes,29.7026718,-95.5687121,restaurant
Teaholic,29.7026668,-95.5685952,cafe
Bambu,29.702661,-95.5684706,cafe
Ramen Okidoki & Lims Chicken,29.7028783,-95.5681524,restaurant
Kim Sơn,29.7030951,-95.5681432,restaurant
Mango Mango,29.7032536,-95.5681557,restaurant
Zero Degrees,29.7035207,-95.5681235,fast_food
Shoeshine Charlie's Big Top Lounge,29.7383182,-95.3798992,bar
Kaboom Books,29.7869181,-95.372034,bookshop
Swift,29.8136577,-95.4585742,convenience
Freshwash Washateria,29.8138713,-95.458581,laundry
Magnum Corner Store,29.8142525,-95.4587419,convenience
Star Grill & More,29.5941702,-95.1802015,restaurant
Señor Taco,29.8136816,-95.4584896,fast_food
Top Donuts,30.0756177,-95.5156119,fast_food
Jacqui Cleaners,30.0757515,-95.515612,laundry
DISC Spine Center,30.0767953,-95.5167552,doctors
BLVD Dentistry and Orthodontics,30.0767945,-95.5172145,dentist
MT Nails Spa & Facial Salon,29.7706964,-95.4110708,beauty_shop
Bell Cleaners,29.7706941,-95.411276,laundry
Subway,29.7706931,-95.4113571,fast_food
Le Blanc Salon & Spa,29.7709525,-95.4101088,beauty_shop
Soma Sushi,29.7707787,-95.4101095,restaurant
Zalat Pizza,29.7710235,-95.4098841,restaurant
Bayou Heights Biergarten,29.7692445,-95.3998297,bar
Montrose Advanced Dentistry,29.7419245,-95.3905588,dentist
Pizza Love,29.7420679,-95.3905746,restaurant
Nails by TM,29.7419053,-95.3907379,beauty_shop
Main Bird Hot Chicken,29.7421284,-95.3905749,fast_food
Lao Sze Chuan,29.7419044,-95.3909165,restaurant
USPS CIVIC CENTER — Post Office™,29.7611369,-95.3675393,post_office
PAUSE sign,29.7605964,-95.3766033,artwork
James A Baker III,29.7640677,-95.3651931,artwork
Rakkan Ramen,29.7374599,-95.5613926,restaurant
Village Medical Primary Care,29.7816519,-95.3601661,doctors
MOD Pizza,29.7856722,-95.5359765,fast_food
Chuy's,29.7855216,-95.5366432,restaurant
Summit Donuts,29.795294,-95.4856226,fast_food
Blaze Pizza,29.5377637,-95.1498188,restaurant
Starbucks,29.5374128,-95.1522573,cafe
"Mark A. Schusterman, MD, FACS",29.7379436,-95.4275232,clinic
Sport Clips,29.8024881,-95.405393,hairdresser
The Corner Vet,29.8024893,-95.4052424,veterinary
TDECU,29.8024915,-95.4049468,bank
Legacy,29.8922789,-95.7192665,artwork
Dick's Sporting Goods,29.6878691,-95.4617199,sports_shop
H Mart,29.7063997,-95.553997,supermarket
Little Caesars,29.8808762,-95.6860325,fast_food
Taxco Sterling,29.9852222,-95.3322738,gift_shop
Starbucks,29.985671,-95.3383507,cafe
James Avery Artisan Jewelry,29.9856349,-95.33856,jeweller
Kura Sushi,29.7396837,-95.3788841,fast_food
Delton Hayes Jewelers,29.9977802,-95.1765602,jeweller
Mini Pancakes Refresqueria,29.9223152,-95.4139588,restaurant
TA's Cargo Club,29.8213485,-95.4588964,nightclub
Arby's,29.7984947,-95.2691459,fast_food
WSS,29.6877538,-95.5327333,shoe_shop
Marshalls,29.6884215,-95.5336533,department_store
Ross,29.6888407,-95.5342053,department_store
Shoe Carnival,29.6893019,-95.5348002,shoe_shop
Cricket Wireless,29.666726,-95.4628169,mobile_phone_shop
The Clinic for Plastic Surgery,29.5844479,-95.1538805,doctors
PS Med Spa,29.5840632,-95.1531828,hospital
Memorial Hermann Urgent Care,29.8127905,-95.3949708,clinic
CVS Pharmacy,29.6927009,-95.5109393,pharmacy
Walgreens,29.7534378,-95.7233972,pharmacy
Great Clips,29.7527656,-95.7237675,hairdresser
The Pho Vietnamese Kitchen,29.9271781,-95.2032431,restaurant
DriveTime,29.9036535,-95.4135712,car_dealership
Marshalls,29.911657,-95.4155407,department_store
International Leadership of Texas Windmill Lakes-Orem High School,29.6250678,-95.2393009,school
"International Leadership of Texas, Orem K-8",29.6268391,-95.3342279,school
Hủ Tíu Mì S.45,29.5856279,-95.2108698,restaurant
Subway,29.7496595,-95.3778763,fast_food
Midtown Food Store,29.7497215,-95.3778265,convenience
Midtown Cleaners,29.7497892,-95.377775,laundry
Shot Bar,29.749571,-95.3778934,bar
Hải Cảng,29.704939,-95.585817,restaurant
Mia & More,29.7048507,-95.584132,fast_food
Hertz,29.7500776,-95.3749377,car_rental
Dior,29.9877997,-95.334158,clothes
Minute Suites,29.987647,-95.3428206,hotel
7-Eleven,29.8876054,-95.0626234,convenience
Bank of America,29.8052146,-95.3994181,bank
Midtown Market,29.7523871,-95.3778448,convenience
Kendra's Cook'n,29.7524657,-95.3779704,restaurant
Minuti Coffee,29.752515,-95.3781153,cafe
The Fish,29.7523902,-95.3772061,restaurant
Zalat Pizza,29.7507561,-95.3755006,restaurant
Gyu-Kaku,29.7506279,-95.3753083,restaurant
The Baker's Man,29.738761,-95.3795866,bakery
Brighton Jones,29.7426202,-95.5604977,supermarket
West Houston Psychology,29.7771423,-95.7755112,clinic
Smile Avenue Family Dentistry of Cypress,29.9168715,-95.7273624,dentist
The Hot Bagel Shop,29.7472741,-95.4103502,cafe
Bliss Day Spa,29.7684007,-95.4098085,beauty_shop
Bristles Family Dentistry,29.7685137,-95.4098241,dentist
Don Cafe,29.7053185,-95.5476827,cafe
7 Spice Cajun Seafood,29.9369075,-95.2490415,restaurant
Dumpling King,29.7371897,-95.499827,restaurant
Tea Bear,30.0125054,-95.7255114,beverages
PrimoHoagies,29.7697345,-95.4012695,restaurant
"Scottish Inns & Suites Gulf Fwy, Houston, TX",29.5970495,-95.1979704,motel
Reserve Supply Company,29.7680018,-95.3807894,clothes
Check Fuel,29.9026364,-95.3556017,convenience
Circle M,29.9027541,-95.3546177,convenience
Subway,29.9008975,-95.355638,fast_food
Papa John's,29.9008209,-95.3556416,fast_food
Baratos Super Market,29.9007592,-95.3556324,convenience
Cricket Wireless,29.9006589,-95.3556293,mobile_phone_shop
Metro by T-Mobile,29.9005971,-95.3556255,mobile_phone_shop
Tortilleria La Familia,29.9006994,-95.3556393,fast_food
Gulf Bank Grocery,29.8891671,-95.3843456,convenience
European Wax Center,29.776411,-95.3825862,beauty_shop
Roostar Vietnamese Grill,29.7956679,-95.5452409,restaurant
"Basu Aesthetics + Plastic Surgery: C. Bob Basu, MD",29.7499087,-95.4626267,clinic
Walgreens,30.0221767,-95.386,pharmacy
Domino's,30.0137768,-95.3773232,fast_food
Shipley Do-Nuts,30.019853,-95.4295867,fast_food
Cicis,30.020295,-95.4302591,restaurant
Slowpokes,29.733355,-95.4226478,cafe
Cricket Wireless,29.8899159,-95.394523,mobile_phone_shop
KRM Food Mart,29.875785,-95.3871188,convenience
Airline Food Mart,29.9030626,-95.4001607,convenience
Fuel Depot,29.8499406,-95.2230495,convenience
Don Juan Pupuseria y Restaurante,29.8499496,-95.2228755,fast_food
Checkpoint,29.8489161,-95.2238199,convenience
Fuel Depot,29.8817787,-95.4488756,convenience
Walgreens,29.9210046,-95.4945631,pharmacy
Wayne's Food Market,29.8772838,-95.443022,convenience
Hooters,29.9571901,-95.5449632,restaurant
Murphy Express,29.9162206,-95.4869212,convenience
Champion Super Cleaners,29.9193361,-95.4938611,laundry
Cricket Wireless,29.6885283,-95.5084314,mobile_phone_shop
USAA,29.7258795,-95.428253,atm
European Wax Center,29.7268535,-95.4298844,beauty_shop
Walgreens,29.7258819,-95.4284479,pharmacy
Lovett Dental,29.7264264,-95.4282687,dentist
Coco Nail Spa,29.7264862,-95.428269,beauty_shop
Shiva Indian Restaurant,29.7265671,-95.4282694,restaurant
Starbucks,29.7274521,-95.4308073,cafe
Capital One,29.7030534,-95.4755614,atm
Capital One,29.7031123,-95.475567,atm
Face Foundrié,29.7268401,-95.4300318,beauty_shop
Vision Optique,29.7268846,-95.4295419,optician
Primp & Blow,29.7268398,-95.4291785,hairdresser
Capital One,29.7032413,-95.4757849,atm
Bissonnet Dental,29.7034591,-95.475295,dentist
Solutions Pest & Lawn,29.703554,-95.4750754,garden_centre
Shoe Gasm,29.869347,-95.4086742,shoe_shop
Western Inn,29.8133274,-95.3791975,motel
Sunbeam Bread Bakery Outlet,29.7689293,-95.3889501,bakery
First Convenience Bank,29.831459,-95.4851548,bank
Bombay Palace,29.770459,-95.7499755,restaurant
Uptown Hair,29.7705335,-95.7500791,hairdresser
Uptown Barber Zone,29.7706173,-95.7501256,hairdresser
Koldprezz,29.7706685,-95.750131,fast_food
Tracy Nails & Spa,29.7707818,-95.7501756,beauty_shop
D'Luz Beauty Spa,29.7708454,-95.7508956,beauty_shop
La Real Tortilleria,29.7708485,-95.7512046,fast_food
Henke & Pillot,29.7631541,-95.3619351,nightclub
Midtown Dental,29.747581,-95.3770378,dentist
Eliana's,29.7451492,-95.4597999,beauty_shop
Clearstone Laser Hair Removal & Medspa,29.7451492,-95.4598755,beauty_shop
Ducky McShweeney's,29.7451366,-95.4600718,bar
Home Run Dugout,29.7889282,-95.768389,restaurant
Shadowbriar Elementary School,29.7378958,-95.598867,school
Frost Bank,29.6917614,-95.4171498,bank
Capital One,29.6924892,-95.4189679,atm
Target Optical,29.6926755,-95.4187553,optician
CVS Pharmacy,29.6932951,-95.4188268,pharmacy
Space Cowboy,29.8042351,-95.3744329,bar
Wells Fargo,29.8040637,-95.4011951,atm
Sacred Oak Medical Center,29.6241206,-95.1426119,hospital
Oceans Behavioral Hospital Of Pasadena,29.6508561,-95.1700085,hospital
Medical Behavioral Hospital Of Clear Lake,29.5548362,-95.116592,hospital
Oceans Behavioral Hospital Of Katy,29.7779641,-95.7485405,hospital
River Oaks Hospitals And Clinics,29.731067,-95.4450385,hospital
Lone Star Behavioral Health Cypress,30.0242799,-95.6627709,hospital
PAM Rehabilitation Hospital Of Clear Lake,29.5432769,-95.1200486,hospital
PAM Rehabilitation Hospital Of Clear Lake - North Campus,29.5477444,-95.11751,hospital
New Horizon Hospital,30.026944,-95.449853,hospital
Saint Luke's Health - Springwoods Village Hospital,30.0906083,-95.4489376,hospital
Memorial Hermann Rehabilitation Hospital Katy,29.7757655,-95.7457993,hospital
First Surgical Hospital,29.7099774,-95.4626713,hospital
Altus Houston Hospital - Celestial Hospital - Odyssey Hospital,29.7114513,-95.5561649,hospital
Tic Tac Thai,30.0709796,-95.4707356,restaurant
Quik Food Store,29.7692086,-95.3009047,convenience
Little Caesars,29.7768372,-95.3078696,fast_food
Target Optical,30.0196538,-95.2683757,optician
Coca-Cola,29.7514064,-95.3586196,vending_any
CVS Pharmacy,29.7516551,-95.3584227,vending_any
Coca-Cola,29.7520439,-95.3581147,vending_any
Coca-Cola,29.7512432,-95.3587489,vending_any
Starbucks,29.7508067,-95.3586479,cafe
Klein Weekday Ministries for Children,30.0750815,-95.5103408,kindergarten
Pappadeaux Seafood Kitchen,29.7505489,-95.3592042,restaurant
Saltgrass Steak House,29.7536618,-95.3570282,restaurant
Consulate General of the Republic of Poland,29.7348732,-95.4629519,embassy
Korveyy Cosmetics,29.8133052,-95.4605772,beauty_shop
Banh Mi N More,29.8132676,-95.4605772,restaurant
My Body Snatcher,29.8138703,-95.4609444,clothes
Wingstop,29.8191066,-95.4654715,fast_food
Studio 34 Barber Shop,29.8191066,-95.465417,hairdresser
Little Caesars,29.8191065,-95.4652535,fast_food
Origin Bank,29.819109,-95.4662238,bank
Harris County Law Library,29.762045,-95.3600889,library
Target Optical,29.7741996,-95.3850582,optician
Redbox,29.8199102,-95.4600336,vending_any
Metro by T-Mobile,29.7377813,-95.5223637,mobile_phone_shop
Qilu Beef Soup,29.7058121,-95.5472455,restaurant
Liberty Taco,29.7787494,-95.5463955,fast_food
Zalat Pizza,29.778738,-95.545962,restaurant
Three Brothers Bakery,29.7787179,-95.5474145,bakery
Neumed,29.795136,-95.4845526,clinic
Bright Cleaners,29.7952637,-95.48537,laundry
Medical Square Pharmacy & Clinic,29.795152,-95.485354,clinic
Shea Eliz Salon,29.7708588,-95.6039987,hairdresser
Kary King,29.7707599,-95.6039968,clothes
CS Mini Salon Suites,29.7707875,-95.6039974,beauty_shop
A La Mode Bridal,29.7709086,-95.6039997,clothes
Kindred Stories,29.7339373,-95.3662069,bookshop
Gulf Coast Cosmos Comicbook Co,29.7338899,-95.3661312,bookshop
Houston Grand Prix,29.9192512,-95.3072076,theme_park
PV Rentals,29.9584304,-95.3599606,car_rental
Presidente,29.7882537,-95.3599851,beverages
Cricket Wireless,29.7842855,-95.361428,mobile_phone_shop
T-Mobile,29.7841459,-95.3614101,mobile_phone_shop
AT&T,29.7841795,-95.3613916,mobile_phone_shop
Abasolo #2 Restaurant,29.7761058,-95.3609277,restaurant
Eye Theory,29.739327,-95.3792247,optician
Martin Luther King Jr.,29.7213221,-95.3883222,memorial
Mahatma Gandhi,29.7211491,-95.3883544,memorial
BARC,29.7915289,-95.3438628,veterinary
Global Chaos,29.908726,-95.631215,pharmacy
Pizza Hut,29.8746132,-95.7892334,restaurant
Foodarama,29.8682858,-95.4721302,supermarket
Swift,29.8702023,-95.43027,convenience
Cricket Wireless,29.8702209,-95.4304987,mobile_phone_shop
Brident,29.8666707,-95.472332,dentist
Domino's,29.866449,-95.4723427,fast_food
Enterprise,29.839242,-95.4883261,car_rental
Crazy Boss,29.831625,-95.4836813,clothes
Adonia Dentistry,29.8036628,-95.3883222,dentist
Snap Groceries,29.8042543,-95.3754477,convenience
Washateria,29.8042248,-95.3753226,laundry
CVS Pharmacy,29.9973868,-95.4244295,pharmacy
Wells Fargo,29.9530581,-95.419028,bank
Happy Family Chinese Buffet,30.0210846,-95.3781253,restaurant
Boost Mobile,30.0211474,-95.3796603,mobile_phone_shop
Wells Fargo,29.8346214,-95.4838662,bank
CVS Pharmacy,29.7670505,-95.5505829,chemist
Henna Beauty Spot Salon & Spa,29.919087,-95.6096198,beauty_shop
Primespot,30.0344154,-95.3822216,convenience
Aura Spa,30.0346153,-95.3822568,beauty_shop
Cricket Wireless,29.832979,-95.3831832,mobile_phone_shop
Tia Maria's,29.8070386,-95.4576941,restaurant
Hair by Tina,29.821136,-95.458886,hairdresser
7-Eleven,29.802677,-95.4758606,convenience
Laredo Taco Company,29.802666,-95.4757755,fast_food
1810 Ojeman,29.8035673,-95.5021119,bar
Airline Medical Clinic,29.8461363,-95.4026599,clinic
Adorned,29.5734367,-95.0588765,hairdresser
Nu Look Nail Bar,30.073648,-95.517226,beauty_shop
Big Tyme Billiards,30.0541116,-95.4349567,bar
AT&T,30.0825464,-95.4485902,mobile_phone_shop
Vie Nails SPA,30.0825469,-95.4485138,beauty_shop
Sport Clips,30.0825469,-95.448445,hairdresser
Domino's,30.0825469,-95.4483711,fast_food
KSF Orthodontic,30.0825491,-95.4482768,dentist
Dunkin',30.0825566,-95.4478195,fast_food
Red Wing,30.0825544,-95.4479821,shoe_shop
Seenty Dental,30.0825544,-95.4479046,dentist
Charm Thai Bistro,30.0825518,-95.4481354,restaurant
The Brass Monkey Bar & Grill,29.8159225,-95.4581311,restaurant
Abu Omar Halal,29.7600821,-95.3622068,restaurant
Little New Orleans,29.7601535,-95.3621461,restaurant
Lone Star Taco,29.7600179,-95.3622477,fast_food
Moxy Houston Downtown,29.7611344,-95.361804,hotel
Face Forward Houston,29.8119607,-95.4361772,doctors
Taco Bell,29.8786799,-95.6798465,fast_food
Dry Clean Super Center,29.8800293,-95.6814966,laundry
"Basu Aesthetics + Plastic Surgery: C. Bob Basu, MD",29.9226739,-95.6907492,doctors
Jackson's Barber Shop,29.8179971,-95.3933232,hairdresser
StayApt Suites,29.5449408,-95.1313345,hotel
Balenciaga,29.7390459,-95.4623378,clothes
Select,29.7426715,-95.401137,clothes
Poison Girl,29.7426736,-95.4010996,bar
Verizon,30.0736374,-95.5121152,mobile_phone_shop
Shogun Japanese Grill & Sushi,30.0733531,-95.5121152,restaurant
Kolache Factory,30.0736355,-95.5118164,restaurant
Allure Dental,30.0736368,-95.5118671,dentist
Sport Clips,30.0736381,-95.51192,hairdresser
T-Mobile,30.0736491,-95.5109483,mobile_phone_shop
Palm Beach Tan,30.0736453,-95.5108483,beauty_shop
Nadia's Mediterranean Grill,30.0736444,-95.5106292,restaurant
Tropical Smoothie Cafe,30.0736463,-95.5106893,fast_food
Smile Squad,29.9024535,-95.4658028,dentist
Laundry 4 U,29.903081,-95.4663656,laundry
Cricket Wireless,29.8982372,-95.4533704,mobile_phone_shop
RoadTrac,29.8982271,-95.4531809,convenience
Lovely Bridal Shop,29.7425018,-95.4019461,clothes
Aldine Express,29.9028579,-95.331818,convenience
Ma's Liquor,29.9033389,-95.3319599,beverages
Las Carnitas Ceibeñas,29.9033435,-95.3321557,restaurant
CVS Pharmacy,29.9032375,-95.3330435,pharmacy
Washateria,29.9300036,-95.3035327,laundry
Daniel Liquor,29.9298657,-95.3035416,beverages
Waffle Bus,29.738885,-95.399097,restaurant
Lúa Viet Kitchen,29.7388879,-95.3987664,restaurant
Wendy's,29.7974776,-95.3699551,fast_food
Chipotle,29.876925,-95.6458242,fast_food
Jersey Mike's Subs,29.8769639,-95.645927,fast_food
Visionworks,29.8769693,-95.646036,optician
Carter's,29.8753961,-95.6466833,clothes
OshKosh B'gosh,29.8753949,-95.6468305,clothes
Clinica Hispana Rubymed - Katy,29.7904849,-95.8116827,hospital
Walgreens,29.8065189,-94.9813104,pharmacy
The UPS Store,30.0476945,-95.4763964,post_office
Mama Juanita's,30.0479396,-95.4759642,restaurant
Sandy Barber Shop,30.0480234,-95.4758269,hairdresser
Hunam Garden,30.0481331,-95.475613,restaurant
MBS Kids Early Learning Academy,29.7966883,-95.7034404,dentist
Star Stop,29.9809561,-95.1645773,convenience
McDonald's,29.9811055,-95.1647525,fast_food
Taco Bell,29.7872316,-95.6879589,fast_food
Race One,29.7893141,-95.6877945,convenience
The Wooden Spoon Kitchen and Bakery,29.6515559,-95.0181526,restaurant
Alco Liquor,29.8108839,-95.6879356,beverages
Tony Nails & Hair,29.8109351,-95.6879257,beauty_shop
HT Billiard & Bar,29.8114406,-95.6878276,bar
Beauty by Nien,29.8116998,-95.6877786,beauty_shop
Fuel Zone,30.0638576,-95.4468794,convenience
Waffle House,30.044531,-95.481956,restaurant
Circle K,30.0516462,-95.4665673,convenience
Salata,30.0661118,-95.4379349,restaurant
7-Eleven,30.063585,-95.4394028,convenience
Dickey's Barbecue Pit,30.0650701,-95.4403479,restaurant
Louetta Food Mart,30.0483718,-95.4732385,convenience
7-Eleven,30.0627098,-95.4472403,convenience
Pizza Hut Express,29.7346916,-95.5173765,fast_food
Walgreens,29.8495473,-95.6465868,pharmacy
Texas Mesquite Grill,29.9801904,-95.7172251,restaurant
Marco's Pizza,29.9800665,-95.7160424,fast_food
Twinkle Nail Bar,29.9799535,-95.7160317,beauty_shop
Mo's Irish Pub,29.9796981,-95.7161085,pub
Mint Body Med Spa,29.9805604,-95.7173197,beauty_shop
Barcode,29.7479137,-95.3902833,bar
Mornings Kolaches,29.5724468,-95.108209,bakery
Rich's Car Wash,29.5742912,-95.1126086,car_wash
Albi,29.7527118,-95.4061913,restaurant
White House Black Market,29.7526337,-95.4067459,clothes
Walgreens,29.7471554,-95.3783682,pharmacy
Preamble Craft Cocktail Lounge,29.5269688,-95.1260562,bar
Noon Mirch,29.5411494,-95.1142566,restaurant
Checkers,29.5433726,-95.1116181,fast_food
Dude Stop,29.5434565,-95.1114577,convenience
Pho Barr,29.5454467,-95.1093781,restaurant
Martinez Mexican Bakery,29.5482979,-95.1076338,bakery
Bright Washateria,29.5483112,-95.1074701,laundry
Raising Cane's,29.5749529,-95.1086883,fast_food
Chase,29.5753088,-95.1084092,bank
The Cookshack,29.5483663,-95.1299522,restaurant
Remton,29.5488481,-95.1303995,restaurant
Thai Spice Rice & Noodle,29.5479101,-95.130839,restaurant
Bonchon Chicken,29.5477489,-95.1310737,restaurant
Kung Fu Tea,29.5474597,-95.1314859,cafe
Firehouse Subs,29.5474089,-95.131563,fast_food
Chipotle,29.5476277,-95.1312542,fast_food
Tune Up,29.547564,-95.1313334,hairdresser
Stomp's Burger Joint,29.5478314,-95.1309683,restaurant
"Car Spa Car Wash, Detail, & Oil Change",29.5481656,-95.1306241,car_wash
Pizza Hut,29.5480678,-95.1288155,restaurant
Cafe Dew,29.5480327,-95.1288813,cafe
Chloe's Cajun Market,29.5479387,-95.1290072,restaurant
1/2 Price Boxes,29.5478985,-95.1290632,doityourself
Enterprise,29.5478181,-95.1291969,car_rental
Samurai,29.5476667,-95.1294152,restaurant
Go Shabu,29.5571384,-95.121377,restaurant
Taqueria Los Charros (Food Truck),29.5542322,-95.1215913,fast_food
Post Oak Pavilion,30.0336154,-95.3926026,shelter
CVS Pharmacy,29.8671215,-95.6460661,pharmacy
Palmer Dental Group of Houston,29.683684,-95.4395212,dentist
Mariachi Auto Sales,29.8335511,-95.3853793,car_dealership
Blen's Time Fine Jewelry & Luxury Watches,29.7075642,-95.5141081,jeweller
Cheba Hut,29.8085617,-95.4555579,fast_food
Milano Nail Spa,29.8084989,-95.4554867,beauty_shop
Geometric,29.966379,-95.42389,sports_shop
Geometric,29.8236862,-95.4719682,sports_shop
2920 Food Mart,30.0663717,-95.8584849,convenience
Arby's,30.0644495,-95.9057012,fast_food
CVS Pharmacy,29.8406137,-95.4725554,pharmacy
Sunmart,29.9384674,-95.4330033,convenience
Banfield Pet Hospital,29.9578509,-95.5479331,veterinary
Spring Family Clinic,30.0732205,-95.5195311,doctors
Heights Plastic Surgery,29.8132533,-95.4459468,doctors
24 Seven,29.8127162,-95.6861157,convenience
Wendy's,29.8129101,-95.6861485,fast_food
Cinco,29.8127433,-95.685459,bar
Village Medical,29.8317962,-95.6854028,clinic
Express 9,29.8354152,-95.6512389,convenience
Super Clean Washateria,29.8354107,-95.6516912,laundry
Roxi's Beauty Salon,29.8354125,-95.6515049,beauty_shop
Petatlan Taqueria & Ice Cream,29.8354142,-95.6513428,restaurant
Viva Goa Cuisine,29.8679419,-95.4143843,fast_food
Boudreaux's Cajun Kitchen,29.9570923,-95.5448449,restaurant
Kim Liquor,29.8100323,-95.3991909,beverages
Wild Boar Barbershop,29.8099066,-95.3992078,hairdresser
Cheba Hut,29.7712212,-95.3804229,fast_food
My Salon Suites,29.7712191,-95.3805937,beauty_shop
Save a Step,29.8362698,-95.6512883,convenience
Phenix Salon Suites,29.7503566,-95.3746828,beauty_shop
Torogoz Salvadorian Kitchen,29.8336929,-95.48554,restaurant
Collina's Italian Cafe,29.8024618,-95.406115,restaurant
Starbucks,29.7447001,-95.3806504,cafe
Chipotle,30.0058278,-95.2692918,fast_food
Walgreens,30.0515841,-95.4921612,pharmacy
DeNovo Coffee,30.0417503,-95.4886905,cafe
Village Medical,30.0746526,-95.5131052,clinic
Walgreens,30.074776,-95.5129767,pharmacy
Starbucks,30.0398607,-95.488668,cafe
BlueWave Express,30.0737487,-95.5076809,car_wash
Gas Express,29.9812166,-95.4364949,convenience
Church's Chicken,29.9497158,-95.4184246,fast_food
Clay Pot Kitchen - Cơm Niêu Houston,29.7042284,-95.6126284,restaurant
Center Court Pizza & Brew,30.011488,-95.1799967,restaurant
Edible Arrangements,30.0115683,-95.1800767,gift_shop
Sunrise Donuts & Kolaches,30.0116436,-95.1801474,cafe
Azul Agave,30.0117068,-95.1802065,restaurant
Di Maria,30.011237,-95.1798206,restaurant
Metro by T-Mobile,30.0733676,-95.5133917,mobile_phone_shop
Domino's,30.0733883,-95.5134557,fast_food
UZ Tech Computers,30.0734078,-95.5135169,computer_shop
Food Mart,30.0734425,-95.513624,convenience
El Gato Coffee House,29.7904762,-95.3767655,cafe
Metro by T-Mobile,29.869123,-95.3835341,mobile_phone_shop
Mission Dental,29.8690079,-95.3835301,dentist
James Avery,29.9805186,-95.5127311,jeweller
Uberrito,29.9788084,-95.5138525,fast_food
Domino's,29.9789118,-95.5136226,fast_food
JINYA Ramen Bar,29.9831986,-95.5076258,restaurant
Fidelity,29.9814763,-95.5108681,atm
Houston Federal Credit Union,29.9817427,-95.510396,bank
MOD Pizza,29.9814535,-95.5092518,fast_food
Hallmark,29.9805718,-95.5086569,gift_shop
The Teahouse,29.9803909,-95.5105259,cafe
Painted Tree Boutiques,29.9797282,-95.511335,market_place
TJ Maxx,29.9791322,-95.5103768,department_store
Lowe's,29.9793329,-95.5100521,doityourself
Jason's Deli,29.9799379,-95.5115105,restaurant
Tropical Smoothie Cafe,29.9798634,-95.511765,fast_food
Sport Clips,29.9798148,-95.5118738,hairdresser
Bank of America,29.9797282,-95.5120826,bank
First Watch,29.9795807,-95.5123476,restaurant
AT&T,29.9796521,-95.5122195,mobile_phone_shop
La Madeleine,29.9792858,-95.5124143,restaurant
Salon Stephan,29.7066821,-95.470566,hairdresser
Kim's Teahouse,29.8593332,-95.6458478,cafe
Mason Pharmacy,29.8785548,-95.675983,chemist
Starbucks,30.0029558,-95.5318958,cafe
Miyazaki Sushi & Ramen,30.0034138,-95.5325758,restaurant
Kumo Sushi,29.9685297,-95.5325967,restaurant
Market At Fairbanks,29.8698256,-95.5237442,convenience
Sand Oak Uniforms & Embroidery,29.7389476,-95.5224504,clothes
Your Cup Of Tea & Trésors,29.7387755,-95.5224454,cafe
Super LC Nails,29.7386902,-95.5224266,beauty_shop
Citadel BBQ,29.7566244,-95.3674383,restaurant
Zero's Sandwich Shop,29.7579705,-95.3698604,fast_food
Marco's Pizza,30.1307159,-95.5542964,fast_food
Shipley Do-Nuts,30.1305796,-95.554305,fast_food
Golden Chick,30.0726939,-95.4240191,fast_food
24 Seven,30.0727519,-95.4238596,convenience
Los Cucos Mexican Cafe,29.9336303,-95.2480695,restaurant
Tulsa Welding School & Technology Center,29.9510168,-95.413119,school
Wendy's,29.9500088,-95.4130051,fast_food
Jack in the Box,29.9501247,-95.4126044,fast_food
China One,29.9512001,-95.4084118,restaurant
Mason Imaging,29.8126408,-95.7516807,doctors
Sanitas Medical Center,29.8119753,-95.7514634,clinic
Church's Texas Chicken,29.9497851,-95.4183679,fast_food
Dripped Birria,29.7484284,-95.3783271,fast_food
Supercuts,29.7485331,-95.378557,hairdresser
Urban Dental,29.7485598,-95.3786185,dentist
Lazy Bagel,29.7486365,-95.3787424,bakery
The Dog House Tavern,29.7486616,-95.3787933,bar
On The Kirb,29.7486857,-95.3788259,pub
Tesla Houston-Houston Galleria,29.7377321,-95.4640829,car_dealership
Texas Litter Control,30.0872813,-95.6329629,veterinary
First Watch,30.0886068,-95.6333447,restaurant
Laredo Taco Company,29.8969955,-95.4582254,fast_food
Kroozin,29.9228592,-95.4993005,convenience
Baressito,29.8601862,-95.4018888,restaurant
Walgreens,30.0874552,-95.6314138,pharmacy
Coral Sword,29.7307101,-95.3273899,cafe
Sintafrik African Concept Center,29.67665,-95.5498865,clothes
CVS Pharmacy,29.7425863,-95.4218942,pharmacy
Nazars & Co Jewelry,29.7315061,-95.4589158,jeweller
Mister Car Wash,29.7864281,-95.6879539,car_wash
Laredo Taco Company,29.7859945,-95.6875709,fast_food
Clear Dermatology,29.7859432,-95.6867827,clinic
Manis Health,29.7862243,-95.6870516,clinic
CVS Pharmacy,29.9812191,-95.5691225,pharmacy
Redbox,29.9809873,-95.568887,vending_any
Chipotle,29.9116247,-95.4818591,fast_food
The Taco Bar,29.9359276,-95.5165575,fast_food
Vida,29.7418964,-95.3906713,clinic
Metro by T-Mobile,29.7873637,-95.1253821,mobile_phone_shop
Pizza Patron,29.7872897,-95.1253807,restaurant
Starbucks,29.7391079,-95.4642,cafe
Auntie Anne's,29.7391588,-95.4643402,fast_food
Sushigami,29.739244,-95.462981,restaurant
La Madeleine French Café,29.7393802,-95.4630258,restaurant
Cracker Barrel,29.9804221,-95.4236734,gift_shop
Mpact Daiquiris To Go,29.828999,-95.3951377,beverages
La Sabrosa,29.7870424,-95.125379,supermarket
DaVita Dialysis,29.7868407,-95.1253147,clinic
El Cochito,29.7864979,-95.1252968,restaurant
Wingstop,29.7787053,-95.125907,fast_food
Sheldon Nails,29.780269,-95.1254748,beauty_shop
Smile Rite Dental,29.7802661,-95.1255463,dentist
Boost Mobile,29.7796909,-95.1259233,mobile_phone_shop
Bealls,29.7794015,-95.1259189,clothes
Casa Bakery & Restaurant,29.7771486,-95.3581633,restaurant
Domino's Pizza,29.7909394,-95.2001933,fast_food
Cavendar's Boot City,29.7694794,-95.1838377,shoe_shop
Wells Fargo,29.7695064,-95.1848696,bank
McDonald's,29.768493,-95.177079,fast_food
Bombshells,29.7688422,-95.1795387,restaurant
Woodforest National Bank ATM,29.7754829,-95.1861496,bank
Ace Hardware,29.7727917,-95.1862327,doityourself
Rob's Hardware,30.030611,-95.3804514,doityourself
Pasha Snoring & Sinus Center,29.7291374,-95.5936912,doctors
EKO African Market and Kitchen,29.8354662,-95.6468897,restaurant
Taqueria El Regio,29.7712442,-95.1781297,restaurant
Tim Hortons,29.8499539,-95.5097565,cafe
Fuzzy's Taco Shop,30.0805252,-95.5195744,fast_food
Fuhgedaboudit Bagel Company,30.0804343,-95.5194806,fast_food
Pizza Hut,30.0803273,-95.5193703,restaurant
Carus Dental,30.0802583,-95.519303,dentist
Red Robin,30.0800533,-95.5190855,restaurant
T & H Spring Hair Salon,30.0782898,-95.5159814,hairdresser
JK Nails & Spa,30.0782399,-95.5159323,beauty_shop
Spring Dental Arts,30.0782004,-95.5158785,dentist
TL Dream Salon & Spa,30.078147,-95.5158159,beauty_shop
Avis,30.0777043,-95.5153573,car_rental
Wacky Mongolian Grill,30.0773432,-95.5149846,restaurant
Saifee Family Dentistry,30.077189,-95.5148161,dentist
Great Clips,30.0771138,-95.5147379,hairdresser
Memorial Eye Center,30.0760535,-95.5160207,optician
Papa John's,30.0759327,-95.5160209,fast_food
Subway,30.0758908,-95.5160209,fast_food
Pure Lash Studio,30.0760209,-95.5160209,beauty_shop
European Wax Center,30.0759843,-95.5160209,beauty_shop
Popeyes,29.7051108,-95.4811775,fast_food
Comerica Bank,29.7046071,-95.4749818,bank
MOD Pizza,29.7051242,-95.4690945,fast_food
Crumbl Cookies,29.7051269,-95.4689363,restaurant
Salata,29.7047501,-95.4683614,restaurant
Domino's,29.7066059,-95.4708293,fast_food
Frost Bank,29.7064578,-95.4606489,bank
Kroger Pharmacy,30.0757015,-95.5175154,pharmacy
Gastroenterology Diagnostic Center,30.0857649,-95.6186935,clinic
Endocrinology & Diabetes Center,30.0876249,-95.618205,doctors
T-Mobile,29.6899643,-95.5323937,mobile_phone_shop
Cicis,29.6897599,-95.5354963,restaurant
Ross,29.7912146,-95.4108001,department_store
Great Clips,29.7911805,-95.4112038,hairdresser
Revolucion Coffee + Juice,29.7902569,-95.4092664,cafe
I Know The Owner,29.7902546,-95.4091867,bar
The Teahouse,29.7053736,-95.5449389,cafe
Boost Mobile,29.7156405,-95.5381092,mobile_phone_shop
Swift,29.8966651,-95.4951724,convenience
Tacocina,29.8966446,-95.495034,fast_food
Bright Food Mart,29.9183337,-95.4955545,convenience
Walgreens,29.8942098,-95.4793237,pharmacy
Village Medical,29.8942068,-95.479616,doctors
Redbox,29.8939553,-95.4794565,vending_any
Phánh Ky Asian Noodle House,29.911923,-95.4840333,restaurant
Pho Saigon Vietnamese Noodle House,29.9118937,-95.4841346,restaurant
Kay Lash Studio,29.9118715,-95.4842313,beauty_shop
M Tea & Coffee,29.9118502,-95.4842849,cafe
Tacos El Bigotes,29.9117927,-95.4844968,restaurant
ClearWater Express Wash,29.9120391,-95.4836502,car_wash
Metro by T-Mobile,29.8944431,-95.4807282,mobile_phone_shop
Charleys Philly Steaks,29.9124272,-95.4834773,fast_food
AFC Urgent Care,29.9124342,-95.4834133,clinic
Great Clips,29.9124534,-95.4833154,hairdresser
Jamba,29.9124756,-95.4832386,fast_food
Dunkin',29.9123494,-95.4829172,fast_food
Rakkan Ramen,29.9111638,-95.4821329,restaurant
Krazy Dog Korean Hot Dog,29.911202,-95.4822013,restaurant
Nguyen Kitchen Vietnamese Cuisine,29.9112556,-95.4822779,restaurant
Jersey Mike's Subs,29.9113002,-95.482355,fast_food
Daiquiri Island To Go,29.911399,-95.4824735,beverages
Carniceria Prime Meat Market,29.911433,-95.4825498,butcher
Gong Cha,29.9114651,-95.4826247,restaurant
Gourmet Karma Kolache & Dessert,29.9114994,-95.4826783,bakery
7 Spice Cajun Seafood,29.9115467,-95.4827211,restaurant
Cinnabon,30.087364,-95.6324441,fast_food
Smoothie King,29.9119022,-95.4819903,fast_food
Ostioneria Michoacan,29.916793,-95.490459,restaurant
Kroozin,29.9227076,-95.4990438,laundry
Kroozin,29.9224627,-95.4988987,car_wash
Bonjour Cafe,29.7755802,-95.7342514,cafe
CVS Pharmacy,29.7701229,-95.4169542,pharmacy
Dr. Joseph Varon,29.7050683,-95.411051,doctors
Taco Cabana,29.83149,-95.5647818,fast_food
Starbucks,29.8311102,-95.5647724,cafe
24 Seven,29.6857261,-95.3544858,convenience
Total by Verizon,29.6858298,-95.3544456,mobile_phone_shop
Golden Chick,29.6859113,-95.3544121,fast_food
Salata,29.7556707,-95.6260394,restaurant
Teriyaki Madness,29.7560206,-95.6260481,restaurant
Lifeline Urgent Care,29.7561364,-95.6260662,clinic
None,29.6397845,-95.1825218,shelter
Supermercado Gigante #2,29.8775958,-95.493868,convenience
Timewise,30.00052,-95.269041,convenience
Metro by T-Mobile,29.6747528,-95.5090415,mobile_phone_shop
Little Caesars,29.6901249,-95.5014815,fast_food
Apple Nails & Spa,29.8491434,-95.504309,beauty_shop
Joe V's Smart Shop,29.6803187,-95.1470516,supermarket
Oasis Washeteria,29.6962055,-95.1822831,laundry
Verizon,29.6635827,-95.1048072,mobile_phone_shop
Landmark Furniture,29.6807078,-95.147188,furniture_shop
Slocomb Auditorium,29.6603462,-95.1129809,theatre
Interactive Learning Center,29.6617004,-95.1149389,college
Administartion Building,29.6611666,-95.1148557,college
West Classroom Building,29.6611899,-95.1157167,college
East Classroom Building,29.6612436,-95.1137614,college
Fannin Food Mart,29.7586769,-95.3620514,convenience
Canary Coffee House,29.7513068,-95.3917117,cafe
Davison Building,29.6594782,-95.1136546,college
Anderson-Ball Classroom Building,29.6587626,-95.1139228,college
Talbots,29.7533664,-95.4093435,clothes
La Griglia,29.7572102,-95.3954116,restaurant
Katami,29.7572631,-95.3950421,restaurant
City Cafe,29.6626207,-95.2365993,restaurant
Metro by T-Mobile,29.6625974,-95.2369667,mobile_phone_shop
Boost Mobile,29.6627379,-95.2356806,mobile_phone_shop
Malenee Donuts,29.6621866,-95.2353078,fast_food
El Pulgarcito de America,29.6623253,-95.2354271,restaurant
Danny's Tavern,29.6619093,-95.2367267,bar
Diliana's Hair Salon,29.661733,-95.2379617,hairdresser
Hair Fashion Salon,29.6613951,-95.2383247,hairdresser
Emler Swim School,29.6068032,-95.1243827,sports_centre
Subway,29.6050606,-95.1255723,fast_food
T-Mobile,29.6049071,-95.1258511,mobile_phone_shop
Stonefield Liquor,29.604959,-95.1257589,beverages
Ideal Dental,29.6050115,-95.1256628,dentist
Ally Medical Emergency Room,29.6038563,-95.1274803,clinic
Verizon,29.6039566,-95.1272935,mobile_phone_shop
Sport Clips,29.6040473,-95.1271658,hairdresser
Food Town,29.6611012,-95.2110583,supermarket
El Regio,29.6607376,-95.2110368,nightclub
Mas Pisto Botanero,29.6605138,-95.210436,beverages
Taqueria de Jalisco,29.6592552,-95.2108383,restaurant
Mi Tienda,29.6632548,-95.2087999,supermarket
China River,29.6643351,-95.2097064,restaurant
Walgreens,29.7505498,-95.4965562,pharmacy
Ham Cycles,29.7485421,-95.3832721,bicycle_shop
Massaya,29.7368448,-95.5137528,cafe
MOD Pizza,30.0055335,-95.2803812,fast_food
Stanton Optical,30.0055459,-95.2806242,optician
Mint Dentistry,30.0055412,-95.2805045,dentist
Stop N Joy,29.7173579,-95.5471529,convenience
Texas Hamburger Palace,29.7181902,-95.5483463,fast_food
Lovett Dental,29.738047,-95.5148078,dentist
Panda Express,29.7380997,-95.5133848,fast_food
Lavish Nails Lounge,29.7371485,-95.5067239,beauty_shop
Tenenbaum Jewelers,29.7417211,-95.450654,jeweller
Frost Bank,29.7427838,-95.4193607,bank
Metro by T-Mobile,29.8389508,-95.3612645,mobile_phone_shop
Supercuts,29.5785639,-95.1203035,hairdresser
Flaks Liquor,29.5774978,-95.1209178,beverages
Komeya,29.5774255,-95.122519,restaurant
Art of Coffee,29.5773625,-95.1225593,cafe
Domino's,29.5772086,-95.1226397,fast_food
Shipley Do-Nuts,29.5770103,-95.1227443,fast_food
Amoco Federal Credit Union,29.5488596,-95.0909726,bank
Nassau Bay Police Memorial,29.5486505,-95.0918015,tourist_info
Bank of America,29.9482381,-95.4155472,bank
Northern Tool & Equipment,29.9855851,-95.4219281,doityourself
Cricket Wireless,30.0202665,-95.3820077,mobile_phone_shop
AT&T,30.0198352,-95.3808577,mobile_phone_shop
The Bep,30.0197904,-95.3808077,cafe
Faja Bonita,29.8458275,-95.390299,clothes
Feng Cha,29.784326,-95.7037268,cafe
Dimassi's Mediterranean Buffet,29.7843211,-95.703556,restaurant
Maria's Tacos And More,29.8404687,-95.4292737,restaurant
Metro Mart,29.8508634,-95.4786824,convenience
Wokker,29.8046415,-95.3815683,restaurant
Big Owl Draft Brew House,29.8043828,-95.3815652,bar
El Rey Meat Market,29.8094898,-95.3815519,butcher
Star Stop,29.7733398,-95.3912697,convenience
Skechers,29.7389474,-95.5003513,shoe_shop
Walgreens,29.7387427,-95.500301,chemist
Walgreens,29.7389289,-95.5002581,pharmacy
Village Medical,29.7389693,-95.5004939,clinic
Mike's Seafood,29.8801037,-95.7214277,restaurant
AT&T,29.7380864,-95.5129608,mobile_phone_shop
Luna Pizzeria,29.7371985,-95.5039659,restaurant
Meo Bar,29.8046408,-95.3814634,bar
Domino's,29.7955568,-95.4853929,fast_food
Wingstop,29.7955487,-95.4855849,fast_food
J & T Automotive,29.7946319,-95.5133893,car_dealership
Buy The Way,29.793647,-95.5220979,convenience
FM Express,29.7948358,-95.4753033,convenience
Underbelly Burger,29.7919063,-95.5393157,fast_food
Wild Oats,29.7922015,-95.5396369,bar
The Decoy,29.792261,-95.5389874,sports_centre
California Pizza Kitchen,29.7809922,-95.5426886,restaurant
Flying Biscuit Cafe,29.7787173,-95.5469427,cafe
None,29.7941533,-95.4493358,clinic
Marye-Kelley,29.7944211,-95.4497494,gift_shop
Tokyo Joe's Shot Bar,29.8040375,-95.4181897,bar
North Durham Animal Hospital,29.8043924,-95.4120106,veterinary
Michys Chino Boricua,29.7866721,-95.8008105,restaurant
Nail Boss,30.0040148,-95.2740893,beauty_shop
D Dominican Beauty Salon,30.0040138,-95.273992,hairdresser
Royal Dental,30.0044501,-95.2734727,dentist
Buffetopia,30.0040937,-95.2735755,restaurant
Michys Chino Boricua,29.7979537,-95.703416,restaurant
La Calle,29.7518766,-95.3763204,fast_food
Texas State Optical,30.0212008,-95.3792804,optician
Sazon List Abuelos,29.9972687,-95.4081457,restaurant
AmeriGas,29.9995643,-95.4226573,vending_any
Golden Chick,29.8591164,-95.4008848,fast_food
Valdez Medical,29.8509501,-95.3850355,doctors
Artisan Bread,29.8406596,-95.4195653,bakery
Slick Willie's,29.9895206,-95.4260222,bar
Slick Willie's,29.9895206,-95.4260222,sports_centre
Walgreens,30.0320432,-95.5553443,pharmacy
CVS Pharmacy,30.0330519,-95.5565218,pharmacy
The Bayou Cajun Cafe,30.0217077,-95.5709368,restaurant
Crust Pizza Company,30.0346844,-95.555957,restaurant
Caddy Shack Bistro,30.0347811,-95.5558882,restaurant
Freebirds,30.0124682,-95.5891447,fast_food
Divine Nail Spa,30.0349333,-95.5557855,beauty_shop
Scooter's Coffee,30.0269348,-95.5627226,cafe
Momentum BMW,29.6773674,-95.5435055,car_dealership
Safari Family Dental,29.9019566,-95.351726,dentist
Movement,29.8291555,-95.3655548,convenience
CVS Pharmacy,29.8037933,-95.360626,chemist
CVS Pharmacy,29.8037678,-95.3604436,pharmacy
Alicia's Tamale Kitchen,29.8158822,-95.361521,restaurant
Amigo Mart,29.8145731,-95.360853,convenience
Jimmy's Haircut,29.8143787,-95.3608778,hairdresser
Step In,29.8114247,-95.3616143,convenience
Oui Banh Mi,29.7341205,-95.3997256,restaurant
Texas Pizza & Grill,29.7339689,-95.4066066,restaurant
Fulton Washateria,29.7850661,-95.3602206,laundry
Momentum MINI,29.6776653,-95.5436041,car_dealership
Ron Craft Chevrolet,29.8013305,-94.9939812,car_dealership
Sky Nails Spa,29.9586209,-95.6725577,beauty_shop
Valles Furniture,29.8600304,-95.3917034,furniture_shop
Starbucks,29.7585614,-95.3634418,cafe
Metro by T-Mobile,29.869655,-95.3855271,mobile_phone_shop
Alma Latina,29.8696785,-95.3858424,restaurant
None,29.8697125,-95.3865017,clinic
Swift,29.8894099,-95.4081556,convenience
Okay Food Store,29.898087,-95.4089025,convenience
Subway,29.8986598,-95.411106,fast_food
Church's Chicken,29.8987095,-95.4114616,fast_food
SuitMart,29.9271051,-95.410712,clothes
Popeyes,30.0159914,-95.4453837,fast_food
Sunshine Food Mart,29.9543711,-95.4222291,convenience
FuelHub,29.9719564,-95.4354023,convenience
24 Seven,29.9659308,-95.4293333,convenience
Oasis Washateria,29.9659467,-95.428938,laundry
24 Seven,29.983743,-95.4343848,convenience
KFC,30.0134117,-95.4511665,fast_food
Redbox,30.0141474,-95.4498539,vending_any
Walgreens,30.0695323,-95.4471262,pharmacy
Subway,30.0704062,-95.4075757,fast_food
Jack in the Box,30.0713879,-95.4087068,fast_food
Sonic,30.0729503,-95.409758,fast_food
Break Time,30.0512715,-95.3887621,convenience
Circle K,30.0453045,-95.5388357,convenience
7-Eleven,30.0138818,-95.5898977,car_wash
Great Clips,30.0360481,-95.5538525,hairdresser
Starbucks,29.9792455,-95.5677275,cafe
TJ Birrias Y Mas,29.8045056,-95.4125892,restaurant
Taqueria El Novillo,29.7764515,-95.3611691,restaurant
Jersey Mike's Subs,29.7051207,-95.4693759,fast_food
Sumo Sushi,29.9153713,-95.6139392,restaurant
La Madeleine,29.9155248,-95.6140271,restaurant
JuiceLand,29.7051256,-95.4690123,fast_food
Toasted Yolk,29.7051308,-95.468711,restaurant
Starbucks,29.8728502,-95.7590058,cafe
Texas Buffet,29.87958,-95.6557666,restaurant
3D's Krazy Kitchen,29.8826722,-95.6839147,restaurant
Rodeo Express Carwash,29.897098,-95.6852987,car_wash
Kiddie Academy,29.8951879,-95.6871675,school
Circle K,29.8791933,-95.7048992,car_wash
Baytown Ford,29.8008628,-94.9965022,car_dealership
Hermosa Dental,29.8696665,-95.3854255,dentist
Redbox,29.8695729,-95.3837551,vending_any
Schlotzsky's,30.0874353,-95.6324545,fast_food
Ye's Ichiban Steakhouse and Sushi,29.8801973,-95.6411375,restaurant
Empire Pizza,29.7358921,-95.5861483,restaurant
Domoishi,29.7360936,-95.5860008,restaurant
Chipotle,29.7360894,-95.5860617,fast_food
Oishii imports,29.7505832,-95.3215286,car_dealership
Australian Consulate-General,29.7359791,-95.4602929,embassy
Daddy's Pizza,29.8380792,-95.4736195,restaurant
Metro by T-Mobile,29.8377649,-95.4736458,mobile_phone_shop
Metro by T-Mobile,29.7755612,-95.7522866,mobile_phone_shop
Mardel Christian Bookstore,29.5357402,-95.1347942,bookshop
San Dong Noodle House,29.7052876,-95.5554666,restaurant
85°C,29.7051435,-95.5526945,cafe
85°C,29.7051435,-95.5526945,bakery
Welcome Food Center,29.7065999,-95.544747,supermarket
Hokkaido,29.7056946,-95.543714,restaurant
Hong Kong's Cafe,29.7056424,-95.5436601,cafe
Pine Forest Garden,29.7055447,-95.543654,fast_food
Hungry Howie's,29.9016294,-95.5533094,restaurant
Sunrise Pediatric & Family Dentistry,29.9015827,-95.5531943,dentist
Ron's Hamburgers & Chil,30.0878909,-95.6391583,restaurant
Buffalo Wild Wings,30.0881123,-95.6381037,restaurant
Hong Kong Chinese Restaurant,30.0715858,-95.4856428,restaurant
Bluewater Seafood,30.0732818,-95.4956334,restaurant
Sam's Club,29.9998439,-95.4224433,pharmacy
Central City Co-op,29.8094491,-95.3977706,supermarket
None,30.0048062,-95.7427983,shelter
Fuel Depot,29.8303586,-95.3433869,convenience
Cricket Wireless,29.8302816,-95.3433795,mobile_phone_shop
Shipley Do-Nuts,29.8379547,-95.3431139,fast_food
Cool Technology Group,29.9592519,-95.5523078,computer_shop
Fred Grundemeyer Gazebo,30.0388679,-95.535306,shelter
CVS Pharmacy,30.0655249,-95.4039893,pharmacy
MinuteClinic,30.0656239,-95.4040858,doctors
Pepper Twins River Oaks,29.7526923,-95.4034017,restaurant
Bad Astronaut Brewing company,29.7739942,-95.3565295,bar
Kris10's Gems,30.0790993,-95.4203058,jeweller
Creations Market and Workshop,30.0791101,-95.4201763,clothes
Spirit Quest Center,30.0791467,-95.4200385,gift_shop
Pop's Toys and Collectibles,30.0788058,-95.419992,toy_shop
Everest Amazon,30.0787909,-95.4204448,clothes
Everest Amazon Coffee Shop,30.0787872,-95.4204692,cafe
McDonald's,29.6311104,-95.1682553,fast_food
The Bull & Bear,29.7376274,-95.5913113,restaurant
Smoothie King,29.7375776,-95.5627478,fast_food
B. Kreps & Co.,29.7701506,-95.3810566,clothes
vacant,29.7701401,-95.3819386,restaurant
Urban Bird Hot Chicken,29.7701386,-95.3821113,fast_food
Ets Lash Studio,29.7331989,-95.4366279,beauty_shop
Laredo Taco Company,29.867856,-95.5627966,fast_food
"Mission AC, Plumbing & Electric South Houston",29.6935823,-95.1948631,supermarket
Chick-fil-A,29.6548472,-95.2782839,fast_food
PXG Houston,29.7344648,-95.5839359,sports_shop
Valhalla Foot & Ankle Specialists PLLC,29.7801579,-95.545028,doctors
Super 8,29.9367631,-95.2591622,motel
Kroger,29.7402016,-94.9520568,supermarket
Kroger,29.6654233,-95.1352796,supermarket
Kroger,29.6634041,-95.1895964,supermarket
Kroger,29.6966036,-95.1737224,supermarket
Kroger,30.007065,-95.281223,supermarket
Kroger,30.0457619,-95.34811,supermarket
Origin MRI & Diagnostics,29.7835109,-95.5165535,doctors
Origin Spine Institute,29.7834517,-95.5162201,doctors
Countrywide,29.7834985,-95.5163686,doctors
Striding Christ,29.7592888,-95.3609415,artwork
Cart’air,29.834232,-95.3333351,clothes
America’s Best Value Inn & Suites,29.8519155,-95.3327569,motel
Crown Inn,29.8394565,-95.3342152,motel
Adonis Auto,29.8548677,-95.3326743,car_dealership
Hollywood Inn,29.8340822,-95.3333373,motel
Motel Kung,29.8403623,-95.3321843,motel
Palace Inn,29.8378836,-95.3342667,motel
Scottish Inns & Suites,29.8586367,-95.3343812,hotel
Comfort Inn & Suites,30.0658,-95.91326,hotel
Holiday Inn Express,29.9283585,-95.6281113,hotel
Hampton Inn & Suites,29.8240557,-95.1699116,hotel
La Quinta Inn & Suites,29.7841576,-95.1127648,hotel
Hampton Inn,29.5608149,-95.0399085,hotel
La Quinta Inn & Suites,29.6587014,-95.1582527,hotel
La Quinta Inn & Suites,29.7376992,-95.6003546,hotel
Washateria,29.931308,-95.3033987,laundry
Cricket Wireless,29.9312979,-95.303719,mobile_phone_shop
Tai Yang,29.9313024,-95.3035042,restaurant
Pizza Hut,29.931262,-95.3040491,restaurant
Regency Inn & Suites,29.9314244,-95.3004669,motel
Subway,29.9312884,-95.3037946,fast_food
Metro by T-Mobile,29.9312741,-95.3039158,mobile_phone_shop
Mirrey Tacos y Discada,30.0722869,-95.4245239,fast_food
Mockingbird Distillery & Smokehouse,29.989004,-95.3493671,restaurant
iS,29.9887764,-95.3495181,gift_shop
Tripadvisor,29.988812,-95.3493656,gift_shop
Kirkwood Food Mart,29.7473313,-95.587186,convenience
Gyro Hut,29.7894227,-95.6889419,restaurant
Vuvuzela Nail Spa,29.789381,-95.6889328,beauty_shop
Popeyes,29.9309992,-95.3010376,fast_food
Shell,29.9311679,-95.3010428,convenience
Circle K,29.8625729,-95.60833,convenience
Fuel Expo,29.8634986,-95.6085176,convenience
Bank Of Texas,29.8635249,-95.609353,bank
Global Liquor,29.866833,-95.4855022,beverages
True Care Dental,29.8661339,-95.4863457,dentist
Cajun Town Café,29.866819,-95.4861699,restaurant
Metro by T-Mobile,29.8660637,-95.4851638,mobile_phone_shop
Blimpie,29.8507675,-95.5649883,fast_food
McDonald's,29.6783588,-95.4259612,fast_food
timewise,29.6784259,-95.4260829,convenience
Antoine Mini Mart,29.8105737,-95.4757578,convenience
Deportes Rodriguez,29.802577,-95.4711233,sports_shop
La Farra Bar & Cantina,29.808991,-95.4757248,bar
Tostadareia Madero's,29.8321407,-95.5241443,restaurant
Chevron,29.831903,-95.5268071,convenience
El Ahorro Supermarket,29.8345011,-95.5048882,supermarket
Burger King,29.8333392,-95.5035921,fast_food
Jack in the Box,29.8329809,-95.5233917,fast_food
Circle K,29.8336691,-95.4860835,convenience
Blue Bayou Cafe,29.7705572,-95.2250751,restaurant
Dimassi's Mediterranean Buffet,29.7704757,-95.2244539,restaurant
Azuma Sushi And Robata Bar,29.7214175,-95.4189113,restaurant
Chardé Jewelers,29.7216738,-95.4189166,jeweller
Luvish Nails Lounge,29.7218159,-95.4189139,beauty_shop
Crave Cupcakes,29.7221722,-95.4189193,cafe
Chipotle,29.7219719,-95.4189166,fast_food
Pizaro's Pizza,29.7837497,-95.5790091,restaurant
Academy Sports + Outdoors,29.9162982,-95.4154208,sports_shop
Fuelwise,29.7771988,-94.9649406,convenience
Fast Break,29.7713587,-95.1775296,convenience
Westfield Fire Department - Central Station,29.9119135,-95.333573,fire_station
Latino Supermarket,29.9105232,-95.3209871,convenience
Expresso Food Mart,29.9274653,-95.3555625,convenience
Cura Smiles,29.7452415,-95.4562082,dentist
888 Chinese Restaurant,30.0747172,-95.5025581,restaurant
TDECU Houston Champion Forest Member Center,29.9796281,-95.5122709,bank
TDECU Spring Gosling Member Center,30.0747113,-95.5021923,bank
Cricket Wireless,29.6994108,-95.277619,mobile_phone_shop
Pet Water Fountain,29.7632096,-95.537968,drinking_water
Subway,29.7826341,-95.4758576,fast_food
Stanton Optical,29.7872411,-95.4683919,optician
Timewise,29.7831895,-95.5206948,convenience
Beauty Empire Premium Outlet,30.0218383,-95.4335773,beauty_shop
Tiny's Milk & Cookies,29.7819373,-95.5300461,bakery
BELONG,29.7819453,-95.5301715,bakery
None,29.7762635,-95.5573307,shelter
None,29.77658,-95.5561445,shelter
Treebeards,29.7819521,-95.5305395,restaurant
Bean & Bottle,29.7828609,-95.5305935,cafe
Masraff's,29.7835089,-95.5304619,restaurant
Verizon,29.7833541,-95.526211,mobile_phone_shop
Buffalo Wild Wings,29.7835112,-95.5272873,restaurant
Subway,29.7834543,-95.5272888,fast_food
Uniqlo,29.78119,-95.5405381,clothes
Velvet Taco,29.7836205,-95.5481076,fast_food
Pincho,29.7835521,-95.5481046,restaurant
Via 313,29.7834647,-95.5481072,restaurant
Liberty Kitchen,29.7818536,-95.5320483,restaurant
Island Grill,29.7824881,-95.5321064,restaurant
Village Cleaners,29.7824329,-95.5320973,laundry
Shipley Do-Nuts,29.782297,-95.5320775,fast_food
Papa Yu,29.7857942,-95.5220362,restaurant
Corner Bakery,29.7830408,-95.5216506,cafe
Starbucks,29.7792474,-95.7172526,cafe
SBMSA Fields,29.7807197,-95.5527977,sports_centre
Starbucks,29.7817479,-95.5608576,cafe
Warby Parker,29.7804588,-95.5604768,optician
Lululemon,29.7805385,-95.5604815,clothes
LoveSac,29.7800362,-95.5604692,furniture_shop
TJ Maxx,29.7738823,-95.5726042,department_store
The Refuge,29.772934,-95.5720356,community_centre
Subway,29.6989726,-95.0720211,fast_food
Fuel Depot,29.9596383,-95.4287932,convenience
Southern Q BBQ,29.997015,-95.4320414,restaurant
Panco,29.9237685,-95.490799,convenience
Popeyes,29.9451753,-95.4655092,fast_food
Pitstop,29.9280751,-95.4921502,convenience
Pitstop,29.948444,-95.4677666,convenience
Pizza Hut,29.9846856,-95.4333704,restaurant
Marco's Pizza,29.9834245,-95.4339403,fast_food
Tomiko Japanese Restaurant,29.9948323,-95.7538359,restaurant
Lone Star Ice House,30.013274,-95.587401,bar
Taco Bell,29.9818109,-95.5664836,fast_food
The Churro King (Food Truck),30.0504214,-95.4923352,fast_food
Taqueria los 2 carnales,30.0504914,-95.4923041,fast_food
Jack in the Box,29.9362506,-95.4585079,fast_food
Taco Bell,29.9360416,-95.4582055,fast_food
Russo's New York Pizzeria & Italian Kitchen,29.7548527,-95.6232576,restaurant
Fire Fountain,29.7826427,-95.5338367,fountain
The Beach Club,29.7824158,-95.5341793,sports_centre
Walgreens,29.9758186,-95.699928,chemist
Verizon,29.9734451,-95.6962365,mobile_phone_shop
Domino's,29.8175466,-95.7720555,fast_food
AT&T,29.9745741,-95.6999752,mobile_phone_shop
Chase,29.7362498,-95.5593898,bank
House of Hoops,29.7393753,-95.46318,shoe_shop
Sultan Pepper,29.7390956,-95.4624132,fast_food
Sugar Factory,29.7390909,-95.4626114,bakery
Fat Tuesday,29.7391503,-95.4632485,cafe
Burger King,29.7390875,-95.4632435,fast_food
Sbarro,29.739087,-95.4633119,fast_food
Foot Locker,29.7393706,-95.4633306,shoe_shop
The Future of Optics,29.7393847,-95.4627661,optician
Firehouse Subs,29.7390934,-95.4627041,fast_food
Wok a Holic,29.7391481,-95.4635195,fast_food
Cinnabon,29.7393866,-95.4628793,fast_food
Texas Souvenir & Gifts,29.7392672,-95.4621288,gift_shop
Ichiban Asian Cuisine,29.739108,-95.4634609,restaurant
Teahouse Tapioca & Tea,29.739195,-95.4634857,cafe
Chipotle,29.7390942,-95.4625016,fast_food
A Sneaker City,29.7393918,-95.4623288,shoe_shop
GOLDX,29.7393188,-95.463108,jeweller
Visible Changes,29.7393956,-95.4622055,hairdresser
Kids Foot Locker,29.7392709,-95.463551,shoe_shop
Salata,29.7390963,-95.4623413,fast_food
European Bakery & Coffee,29.7391835,-95.4621849,bakery
Lids,29.7393908,-95.4626125,clothes
Charleys Philly Steaks,29.7390862,-95.4633849,fast_food
Chick-fil-A,29.7390894,-95.4631601,fast_food
Raising Cane's,29.7393445,-95.4634649,fast_food
Shoe Palace,29.7390933,-95.4622131,shoe_shop
Subway,29.7391944,-95.4635503,fast_food
Versace,29.7390316,-95.4631853,clothes
Loro Piana,29.739051,-95.4620756,clothes
Fendi,29.7394452,-95.4619539,clothes
Ralph Lauren,29.7394195,-95.4635817,clothes
Louis Vuitton,29.7394186,-95.4635025,clothes
Cole Haan,29.7395856,-95.4654905,shoe_shop
Kate Spade New York,29.7392768,-95.4654218,clothes
Jimmy Choo,29.7394453,-95.4621407,shoe_shop
Tom Ford,29.7390469,-95.4622078,clothes
Louis Vuitton,29.7394323,-95.462766,clothes
Hugo Boss,29.7390251,-95.4633536,clothes
Giorgio Armani,29.7394299,-95.4631149,clothes
Lacoste,29.7395776,-95.4657194,clothes
Dolce & Gabbana,29.7392427,-95.4632242,clothes
Moncler,29.7394276,-95.4632237,clothes
Chanel,29.7390559,-95.4618776,clothes
Gucci,29.7394321,-95.4629695,clothes
Celiné,29.7390459,-95.4622703,clothes
Burberry,29.7394226,-95.4634206,clothes
Christian Louboutin,29.7390443,-95.4624025,clothes
Tiffany & Company,29.7394443,-95.4618873,jeweller
Michael Kors,29.7394236,-95.4633335,clothes
AKRIS,29.7390493,-95.4621346,clothes
Valentino,29.7390539,-95.4619446,clothes
Tory Burch,29.7390275,-95.46326,clothes
Saks Fifth Avenue,29.7393809,-95.4662509,department_store
Carolina Herrera,29.7390373,-95.4629599,clothes
Prada,29.7390402,-95.4626087,clothes
Ferragamo,29.7394397,-95.4626123,clothes
Saint Laurent,29.7394392,-95.4622795,clothes
Dior,29.7390424,-95.4624949,clothes
Golden Goose,29.7390189,-95.4635156,clothes
Valentino,29.7390539,-95.4620114,clothes
Zara,29.7390239,-95.4636781,clothes
St. John,29.73959,-95.465325,clothes
Tod's,29.7390355,-95.4631053,shoe_shop
Grant Express,29.9677282,-95.5713424,convenience
Dinora's Bakery & Pupuseria,30.01334,-95.449259,restaurant
Lululemon,29.7395175,-95.4635748,clothes
Wilson,29.739518,-95.4636594,sports_shop
Auntie Anne's,29.7392073,-95.4634382,fast_food
AMIRI,29.7394915,-95.4623351,clothes
Victoria's Secret,29.7389451,-95.4634399,clothes
Starbucks,29.739263,-95.4620386,cafe
Lego,29.7389482,-95.4632538,toy_shop
Raising Cane's,29.7803097,-95.606849,fast_food
Freddy's,29.7806439,-95.6069988,fast_food
LaFayette 148,29.7396668,-95.462766,clothes
Panera Bread,29.7754538,-95.60679,fast_food
The Cheesecake Factory,29.7397358,-95.4626607,restaurant
Astor Farm & Table,29.7589471,-95.7518887,restaurant
Jin Yuan Cafe,29.7759744,-95.7502844,restaurant
Asian Gourmet Kitchen,29.7758566,-95.7501727,restaurant
Yori Yori,29.7758568,-95.7502836,restaurant
BJ's,29.962313,-95.5445635,restaurant
Whiskey River,29.9620343,-95.5445742,nightclub
Frost Bank,30.004475,-95.272388,bank
K&G Fashion Superstore,30.0030093,-95.2723345,clothes
UrgentVet - Clear Lake,29.5416404,-95.1368946,veterinary
Rotolo's Craft & Crust,30.071518,-95.5038226,restaurant
La Dolce Nail Spa,30.0707955,-95.5042182,beauty_shop
Vision Corner,29.7405598,-95.4571111,optician
Metro by T-Mobile,29.6745285,-95.2897925,mobile_phone_shop
Ace Hardware,29.6600872,-95.2894896,doityourself
Payless,29.6567659,-95.2807753,car_rental
None,29.657162,-95.2811368,shelter
Budget,29.6567678,-95.2808575,car_rental
Boost Mobile,29.6742855,-95.2907435,mobile_phone_shop
Diamond Express,29.6849939,-95.2898689,convenience
Little Caesars,29.674539,-95.2897326,fast_food
Kam Dental - Baytown,29.8029014,-94.9795891,dentist
Tamashi,29.7064221,-95.5543413,restaurant
Fornos,29.7355934,-95.5497997,restaurant
Masala Wok,29.7362683,-95.5496685,restaurant
Sparkling Washateria,29.7586443,-94.9294627,laundry
Best Stop,29.7586046,-94.9297503,convenience
Zalat Pizza,29.7364603,-95.5504834,restaurant
Wingstop,29.7365098,-95.5503187,fast_food
Charm Dental Katy,29.8029733,-95.7524865,dentist
Supercuts,29.7362396,-95.5489862,hairdresser
Golden Chick,29.9653982,-95.4638416,fast_food
Subway,29.9653878,-95.4637167,fast_food
Quest Dentistry,29.8466755,-95.6469177,dentist
C-E Federal Credit Union,29.649403,-95.3042955,bank
Texas Taphouse,29.7351017,-95.4660024,restaurant
Houston Federal Credit Union,29.7301191,-95.440814,bank
Trustmark,29.9692912,-95.5300599,bank
T-Mobile,29.9698056,-95.5304478,mobile_phone_shop
Moderna Dentistry,29.969525,-95.5302362,dentist
MediClinic,30.0875932,-95.6329852,clinic
Skechers,30.0886246,-95.6346734,shoe_shop
Battleground Saloon,29.6647382,-95.0197622,bar
Ed's Bistro,29.6656219,-95.0197263,restaurant
"Marconi Dental Aesthetics - Pasadena, TX",29.6418903,-95.15567,dentist
La Canasta Bakery,29.8380442,-95.36461,bakery
POST Market,29.7662235,-95.3650002,food_court
Jimmy John's,29.9189813,-95.6099954,fast_food
Jack in the Box,29.9249614,-95.6281111,fast_food
MOD Pizza,29.9033615,-95.6326751,fast_food
Wingstop,29.9028645,-95.6322906,fast_food
Jimmy John's,29.7683438,-95.6241528,fast_food
Chipotle,29.7683755,-95.6241177,fast_food
Panera Bread,29.7753551,-95.6068413,fast_food
Wendy's,29.7739488,-95.6067798,fast_food
Wingstop,29.771351,-95.60584,fast_food
Domino's,29.7705361,-95.604376,fast_food
Einstein Bros. Bagels,29.775362,-95.5620794,fast_food
Domino's,29.7712644,-95.5579386,fast_food
Domino's,29.8207519,-95.49951,fast_food
Church's Chicken,29.8215626,-95.5254743,fast_food
Wingstop,29.859529,-95.527351,fast_food
DQ Grill & Chill,29.8646642,-95.5249829,fast_food
Jack in the Box,29.929269,-95.543049,fast_food
Popeyes,29.930107,-95.545766,fast_food
KFC,29.9038143,-95.5540245,fast_food
Chipotle,29.9038179,-95.5514993,fast_food
Domino's,29.9012381,-95.5245666,fast_food
KFC,29.9220001,-95.4974756,fast_food
Burger King,29.921092,-95.496467,fast_food
Church's Chicken,29.8849394,-95.4745272,fast_food
Wingstop,29.8683141,-95.4714531,fast_food
DQ Grill & Chill,29.8441314,-95.4736218,fast_food
Domino's,29.8415394,-95.473923,fast_food
Jack in the Box,29.818389,-95.482667,fast_food
KFC,29.8031714,-95.4857603,fast_food
Burger King,29.802498,-95.487356,fast_food
Jimmy John's,29.7834393,-95.5133044,fast_food
Chick-fil-A,29.7805649,-95.5401381,fast_food
Chipotle,29.7803841,-95.5398265,fast_food
Burger King,29.7939475,-95.5435736,fast_food
Jack in the Box,29.7960838,-95.5450903,fast_food
Domino's,29.809769,-95.5447897,fast_food
Wingstop,29.8134232,-95.5428827,fast_food
Church's Chicken,29.8323988,-95.5695119,fast_food
Jack in the Box,29.850239,-95.605745,fast_food
Domino's,29.8410743,-95.6453687,fast_food
Wingstop,29.8696076,-95.6447103,fast_food
Dunkin',29.8876422,-95.6428159,fast_food
Popeyes,29.878756,-95.635002,fast_food
Domino's,29.8798615,-95.6093856,fast_food
Burger King,29.8784998,-95.6079323,fast_food
Jimmy John's,29.8677873,-95.6078506,fast_food
Burger King,29.8666374,-95.5887627,fast_food
Jack in the Box,29.9089495,-95.5851692,fast_food
Domino's,29.9092372,-95.5859669,fast_food
Wingstop,29.9159405,-95.5838414,fast_food
Church's Chicken,29.9171025,-95.5853107,fast_food
DQ Grill & Chill,29.931938,-95.587148,fast_food
Zaxby's,29.9278425,-95.5943971,fast_food
Chipotle,29.9239945,-95.6013635,fast_food
Panera Bread,29.923885,-95.601579,fast_food
Jack in the Box,29.9226111,-95.6043426,fast_food
Panda Express,29.920407,-95.606822,fast_food
Wingstop,30.0890519,-95.6348643,fast_food
O' Taste And See Eatery,29.8164567,-95.4674163,restaurant
Harbor Freight Tools,29.8160049,-95.4667355,doityourself
Avis,29.8161885,-95.4671288,car_rental
Budget,29.8161772,-95.4671115,car_rental
Golden Chick,29.9267433,-95.596297,fast_food
Express Mart,29.9268279,-95.5961265,convenience
TM Cleaners & Tailor,29.9276774,-95.5948321,laundry
Vivid Dental,29.9276199,-95.5949288,dentist
Starbucks,29.9275869,-95.5949904,cafe
CVS Pharmacy,29.9274107,-95.5954523,chemist
CVS Pharmacy,29.9274496,-95.5956081,pharmacy
Oak Street Health,29.9273517,-95.5954893,clinic
Affordable Furniture,29.8993007,-95.4137584,furniture_shop
My Eye Doctor,29.7305229,-95.3862767,optician
YES Prep North Central,29.9140745,-95.3562186,school
Zip In Zip Out,29.9425261,-95.4330995,convenience
Red Wing,29.7804818,-95.7524199,shoe_shop
Rice Bowl,29.780474,-95.7522567,restaurant
Katy Nails,29.7806056,-95.752966,beauty_shop
Econo Lodge,29.7808317,-95.1189945,motel
Jimee's Bar-B-Q,29.9796658,-95.3649932,restaurant
Instant Car,29.9507418,-95.3587298,car_dealership
Richey Academy,29.9986402,-95.4173193,school
Rest House Cafe Mediterranean Grill Hookah Bar,29.9518783,-95.5372464,restaurant
Maria's Bridal & More,29.9519039,-95.5373229,clothes
Buffalo Wild Wings,29.9540726,-95.5415684,restaurant
Sprint,29.9539352,-95.5419202,mobile_phone_shop
Congregate Kitchen & Lounge,29.9534629,-95.5421024,restaurant
Yen Jing,29.9545499,-95.5430746,restaurant
bel Furniture,29.9537222,-95.5446401,furniture_shop
InvesTex Credit Union,29.9336037,-95.3761337,bank
Office Depot,29.7717544,-95.1848059,stationery
Express Fuel,29.7750657,-95.3161002,convenience
Subway,29.775078,-95.3160087,fast_food
The Sunrise House,29.7389254,-95.4058948,restaurant
Citgo Gas,29.7009702,-95.6526599,supermarket
Cajun Street,30.0839478,-95.6320763,restaurant
Gianna Italian Kitchen,30.0848568,-95.6323366,restaurant
Wingstop,29.9108716,-95.4773274,fast_food
Texas Style Eyewear,29.9109801,-95.4775163,optician
CVS Pharmacy,29.849202,-95.3353004,chemist
CVS Pharmacy,29.8492735,-95.3354385,pharmacy
Swift,29.8477047,-95.3502901,convenience
Downtown Convenience Store,29.7608598,-95.3623823,convenience
Bank of America,29.76815,-95.6230679,bank
Fiiz Drinks,30.0241428,-95.5698159,beverages
Leon's Motors,29.8287448,-95.3949464,car_dealership
El Maná Taqueria,30.0212733,-95.4195081,fast_food
Emely's Family Hair Guts,30.0212223,-95.4195019,hairdresser
Sak's Donuts,30.0211497,-95.4195031,fast_food
Metro by T-Mobile,30.021103,-95.4194918,mobile_phone_shop
Boost Mobile,30.0209772,-95.4194643,mobile_phone_shop
Little Caesars,30.0209035,-95.419448,fast_food
Yari Auto Sales,29.8705674,-95.3690813,car_dealership
"Club Quarters Hotel, Houston, Downtown",29.7583799,-95.3627852,hotel
Jack in the Box,29.7555872,-95.3353707,fast_food
Domino's,29.7768264,-95.312319,fast_food
Burger King,29.773467,-95.307781,fast_food
Jack in the Box,29.744944,-95.303523,fast_food
Burger King,29.7368606,-95.3073707,fast_food
Popeyes,29.73613,-95.3048,fast_food
Domino's,29.7163793,-95.2894546,fast_food
Jack in the Box,29.685898,-95.291093,fast_food
Burger King,29.701173,-95.292818,fast_food
Raising Cane's,29.7018532,-95.2938357,fast_food
Popeyes,29.7012549,-95.2928409,fast_food
Chick-fil-A,29.7021732,-95.2940556,fast_food
MOD Pizza,29.6979046,-95.2966145,fast_food
KFC,29.698226,-95.2975124,fast_food
Church's Chicken,29.693586,-95.3283222,fast_food
Popeyes,29.686507,-95.364248,fast_food
Wendy's,29.7029415,-95.3575419,fast_food
Einstein Bros. Bagels,29.7227774,-95.3460583,fast_food
Domino's,29.7257041,-95.350547,fast_food
Wingstop,29.7224213,-95.3519854,fast_food
Chick-fil-A,29.7210521,-95.3611504,fast_food
Chick-fil-A,29.7078462,-95.4016041,fast_food
MOD Pizza,29.7095198,-95.4016465,fast_food
Einstein Bros. Bagels,29.7099079,-95.3997225,fast_food
Chick-fil-A,29.7095188,-95.3977498,fast_food
Chick-fil-A,29.7078463,-95.3973126,fast_food
Domino's,29.6832316,-95.4395038,fast_food
Arby's,29.6767746,-95.4266443,fast_food
Dunkin',29.6814759,-95.4230841,fast_food
Popeyes,29.6862576,-95.4213729,fast_food
Jimmy John's,29.7057905,-95.4149616,fast_food
Domino's,29.7207298,-95.418207,fast_food
Jimmy John's,29.7287838,-95.4299286,fast_food
Domino's,29.73789,-95.438042,fast_food
Wingstop,29.7330734,-95.4433028,fast_food
Jimmy John's,29.7067624,-95.4700348,fast_food
Church's Chicken,29.7161099,-95.4760934,fast_food
Domino's,29.7373735,-95.4803306,fast_food
Chipotle,29.7390096,-95.4625181,fast_food
Chick-fil-A,29.7390219,-95.4630822,fast_food
Burger King,29.739259,-95.464466,fast_food
Domino's,29.8011965,-95.4339986,fast_food
MOD Pizza,29.7866696,-95.4103366,fast_food
KFC,29.7757074,-95.3819699,fast_food
Panera Bread,29.7529434,-95.4014238,fast_food
Domino's,29.7528468,-95.3991241,fast_food
Domino's,29.7449912,-95.3826658,fast_food
Jimmy John's,29.7485904,-95.3784073,fast_food
Le Meridien Houston Downtown,29.7569229,-95.3626518,hotel
Einstein Bros. Bagels,29.757097,-95.369444,fast_food
Jack in the Box,29.848146,-95.301823,fast_food
Domino's,29.8482225,-95.2148527,fast_food
Burger King,29.831777,-95.211015,fast_food
DQ Grill & Chill,29.831565,-95.210803,fast_food
MOD Pizza,29.8163225,-95.1655718,fast_food
Panda Express,29.8137842,-95.1648142,fast_food
Burger King,29.8084967,-95.162269,fast_food
McDonald's,29.806022,-95.165343,fast_food
Wingstop,29.8066472,-95.1680122,fast_food
Jack in the Box,29.805805,-95.183436,fast_food
DQ Grill & Chill,29.805337,-95.188468,fast_food
Wingstop,29.7896701,-95.2003478,fast_food
Jack in the Box,29.772241,-95.20677,fast_food
Church's Chicken,29.7705419,-95.2057747,fast_food
Jack in the Box,29.7645173,-95.2128361,fast_food
Burger King,29.7713301,-95.2145315,fast_food
Popeyes,29.772465,-95.214472,fast_food
KFC,29.7737058,-95.2158191,fast_food
Wingstop,29.7715496,-95.2299025,fast_food
DQ Grill & Chill,29.768525,-95.247861,fast_food
Church's Chicken,29.767864,-95.2454106,fast_food
Domino's,29.7678955,-95.2433571,fast_food
Popeyes,29.767969,-95.237349,fast_food
DQ Grill & Chill,29.742428,-95.232517,fast_food
DQ Grill & Chill,29.701712,-95.184369,fast_food
Jack in the Box,29.708792,-95.219521,fast_food
DQ Grill & Chill,29.698719,-95.220124,fast_food
KFC,29.6910932,-95.2189491,fast_food
Wendy's,29.6904311,-95.2143798,fast_food
Popeyes,29.691102,-95.213706,fast_food
Wingstop,29.6913514,-95.2129346,fast_food
Domino's,29.6925816,-95.2088958,fast_food
Burger King,29.691077,-95.194067,fast_food
Church's Chicken,29.6911314,-95.201291,fast_food
Jack in the Box,29.697763,-95.200592,fast_food
McDonald's,30.0769267,-95.5121973,fast_food
Kolache Factory,29.746979,-95.5596869,fast_food
53 Max food,29.9478648,-95.6162114,convenience
Scottish Inn & Suites,30.0235935,-95.3895157,motel
Jack in the Box,29.6667359,-95.3365012,fast_food
Popeyes,29.657417,-95.355797,fast_food
KFC,29.6575086,-95.3551174,fast_food
Domino's,29.6536933,-95.3547994,fast_food
Wingstop,29.6546079,-95.356788,fast_food
Burger King,29.5990565,-95.3673276,fast_food
Popeyes,29.5990371,-95.3665496,fast_food
Church's Chicken,29.5980503,-95.3524557,fast_food
McDonald's,29.6017919,-95.2279156,fast_food
Burger King,29.5867751,-95.2118643,fast_food
Domino's,29.5857911,-95.2137955,fast_food
Dunkin',29.5832982,-95.2145145,fast_food
Popeyes,29.601039,-95.28792,fast_food
Burger King,29.6011193,-95.2870709,fast_food
DQ Grill & Chill,29.615144,-95.285749,fast_food
Jack in the Box,29.620093,-95.285811,fast_food
Dunkin',29.6414278,-95.2893368,fast_food
Wingstop,29.671407,-95.2776272,fast_food
DQ Grill & Chill,29.676914,-95.267507,fast_food
Burger King,29.665279,-95.209447,fast_food
Jack in the Box,29.665122,-95.212089,fast_food
Domino's,29.65516,-95.2287139,fast_food
Jack in the Box,29.656955,-95.243495,fast_food
Wingstop,29.6431846,-95.242534,fast_food
Popeyes,29.642299,-95.240666,fast_food
Harbor Freight Tools,29.6292395,-95.2353208,doityourself
Popeyes,29.620084,-95.229796,fast_food
Wingstop,29.6132087,-95.2230587,fast_food
Domino's,29.6110894,-95.2282288,fast_food
Wendy's,29.6115862,-95.2494317,fast_food
Church's Chicken,29.6113011,-95.2671526,fast_food
Wingstop,29.601163,-95.2636,fast_food
Jack in the Box,29.601223,-95.267779,fast_food
Domino's,29.5927206,-95.4679183,fast_food
KFC,29.6137292,-95.4388153,fast_food
Jack in the Box,29.613689,-95.443173,fast_food
Popeyes,29.613614,-95.446352,fast_food
Jack in the Box,29.628093,-95.465816,fast_food
Burger King,29.628783,-95.464489,fast_food
Jack in the Box,29.641286,-95.462941,fast_food
Starbucks,29.8796366,-95.6412855,cafe
Seven Brew Coffee,29.8811229,-95.6460116,cafe
Wendy's,29.9287575,-95.7277341,fast_food
Chase,29.9282764,-95.7276702,bank
Fyzas Alhadi,29.9865629,-95.4994679,restaurant
Bobo Tea,29.77804,-95.6068923,cafe
SuraVision LASIK & Cataract Eye Surgery,29.7419836,-95.419567,doctors
7Spice Cajun Seafood,29.6657566,-95.1908179,restaurant
Kathy's Kitchen,29.6730178,-95.1927198,restaurant
Castle Dental,29.7886412,-95.4108051,dentist
Supercuts,29.7881942,-95.410781,hairdresser
Taco Bell,30.1133955,-95.5540422,fast_food
Sunoco,29.8564921,-95.1285514,convenience
Donald's Donuts,30.0507642,-95.235522,fast_food
Mencius Gourmet Hunan,30.0507429,-95.2356472,restaurant
Pablo's Cantina Mexican Grill,30.0506625,-95.2357647,restaurant
Wells Fargo,30.0507778,-95.2368447,bank
RC's NYC Pizza & Pasta,30.0488721,-95.2383872,restaurant
Christine's Salon,30.0488707,-95.2382214,hairdresser
First Cleaners,30.0488684,-95.2380832,laundry
Tina Nails,30.0506555,-95.2383589,beauty_shop
Green Bamboo Head Spa,30.0506888,-95.2379867,hairdresser
El Chaparro Mexican Bar and Grill,30.0683131,-95.5050501,restaurant
The One Club,30.0678842,-95.5053462,bar
Star Stop,30.0675775,-95.5056119,convenience
Tropical City Daiquiris To-Go,30.0677548,-95.5055806,bar
Pastel Pizza,30.0681288,-95.5050773,restaurant
Circle K,30.0043488,-95.634515,convenience
Chick-fil-A,30.0038165,-95.635528,fast_food
FTS Pickleball,30.0321294,-95.6412718,pitch
Fast Track Swimming,30.0319765,-95.6412712,sports_centre
Restoration Smiles,30.088953,-95.6330547,dentist
T-Mobile,30.0888166,-95.6328366,mobile_phone_shop
Montalbano Lumber,29.8506613,-95.4111452,doityourself
La Cocina,29.9971986,-95.4071753,fast_food
Imperial Salons,29.9970473,-95.4084839,beauty_shop
Pasadena Convention Center,29.6485357,-95.1136155,tourist_info
Boost Mobile,29.8286743,-95.3391871,mobile_phone_shop
iShine Katy,29.8310207,-95.7757402,car_wash
Laredo Taco Company,29.8309079,-95.7740741,fast_food
Chick-fil-A,29.8746524,-95.7591525,fast_food
McDonald's,29.875765,-95.7614368,fast_food
Sonic,29.832054,-95.7908221,fast_food
Houston Methodist,30.0883752,-95.6377703,doctors
Elite Inn & Suites,29.9728011,-95.4188358,motel
Al Eman Halal Meat and Indo-Pak & Middle Eastern Grocery,30.007207,-95.5476205,supermarket
Zara's Mediterranean Kitchen On Louetta Rd,30.0073556,-95.5477519,restaurant
Taco Bell,29.7757054,-95.3818899,fast_food
Federal American Grill,29.7836221,-95.5046296,restaurant
Texas ENT Specialists - Memorial Villages,29.7835273,-95.5046313,doctors
Berkeley Eye Center - Memorial Villages,29.7834521,-95.5046334,doctors
Memorial Plastic Surgery,29.7833755,-95.5046385,doctors
Corner Stop,29.8193994,-95.4561517,convenience
Watonga Bat Sighting Spot,29.8381889,-95.4564915,viewpoint
Pearsall Pediatrics,29.6765136,-95.4253354,doctors
Bake Me Happy Bakery,30.0375071,-95.6067199,bakery
Mi Cocina,29.7419019,-95.4521573,restaurant
Cricket Wireless,29.8800497,-95.6088781,mobile_phone_shop
Sirenita,29.6846202,-95.25445,bar
One Stop,29.6844456,-95.2542897,convenience
Cricket Wireless,29.5459611,-95.1073315,mobile_phone_shop
SIXT Rent a Car Houston Airport,29.9691277,-95.3351376,car_rental
Old School Burger,29.7680797,-95.7511521,fast_food
Mari's Hair Design,29.6812771,-95.1934567,hairdresser
St. Thomas High School,29.7618643,-95.4080353,memorial
Dairy Queen,29.5559459,-95.1359385,fast_food
Love's,29.7075305,-95.0929093,convenience
McDonald's,29.707375,-95.09283,fast_food
Chester's,29.7075102,-95.0929975,fast_food
Pat's Travel Center,29.6737563,-95.0284375,convenience
Plaza Hotel,29.6736177,-95.0284155,motel
The Dump,29.9124065,-95.4163875,furniture_shop
Cavo Coffee,29.7252542,-95.4194939,cafe
Jack in the Box,29.9664432,-95.4030131,fast_food
Metro by T-Mobile,29.9655431,-95.3987112,mobile_phone_shop
Subway,29.9655547,-95.3981184,fast_food
Hartz Chicken Buffet,30.0215442,-95.3807618,fast_food
Grinder's Coffee Bar,29.7234191,-95.4187899,cafe
Starbucks,30.0998722,-95.4423148,cafe
Common Bond Bistro and Bakery,30.0985349,-95.4419716,bakery
Starbucks,29.7809772,-95.5389977,cafe
Sult'an Pepper,29.7802462,-95.5398359,restaurant
Sbarro,29.7803719,-95.5402275,fast_food
Taco Bell,29.7806827,-95.5397782,fast_food
Auntie Anne's,29.7808945,-95.5419367,fast_food
Houston Heights,29.7771886,-95.3973795,memorial
Credence,29.7828286,-95.5329755,restaurant
Sidebar,29.7829605,-95.5329691,bar
Texas Children's Pediatrics,29.7377958,-95.4181294,doctors
Memorial Eye,29.7812609,-95.3970341,optician
Boost Mobile,29.8130452,-95.3828194,mobile_phone_shop
Cowboy Surfer Kingwood,30.0614964,-95.2471801,bar
Mr. Express,29.8449289,-95.377978,convenience
Freshwash Washateria,29.8449243,-95.3781737,laundry
Next Level Urgent Care,30.073455,-95.5011303,clinic
Houston Eye Associates,30.0734591,-95.5007788,doctors
Crust Pizza Co,30.073452,-95.5004146,restaurant
Raise The Roost,29.9658376,-95.283138,fast_food
Laredo Taco Company,29.9657576,-95.2831643,fast_food
Big Max's Pizza,29.9674701,-95.2851929,fast_food
Hunt Brothers Pizza,29.854905,-95.5336363,fast_food
Spring Food park,30.0823207,-95.466342,restaurant
Teague's Bar-B-Que,30.0821509,-95.4678866,restaurant
I Don't Know Yet Lounge,30.08215,-95.468198,bar
Save A Step,30.0822647,-95.4684491,beverages
El Parrillero Catracho,30.082073,-95.4686152,restaurant
Church's Chicken,29.9180636,-95.6691783,fast_food
Box Agency,29.7534339,-95.6100337,supermarket
Brewingz,29.8480022,-95.3936806,fast_food
Legacy Community Health,29.8479952,-95.3933614,doctors
It's Fashion Metro,29.8480115,-95.3930932,clothes
Hibbett Sports,29.8480022,-95.3926265,sports_shop
Crazy Boss,29.8480208,-95.391972,clothes
Starbucks,30.1022299,-95.5073526,cafe
Roma Norte,29.7713851,-95.3824326,cafe
Flying J,29.7712479,-95.1252296,convenience
Boost Mobile,29.8702776,-95.3243033,mobile_phone_shop
The Kennedy Houston,29.7574326,-95.3999421,restaurant
Primetime,29.7447793,-95.3437317,convenience
Denny's,29.736547,-95.5154859,restaurant
Krazy Katsu & Udon,29.7365464,-95.5150276,restaurant
Top Sushi,29.7365462,-95.5149309,restaurant
Sellers Brothers,29.871669,-95.3625831,supermarket
Victoria's Natural Market,30.0404552,-95.7324551,greengrocer
Viet Hoa International Foods,29.6886664,-95.5604635,supermarket
Bon KBBQ,29.6876488,-95.5586541,restaurant
Wells Fargo,29.689118,-95.558484,bank
Mia Bella Trattoria,29.9947187,-95.5719688,restaurant
The Chef's Table,29.9943351,-95.572112,restaurant
Dedicated Senior Medical Center,29.8597835,-95.405938,clinic
Ostioneria 59,29.6511492,-95.5696065,restaurant
Texas Garden Materials,29.6747675,-95.6106172,garden_centre
Top Shelf,29.9034365,-95.5441134,beverages
West Road Washateria,29.9034308,-95.5442616,laundry
La Jaquerita,29.9031046,-95.5435546,fast_food
Drop-In,29.6758783,-95.3219736,convenience
British Consulate,29.7533159,-95.3657511,embassy
Bagel Bob's NYTX,29.7785107,-95.6068334,cafe
Swarovski,29.7812711,-95.5398304,jeweller
Hello Franki,29.7815062,-95.5391893,clothes
Francesca's,29.7813479,-95.5391545,clothes
Zales,29.7813805,-95.538956,jeweller
Bistro Thai,29.7810155,-95.5399095,restaurant
Salata,29.7804801,-95.5398075,fast_food
McDonald's,29.7804056,-95.5400355,fast_food
Totally Tea,29.7801449,-95.5398129,cafe
Pokeworks,29.8161817,-95.4108206,fast_food
Nundini's Chef Table,29.7804197,-95.4089742,restaurant
123 Dry Cleaners & Alteration,29.80566,-95.4105589,laundry
Circle K,29.7994495,-95.409717,convenience
Legacy Community Health – Baytown Garth,29.7608667,-94.978546,clinic
MOD Pizza,29.794324,-94.9795505,fast_food
Texas Truck Stop,29.7691959,-95.2681495,convenience
Julia's Taco,29.8500668,-95.4884762,restaurant
Mills Dental Group,29.7684682,-95.6424722,dentist
Statue of Union,29.6700827,-95.6191633,artwork
Brooklyn's Market,29.8012003,-95.4312615,market_place
L.A. Art Nails,29.8012049,-95.4310632,beauty_shop
JN Hair Salon,29.8012108,-95.4308081,hairdresser
Snack Shop,29.8011776,-95.4296955,convenience
Smoothie Strong,29.8026161,-95.4291259,fast_food
Premier Fine Wine & Spirits,29.8024341,-95.4279718,beverages
Nails by April,29.8024165,-95.4277817,beauty_shop
My Salon Suite,29.8022073,-95.4276969,beauty_shop
Northline Motel,29.8481078,-95.3849325,motel
Pho Ton,29.9970628,-95.5995605,restaurant
Fiesta Dentistry,29.7756469,-95.3111512,dentist
Shotwell Clinica Hispana,29.775704,-95.3111522,clinic
Cricket Wireless,29.7761331,-95.3112324,mobile_phone_shop
Jefferson Dental Clinic,29.7763788,-95.3112324,dentist
Carrera Dental & Braces,29.7767315,-95.3124146,dentist
Metro by T-Mobile,29.776828,-95.3122656,mobile_phone_shop
Boost Mobile,29.7768316,-95.3119942,mobile_phone_shop
Lyons Washateria,29.7767761,-95.3106305,laundry
Lyons Discount Cleaners,29.7767763,-95.310769,laundry
Pitstop,29.8320315,-95.2837892,convenience
McDonald's,29.8003257,-95.2675557,fast_food
McDonald's,29.7773713,-95.1239742,fast_food
McDonald's,29.8103519,-95.3178682,fast_food
McDonald's,29.8485116,-95.2148221,fast_food
Urban Bird Hot Chicken,29.7863896,-95.7453678,fast_food
Collectors Auto,29.7897726,-95.72515,car_dealership
Subway,29.7601119,-95.7329043,fast_food
Mr. Donut & Kolaches,29.7600902,-95.7327693,fast_food
Anna's Beautiful Nails,29.7601126,-95.7331567,beauty_shop
Hair by Mina,29.7601298,-95.7332296,hairdresser
Magic Cup,29.704098,-95.5848236,cafe
The Kitchen,29.9881664,-95.3384135,restaurant
Urban Crave Bar and Grill,29.9892323,-95.3386915,restaurant
Salata,29.9037246,-95.5514524,fast_food
Norhill Historic District,29.8035825,-95.387924,tourist_info
Wingstop,30.0389711,-95.4870677,fast_food
McDonald's,29.8471295,-95.3432946,fast_food
McDonald's,29.7309457,-94.9573939,fast_food
McDonald's,29.8488637,-95.3030301,fast_food
McDonald's,29.6587854,-95.3557593,fast_food
McDonald's,29.7469546,-95.5724538,fast_food
McDonald's,29.7835483,-95.5752648,fast_food
McDonald's,29.8623549,-95.47307,fast_food
McDonald's,29.8313248,-95.5626142,fast_food
McDonald's,29.7358819,-95.606867,fast_food
McDonald's,29.9091573,-95.5842818,fast_food
McDonald's,29.6889453,-95.6211782,fast_food
McDonald's,29.5474442,-95.0999548,fast_food
McDonald's,29.7279191,-95.4189591,fast_food
McDonald's,29.7034211,-95.587031,fast_food
McDonald's,29.9471359,-95.6279994,fast_food
McDonald's,29.9685005,-95.6903189,fast_food
McDonald's,29.9430518,-95.7156621,fast_food
McDonald's,29.9621212,-95.6506337,fast_food
McDonald's,30.0991853,-95.5934239,fast_food
McDonald's,29.9598532,-95.4776466,fast_food
McDonald's,30.0659325,-95.4034346,fast_food
McDonald's,30.0566484,-95.5743537,fast_food
McDonald's,29.9191713,-95.6867367,fast_food
McDonald's,30.0222461,-95.5223527,fast_food
Subway,29.983439,-95.5666354,fast_food
Dunkin',30.0125364,-95.5989549,fast_food
Whataburger,29.8747181,-95.7605118,fast_food
Taco Bell,29.8757887,-95.7626336,fast_food
Avis,29.8152969,-95.7734399,car_rental
Subway,29.8734252,-95.7749064,fast_food
Platium Inn,29.820796,-95.7704679,motel
Budget,29.8153208,-95.7735015,car_rental
Restaurante Azucena,29.6552189,-95.5306541,restaurant
United Sisters,29.655011,-95.5294637,restaurant
Subway,29.6817878,-95.5603042,fast_food
Boost Mobile,29.6818299,-95.5605938,mobile_phone_shop
Total by Verizon,29.6818011,-95.5603764,mobile_phone_shop
Chase,29.7159248,-95.4974244,bank
Common Grounds Uncommon Coffee,29.7548241,-95.3609114,cafe
Aga's Restaurant & Catering,29.6491714,-95.567545,restaurant
Dak & Bop,29.7216501,-95.3824228,restaurant
Wanna Bao,29.7477061,-95.3802166,restaurant
Corkscrew BBQ,30.0806765,-95.420013,restaurant
Candente,29.7341782,-95.39297,restaurant
New Heights Coffee Roasters,29.7864805,-95.3881274,cafe
El Kiosko,29.6446724,-95.5078587,cafe
First Community Credit Union,30.0868035,-95.5318493,bank
Little Caesars Pizza,29.8092988,-95.1593893,fast_food
Cliff's Burger Grill,29.7486778,-95.4863726,restaurant
Urbach Pediatric Dentistry,29.7295339,-95.4123308,dentist
Frost Bank,29.7698554,-95.1816653,bank
Chase,29.769834,-95.1809078,bank
Adriatic Cafe,29.8903467,-95.581946,restaurant
None,29.8906537,-95.5823283,clinic
TECU Credit Union,29.9104292,-95.7273081,bank
None,29.9103776,-95.7256629,clinic
Rent-A-Center,29.7728728,-95.1876581,department_store
Java Owl Coffee House,29.5471584,-95.0989904,cafe
Ca Phe Phin,29.5476095,-95.0991574,cafe
Akimi,29.5477362,-95.0992194,restaurant
Office Depot,29.6525253,-95.1509358,stationery
Bel Furniture,29.6519565,-95.1499112,furniture_shop
Copperfield's Book Shop,30.0142136,-95.5376482,bookshop
East West Bank,29.7035867,-95.5697308,bank
Leasing office/Locker,29.6614659,-95.1726785,post_box
Cutten Kitchen,29.9665832,-95.5318549,restaurant
Katy Pointe Pool,29.8335757,-95.7933136,swimming_pool
Katy Pointe Park,29.8333051,-95.7930385,park
Pho Ben,29.7882928,-95.4107972,restaurant
Ranchero King Buffet,29.7848842,-95.4750861,restaurant
Shabu Town,29.7682334,-95.7501913,restaurant
Copenhagen European Kitchen & Bakery,29.7680901,-95.7513521,restaurant
Jollibee,29.6934827,-95.4146275,fast_food
The Baker's Son By Valerio's,29.6929372,-95.4146936,bakery
Max's Restaurant,29.6931788,-95.4143135,restaurant
Antonio's Grill,29.6930735,-95.4143108,restaurant
Houston Graffiti Park,29.7473614,-95.3590698,artwork
The Original Neal's Restaurant,30.0737948,-95.492772,restaurant
Accessible Family Clinic,30.0737312,-95.4924708,clinic
An's Nail Spa,30.0736477,-95.4921744,beauty_shop
The Hair Studio,30.073633,-95.4921159,hairdresser
Arcus Uniform,29.9251292,-95.3611817,clothes
Now & Forever,29.6623415,-95.6183378,convenience
Spark,29.6617075,-95.6202368,convenience
Pitstop,29.6625419,-95.6200008,convenience
Big Mart,29.6759577,-95.5495667,convenience
Big Washateria,29.6761045,-95.5495441,laundry
Walgreens,29.6789753,-95.6032272,pharmacy
Moo House Cafe,30.0229596,-95.5269881,cafe
Vina Deli,30.0228503,-95.5268565,restaurant
Elite Dry Clean,30.0227536,-95.5267291,laundry
Little Caesars,30.0228054,-95.5267951,fast_food
Walgreens,30.0056613,-95.2961672,pharmacy
Walgreens,29.7759338,-95.3163518,pharmacy
Dan's Seafood & Wings,29.8042361,-95.182774,restaurant
Cobb Sixth Grade Campus,29.821302,-95.1808091,school
Bimal S. Mehta DDS PA,29.7368685,-95.4806767,dentist
"Coco Crepes, Waffles & Coffee",29.7337468,-95.4264591,restaurant
Zoa Moroccan Kitchen,29.7337487,-95.4266476,restaurant
Taqueria Aguascalientes,29.7003895,-95.2775356,restaurant
El Mariachi Mexican Bar & Grill,30.1264728,-95.5546677,restaurant
Champions Pediatric Associates,30.1270349,-95.5546071,doctors
Jade Garden,30.1267181,-95.5545859,restaurant
Eva Nales & Spa,30.1267714,-95.5545859,beauty_shop
Tiger Noodle House,29.9531244,-95.5854795,restaurant
Academy Sports + Outdoors,29.7685768,-95.1882775,sports_shop
Tapioca Master,29.9527004,-95.5853839,cafe
Beyond Nails,29.9527531,-95.5853954,beauty_shop
None,29.9528952,-95.5844066,clinic
Sharetea,29.9545283,-95.5434444,cafe
Sprinkles Houston Rice Village,29.7157,-95.4175764,restaurant
Lululemon,29.7153317,-95.418076,clothes
LoveSac,29.715342,-95.4169557,furniture_shop
Mizzen+Main,29.715342,-95.4177431,clothes
Luminary Lifestyle,29.7153376,-95.4178833,clothes
Pizza Hut,30.0386195,-95.4877012,restaurant
Augustine Celaya House,29.79008,-95.82011,memorial
Benjamin Apartments,29.7465,-95.3697,memorial
Prehistoric Indian Campsite,29.59223,-94.99423,memorial
Harris County Boys' School Archeological Site,29.5678,-95.06913,memorial
Webster Presbyterian Church,29.56797,-95.06903,memorial
Wooster Common School No. 38,29.78225,-94.9649,memorial
New Washington,29.67168,-95.00667,memorial
Site of Lubbock Ranch,29.66542,-95.27287,memorial
Matthew Burnett Homesite,29.95432,-95.64836,memorial
Moore Log House,29.7715,-95.56983,memorial
Morgan's Point Cemetery,29.67863,-94.99257,memorial
Bay Ridge / Morgan's Point,29.66993,-94.99545,memorial
Saint Mary's Seminary,29.65587,-95.00997,memorial
La Porte,29.65275,-95.0245,memorial
Ritson Morris and Elmwood Plantation,29.57055,-95.01603,memorial
The Governor Ross Sterling Mansion,29.66948,-94.99585,memorial
Lambrecht's Artesian Well,29.99925,-95.25758,memorial
Site of the Home of Dr. George Moffit Patrick,29.69883,-95.12398,memorial
Lynchburg Town Ferry,29.76507,-95.07725,memorial
K'Nesseth Israel Synagogue,29.73383,-94.96815,memorial
Bell Prairie,29.70028,-94.94215,memorial
Bayland Orphans Home,29.7131,-94.99352,memorial
Bayland Guards,29.71312,-94.99354,memorial
Confederate Naval Works at Goose Creek,29.71311,-94.99353,memorial
Humble Cemetery,29.99318,-95.25803,memorial
Ellington Field,29.60273,-95.17447,memorial
Harris County,29.76143,-95.35912,memorial
Houston Cotton Exchange and Board of Trade,29.7634,-95.36118,memorial
Origins of Freedman's Town,29.7579015,-95.3751098,memorial
Augustus Chapman Allen,29.75763,-95.37899,memorial
Amos B. Edson,29.75762,-95.37882,memorial
"Holland Lodge No. 1, A.F. & A.M. of Texas",29.72893,-95.39083,memorial
Holcombe House,29.70625,-95.39147,memorial
Gravesite of John Kirby Allen,29.75765,-95.37896,memorial
Houston Yacht Club,29.61773,-95.00223,memorial
"Sweeney, Coombs & Fredericks Building",29.76207,-95.36073,memorial
St. Paul's United Methodist Church,29.72627,-95.38893,memorial
The Kennedy Bakery,29.76307,-95.3619,memorial
Pillot Building,29.76163,-95.36005,memorial
Old Market Square,29.76278,-95.36187,memorial
Harris County Courthouse of 1910,29.76122,-95.35993,memorial
Sam Houston Park,29.7596,-95.37077,memorial
Ancient Order of Pilgrims,29.75965,-95.37177,memorial
Sons of the Republic of Texas,29.75965,-95.37178,memorial
Hogg Building,29.76285,-95.36397,memorial
Auditorium Hotel,29.76157,-95.365,memorial
Magnolia Brewery Building,29.76417,-95.36192,memorial
Houston Public Library,29.7592,-95.36892,memorial
Julia Ideson Building,29.75893,-95.36903,memorial
Annunciation Church,29.75658,-95.35738,memorial
Daughters of the Republic of Texas,29.75638,-95.35788,memorial
Houston Fire Station No. 7,29.74748,-95.37492,memorial
The Waldo Mansion,29.74078,-95.38508,memorial
Courtlandt Place,29.7435959,-95.3820972,memorial
Myers-Spalti Manufacturing Plant,29.7602,-95.34692,memorial
"Houston City, Republic of Texas",29.76003,-95.37032,memorial
First Airplane Flight Over Texas,29.66423,-95.23262,memorial
Old Harrisburg,29.71618,-95.27762,memorial
"Blue Triangle Branch, Y. W. C. A. Building",29.73563,-95.35735,memorial
Twentieth-Century Development of Freedman's Town,29.75338,-95.38545,memorial
Pillot House,29.76068,-95.37192,memorial
San Felipe Cottage,29.7606,-95.37172,memorial
Bellaire Streetcar Line,29.70582,-95.46737,memorial
Bellaire Presbyterian Church,29.70537,-95.46712,memorial
Bellaire,29.703,-95.46808,memorial
Forum of Civics,29.74213,-95.4179,memorial
Humble Oil & Refining Company,29.75475,-94.99613,memorial
Homesite (Point Pleasant) of William Scott,29.74018,-95.02625,memorial
Wade and Mamie Irvin House,29.6703,-94.99453,memorial
"Humble Lodge No. 979, A.F. & A.M.",29.99778,-95.26428,memorial
City of Humble,29.99883,-95.26718,memorial
Bear Creek Methodist Church and Cemetery,29.8143,-95.64518,memorial
Isaac L. Jaques,29.75403,-95.08918,memorial
Christ Church Cathedral,29.75947,-95.36139,memorial
Houston Bar Association,29.76118,-95.36013,memorial
First United Methodist Church of Houston,29.75427,-95.36755,memorial
Antioch Missionary Baptist Church,29.75641,-95.37196,memorial
"Site of the Organization of Lady Washington Chapter, NSDAR",29.76033,-95.36291,memorial
Horace Dickinson Taylor,29.7639,-95.36509,memorial
Thomas William House,29.76119,-95.36806,memorial
"Democratic National Convention, 1928",29.76198,-95.36913,memorial
"Thomas William House, Jr.",29.75737,-95.36173,memorial
Nichols-Rice-Cherry House,29.75923,-95.37188,memorial
Gulf Building,29.75931,-95.36419,memorial
St. Joseph Hospital,29.74751,-95.3663,memorial
Merchants and Manufacturers Building,29.76566,-95.35924,memorial
Astrodome,29.68448,-95.40916,memorial
Trinity Episcopal Church,29.73988,-95.37824,memorial
San Jacinto High School,29.73776,-95.3763,memorial
Temple Beth Israel,29.73734,-95.37518,memorial
First Evangelical Church,29.73829,-95.37563,memorial
The Houston Light Guard,29.73591,-95.37795,memorial
Houston Light Guard Armory,29.73605,-95.37807,memorial
Site of Confederate Prison Compound,29.76671,-95.35967,memorial
de Zavala Plaza,29.75358,-95.08986,memorial
"League of United Latin American Citizens, Council 60",29.74584,-95.38145,memorial
Washington Cemetery,29.76495,-95.38834,memorial
First United Methodist Church of Humble,29.99627,-95.25924,memorial
Moonshine Hill,29.99952,-95.23383,memorial
Anson Jones,29.76561,-95.38538,memorial
Colonel Benjamin Franklin Terry,29.76495,-95.38571,memorial
Houston Cemetery Company,29.7684,-95.38629,memorial
Houston Heights,29.77719,-95.39736,memorial
Eugene Thomas Heiner,29.76654,-95.3873,memorial
Charlotte Marie Baldwin Allen,29.76479,-95.38713,memorial
William Gammell,29.76635,-95.38875,memorial
Ellis Benson,29.76545,-95.38844,memorial
Gustav August Forsgard,29.76482,-95.38735,memorial
"David Finney Stuart, M.D.",29.76525,-95.38522,memorial
James S. and Alfred T. Lucas,29.76523,-95.38545,memorial
The Rev. William M. Tryon,29.76507,-95.38538,memorial
Archibald Wynns,29.7648,-95.3869,memorial
Edwin Fairfax Gray,29.76471,-95.38697,memorial
Irvin Capers Lord,29.765,-95.38627,memorial
Belle Sherman Kendall,29.76591,-95.38588,memorial
Caspar Braun,29.76688,-95.38592,memorial
James Robert Cade,29.76637,-95.38669,memorial
Darius Gregg,29.76616,-95.38647,memorial
Site of Old Houston Academy,29.75669,-95.36029,memorial
First Presbyterian Church of Houston,29.72706,-95.38889,memorial
Clayton House,29.7259,-95.38618,memorial
"Clayton, W. L. and Susan",29.7257,-95.38652,memorial
The Garden Club of Houston,29.72471,-95.39076,memorial
Battle of San Jacinto,29.71505,-95.08978,memorial
Texas Army Attacked in Four Divisions,29.7151,-95.08978,memorial
Teas Nursery Company,29.70634,-95.45085,memorial
"West University Place, City of",29.71468,-95.43788,memorial
Crown Hill Cemetery,29.72094,-95.22015,memorial
"Mexican Cavalry, Battle of San Jacinto",29.72395,-95.0896,memorial
"Within A Few Minutes, Battle of San Jacinto Site",29.74019,-95.08982,memorial
"Will You Come to the Bower, Battle of San Jacinto",29.73202,-95.08995,memorial
"Site of Battle of San Jacinto, 1836",29.732,-95.08995,memorial
One Mile Northeast to Site of Lynch's Ferry,29.76186,-95.08081,memorial
Freeman Wilkinson,29.75413,-95.08906,memorial
Peter Jefferson Duncan,29.75356,-95.08976,memorial
Allen Ranch,29.71198,-95.21947,memorial
Mrs. Rebecca Lamar,29.75777,-95.37897,memorial
David Porter Richardson,29.75774,-95.3791,memorial
James Collinsworth,29.75776,-95.37917,memorial
John R. Reid,29.75774,-95.37925,memorial
John Kirby Allen,29.75776,-95.37934,memorial
George Allen,29.75775,-95.37934,memorial
John W. Moore,29.75766,-95.37944,memorial
Joseph Ehlinger,29.75759,-95.37932,memorial
John Viven,29.75753,-95.37928,memorial
Archibald S. Lewis,29.75763,-95.37918,memorial
Robert Barr,29.75749,-95.37948,memorial
William Daniel Durham,29.75715,-95.37916,memorial
Henry Livingston Thompson,29.75712,-95.37935,memorial
John Richardson,29.75717,-95.37926,memorial
John Cheevers,29.75726,-95.37915,memorial
Eli Noland,29.75716,-95.37887,memorial
Harvey Homan,29.75721,-95.3788,memorial
Major Isaac N. Moreland,29.75751,-95.37888,memorial
William Gammell,29.75741,-95.37895,memorial
Fielding G. Secrest,29.75725,-95.37897,memorial
Moses W. Brigham,29.75721,-95.37907,memorial
William S. Stilwell,29.75716,-95.37898,memorial
"Maybee, Jacob",29.7573,-95.37878,memorial
David Grieves,29.75746,-95.3795,memorial
Jethro Russell Bancroft,29.75744,-95.37942,memorial
Robert W. Montgomery,29.75738,-95.37946,memorial
William C. Swearingen,29.75724,-95.37949,memorial
The Sheridan Apartments,29.74611,-95.37556,memorial
Humble Independent School District,29.99763,-95.26014,memorial
Wunderlich Farm,30.02993,-95.54845,memorial
Kohrville Community,30.02976,-95.54811,memorial
Catherine Wunderlich,30.02946,-95.54798,memorial
The Klein Community,30.0206,-95.52364,memorial
Trinity Lutheran Church Cemetery,30.0469,-95.52188,memorial
Theis (Theiss) Family,30.03459,-95.54238,memorial
Sylvan Beach Pavilion,29.65175,-95.01058,memorial
Abraham Roberts Homesite,30.07927,-95.76035,memorial
Site of New Kentucky,30.07928,-95.76034,memorial
Samuel McCarley Homesite,30.06966,-95.80707,memorial
Rose Hill United Methodist Church,30.06966,-95.70881,memorial
Rose Hill Methodist Church Building,30.06974,-95.70877,memorial
Kleb Family House,30.06928,-95.7398,memorial
Salem Lutheran Cemetery,30.10248,-95.662,memorial
Old Salem Lutheran Church Site,30.09117,-95.66999,memorial
Salem Lutheran School,30.09195,-95.67022,memorial
Houston's First Sit-In,29.73165,-95.37587,memorial
Rice University,29.71929,-95.39656,memorial
Pratt Truss Bridge,29.69643,-95.13699,memorial
Kellum-Noble House,29.75898,-95.37221,memorial
DePelchin Faith Home,29.74918,-95.38282,memorial
"Ashbel Smith, M. D.",29.70572,-94.96188,memorial
Near Home Site of John Peter Sjolander,29.80166,-94.93589,memorial
Grace United Methodist Church,29.79404,-95.39799,memorial
Daniel Denton Cooley,29.80232,-95.39771,memorial
Reagan Masonic Lodge No. 1037 A. F. & A. M.,29.80015,-95.39766,memorial
David Barker House,29.8001,-95.3969,memorial
Heights Church of Christ,29.79983,-95.39713,memorial
Houston Heights Woman's Club,29.80367,-95.39656,memorial
Houston Heights City Hall and Fire Station,29.79259,-95.39864,memorial
First United Methodist Church of Katy,29.78982,-95.82119,memorial
"Cedar Bayou Masonic Lodge No. 321, A. F. & A. M.",29.75502,-94.9281,memorial
"Hall of Cedar Bayou Masonic Lodge No. 321, A. F. & A. M.",29.7551,-94.92788,memorial
Cedar Bayou United Methodist Church,29.75389,-94.92778,memorial
Perry Cemetery,29.96713,-95.57643,memorial
Amos Cemetery,30.01143,-95.58555,memorial
LH7 Ranch,29.77608,-95.68579,memorial
"Gray Lodge No. 329, A. F. & A. M.",29.73786,-95.64827,memorial
Dairy (Alief),29.71227,-95.59244,memorial
Barker Post Office,29.78272,-95.70161,memorial
Alief Cemetery,29.70318,-95.60477,memorial
Saint Paul A. M. E. Church,29.94645,-95.44849,memorial
Pioneer Memorial Log House,29.71204,-95.39369,memorial
Fondren Mansion,29.7416841,-95.3914862,memorial
Contributions to the Texas Rice Industry by Seito and Kiyoaki Saibara,29.54476,-95.10744,memorial
Maurice Joseph Sullivan,29.72743,-95.386,memorial
City of Pasadena,29.71068,-95.20996,memorial
Deer Park,29.69929,-95.12435,memorial
Enoch Brinson & Pecan Grove Plantation,29.6929,-95.04792,memorial
Humphrey Jackson,29.88283,-95.06974,memorial
Humphrey and Sarah Merriman Jackson,29.90808,-95.06807,memorial
Lee College,29.73261,-94.97826,memorial
Oakland,29.78891,-95.04825,memorial
Lynch's Ferry,29.7895,-95.05775,memorial
Robert E. Lee High School,29.73146,-94.98651,memorial
George Washington Carver High School,29.72638,-94.97858,memorial
Pasadena Independent School District,29.7089,-95.21149,memorial
White Cemetery,29.85546,-95.05921,memorial
Harrison Barrett,29.87639,-95.07145,memorial
Sampson Masonic Lodge No. 231 A. F. & A. M.,29.81358,-95.05842,memorial
Lynchburg Cemetery,29.7677,-95.07191,memorial
First Baptist Church of Houston,29.78264,-95.46064,memorial
"Gov. John B. Connally, Jr. Home",29.74331,-95.42621,memorial
"Hugo Victor Neuhaus, Jr. House",29.75596,-95.41686,memorial
Edward K. T. Chen,29.72613,-95.55389,memorial
Booker T. Washington High School,29.82149,-95.39933,memorial
Independence Heights,29.82068,-95.39395,memorial
Galilee Missionary Baptist Church,29.85987,-95.42751,memorial
Acres Homes Community,29.86347,-95.42831,memorial
Greater Ward A.M.E. Church,29.86296,-95.42511,memorial
Hidalgo Park Quiosco,29.74663,-95.29722,memorial
George Washington Carver High School,29.87096,-95.4452,memorial
Saint John United Church,29.83629,-95.46207,memorial
Spring Creek County,30.10251,-95.65249,memorial
Pillot Family,30.09952,-95.62018,memorial
Griffin Memorial House,30.09953,-95.62024,memorial
"Texas Railroads, C. S. A.",30.09726,-95.61349,memorial
Zion Lutheran Cemetery,30.1366,-95.57005,memorial
Pillot Cemetery,30.0644,-95.60392,memorial
"Rutherford B. H. Yates, Sr., House",29.75584,-95.3809,memorial
The Reverend Ned P. Pullum,29.75573,-95.38116,memorial
J. Vance Lewis,29.75587,-95.38141,memorial
"New Zion Temple Church - Worldwide Fellowship, Inc.",29.75508,-95.38315,memorial
Holy Cross Mission (Episcopal),29.72007,-95.27989,memorial
Lorenzo de Zavala,29.73721,-95.2895,memorial
W. L. Foley Building,29.76306,-95.36154,memorial
St. James United Methodist Church,29.75598,-95.3813,memorial
Macedonia Missionary Baptist Church,29.75508,-95.3814,memorial
Magnolia Park,29.73771,-95.28805,memorial
Mt. Carmel Missionary Baptist Church,29.7551,-95.37864,memorial
Sam (Lightnin') Hopkins,29.73324,-95.36585,memorial
Jerusalem Missionary Baptist Church,29.73736,-95.36512,memorial
Jordan Grove Missionary Baptist Church,29.73465,-95.36216,memorial
Trinity United Methodist Church,29.73128,-95.36488,memorial
Bethel Baptist Church,29.75575,-95.37612,memorial
St. John Missionary Baptist Church,29.73752,-95.36275,memorial
Dr. Benjamin Jesse Covington and the Covington House,29.74006,-95.36041,memorial
Fourth Missionary Baptist Church,29.73908,-95.3574,memorial
Mt. Zion Missionary Baptist Church,29.73837,-95.35801,memorial
Greater Zion Missionary Baptist Church,29.73652,-95.35265,memorial
Trinity East United Methodist Church,29.73751,-95.36156,memorial
Grand Court Order of Calanthe of Texas,29.73868,-95.36154,memorial
Gribble-Hofheinz House,29.66717,-94.99953,memorial
Aldine,29.93343,-95.37618,memorial
Immanuel United Church of Christ of Spring,30.07948,-95.42242,memorial
Spring,30.07888,-95.42144,memorial
Spring Cemetery,30.0788,-95.41373,memorial
Wunsche Bros. Saloon and Hotel,30.07925,-95.41752,memorial
San Jacinto Chapter of the Daughters of the Republic of Texas,29.71207,-95.39371,memorial
Roy and Lillie Cullen Building,29.71068,-95.39656,memorial
James L. Autry House,29.71614,-95.39691,memorial
Cypress,29.97015,-95.69858,memorial
St. John Lutheran Cemetery,30.01373,-95.71317,memorial
St. John Lutheran Church,29.98326,-95.65795,memorial
Baytown Post Office,29.73378,-94.97007,memorial
Magnolia Park City Hall and Central Fire Station,29.737,-95.29472,memorial
"Site of General Offices, Buffalo Bayou, Brazos & Colorado Railroad",29.72188,-95.27765,memorial
Damascus Missionary Baptist Church,29.77004,-95.39206,memorial
Olivewood Cemetery,29.77362,-95.39264,memorial
Captain William Plunkett Harris,29.59866,-94.98669,memorial
Texan Capture of Mexican Dispatches (San Jacinto),29.70575,-95.46445,memorial
Camp Logan,29.7701,-95.42729,memorial
Prairie Grove Cemetery,29.68367,-95.62275,memorial
Hamilton Shirts,29.73188,-95.47866,memorial
The City of Katy,29.78742,-95.82238,memorial
McDougle Cemetery,30.03527,-95.53256,memorial
Persons Known to Have Been Buried in de Zavala Cemetery,29.75358,-95.08987,memorial
Houston Infirmary,29.76665,-95.36815,memorial
1840 Houston City Cemetery,29.76849,-95.36793,memorial
Jefferson Davis Hospital,29.76865,-95.36787,memorial
Gregory School,29.75398,-95.38124,memorial
"KUHT-TV, Channel 8",29.72651,-95.3393,memorial
Chinese Texans and Civil Rights,29.69484,-95.49685,memorial
St. Andrew's Episcopal Church,29.80267,-95.39818,memorial
St. Luke Missionary Baptist Church,29.76895,-95.41627,memorial
St. Thomas High School,29.76186,-95.40803,memorial
College Memorial Park Cemetery,29.75683,-95.40484,memorial
"Rev. John ""Jack"" Henry Yates",29.75675,-95.40528,memorial
"John Sessums, Jr.",29.756,-95.40588,memorial
Magnolia Cemetery,29.75952,-95.39296,memorial
Bering Memorial United Methodist Church,29.74136,-95.39719,memorial
Link-Lee House,29.73819,-95.39148,memorial
Felix Tijerina,29.74483,-95.39064,memorial
The Blue Bird Circle,29.73859,-95.38748,memorial
South Main Baptist Church,29.73628,-95.38254,memorial
Gilmer-Cage-Cohn House,29.74053,-95.38537,memorial
Louis Wiltz Kemp,29.74052,-95.38478,memorial
Harper House,29.74235,-95.38365,memorial
Edmundson House,29.74635,-95.38243,memorial
A. M. Armand House,29.74636,-95.38255,memorial
Edward & Katharine Jackson House,29.74634,-95.3827,memorial
Mount Vernon United Methodist Church,29.7747,-95.34208,memorial
Peacock Records,29.77596,-95.32897,memorial
First Shiloh Missionary Baptist Church,29.77604,-95.32506,memorial
Mount Pleasant Baptist Church,29.7778,-95.32131,memorial
Huelga Schools,29.77822,-95.3669,memorial
Hollywood Cemetery,29.79,-95.37133,memorial
Hortense Sparks Malsch Ward,29.79033,-95.36831,memorial
St. Mark's United Methodist Church,29.79043,-95.37774,memorial
Emmanuel Baptist Church,29.79863,-95.37814,memorial
Zion Lutheran Church,29.79054,-95.37408,memorial
Woodland Heights Community,29.78757,-95.37428,memorial
Cooley School,29.80059,-95.40146,memorial
Mollie Bailey,29.78965,-95.36267,memorial
Zydeco Music in Frenchtown,29.79366,-95.33904,memorial
The Frenchtown Community,29.7844,-95.33922,memorial
Frost Town,29.76453,-95.35177,memorial
El Barrio del Alacrán,29.76316,-95.35115,memorial
Our Lady of Guadalupe Catholic Church,29.75912,-95.34522,memorial
St. Nicholas Catholic Church,29.74598,-95.35431,memorial
St. John Missionary Baptist Church,29.74196,-95.3605,memorial
Dora B. Lantrip Elementary School,29.74076,-95.33455,memorial
Evergreen Cemetery,29.73853,-95.3209,memorial
Immaculate Conception Catholic Church,29.73373,-95.2966,memorial
Asbury Memorial United Methodist Church,29.72542,-95.2797,memorial
Glendale Cemetery,29.71955,-95.27456,memorial
Roberts Cemetery,30.08015,-95.76453,memorial
Barbara Charline Jordan,29.72192,-95.35742,memorial
Fair Grounds Base Ball Park,29.7463,-95.37574,memorial
"Married Ladies Social, Art and Charity Club",29.72401,-95.38022,memorial
"Third Church of Christ, Scientist",29.72027,-95.37994,memorial
Good Hope Missionary Baptist Church,29.7144,-95.37191,memorial
"George Thomas ""Mickey"" Leland III",29.72204,-95.35736,memorial
The Murals of Hannah Hall,29.72302,-95.36112,memorial
John Thomas Biggers,29.7247,-95.3633,memorial
Pilgrim Congregational United Church of Christ,29.72139,-95.36605,memorial
Genoa United Methodist Church,29.62388,-95.20175,memorial
First United Methodist Church of Pasadena,29.6512,-95.19327,memorial
San Jacinto Community College District,29.662,-95.11488,memorial
Texan Army Crossing of Buffalo Bayou (San Jacinto),29.70905,-95.23764,memorial
Bob Harris Station,29.71242,-95.21077,memorial
Pleasantville,29.76358,-95.27046,memorial
Site of the First White House of the Republic of Texas,29.76127,-95.36138,memorial
Lorenzo de Zavala,29.76209,-95.09203,memorial
Hannah Este Burnet,29.77102,-95.04149,memorial
"Temple Lodge No. 4, A. F. & A. M.",29.67304,-95.44306,memorial
Heritage Presbyterian Church,29.89311,-95.63944,memorial
Ezekial and Mary Jane Miller House,29.74253,-95.38315,memorial
Beth Yeshurun Synagogue,29.68902,-95.45443,memorial
"""Constitution"" Bend",29.74856,-95.29224,memorial
"Thomas H. Ball, Jr.",29.74861,-95.29256,memorial
Houston's Deep-Water Port,29.74847,-95.29251,memorial
Schlobohm Cemetery,29.91641,-95.32809,memorial
Bethany Baptist Church,29.82813,-95.30168,memorial
Harris County Department of Education,29.81586,-95.3605,memorial
Fidelity Schools,29.74452,-95.25148,memorial
Near Site of Isaac Batterson Home,29.73231,-95.24151,memorial
Harrisburg-Jackson Cemetery,29.71538,-95.28224,memorial
Early Deer Park Settlers,29.68681,-95.11907,memorial
The Baytown Sun,29.74348,-94.97567,memorial
J. Robert Neal Estate Garden,29.75482,-95.42089,memorial
Home of Mrs. Margaret McCormick,29.72328,-95.07181,memorial
Almeda,29.61388,-95.43368,memorial
Bayou Bend,29.75779,-95.42069,memorial
BreWingZ,29.7695036,-95.1867132,restaurant
Houstonian Dental,29.729534,-95.4122123,dentist
Paul F. Fortes MD Plastic Surgery,29.7746382,-95.5582017,doctors
Echoes,29.7347692,-95.3900031,bar
Charleys Philly Steaks,29.6812792,-95.4254381,fast_food
Marco's Pizza,29.681179,-95.4255239,fast_food
Kids & Teens Dental Place,29.6810998,-95.425587,dentist
Memorial Hermann Southeast,29.5825591,-95.2082309,hospital
WSS,29.7746495,-95.2330219,shoe_shop
Ojos Locos Sports Cantina,29.7740892,-95.2332741,restaurant
Chase Bank,29.8072238,-95.1676159,bank
Osaka Japanese Steakhouse,29.8066434,-95.1676797,restaurant
Pardo's Beauty Salon,29.7775395,-95.1719663,hairdresser
MIX Resale Shop,29.7772454,-95.1719249,department_store
Kohl's,30.066412,-95.4294574,department_store
Famous Footwear,30.0678474,-95.429902,shoe_shop
Ross,30.0672175,-95.4297018,department_store
Atherton School,29.78986,-95.82227,memorial
Texas Surgical Dermatology PA,30.0722476,-95.5121923,doctors
Sunrise Taquitos,30.0700824,-95.4695778,restaurant
Barber Cuts,30.0700827,-95.4696202,hairdresser
Elegant Nail Spa,30.070083,-95.4696694,beauty_shop
His and Her Hair Design,30.0700298,-95.4732048,hairdresser
Luliet,30.070029,-95.4732988,bakery
Kin Dee Thai Cuisine,29.7985043,-95.4102901,restaurant
Fizz Nails,29.7986022,-95.4103211,beauty_shop
AT&T,29.7987135,-95.41031,mobile_phone_shop
Heights Eye Studio,29.7988364,-95.4103432,optician
Flower Child,29.799013,-95.4103609,restaurant
Via313 Pizzeria,29.7994679,-95.4102813,restaurant
My Melrose,29.7717636,-95.1871113,clothes
Overstock Furniture & Mattress,29.7717709,-95.1875014,furniture_shop
Pitstop,29.832084,-95.2850324,convenience
Payless Food,29.8316513,-95.28485,convenience
Boost Mobile,29.8309312,-95.2837781,mobile_phone_shop
Hartz Chicken Buffet,29.8311174,-95.2837325,fast_food
Burger King,29.8314734,-95.3183931,fast_food
24 Seven,29.8314734,-95.3181839,convenience
Everyday Plus Market,29.8149869,-95.1419705,convenience
Exclusive Wine & Liquor,29.8149516,-95.1420562,beverages
Subway,29.7907557,-95.1575614,fast_food
Hippo Burgers,29.8151862,-95.1413573,fast_food
Verde Garden,29.7568962,-95.3952175,restaurant
Pavón Coffee Den,29.7556397,-95.3950029,cafe
Emma Jane,29.7555722,-95.3954026,restaurant
Frost Bank,29.7565665,-95.3977173,bank
Marco's Pizza,29.7564826,-95.3977415,fast_food
Hunt Brothers Pizza,29.8454863,-94.9885567,fast_food
Subway,29.6217169,-95.5087088,fast_food
Cafe East 8,29.7059063,-95.6423707,restaurant
Rock'em,29.8662337,-95.3839762,clothes
Lush,29.8665439,-95.3839762,laundry
Sam's Gyro House,30.049932,-95.5151354,restaurant
Diamond Food Mart,29.7827903,-95.1138463,convenience
Harbor Freight,30.0070289,-95.4663452,doityourself
Bitty & Beau's,29.7172561,-95.4145783,cafe
Francesca's,29.7149051,-95.4173255,clothes
Crossroads,29.7149035,-95.4173936,clothes
Walmart Pharmacy,29.722365,-95.4653952,pharmacy
IG Cleaners and Postal Plus,30.0393857,-95.4914771,laundry
Visionworks,29.7717644,-95.3988872,optician
Sport Clips,29.7718281,-95.3988741,hairdresser
Jersey Mike's Subs,29.7718961,-95.3988623,fast_food
Nail Time,29.772051,-95.3988643,beauty_shop
Noon Mediterranean,29.7723787,-95.3989127,restaurant
Smilley's,29.793178,-95.5244798,convenience
Starbucks,29.7911075,-95.386598,cafe
Famous Footwear,29.6452437,-95.155267,shoe_shop
Lane Bryant,29.6441042,-95.1557955,clothes
The Children's Place,29.6442191,-95.1557422,clothes
Torrid,29.6438394,-95.1562895,clothes
Hallmark,29.6438282,-95.156751,gift_shop
Little Caesar's,30.0723,-95.5108945,fast_food
FYZICAL Therapy & Balance Centers - Addicks Park Ten,29.7895178,-95.6894484,clinic
Kroger Pharmacy,30.0919426,-95.6338053,pharmacy
Havana & Houston Market,29.7163691,-95.5398828,clothes
Memerial Hermann CoHealth Urgent Care,30.0899043,-95.6322952,clinic
Tomball Smiles Dentistry,30.0899062,-95.6320439,dentist
Barnaby’s Cafe,29.7217089,-95.3825315,restaurant
Northern Tool + Equipment,29.774805,-95.2356277,doityourself
None,29.774573,-95.236945,clinic
Aventura,29.7750601,-95.2367314,dentist
Tacos del Julio,29.7749451,-95.2362264,restaurant
T-Mobile,29.7748724,-95.2359339,mobile_phone_shop
Circle K,29.6848658,-95.3996462,convenience
Hui Lau Shan,29.7392542,-95.4634876,cafe
Lori Kelly Hair Design,29.7131391,-95.468295,hairdresser
Boost Mobile,29.7313733,-95.5008204,mobile_phone_shop
Palm Beach Tan,29.7311877,-95.4837779,beauty_shop
Metro by T-Mobile,29.7373931,-95.5539028,mobile_phone_shop
Subway,29.7295174,-95.5182055,fast_food
Domino's,29.7379339,-95.5266487,fast_food
$1.29 Cleaners,30.0769078,-95.5143162,laundry
Beautiful Life Salon,29.7033801,-95.5533127,hairdresser
Six Ping Bakery,29.703158,-95.5530722,bakery
Hongdae Korean BBQ,29.7035899,-95.5532567,restaurant
Clinica San Rafael,29.705703,-95.5384346,clinic
Tea Top,29.7043187,-95.5534653,cafe
Yumcha Tea & Bakery,29.704329,-95.5529386,cafe
Tiger Den,29.7035384,-95.5533206,restaurant
Fu Fu Restaurant,29.7043193,-95.5532652,restaurant
Le’DRIP Coffee & Tea,29.7043189,-95.5534043,cafe
The Alley,29.7034872,-95.55332,cafe
Bao Shi Yi Bun House,29.7043368,-95.5524391,restaurant
Bellaire Jewelry,29.7043343,-95.5527225,jeweller
Cutting Board Seafood & Pasta,29.7043306,-95.5528615,restaurant
Peking Impression,29.7037115,-95.553331,restaurant
Houston Medical Clinic,29.7042642,-95.5527581,clinic
Secret Salon,29.7033819,-95.5532528,hairdresser
Miss Flower Hotpot,29.7041549,-95.5524248,restaurant
Ellicor,29.7042565,-95.5530885,gift_shop
AtCha,29.703431,-95.5533176,cafe
Friendship BBQ,29.7031514,-95.5532677,restaurant
Tao Rice Roll,29.7043207,-95.5532113,restaurant
Laki Fish,29.7035896,-95.5533239,restaurant
Sharetea,29.7043252,-95.553088,cafe
Jimmy John's,29.7159385,-95.5583408,fast_food
Kamalan Bakery,29.7043325,-95.5527907,bakery
Kung Fu Tea,29.7037697,-95.553331,cafe
Jefferson Dental Clinic,29.7054506,-95.5384311,dentist
Kim Chung Jewelry,29.7064092,-95.5537632,jeweller
Sunright Tea Studio,29.7052944,-95.5550411,cafe
Universe Dental Center,29.70666,-95.5527982,dentist
10X Boba Tea Lounge,29.7058027,-95.5548966,cafe
Gao’s Crab Houston,29.7066555,-95.5530772,restaurant
Golden Care Clinic,29.7066295,-95.554912,clinic
X’s Kitchen,29.7060058,-95.5527117,restaurant
L.A. Myung Dong Kyoja,29.7052481,-95.5545958,restaurant
Jii Fu Cafe,29.7065382,-95.5549115,restaurant
Siinh Sinh Restaurant,29.7052162,-95.553614,restaurant
Yummy Yummy,29.7059132,-95.5548997,restaurant
Taste of China,29.7057466,-95.5527134,restaurant
Golden Dumpling House Chinese,29.706431,-95.5544365,restaurant
Tofu Restaurant,29.7064485,-95.5535736,restaurant
Bing Su Korean Dessert Cafe,29.7051547,-95.5545965,cafe
Möge Tee,29.706161,-95.5527135,cafe
Roce To Meet You,29.7062955,-95.5527204,restaurant
NoriNori,29.7052908,-95.5553679,restaurant
San Chen,29.7054412,-95.5527051,cafe
7 Leaves Cafe,29.7050722,-95.5542408,cafe
Golden Salon,29.7066569,-95.552991,hairdresser
Mr. Wish,29.7054948,-95.5527011,fast_food
bb.q Chicken,29.7064672,-95.5549068,restaurant
China Place Liquor City,29.7061277,-95.5549029,beverages
Tian Tian Chuaner,29.706656,-95.5532217,restaurant
R&B Tea,29.7052926,-95.5551935,cafe
Mikiya Wagyu Shabu House,29.7064435,-95.5545505,restaurant
Ji Bei Chuan,29.7065526,-95.5527176,restaurant
Gao’s BBQ Houston,29.7066589,-95.5528995,restaurant
Dr. Pan,29.7064286,-95.5536735,doctors
Tous les Jours,29.7065478,-95.5539959,bakery
Dim Sum King,29.7050896,-95.5557214,restaurant
Okome Don,29.7050182,-95.5557203,restaurant
Arco Seafood Restaurant,29.7064696,-95.5534617,restaurant
Saigon Pagolac,29.7067887,-95.5507286,restaurant
Mian,29.7057581,-95.5506471,restaurant
Aria Dental,29.7025739,-95.5529953,dentist
Andy Hair Salon,29.7035796,-95.5543166,hairdresser
Xing Fu Tang,29.7026119,-95.5533834,cafe
Juice Box,29.7037507,-95.55432,cafe
Hunan Bistro,29.703166,-95.5528361,restaurant
Jasmine Asian Cuisine,29.7052109,-95.5556987,restaurant
ML2 Hair Design,29.7026085,-95.5537385,hairdresser
Best Vision,29.7026112,-95.5533145,optician
East Wall Restaurant,29.7026242,-95.552452,restaurant
Qi Ao Salon,29.7051482,-95.5557226,hairdresser
Liuyishou Hot Pot,29.7026125,-95.5529954,restaurant
Vinh Hoa,29.7064378,-95.5510396,restaurant
Flavor House,29.703667,-95.5543191,restaurant
Periodontics & Dental Implants,29.7025871,-95.5524989,dentist
Zaza Digital,29.702608,-95.5532413,mobile_phone_shop
Shoo Loong Kan,29.7056122,-95.5506377,restaurant
Crawfish and Beignets,29.7055201,-95.5506348,restaurant
Iwa Ya Teppanyaki & Sushi,29.705423,-95.550635,restaurant
East West Bank,29.7053191,-95.5506294,bank
Sichuan Noodles,29.7026157,-95.5526565,restaurant
Happy Lemon,29.7052866,-95.5555664,cafe
Hui Lau Shan,29.7026108,-95.5535683,cafe
Royal Buffet,29.7061528,-95.5509363,restaurant
Spicy Hunan,29.7026139,-95.5527575,restaurant
Le Lai Catonese Cuisine,29.7059156,-95.5506517,restaurant
Feng Cha,29.7026121,-95.5535059,cafe
Tofu Village,29.7026205,-95.5525549,restaurant
Mensho,29.702614,-95.552803,restaurant
Fu Fu Cafe,29.7039917,-95.5543213,restaurant
Gong Cha,29.7026092,-95.5536248,cafe
HK Dim Sum,29.7037087,-95.5543199,restaurant
Glacier Optical,29.7031642,-95.5529155,optician
Toyori,29.7026151,-95.5527096,restaurant
Midnight Kabob and Seafood,29.7038084,-95.5543222,restaurant
King Bakery,29.7038729,-95.5543228,bakery
Oyster Bar,29.7031638,-95.5527616,restaurant
Tasty Point,29.7026066,-95.5536791,restaurant
Sweet Memes,29.7075318,-95.5503725,cafe
Lu Xiang Village,29.7060662,-95.5522189,restaurant
Ohn,29.7075419,-95.5497599,restaurant
Ishin Udon,29.7075398,-95.5498372,restaurant
Night Market Noodle,29.7075345,-95.5502177,restaurant
Yukdaejang,29.7061335,-95.5522187,restaurant
Dental Care,29.7059553,-95.5522255,dentist
Dipping Tiger,29.7075326,-95.5502986,restaurant
The Morii Coffee,29.7075368,-95.5500006,cafe
Toukei,29.7075384,-95.5499219,restaurant
Saigon Arts Matcha Cafe,29.7062128,-95.5522201,cafe
House of Bowls,29.706285,-95.5522166,restaurant
Salon Per Se,29.70753,-95.5505274,hairdresser
Ichiro Sapporo Ramen,29.7045214,-95.5490108,restaurant
PappaRich Malaysian Delights,29.7045221,-95.5490768,restaurant
Queen Beauty Salon,29.7068467,-95.5504927,hairdresser
Meet Fresh,29.7045192,-95.5499389,restaurant
Chongqing Chicken Pot,29.7045184,-95.5496985,restaurant
Migo Saigon Food Street,29.70452,-95.5498824,restaurant
Two Hands Seoul Fresh Corn Dogs,29.7045187,-95.549765,restaurant
Tiger Sugar,29.7045193,-95.5496227,cafe
Soho Chicken,29.704523,-95.5491506,restaurant
Lao'd District,29.7045204,-95.5494913,restaurant
Hanmi Bank,29.7075379,-95.5519142,bank
Captain Bhang,29.7045191,-95.5498262,restaurant
Popfancy Dessert Bar,29.7045223,-95.5494055,cafe
Tom N Toms Coffee,29.7045223,-95.5493203,cafe
Shi Miao Dao Yunnan Rice Noodle,29.7045234,-95.5492327,restaurant
Honey Pig,29.7065172,-95.5439923,restaurant
Central China,29.7053514,-95.5484113,restaurant
Ming Zi Salon,29.7059414,-95.5478223,hairdresser
Twinkle,29.70546,-95.5445144,cafe
Three Uncles Handmade Toast,29.7055368,-95.5445199,bakery
Dim Sum King,29.7065752,-95.5440062,restaurant
One Dragon,29.7059418,-95.5476897,restaurant
Paris Baguette,29.7057739,-95.5439958,bakery
Shanghai Restaurant,29.7062607,-95.5439911,restaurant
Lucky Bento VIP Cuisine,29.7057082,-95.5465473,restaurant
iTalkBB,29.7053393,-95.5462183,mobile_phone_shop
Jang Choong Dong,29.7061993,-95.5439905,restaurant
Stone Age Street food Chinese BBQ,29.7054754,-95.5465429,restaurant
Fuji Tea,29.7059418,-95.5477544,cafe
Moshi Moshi Gifts & Stationery,29.7057152,-95.5448727,stationery
Susan Hair Styling,29.7057122,-95.5447575,hairdresser
Yǐn Tàng,29.7059414,-95.5478895,restaurant
Dentist 101,29.7065985,-95.5450772,dentist
Hunan Plus,29.7063247,-95.5439922,restaurant
Shabu En,29.7059751,-95.5439927,restaurant
Evergreen Pharmacy,29.7066023,-95.544923,pharmacy
Park Place Pharmacy,29.7053204,-95.5463898,pharmacy
Kyuramen,29.706386,-95.5439913,restaurant
Nikko's Cheesecakes,29.7052824,-95.5445156,bakery
King’s Salon,29.7054755,-95.5484655,hairdresser
Turan Uyghur Kitchen,29.7059364,-95.5480366,restaurant
Pak’s Noodle,29.7064559,-95.5439924,restaurant
None,29.7053111,-95.5488837,doctors
Ma Lu Bian Bian Hot Pot,29.7052658,-95.5436422,restaurant
Fiesta Mart,29.7057347,-95.5395381,supermarket
Elliott’s Table,29.779702,-95.4185011,restaurant
Pizaro's Pizza Napoletana,29.7535635,-95.3919524,restaurant
Starbucks,29.7752596,-95.3906218,cafe
Amegy Bank,29.7058629,-95.4129431,bank
Zalat Pizza,29.7058657,-95.4132546,restaurant
Hotel Saint Augustine,29.7356728,-95.3980574,hotel
We Smile Dental,29.7058327,-95.5350478,dentist
Starbucks,29.7045761,-95.5153536,cafe
Top Florist,29.7053197,-95.5377553,florist
Chuck’s Kitchen,29.705752,-95.5338278,restaurant
Lucky Palace,29.7058349,-95.5348075,restaurant
DaVita Dialysis,29.7057511,-95.5340994,clinic
Hair by Henry,29.7058359,-95.5348852,hairdresser
Sharpstown Dental,29.7054181,-95.5305573,dentist
Metro by T-Mobile,29.7055869,-95.5224068,mobile_phone_shop
Walker Family Practice,29.7057496,-95.5339564,clinic
La Cruderia,29.7053355,-95.5337085,restaurant
Origin Bank,29.7241163,-95.4189677,bank
Total by Verizon,29.7059136,-95.5376211,mobile_phone_shop
Champs Sports,29.7057415,-95.5182424,sports_shop
Tolo Kebab House,29.7045808,-95.5153942,restaurant
Pizza Patron,29.7060588,-95.5376524,restaurant
Boost Mobile,29.7064967,-95.5377533,mobile_phone_shop
The Ranchito #4,29.7056245,-95.5375566,restaurant
Foot Locker,29.705635,-95.5180469,shoe_shop
Happy Lamb Hot Pot,29.7057479,-95.534235,restaurant
Kids Foot Locker,29.7059706,-95.5178687,shoe_shop
Henry's Washateria,29.7057584,-95.5411239,laundry
ChixChixPorkPork,29.7057578,-95.5403786,restaurant
Metro by T-Mobile,29.7069033,-95.5380813,mobile_phone_shop
Pizza Hut,29.7057594,-95.540489,restaurant
Bellaire Dental,29.7057599,-95.5406056,dentist
Cricket Wireless,29.7057626,-95.5402027,mobile_phone_shop
Marleo Salon,29.7057651,-95.540113,hairdresser
Confucius Seafood Restaurant,29.7057595,-95.540958,restaurant
We 100 Concierge Medicine,29.7063382,-95.5562563,doctors
Glo Laser and Med Spa,29.7063954,-95.5562593,beauty_shop
Southwest Heart Clinic,29.7062484,-95.5562574,doctors
Sterling Pharmacy,29.7065315,-95.5562621,pharmacy
JY Family Urgent Care,29.7066093,-95.556261,clinic
Washateria,29.728125,-95.529617,laundry
AT&T,29.7311613,-95.5008213,mobile_phone_shop
Boost Mobile,29.7295961,-95.5209223,mobile_phone_shop
Cricket Wireless,29.7310782,-95.5008228,mobile_phone_shop
Yellow River,29.7066854,-95.5507285,restaurant
Johnny Dang & Company,29.7320702,-95.4921897,jeweller
4 Star Food Mart,29.7283238,-95.5349138,convenience
Titanium Auto Sale,29.7296315,-95.5146485,car_dealership
Hyundai,29.9078643,-95.6070863,car_dealership
AT&T,29.7782664,-95.5621172,mobile_phone_shop
Verizon,29.7753665,-95.5619224,mobile_phone_shop
Food Mart,29.773209,-95.5620357,convenience
Frost Bank,29.7753632,-95.5617689,bank
Lexus,29.7860825,-95.5983305,car_dealership
7Spice Cajun Seafood,29.7873608,-95.7361703,restaurant
Me'Khun Delicacies,29.7873644,-95.7363399,restaurant
Maikai Hawaiian BBQ,29.7873673,-95.7364327,fast_food
Mafia Sushi,29.7874809,-95.7360345,restaurant
Clearwater,29.7865509,-95.7362226,car_wash
Dumplingholic House,29.787009,-95.7348399,restaurant
Long Coffee,29.7873681,-95.7365165,cafe
Happy Tails Dog Park,29.9512763,-95.7841327,dog_park
Thaicoon Restaurant and Pub,29.789516,-95.7714997,restaurant
Breaktime Tea Lounge & Bánh Mì,29.7885713,-95.7709273,cafe
Corner99,29.7888562,-95.7708982,restaurant
Ding Tea,29.7893838,-95.7719934,cafe
Pho K,29.789403,-95.7719217,restaurant
Blackpearl Seafood Bar,29.7893444,-95.7708449,restaurant
Xi Hot Pot,29.7892692,-95.7724046,restaurant
Bep Nha Pudding,29.7893638,-95.7720666,restaurant
3 Little Pigs Ramen,29.7895352,-95.7713074,restaurant
Jarro Cafe,29.7890996,-95.770869,fast_food
Hanshin Pocha,29.7892784,-95.7708502,restaurant
Yummy Hu Tieu Nam Yang,29.7894176,-95.7708404,restaurant
Love Letter Pizza & Chicken,29.7893446,-95.7721404,fast_food
Tango’s Southern Blends,29.7892042,-95.7708575,cafe
Giau Bar n Bites,29.7884532,-95.7709377,pub
Lava Coffee,29.7893188,-95.7722251,cafe
Bao Bao Banh Mi,29.7895356,-95.7712321,restaurant
Dim Sum Box,29.7895056,-95.7708316,restaurant
Tastea,29.7894268,-95.7718484,cafe
Capital Bank,29.786701,-95.7701673,bank
West Houston Dentistry,29.7894644,-95.7714923,dentist
Prime Auto Sales,29.7222203,-95.5211779,car_dealership
Cypress Christian School Bridgeland,29.937898,-95.7820797,school
Washbarr Washateria,29.7185415,-95.5194353,laundry
Versailles Beauty Salon,29.7185788,-95.5194192,beauty_shop
Sethi's Fine Jewelry,29.7455023,-95.5007036,jeweller
Bridgeland,29.9426301,-95.7181308,tourist_info
Bridgeland,29.9377513,-95.7268809,tourist_info
Bridgeland,29.9413954,-95.7654885,tourist_info
Bridgeland,29.9394464,-95.7666139,tourist_info
Bridgeland,29.9227842,-95.7613067,tourist_info
Cleburne,29.934705,-95.7530041,tourist_info
Monument Hill,29.9345245,-95.7533523,tourist_info
Wells Elementary School,29.9303412,-95.7575254,tourist_info
Larrison Creek,29.9414843,-95.7411598,tourist_info
Parkland Village,29.9367463,-95.7422997,tourist_info
Honey Creek,29.9256864,-95.7498936,tourist_info
Nails of America Cypress,29.9399824,-95.7232551,beauty_shop
Great American Cookies,29.9399376,-95.7233312,fast_food
Great Clips,29.9398359,-95.7235278,hairdresser
L3 Craft Coffee,29.9403236,-95.7227696,cafe
Russo's New York Pizzeria,29.9406693,-95.7222772,restaurant
Hidden Creek,29.9386894,-95.7416579,tourist_info
Creekland Village,29.9778212,-95.7752209,tourist_info
Shady Haven,29.9596874,-95.7474877,tourist_info
Mill Haven,29.9598333,-95.7478106,tourist_info
Hidden Creek,29.9465198,-95.7301745,tourist_info
Sheldon Lake Park,29.9301322,-95.7459301,park
Cedar Creek,29.9475725,-95.7438341,tourist_info
Knollwood Village Neighborhood Sign,29.6877566,-95.4272588,tourist_info
Knollwood Village Neighborhood Sign,29.6961539,-95.4228996,tourist_info
Sport Clips,30.012789,-95.5367278,hairdresser
Metropolitan Furniture,29.8489336,-95.4108245,furniture_shop
RoadStop Liquor,29.8679379,-95.4141007,beverages
Tacos Del Julio,29.7845026,-95.7929739,restaurant
Bonchon Chicken,29.7845021,-95.7922371,restaurant
Shish Kebab Cafe,29.7818245,-95.7170473,restaurant
DaVita Dialysis,29.7831363,-95.5887305,clinic
Walmart Supercenter,29.7835112,-95.8040801,supermarket
Down The Street,29.7792999,-95.4260876,bar
Burger King,30.0112964,-95.7999522,fast_food
Kendra Scott,29.7412001,-95.4451095,jeweller
Gauchos Do Sul,29.7415234,-95.445015,restaurant
Sinfull Bakery,29.7437978,-95.3656542,bakery
The Rouxpour,29.7811628,-95.5425165,bar
Orbig Wafers & Coffee,29.7808612,-95.5421044,cafe
Great American Cookies,29.7810534,-95.5418297,fast_food
Eye Candy Couture,29.781087,-95.5421093,clothes
9PM Music Venue,29.7281891,-95.5300125,nightclub
Warehouse Live,29.7456965,-95.3755102,nightclub
The Alley,29.7370245,-95.5963231,cafe
Paris Baguette,29.7373433,-95.5963281,bakery
Gen Korean BBQ,29.7372646,-95.5963274,restaurant
Osha Thai Kitchen,29.7369942,-95.5949652,restaurant
SomiSomi,29.7368779,-95.5950068,bakery
Seiwa Market,29.7474741,-95.6051271,supermarket
Ramen Bar Ichi,29.7479107,-95.6051245,restaurant
Chick-fil-A,29.7136297,-95.398124,fast_food
Just Falafel,29.7454901,-95.4562717,restaurant
Lone Star College North Fairbanks,29.8690176,-95.5478949,college
CVS Pharmacy,30.000117,-95.477992,pharmacy
Kasra Persian Grill,29.7360918,-95.5409781,restaurant
Kendra Scott,29.5447225,-95.1496503,jeweller
Tiny Cantina,29.5457159,-95.1498323,kiosk
Zara,29.5440934,-95.1491892,clothes
Warby Parker,29.543987,-95.1496626,optician
Lucchese,29.5447538,-95.1494626,shoe_shop
Eden Plant Co.,29.7653928,-95.3661463,cafe
Ross Dress for Less,29.8107861,-95.1667879,department_store
Iguana Joe’s,29.8069487,-95.1625232,restaurant
The Library,29.8033085,-95.4975315,bar
Barnaby's Cafe,29.8022214,-95.4920848,restaurant
Shipley's Donut,29.8027589,-95.4929602,fast_food
Aji Robota & Ramen Tomball,30.1329445,-95.5527901,restaurant
Torchy's Tacos,29.9996494,-95.5616347,restaurant
La Hacienda Bakery,29.7989016,-95.1832381,bakery
Body By Ravi Plastic Surgery & Aesthetics,29.7854913,-95.5195416,doctors
Benefit Brow Bar,29.5411644,-95.1489372,beauty_shop
+Voupre Spa,29.5411165,-95.1489303,beauty_shop
Cinnabon,29.5431648,-95.1491957,kiosk
Lego,29.542806,-95.1492784,toy_shop
KIDS,29.5430495,-95.1487177,clothes
Suit Warehouse,29.5431949,-95.149093,clothes
Kidz Journeys,29.5430206,-95.1493022,shoe_shop
Express,29.5426398,-95.1490599,clothes
Earthbound,29.5429218,-95.1493459,clothes
The Children's Place,29.5418239,-95.1490816,clothes
Cotton On,29.5423515,-95.1490101,clothes
Abercrombie Kids,29.5432125,-95.1486831,clothes
H&M,29.5411282,-95.1486971,clothes
Oakley,29.5420715,-95.1491434,optician
Helzberg Diamonds,29.5414071,-95.1487812,jeweller
Aldo,29.5419571,-95.1491158,shoe_shop
Vans,29.5424773,-95.1490392,shoe_shop
Altar’d State,29.5429803,-95.1490923,clothes
La Savonnerie Divine,29.541697,-95.1488947,beauty_shop
AT&T,29.5427436,-95.1492655,mobile_phone_shop
Express Men,29.5425639,-95.1490508,clothes
Aerie,29.542159,-95.1491582,clothes
Starbucks,29.5416263,-95.1488725,cafe
Francesca's,29.5423225,-95.1491822,clothes
Melissa,29.5423992,-95.1491981,clothes
Fat Tuesday,29.5418876,-95.1489329,restaurant
Zumiez,29.5425603,-95.1492334,clothes
Hollister,29.5430163,-95.1488981,clothes
Aeropostale,29.5414116,-95.1490104,clothes
T-Mobile,29.5416227,-95.1490339,mobile_phone_shop
Curv,29.542694,-95.149266,clothes
Wetzel’s Pretzel,29.5418203,-95.1489153,restaurant
The Inspiration Co.,29.5422526,-95.1491684,jeweller
Lids,29.54172,-95.1490475,clothes
Sock Emporium,29.5426337,-95.1492545,clothes
Hasta La Pasta,30.0111313,-95.5125445,restaurant
Buckle,29.5425017,-95.1481702,clothes
Pandora,29.542051,-95.1482518,jeweller
Spencer's,29.5430643,-95.1486604,gift_shop
Culture Shock,29.5426027,-95.1483376,toy_shop
Mania Jeans,29.5431901,-95.148586,clothes
Sunglass Hut,29.5420587,-95.1480413,optician
Attic Salt,29.5415281,-95.1485575,gift_shop
Albercrombie & Fitch,29.5415719,-95.1481988,clothes
Visible Changes,29.5426968,-95.1483585,hairdresser
Phine Fix Repeair,29.5429133,-95.1484015,mobile_phone_shop
Locker Room By Lids,29.542786,-95.1483793,clothes
Boxlunch,29.5425081,-95.1483184,clothes
American Eagle,29.5425811,-95.1481826,clothes
Swarovski,29.5420117,-95.1480324,jeweller
Windsor,29.5430987,-95.1483006,clothes
Lovisa,29.5419609,-95.1482394,jeweller
Hot Topic,29.5424402,-95.1482973,clothes
Kids Foot Locker,29.5422511,-95.1481025,shoe_shop
H&M,29.5415042,-95.1486587,clothes
Grown Brilliance,29.5418404,-95.1482125,jeweller
Build-A-Bear Workshop,29.5428432,-95.1482265,toy_shop
Supreme Jewelers,29.5428361,-95.1483876,jeweller
Tillys,29.5429687,-95.148257,clothes
PacSun,29.5430782,-95.1485904,clothes
Crocs,29.5421009,-95.1480557,shoe_shop
Zales,29.5418961,-95.1480065,jeweller
Kay Jewelers,29.542136,-95.1483176,jeweller
Lids,29.5423779,-95.148286,clothes
Pink,29.5416959,-95.1485075,clothes
Dr. Martens,29.5424255,-95.1481539,shoe_shop
Sunglass Hut,29.5430731,-95.148482,optician
Mango,29.5415751,-95.1483255,clothes
Auntie Anne's,29.542267,-95.1483436,fast_food
Hipnotic,29.5423041,-95.1482969,cafe
Ruby,29.5422383,-95.1484219,restaurant
Rao's Bakery & Coffee Cafe,30.0109841,-95.5128034,bakery
Alicia's Mexican Grille,30.0726162,-95.5106501,restaurant
Dick's House of Sport,29.5495478,-95.1523144,sports_shop
Dick's House of Sport,29.5486037,-95.1521466,sports_shop
"James D. Geer, DDS, Inc.",30.0921055,-95.6260057,dentist
Japanese Ramen Gachi,29.7069519,-95.4121704,restaurant
WOK & ROLL Chinese and Sushi Restaurant,29.9958712,-95.4863399,restaurant
McDonald's,29.8173653,-95.8028054,fast_food
Memorial Hermann Go Heath Urgent Care,29.8175431,-95.8042171,clinic
Eye Eye Doc,29.8185833,-95.8043791,clinic
La Machaka Tex-Mex,29.8166246,-95.7752643,fast_food
Brisket Dog,29.8166976,-95.7641134,restaurant
Emlash,29.8166928,-95.7641644,beauty_shop
Donut Cafe,29.8025036,-95.7607556,fast_food
Z Nails,29.7894004,-95.8021785,beauty_shop
Circle K,29.7260555,-95.3326015,convenience
Uno Mas Liquor,29.7306243,-95.3106668,beverages
Ella Coffee at M&Co,29.7150485,-95.4333479,cafe
In-N-Out Burger,29.5534203,-95.1503672,fast_food
AT&T,29.7698045,-95.1805915,mobile_phone_shop
Baytown Seafood,29.7902517,-95.1630471,restaurant
Family Dollar,29.789718,-95.1621332,convenience
"Spec's Wines, Spirits & Finer Foods",29.7897172,-95.1619017,beverages
Little Caesars Pizza,29.7915416,-95.1877121,fast_food
Cricket Wireless Authorized Retailer,29.7915252,-95.1875606,mobile_phone_shop
dd's DISCOUNTS,29.7905323,-95.1860894,clothes
Houston Community College - Alief Hayes Campus,29.7336997,-95.574811,college
The University of Texas at Tyler - Houston Engineering Center,29.7335385,-95.5745611,university
West Houston Institute,29.7360253,-95.5748138,college
PrimoHoagies,29.8744648,-95.6448427,fast_food
Katy Pizza Kitchen,29.7836296,-95.7067769,restaurant
Subway,29.7694727,-95.1868539,fast_food
Pineforest Jewelry,29.7733221,-95.1861455,jeweller
Taco Cabana,29.7713213,-95.184004,fast_food
Red Wing,29.7719256,-95.1856331,shoe_shop
Hobo's,29.7719335,-95.1854303,fast_food
Man Cave Cutz,29.7718592,-95.1856882,hairdresser
Taco Corner,30.0663398,-95.8586848,fast_food
Waller Equine Hospital,30.0665419,-95.8614703,veterinary
Holiday Inn Express,30.0240133,-95.4144259,hotel
Caesars Nails & Spa,29.7352598,-95.5709942,beauty_shop
Potbelly Sandwich Shop,29.5423606,-95.1403307,restaurant
Chick-fil-a,29.5973848,-95.2669415,fast_food
2 Guys 1 Pit BBQ and Catering,30.0123547,-95.6022049,restaurant
Great Confucius,29.7205128,-95.3871027,artwork
The J.L. Center for Athletics and Performing Arts,29.7954173,-95.3923981,tourist_info
Heights Bulldog Café,29.7954284,-95.3931374,fast_food
Heights High School Theatre,29.7948321,-95.3927398,theatre
Bass Pro Shops,30.0815611,-95.4413726,outdoor_shop
Heights High School,29.7945649,-95.3941309,tourist_info
Townsen Memorial Surgery Center,29.791518,-95.7419648,hospital
Hair By Cindy,29.7221185,-95.6188963,hairdresser
T-Top Nails,29.7221208,-95.6187327,beauty_shop
Subway,29.7844564,-95.7915102,fast_food
Freddy's,29.7844657,-95.7911454,fast_food
Supercuts,29.7888846,-95.7170052,hairdresser
Dentist's at Shepherd's Square,29.7410639,-95.4103837,dentist
Golden Chick,29.818352,-94.983257,fast_food
Ashley's Market,29.8183144,-94.9830822,convenience
Checkers,29.8181859,-94.983838,fast_food
Charleys Philly Steaks,29.8182561,-94.9829303,fast_food
Queensbury Theatre,29.7783849,-95.5591478,theatre
CVS Pharmacy,29.7512112,-95.3762245,chemist
Starbucks,29.6281171,-95.3855345,cafe
Houston International Table Tennis Academy,29.7690161,-95.7498626,sports_centre
Heights Presbyterian Church,29.8017737,-95.4012879,tourist_info
"Carl Walker, Jr. Multi-purpose Center",29.779904,-95.3283304,community_centre
Bayou Oaks,29.6249266,-95.4153654,tourist_info
La Pupusa Loca,29.7014051,-95.4926199,restaurant
THS Ranch,29.7308698,-95.4759814,clothes
Veranda Salon & Spa,29.7309619,-95.4752574,beauty_shop
AutoNation,30.0687408,-95.4369342,car_dealership
CVS Pharmacy,29.9249399,-95.2013119,pharmacy
Church's Chicken,29.924005,-95.2010368,fast_food
Digestive Health Associates,29.7765447,-95.7153024,clinic
Blue Rooster Irish Pub & Grill,29.9140001,-95.6152287,pub
Pepper Salt,29.6886681,-95.4753413,restaurant
Ahi Poke,29.9156714,-95.6162232,restaurant
Tacos Tec,29.9154963,-95.6161457,restaurant
Concentra Urgent Care,29.9512091,-95.4073932,clinic
Brident,29.9512019,-95.4082093,dentist
Domino's,29.9511959,-95.4088883,fast_food
Taqueria Lola's,29.9511977,-95.4086852,restaurant
Avis,29.784348,-95.7606635,car_dealership
P.F. Chang's,29.7398705,-95.4676725,restaurant
P.F. Chang's,29.5389479,-95.147752,restaurant
Pure Smiles,29.7842967,-95.7054993,dentist
Contemporary Orthodontics,29.7842934,-95.7055556,dentist
Great Clips,29.7842769,-95.704875,hairdresser
Acai Brasil,29.7842691,-95.7048224,cafe
Rustika Cafe & Bakery,29.7842601,-95.7047848,cafe
Main Event,29.7833086,-95.7920346,sports_centre
Main Event,30.0399117,-95.6037757,sports_centre
Kefita Coffee,29.7433146,-95.3696973,cafe
Steak 'n Shake,29.9855542,-95.3383049,fast_food
Bahama Buck's,29.8116199,-95.3989815,cafe
CVS Pharmacy,29.7859236,-95.543418,pharmacy
Houston Art Lessons,29.7345769,-95.4109757,arts_centre
Nobie's,29.735342,-95.4100812,restaurant
Honey Art Cafe,29.7344926,-95.4109685,cafe
La La Land Kind Cafe,29.7348835,-95.4108541,cafe
Dripped Birria (Montrose),29.7343797,-95.4109773,restaurant
Taquería Vicente (Food Truck),29.7344064,-95.4105774,restaurant
Amore,29.7360969,-95.4108515,restaurant
Gusto Gourmet,29.7362807,-95.4108378,restaurant
LongHorn Steakhouse,29.9942584,-95.7548621,restaurant
Sushi 9,29.7553338,-95.7522204,restaurant
Genesis Medical Group,30.0906765,-95.4489285,doctors
Pearl Bar,29.7704237,-95.4037774,bar
Taste of Nigeria,29.7310474,-95.4838517,restaurant
Charmstone,29.737408,-95.3984994,artwork
Two Hands,30.0725379,-95.4364865,fast_food
Social Junkie,29.7685723,-95.3833875,bar
Salon Lofts,29.7746035,-95.3878304,hairdresser
Milano Nail Spa the Heights,29.7748471,-95.3885781,beauty_shop
Roll-em-Up Taquitos,29.7746515,-95.3879414,restaurant
Abdallah's Lebaese Cafe,29.7742711,-95.3879101,restaurant
Cici's Pizza,29.9863258,-95.4980797,restaurant
Drake's Hollywood,29.7449029,-95.392926,restaurant
Grato Italian Restaurant,29.8789711,-95.7244801,restaurant
The Boba Shop,30.0722259,-95.4364152,fast_food
Chocho Hot Pot Katy Premium All You Can Eat,29.7895674,-95.7668256,restaurant
A-1 Washateria & Dry Cleaners,30.1113232,-95.6409924,laundry
Gauchos Do Sul,29.7669755,-95.777397,restaurant
Mariscos,29.7663071,-95.7772786,restaurant
7-Eleven,29.8068777,-94.9656244,convenience
Laredo Taco Company,29.8068431,-94.9656143,fast_food
The Cuppo Coffee & Tea - Jersey Village,29.902576,-95.5850595,cafe
House of J,29.7481426,-95.3389313,community_centre
Voodoo Queen Daiquiri Drive,29.7475048,-95.3378655,bar
Starseed Hostel,29.7501139,-95.3407877,arts_centre
Adelyne's Boutique & Gifts,30.0123877,-95.6027638,gift_shop
Las Tortas Perronas,29.8046689,-95.5013011,fast_food
Walgreens,29.6876111,-95.5707101,pharmacy
Jack in the Box,29.7035451,-95.5715355,fast_food
Phillips 66,29.7042256,-95.5719541,convenience
My Fir Foods,29.7752456,-95.3904608,restaurant
Spencer Liquor,29.665642,-95.134895,beverages
Westbury,29.6666009,-95.468315,tourist_info
Meyerland,29.6642872,-95.4653611,tourist_info
Spec's,29.7834638,-95.7933995,beverages
Cicis Pizza,29.9862826,-95.4980745,restaurant
Hayat Cafe,29.7363657,-95.5250244,restaurant
El Kiosko #13,30.0540715,-95.434712,fast_food
Two Mules Tavern,30.0537839,-95.4343182,bar
Nick's Food Store,30.0949616,-95.620242,convenience
Tomball Barber Shop,30.0950963,-95.6199524,hairdresser
Che Gaucho,30.0951303,-95.619877,restaurant
Subaru,29.887708,-95.5779624,car_dealership
Rich's Houston,29.7451002,-95.3715298,nightclub
Hair By Daniel - Just the business name,29.7615079,-95.7523224,hairdresser
Beikos,29.7132122,-95.5041842,restaurant
Lucy,29.7133476,-95.5041731,restaurant
SW Auto 59,29.7135512,-95.5045188,car_dealership
Tau Bay,29.6915944,-95.530263,restaurant
Afrikiko,29.6743899,-95.5466475,restaurant
Omelette & Waffle,29.6912206,-95.5340651,restaurant
El Rancho Bakery,29.7893299,-95.1866776,bakery
Design Dental Group,29.7707995,-95.4064113,dentist
Memorial Hermann Urgent Care,29.7707719,-95.4064822,clinic
Legacy Community Health,29.7762875,-95.3315949,clinic
Wells Fargo,29.7794892,-95.5450363,bank
Rooms To Go,29.7856246,-95.5408526,furniture_shop
Little Caesars Pizza,29.6908357,-95.1230933,fast_food
Swipe,29.8601723,-95.4005832,convenience
Adulis,29.7071428,-95.4842231,restaurant
Park Grocery,29.70114,-95.2709325,supermarket
Shipley Do-Nuts,29.7051618,-95.4713429,fast_food
The UPS Store,29.7051492,-95.4718658,post_office
Gold Tooth Tony’s Detroit Pizza,29.7051626,-95.4712768,restaurant
Vishala Grocery Wilcrest,29.6490496,-95.5672529,supermarket
Parlor Doughtnuts,29.5500944,-95.0915743,bakery
Mad Dogs,29.7376578,-95.5722344,fast_food
Cocoa Cookie Bar,29.737647,-95.5728062,cafe
K Beauty Lab,29.7376392,-95.5727021,hairdresser
The UPS Store,29.7371318,-95.5726153,post_office
JuiceWell,29.7324159,-95.4378535,cafe
Little Jimmy's Deli,29.7324243,-95.4375997,fast_food
Mia Bella Trattoria,29.7324243,-95.4381428,restaurant
Tacos A Go Go,29.7324229,-95.4376757,fast_food
Roniz Beauty,29.8541024,-95.5118253,hairdresser
Koko Cafe,29.7164689,-95.3949106,cafe
Coco Crepes & Coffee,29.9945853,-95.5724309,cafe
Nabeel Nazir DO,29.7743792,-95.3911222,doctors
Memorial Hermann Medical Group,29.7744017,-95.3911424,clinic
Fainmous BBQ,29.7708078,-95.3863641,restaurant
City Orchard Cidery,29.7708118,-95.3868917,bar
vacant,29.7708056,-95.3859688,restaurant
Team Gillman - Honda North,30.0183113,-95.4267385,car_dealership
Chase,29.7766486,-95.316155,bank
Layne's Chicken Fingers,29.8138273,-95.4291123,fast_food
Northbrooke,29.6658205,-95.4982912,tourist_info
Northbrooke,29.6662673,-95.5011156,tourist_info
Buchanan's Native Plants,29.7911574,-95.3916334,garden_centre
Urban Bird - Hot Chicken,30.0851391,-95.4495636,restaurant
Southmeadow West Airport Homeowners Association,29.6432873,-95.5278019,tourist_info
Southmeadow West Airport Homeowners Association,29.6416444,-95.5220778,tourist_info
Prime Bazaar,29.6850918,-95.3912675,supermarket
Briargrove Pharmacy & Gifts,29.7495482,-95.4993523,pharmacy
Woodway Village,29.7545784,-95.500909,tourist_info
2225,29.7681036,-95.3813566,artwork
Darkhorse Tavern Dartboard,29.7679984,-95.3809207,artwork
#gorillaart,29.7679473,-95.3804695,artwork
Red Bull Flying Bach,29.7679439,-95.380312,artwork
Craft Grill - Breakfast Club,30.1279439,-95.5545815,restaurant
Welcome... First Ward,29.771938,-95.3723871,tourist_info
Ms Beauty Lashes & Brows,29.7744424,-95.387936,beauty_shop
Radiabnt Waxing,29.7746075,-95.3879419,beauty_shop
Central Bank,29.7748457,-95.3888091,bank
World of Sourdough,29.7748461,-95.3884186,restaurant
First Watch,29.7748499,-95.3882326,restaurant
Scissors & Scotch,29.7748693,-95.3882464,hairdresser
Thrive Drip Spa,29.7749614,-95.3881486,beauty_shop
SheSpace,29.7749581,-95.3888807,beauty_shop
Golftec,29.7748619,-95.3884189,sports_shop
Mariposa Park,29.9471038,-95.7923769,park
Sunfish Park,29.9464576,-95.7868304,park
Tout Suite,29.752239,-95.3668371,cafe
Special Opportunities for Academic Restoration,29.709527,-95.6012504,school
Language Institute for Newcomers,29.7093522,-95.6012555,school
Night High School,29.7094654,-95.5998798,school
The Branch School,29.7917224,-95.5787056,school
Five Guys,29.9683734,-95.5324993,fast_food
Cafe Adel,29.749154,-95.4971248,restaurant
Catbirds,29.7436291,-95.3956533,pub
Kroger Pharmacy,30.0324626,-95.5526371,pharmacy
Pizza Hut,29.8496437,-95.7182008,restaurant
Reggae Hut,29.7265514,-95.3776957,restaurant
Press Waffle Co.,29.7631385,-95.3647591,cafe
Corner Bakery,29.7569524,-95.3652551,cafe
Little Caesars,29.8507189,-95.7180819,fast_food
Don Chepe Meat Market,29.8656864,-95.7061829,market_place
Bank of America,29.7375196,-95.6448324,bank
PITSTOP Express,29.7303157,-95.6051185,convenience
Cricket,29.7038486,-95.6026578,mobile_phone_shop
La Michoacana Meat Market,29.7044422,-95.6028319,supermarket
Pizza Hut,29.704216,-95.5715505,restaurant
Total wireless,29.6895602,-95.5701134,mobile_phone_shop
Whale,29.6827187,-95.4711762,artwork
Blue Nails & Spa,29.8656947,-95.7062776,beauty_shop
Maytena Bakery,29.8657089,-95.7063729,bakery
Motel 6,29.7918641,-95.8013173,motel
Wendy's,29.7939383,-95.8014306,fast_food
Circle K,29.8011417,-95.8011626,convenience
Planned Parenthood,30.0410874,-95.4865211,clinic
Gee's Mini Pancakes,30.0410422,-95.4866052,cafe
Innovista Medical Center,30.0409227,-95.4868058,clinic
Madras Curry House,30.0709635,-95.4738188,restaurant
Pas Smiles,30.0709634,-95.4739309,dentist
Luxe Nails & Spa,30.0709633,-95.4740185,beauty_shop
The Furniture,30.0709632,-95.4741085,furniture_shop
Subway,30.0709631,-95.4741826,fast_food
The BobaShop,30.070963,-95.474327,cafe
Four Seasons Animal Hospital,30.0709627,-95.474576,veterinary
Smile 1 Dental,30.0745096,-95.5011691,dentist
Thistle Draftshop,30.0744877,-95.4992543,bar
Gran Colombia,30.074485,-95.498919,restaurant
Beans & Brews,30.0744691,-95.4987129,cafe
La Casa del Abuelo,30.0744687,-95.4986271,restaurant
Tara Grill,30.0744683,-95.4985244,restaurant
Hairitage Studios,30.0744678,-95.4984051,hairdresser
Nails Addix,30.0744675,-95.4983382,beauty_shop
Belly of the Beast,30.0744669,-95.4982004,restaurant
RaKuu Sushi Bar,30.0744663,-95.4980673,restaurant
Three Dog Bakery,29.7910206,-95.3875639,bakery
Trash Panda Drinking Club,29.7984195,-95.3630375,bar
Westwood,29.6767236,-95.4399224,tourist_info
CoffeeTrend,29.6898161,-95.4429483,cafe
La Tazza Specialty Coffee,29.6926465,-95.4393486,cafe
Chipotle,29.734795,-95.6242478,fast_food
Pizza Patrón,29.734875,-95.6242453,fast_food
Charleys Philly Steaks,29.7349397,-95.6242432,fast_food
Little Caesers,29.695895,-95.1745347,fast_food
Weinerschnitzel,29.7189398,-95.6447502,fast_food
Shamrocks Pub & Grill,30.0015013,-95.2651203,pub
Verizon,29.8790397,-95.7244448,mobile_phone_shop
VCare Animal Clinic,29.8792466,-95.7246574,veterinary
Emmy Dental,29.8792622,-95.7245469,dentist
Model NAILS,29.8792459,-95.7247374,beauty_shop
Shipley Do-Nuts,29.8792551,-95.7205075,fast_food
ELITE 90,29.8792368,-95.7206859,hairdresser
La Reyna Tortilleria,29.8792653,-95.7207492,restaurant
T-Mobile,29.8792306,-95.7208071,mobile_phone_shop
Sweet Nails & Spa,29.8784158,-95.7212772,beauty_shop
Subway,29.8784097,-95.7214679,fast_food
RapiCarga Travel Envios a Cuba,29.8783833,-95.721373,post_office
Generations Family Dentistry,29.7769341,-95.6071032,dentist
Roy's Breakfast & Lunch,29.8804491,-95.7190306,restaurant
Taqueria Michoacan,29.9365663,-95.4827207,restaurant
Uptown Cheapskate,30.0844968,-95.5222206,clothes
EcoATM,29.8074669,-95.4088409,vending_any
Lush Hair Folk,29.920629,-95.2022943,hairdresser
River Stone I,29.7307444,-95.5678914,tourist_info
River Stone I,29.731917,-95.5662439,tourist_info
Tacos El Suave,29.936005,-95.4975248,restaurant
Teen Health Clinic,29.6952546,-95.496269,clinic
Fresh Mart,29.8801066,-95.6081581,convenience
La Michoacana,29.8799264,-95.6145134,supermarket
Mini Park,29.8574817,-95.6459865,park
Luxe Beauty & Wellness Med Spa,30.1499927,-95.5496063,beauty_shop
Apple Dentists,29.7357598,-95.6065692,dentist
Azar Florist,29.7361328,-95.6366784,florist
"Q Wings, Seafood, & Boba",29.6899977,-95.5014838,fast_food
Audrey H Lawson Middle School,29.6224014,-95.4529025,school
Lakewood Smiles,29.9971539,-95.5920783,dentist
Passport Health Houston Travel Clinic,29.7834822,-95.5295214,clinic
Kolache Factory,29.816364,-95.7725384,fast_food
Brighter Day Dental,29.8164503,-95.7727003,dentist
Enterprise,29.8165208,-95.772845,car_rental
Grand Posh Nails,29.8166382,-95.7730385,beauty_shop
Lo Nuevo De Jalisco,29.6525557,-95.475691,restaurant
Bakery Inka Havana,29.6578349,-95.4786767,bakery
Dawn,29.7207825,-95.387244,artwork
Kugel Ball,29.7219342,-95.3902573,fountain
IKEA Restaurant,29.7856506,-95.4716181,fast_food
IKEA Bistro,29.785726,-95.4719299,fast_food
Frolic's Castle,29.7814735,-95.5412944,playground
The Gyro Guys,29.6934851,-95.4116513,restaurant
Advanced STD Testing & Treatment Clinic,29.7166333,-95.4937774,hospital
Carvana,30.1000242,-95.4345672,car_dealership
Passport Health Humble Travel Clinic,29.9986794,-95.1599903,clinic
Walmart Supercentre,29.9113655,-95.7292199,supermarket
Barnhart Stadium,29.747584,-95.5106626,stadium
Denna's Donuts,29.9655662,-95.3984335,fast_food
Raising Cane's Chicken Fingers,29.8077092,-95.1698728,fast_food
Dave's Hot Chicken,29.8079561,-95.1690134,fast_food
Dollar Tree,29.8098833,-95.1666411,convenience
Taquitos Sam Liis,29.8572872,-95.3844058,fast_food
Las Perras Cafe,29.7483085,-95.3407725,cafe
Willow Waterhole,29.6512492,-95.4767546,tourist_info
Rafferty Memorial Oak,29.653173,-95.4716969,memorial
Great Blue Heron,29.6564182,-95.4715115,artwork
Joe Vs Smart Shop,30.0223376,-95.3827082,supermarket
Domino's,29.902891,-95.3310976,fast_food
Randalls,29.7048205,-95.4260488,supermarket
Chuck E. Cheese,30.0198648,-95.4268121,restaurant
Concentra Urgent Care,30.0203424,-95.427838,clinic
Prosperity Bank,29.9309049,-95.3568706,bank
Shine N’ Grind Express Car Wash & Detail,29.9513498,-95.3927258,car_wash
JLB Eatery,29.9338025,-95.5845857,restaurant
Flash Dental,29.7904972,-95.3987976,dentist
Lola,29.79113,-95.39859,restaurant
Dish Society,29.7904979,-95.3987269,restaurant
Texas Children's Pediatric Ripley House,29.7519747,-95.3288224,clinic
Nan Xiang Express,29.9184229,-95.6134996,restaurant
Twin Liquors,30.0002078,-95.1637906,beverages
Twin Liquors,30.0002078,-95.1637906,beverages
Atascocita Modern Dentistry and Orthodontics,29.9987215,-95.168289,dentist
First Service Credit Union,29.9993355,-95.15873,bank
Shipley Donuts,29.9991861,-95.192453,bakery
Chili’s Bar And Grill,30.0068823,-95.266276,restaurant
Popeyes,30.0054842,-95.2660046,fast_food
El Pollo Loco,30.0043851,-95.2786592,fast_food
HB Japanese Sushi And Steak House,30.004336,-95.2794623,restaurant
Old McDonald’s Farm,30.0000874,-95.2256205,zoo
Dirt Cheap Mulch,29.9989639,-95.2075879,garden_centre
Ice Machine,29.9991268,-95.1940527,kiosk
T-mobile,29.9978225,-95.1766707,mobile_phone_shop
Dollar Tree,29.9968359,-95.1728371,department_store
Italiano’s,30.0038978,-95.151417,restaurant
Ice Machine,30.0031479,-95.1528974,kiosk
Best Donuts,30.0040705,-95.1528228,bakery
Michaels,29.9965688,-95.1640303,department_store
Sweet Escape,29.9826538,-95.1684677,cafe
Subway,30.0005897,-95.1637484,fast_food
Subway,30.0005897,-95.1637484,fast_food
QDOBA,30.0000945,-95.1635623,restaurant
Donald’s Donuts,30.0195877,-95.1099417,bakery
AWE Nail & Spa,30.0195881,-95.1097371,beauty_shop
Dairy Queen,30.0198192,-95.1098279,fast_food
A.M. Donuts,30.0191775,-95.1111933,bakery
Sonic,30.0196017,-95.1093544,fast_food
Sonic,30.0196017,-95.1093544,fast_food
Tai Li Chinese Restaurant,30.0040932,-95.15338,restaurant
Popeyes,29.9971013,-95.1624638,fast_food
Emergency Room,29.9966282,-95.1624082,clinic
Ross Dress For Less,29.9994863,-95.1746155,clothes
FINS Swim School,29.9969057,-95.173928,school
Comercia Bank,29.9989163,-95.1738757,bank
Angry Crab Shack,29.998987,-95.1730409,restaurant
Action Behavior Centers - ABA Therapy for Autism,30.0874931,-95.5301356,clinic
Frost Bank,29.9989142,-95.1722798,bank
Nail Salon,29.9989131,-95.1723938,beauty_shop
Taco’s Flores,29.9987259,-95.2032009,restaurant
Harris County Courthouse,29.9789709,-95.2663161,courthouse
Burger King,29.9788696,-95.2605182,fast_food
pregnancy care clinic,29.978727,-95.2436779,doctors
Emergency Room,29.9783882,-95.2563608,clinic
Apartment Complex,29.9793731,-95.2560703,motel
Taco Bell,29.9978066,-95.1679892,fast_food
Community Resource Credit Union,29.9953493,-95.1738809,bank
Wendy’s,29.9978174,-95.168426,fast_food
Action Behavior Centers - ABA Therapy for Autism,29.934998,-95.2305962,hospital
Northwest Volunteer Fire Department - Station 44,29.9164193,-95.4585269,fire_station
Express Fuel,29.9155268,-95.4883532,convenience
Fallbrook Foodmart,29.9209059,-95.4478065,convenience
Hung Dong Food Market,29.9164051,-95.4897885,supermarket
Noodle House - Bun Bo Hue,29.9166147,-95.4901727,restaurant
Pho Dung 3 - Vietnamese Noodle House & Restaurant,29.9161187,-95.4892703,restaurant
Flakey's Pizza,29.7414637,-95.3422742,fast_food
Liberty Grill,29.7518493,-95.3735476,restaurant
Church's Chicken,29.9205147,-95.4459529,fast_food
Metro by T-Mobile,29.9210684,-95.4479246,mobile_phone_shop
Action Behavior Centers - ABA Therapy for Autism,29.9627632,-95.6506789,clinic
La Palapa Mexican Cafe,29.9275621,-95.4530795,restaurant
CP Seafood & Daiquiri Bar,29.9212627,-95.4481103,restaurant
Tacos Los Gemelos,29.9283324,-95.4536228,fast_food
Paco's Bakery,29.9274107,-95.4529835,bakery
Citi Trends,29.9513717,-95.4007053,clothes
Metro by T-Mobile,29.9511266,-95.4009406,mobile_phone_shop
Food Max,29.9511239,-95.4011109,supermarket
Sabores Venezolano,29.766085,-95.7522038,convenience
Sabores Venezolano,29.7354314,-95.6294681,restaurant
Sabores Venezolano,29.7379419,-95.5264008,restaurant
Sabores Venezolano,30.1235339,-95.505357,convenience
BIONIC Emergency Services,29.8643979,-95.5324184,general
Cafe 101,29.7042745,-95.5544831,restaurant
Quick Shop #1430,29.9019337,-95.3637384,convenience
Bakery Reynosa,29.9019132,-95.3630222,bakery
Food City,29.9019199,-95.3134958,supermarket
Harbor Freight Tools,29.9035346,-95.313642,doityourself
Mi Doctor,29.9019194,-95.3137658,clinic
Subway,29.9025449,-95.3146733,fast_food
WSS,29.90355,-95.3132227,shoe_shop
Supreme Beauty Supply,29.9018982,-95.3142803,beauty_shop
Melrose Family Fashions,29.9018962,-95.3140338,clothes
Wingstop,29.9019205,-95.3138862,fast_food
