name,Lat,Long,fclass
Chula Vista,29.565358,-98.7342441,viewpoint
Little Windmill,29.587092,-98.7554575,windmill
North Bluff Spurs Overlook,29.5573643,-98.760556,viewpoint
South Bluff Spurs Overlook,29.5524097,-98.7627621,viewpoint
Pei Wei,29.5495853,-98.6622226,restaurant
Torchy's Tacos,29.5543142,-98.6648827,restaurant
Half Price Books,29.5541947,-98.6647196,bookshop
Panda Express,29.5494236,-98.6653805,fast_food
Canyon Overlook,29.5823533,-98.7658153,viewpoint
Rack Room Shoes,29.4913278,-98.7107841,shoe_shop
rue21,29.4907722,-98.7110083,clothes
Cali Nails,29.4912341,-98.7088762,beauty_shop
Men's Wearhouse,29.4907909,-98.7076958,clothes
AT&T,29.4916166,-98.7072964,mobile_phone_shop
Annunication School,29.4160677,-98.2058434,school
Clifton School,29.6296705,-98.8008597,school
Goebel School,29.4721769,-98.1602869,school
Holy Spirit School,29.5380068,-98.5052958,school
Immaculate Conception School,29.4074558,-98.5208511,school
International Bible College,29.4655094,-98.5852975,school
Johnson School,29.4121778,-98.5125175,school
Lakeview School,29.4333782,-98.5383652,school
Lincoln School,29.4232886,-98.5825194,school
Martinez State Park,29.482176,-98.2980681,park
Midway School,29.4224564,-98.1927875,school
Nazarene Seminary,29.4413435,-98.5169623,school
Our Lady of Perpetual Help School,29.5849502,-98.3075129,school
Redeemer School,29.4680093,-98.5305739,school
Saint Agnes School,29.4357882,-98.5152955,school
Saint Anthony Junior Seminary,29.4602317,-98.4900172,school
Saint Gregory School,29.498286,-98.5444633,school
St. John Berchmans Catholic School,29.3971783,-98.5508518,school
Saint John Bosco School,29.4321771,-98.5711302,school
Saint John School,29.4763594,-98.4970531,school
Saint Leo School,29.3816234,-98.500017,school
Saint Luke School,29.4857865,-98.4797393,school
Saint Mary Magdalen School,29.4774533,-98.5230738,school
Saint Mary School,29.4254279,-98.4910755,school
Saint Monica School,29.5177303,-98.3089017,school
Saint Patrick School,29.439677,-98.4672387,school
Saint Paul School,29.3986031,-98.4815039,school
Saint Paul School,29.4696758,-98.5472409,school
Saint Pius X School,29.506897,-98.4352939,school
Saint Teresa Academy,29.3835678,-98.4777942,school
Saint Thomas More School,29.4946062,-98.4060216,school
Trinidad School,29.4279177,-98.5330404,school
Harmony School,29.297738,-98.3844583,school
Holy Name School,29.3627355,-98.4216817,school
La Salle High School,29.359888,-98.5342105,school
Mission Road Foundation School,29.3363287,-98.4617983,school
Oak Crest Junior High School,29.3521808,-98.2933453,school
Our Lady of Angels School,29.372793,-98.5274418,school
Saint Joseph School,29.3680917,-98.5463479,school
Saint Lawrence School,29.3385693,-98.4991834,school
South Side High School,29.2402397,-98.4700154,school
Thelma School,29.2207958,-98.5002939,school
Healy-Murphy Center,29.4273209,-98.4809303,doctors
Lackland High School,29.3791234,-98.6130755,school
Latin American Bible Institute,29.5435624,-98.7061342,school
Mackey Developmental Center,29.4943671,-98.4354172,school
Stillman Park,29.3865379,-98.6034443,park
KSJL-AM (San Antonio),29.4496772,-98.3094571,tower
KXTN-AM (San Antonio),29.4149561,-98.3436245,tower
KSLR-AM (San Antonio),29.3916236,-98.3502912,tower
KTSA-AM,29.497,-98.4164404,tower
KZEP-AM (San Antonio),29.4082894,-98.4444603,tower
KFIT-AM (San Antonio),29.2924598,-98.5327951,tower
KONO-AM (San Antonio),29.437455,-98.4222376,tower
KISS-AM (Terrell Hills),29.5185633,-98.4072376,tower
KSYM-FM (San Antonio),29.446692,-98.4982707,tower
KRTU-FM (San Antonio),29.4641225,-98.4824488,tower
KPAC-FM (San Antonio),29.5183873,-98.5695702,tower
KEDA-AM (San Antonio),29.3585692,-98.35168,tower
KCHG-AM (Somerset),29.2352691,-98.7286479,tower
KWCB-FM (Floresville),29.1844081,-98.5139054,tower
KXPZ-FM (Lytle),29.244405,-98.7411341,tower
KSRR-FM (San Antonio),29.1844081,-98.5139054,tower
KSAQ-FM (San Antonio),29.6336005,-98.6309157,comms_tower
KMMX-FM (Terrell Hills),29.1844081,-98.5139054,tower
KLRN-TV (San Antonio),29.3274234,-98.3548945,tower
KVDA-TV (San Antonio),29.2944054,-98.2586221,tower
KABB-TV (San Antonio),29.2910721,-98.270289,tower
Accelerated Learning School,29.4242964,-98.5825165,school
Alamo Achievement Center,29.4119001,-98.5125175,school
Building Alternative Charter School,29.4896753,-98.431127,school
Oak Crest Intermediate School,29.3463477,-98.2908452,school
P F Stewart Elementary School,29.3982898,-98.4311265,school
Lackland Elementary School,29.3966228,-98.6236314,school
Losoya Intermediate School,29.2396567,-98.4697296,school
John Glenn Elementary School,29.350674,-98.2937876,school
Judson Learning Academy,29.5960537,-98.3502975,school
Judson Senior High School,29.5221746,-98.3091795,school
Gonzales Achievement Center,29.4543987,-98.486406,school
Harlandale Alternative Center,29.3430138,-98.4805718,school
Harmony Hills Elementary School,29.5371734,-98.5000179,school
Heritage Middle School,29.3553218,-98.3342568,school
Edgewood Competency Based High School,29.4241186,-98.5827504,school
Virginia A Stacey Junior and Senior High School,29.3786592,-98.6129101,school
W M Pearce Primary School,29.2398626,-98.4704806,school
Walzem Elementary School,29.510508,-98.4033487,school
Somerset Elementary School,29.225613,-98.6545551,school
South San Antonio Alternative School,29.3691238,-98.555574,school
Southside Alternative Center,29.2400967,-98.4707059,school
Southside Middle School,29.2393197,-98.4708132,school
Southwest Preparatory School,29.488772,-98.4431763,school
Transitions School,29.5182853,-98.5314075,school
Northview Early Childhood Center,29.5430073,-98.2977904,school
Rose Garden Elementary School,29.5535625,-98.2902902,school
Methodist Children's Hospital,29.507212,-98.572054,hospital
Saint Peters Catholic School,29.4738424,-98.4614055,school
Fort Sam Houston Branch Post Office,29.4499916,-98.4541672,post_office
Seventh Day Adventist Junior Academy,29.4921752,-98.4191823,school
Kenwood Child Development Center,29.4724535,-98.4936285,school
Radio Tower,29.4596578,-98.4070565,tower
Saint Anthony High School,29.4605095,-98.4900172,school
Laurel Heights Station Post Office,29.4521741,-98.4912661,post_office
KSAT 12-TV Tower,29.4366969,-98.483915,tower
J Frank Dobie Post Office,29.4233333,-98.395,post_office
Los Jardines Post Office,29.4264175,-98.5699281,post_office
Nimitz Post Office,29.5343281,-98.4925831,post_office
Northeast Annex Post Office,29.5406102,-98.3706973,post_office
Serna Post Office,29.5026495,-98.4145475,post_office
Tejeda Station Post Office,29.3534654,-98.5476151,post_office
Academy of Careers and Technologies Charter School,29.3960666,-98.4861552,school
Alamo Heights Presbyterian Day School,29.4844168,-98.4671142,school
Aragon Spanish Academy,29.6165608,-98.453912,school
Believers Academy,29.5651321,-98.3672975,school
Career Plus Learning Academy,29.4120868,-98.4049755,school
The Christian School at Castle Hills,29.5334082,-98.5243489,school
Christ Our Savior School,29.4996746,-98.5080686,school
Colonial Hills United Methodist School,29.5277,-98.5406,school
Concordia University at San Antonio,29.5174215,-98.4546547,school
Crown of Life Lutheran Preschool,29.6321225,-98.4978288,school
Eisenhauer Road Baptist School,29.496293,-98.4182741,school
Gateway Christian School,29.3679015,-98.6152928,school
Grace Christian School,29.5431167,-98.640531,school
Guadalupe Baptist Theological Seminary,29.4098492,-98.4507051,school
Higgs Carter King Gifted and Talented Charter,29.4467914,-98.509034,school
Highland Hills Baptist School,29.3767267,-98.4498348,school
Holy Trinity Presbyterian Day School,29.589232,-98.3577633,school
Immaculate Conception Kindergarten and Nursery,29.4296671,-98.5216737,school
James Cook School of Medicine,29.5866813,-98.5554452,school
John Calvin Presbyterian Church Preschool,29.511389,-98.380833,kindergarten
Texas Neurosciences Institute,29.509931,-98.571492,clinic
Atascosa Post Office,29.288771,-98.7057792,post_office
Harlandale Post Office,29.3618538,-98.4930078,post_office
CVS Pharmacy,29.413013,-98.4050803,pharmacy
Los Angeles Heights Child Development Center,29.4715413,-98.5172426,school
Rainbow Hills Baptist Church School,29.4090635,-98.6571638,school
Seminario Biblico Bautista,29.3960211,-98.4656268,school
Trinity Community Arts Center,29.4696409,-98.5399165,community_centre
Kipp Aspire Academy,29.4746271,-98.5263133,school
La Petite Academy,29.5071885,-98.4716195,school
La Petite Academy,29.5891177,-98.3792611,school
La Petite Academy,29.4940436,-98.3328545,kindergarten
La Petite Academy,29.4923413,-98.5975945,school
La Petite Academy,29.357357,-98.5146941,kindergarten
Lighthouse Charter School,29.519167,-98.393333,school
Lutheran High School,29.5230831,-98.6130946,school
Montessori San Antonio Country Day School,29.5780194,-98.410637,school
Montessori School International,29.5165285,-98.5755053,school
New Directions School,29.4873833,-98.4476947,school
New Elementary School,29.3630004,-98.359973,school
New Frontiers Charter School,29.3836573,-98.4767992,school
New Frontiers Middle School,29.3836573,-98.4767938,school
Northwood Presbyterian Day School,29.5063353,-98.4383342,school
Oblates of Mary Immaculate Oblate Vocation Center,29.5049347,-98.5022193,school
Omega Academic Center,29.3499884,-98.4818204,school
Omega Academic Center,29.377598,-98.405271,school
Our Lady of Peace Catholic School,29.4080376,-98.520908,school
Our Lady of Perpetual Help School,29.4135815,-98.4492875,school
Our Ladys Pre-Kindergarten,29.5222612,-98.5416641,school
Our Savior Lutheran School,29.547976,-98.5662161,school
Roy Maas Youth Alternatives School,29.4883099,-98.5263333,school
Royal Point Academy,29.3915152,-98.6874036,school
Saint Andrews United Methodist Church Weekday School,29.4979308,-98.449688,school
Saint Anns Religious Education Center,29.4499494,-98.5124837,school
Saint Davids Episcopal School,29.4812094,-98.4382461,school
Saint Johns Lutheran School,29.4206332,-98.4897199,school
Saint Lawrence Day Care and Learning Center,29.3389029,-98.5004229,school
Saint Margarets Episcopal Day School,29.5828342,-98.3842742,school
Saint Mark the Evangelist Catholic Preschool,29.5902804,-98.4666543,kindergarten
Saint Paul Catholic Learning Center,29.4653076,-98.5499704,school
Saint Paul Lutheran Child Development Center,29.3986855,-98.4818038,school
San Andres Catholic School of Evangelization,29.4321038,-98.5058559,school
San Antonio Country Day School,29.5780194,-98.410637,school
San Antonio School For Inquiry and Creativity,29.4759103,-98.4991926,school
Shekinah Radiance Academy,29.3606547,-98.5956613,school
Shekinah Walzem School,29.5009812,-98.3570676,school
Southwest Preparatory School Northwest Campus,29.4884003,-98.5726017,school
Southwestern Baptist Seminary,29.6051885,-98.4713193,school
The Childrens Center of Stone Oak,29.6144956,-98.4917791,kindergarten
The Guardian Angel School of Performing Arts,29.508304,-98.4108119,school
Trinity United Methodist School,29.4968813,-98.5911798,school
University Presbyterian Church Childrens Center,29.4623638,-98.4870575,school
Valley Hi Assembly of God Day Care Center,29.38769,-98.6443071,school
Wright Start Learning Center,29.5392146,-98.5518048,school
Children's World Learning Center,29.4656313,-98.6455244,kindergarten
Children's Enrichment Center,29.4951353,-98.5695589,kindergarten
Children's World Learning Center,29.5591427,-98.3961543,kindergarten
Children's World Learning Center,29.5069291,-98.3816543,kindergarten
Childtime Learning Centers,29.5774615,-98.3740174,kindergarten
A Place for Kids,29.4896756,-98.623125,kindergarten
Acorn a School for Young Children,29.4584808,-98.4693114,kindergarten
Poppys Kiddie Kampus,29.3299469,-98.5347883,kindergarten
Creative Little Minds,29.3511202,-98.5159816,kindergarten
Ismalia Cultural Center,29.5164692,-98.4191959,arts_centre
San Antonio Fire Department Station Number 6,29.4512957,-98.4984077,fire_station
Geronimo Village Volunteer Fire Department,29.4545285,-98.7553653,fire_station
Castle Hills City Fire Department,29.522644,-98.5202449,fire_station
Harmony Volunteer Fire Department,29.3027131,-98.3698131,fire_station
Just 4 Kids Day Care Center,29.4961724,-98.499875,kindergarten
Home Away From Home Child Care Center,29.3926407,-98.6457776,kindergarten
Growing Stage Day Care Center,29.5723438,-98.4186686,kindergarten
Kindercare Learning Centers,29.5137117,-98.5367089,kindergarten
Kids World Day Care Center,29.5116091,-98.6401851,kindergarten
Kid Kountry Early Learning Center,29.2992573,-98.3818081,kindergarten
Castle Hills Learning Center and Day Care Center,29.5383411,-98.5060331,kindergarten
Buttons-N-Bows Learning Center and Child Care Center,29.5261043,-98.5977334,kindergarten
Feed My Sheep Early Learning Center,29.5537591,-98.4035041,kindergarten
Faith Temple Church of God in Christ Day Care Center,29.4727671,-98.3575286,kindergarten
Eisenhauer Road Baptist Day Care Center,29.496293,-98.4182741,kindergarten
Alamo Heights United Methodist Church Day Care Center,29.4982559,-98.4738631,kindergarten
Baptist Temple Early Learning Center,29.4007724,-98.4562522,kindergarten
Promise Center for Autism,29.5540932,-98.4309875,kindergarten
Ninas Daycare and Learning Center,29.5791198,-98.3934853,kindergarten
Northminster Early Learning Center,29.4978654,-98.6615021,kindergarten
Oak Hills Presbyterian Church Day Care Center,29.4948922,-98.5688505,kindergarten
Kindercare Learning Centers,29.5184818,-98.6598121,kindergarten
Kindercare Learning Centers,29.5442408,-98.3408925,kindergarten
The Kid's Garden Learning Center,29.539961,-98.5517688,kindergarten
Madison Hills Baptist Church Day Care Center,29.5812448,-98.3937424,kindergarten
Mi Casa Child Care Center,29.4836705,-98.6589218,kindergarten
Universal City Public Library,29.5456886,-98.2936926,library
Leon Valley Public Library,29.5011611,-98.6132078,library
South San Antonio Independent School District Library,29.3688987,-98.5553245,library
Stake Genealogy Library,29.4730872,-98.548648,library
Olmos Park Police Department,29.4718589,-98.49035,police
Kirby Police Department,29.4682874,-98.3816812,police
Hill Country Village City Hall,29.5717034,-98.4817702,town_hall
Terrell Hills City Hall,29.4753218,-98.4589439,town_hall
Kirby City Hall,29.4719414,-98.3820911,town_hall
Alamo Heights City Hall,29.4848165,-98.4662011,town_hall
Fort Sam Houston Theatre,29.4495674,-98.4584174,theatre
Harlandale Independent School District Police Department,29.3463396,-98.5127896,police
Castle Hills City Police Department,29.5219034,-98.5214854,police
Majestic Theatre,29.4263538,-98.4906197,theatre
Aztec Theater,29.4247609,-98.4912458,theatre
Center for Legal and Social Justice,29.4597876,-98.5680438,public_building
San Antonio Art League Museum,29.4166014,-98.4908493,museum
Texas Highway Patrol Museum,29.4157728,-98.4890113,museum
United States Army Medical Department Museum,29.461343,-98.4380715,museum
East Central Schools Museum,29.3488476,-98.2952898,museum
Fort Sam Houston Museum,29.4482878,-98.4664055,museum
Texas Driving School,29.5180256,-98.451139,school
Jimmy John's,29.5178497,-98.4508971,fast_food
International Food Market,29.5179698,-98.4510602,convenience
La Marginal,29.517902,-98.4509723,restaurant
Bangkok 54,29.5188455,-98.4499329,restaurant
Rod Dog's Saloon,29.5173784,-98.4488853,bar
Don and Ben's Liquor,29.5181244,-98.4492146,beverages
Schlotzsky's Deli,29.5181971,-98.4491332,fast_food
Dr. Paul A Darrow,29.5186743,-98.4488711,doctors
Fish City Grill,29.6053521,-98.4675543,restaurant
Pei Wei,29.6069791,-98.4629788,restaurant
Firehouse Subs,29.6068448,-98.4630646,fast_food
Stout's Pizza Co.,29.6059568,-98.4640173,restaurant
Kung Fu Tea,29.6055717,-98.4675177,cafe
Hard Rock Cafe,29.4251879,-98.4891537,restaurant
Valero Gas Station,29.482315,-98.4600984,convenience
CVS Pharmacy,29.4896042,-98.4589021,chemist
Walgreens,29.4966081,-98.4669648,pharmacy
Alamo Cafe,29.5714315,-98.4789262,restaurant
Asia Market,29.4849971,-98.6030732,supermarket
Visitor Booth,29.5814765,-98.6197922,tourist_info
Subway,29.435193,-98.709918,fast_food
Pei Wei,29.4362314,-98.7082424,restaurant
Wingstop,29.4365397,-98.7082424,fast_food
Way 2 Wash,29.436069,-98.7048032,car_wash
H-E-B Pharmacy,29.5263388,-98.6031917,pharmacy
Peter Piper Pizza,29.499547,-98.6227702,fast_food
Starbucks,29.5203311,-98.6383137,cafe
Costco Pharmacy,29.611945,-98.4749298,pharmacy
Buffalo Wild Wings,29.6116465,-98.4667561,restaurant
H-E-B Pharmacy,29.6069424,-98.4668927,pharmacy
Valero,29.5856565,-98.4511928,convenience
El Jarro de Arturo,29.5649278,-98.4840338,restaurant
H-E-B Pharmacy,29.5778295,-98.4762325,pharmacy
Good Sports,29.5620165,-98.592934,outdoor_shop
Pegasus Nightclub,29.4420445,-98.493955,bar
Sparky's,29.4423309,-98.4938518,pub
2015 Club,29.4534393,-98.4995672,bar
Alternative,29.4536074,-98.499586,bar
Electric Company,29.4416171,-98.4990529,bar
Bonham Exchange,29.4265761,-98.484296,nightclub
The Pigpen,29.460882,-98.4660965,bar
Bermuda Triangle,29.533598,-98.4935033,bar
Wingstop,29.4441535,-98.4996146,fast_food
Las Salsa's,29.4535479,-98.4989906,restaurant
Bananas,29.4530551,-98.4995377,restaurant
Stefania's Country Italian,29.4565887,-98.4991059,restaurant
Taco Cabana,29.46622,-98.4990359,fast_food
Jim's,29.4667851,-98.4987607,restaurant
Walgreens,29.4669813,-98.4997609,pharmacy
La Morita Fruit Cups,29.4429776,-98.4916807,fast_food
Little Taco Factory,29.4431698,-98.4916217,fast_food
McCullough Grocery,29.4442583,-98.4915332,convenience
Regio Cafe,29.4453327,-98.4915815,restaurant
Saigon Express,29.4450583,-98.4915436,restaurant
Subway,29.4447543,-98.4944456,fast_food
Alamo Fiesta on Main,29.4489139,-98.4945131,restaurant
La Fonda on Main,29.4525025,-98.4941589,restaurant
Capparelli's on Main,29.453689,-98.4937485,restaurant
Laurel Heights Pharmacy,29.4540533,-98.4937819,pharmacy
Sweet Designs Bake Shop Deli,29.4536155,-98.4924515,cafe
The Cove,29.4402691,-98.5007307,restaurant
La Michoacana Meat Market,29.4374742,-98.5021174,supermarket
MK Davis,29.4380325,-98.5025573,restaurant
Tre Trattoria,29.4373641,-98.4815217,restaurant
Visitor's Center Museum,29.4311015,-98.4922459,museum
Copper Kitchen,29.4310505,-98.4920359,restaurant
La Antorcha de la Amistad,29.4235036,-98.4874535,memorial
La Antorcha de la Amistad,29.4235036,-98.4874535,artwork
Blue Star Brewery,29.4094855,-98.4952827,pub
Joe Blues,29.4092238,-98.4954436,cafe
San Angel Folk Art,29.4094598,-98.4955912,museum
Jump Start Theater,29.4095848,-98.4956475,theatre
Guardian Angel Performance Arts Academy,29.4095918,-98.4960176,school
Bent Easel Art Gallery,29.4088943,-98.4957601,museum
Cactus Bra Gallery,29.4095089,-98.4956099,museum
Alba DeLeon Studio,29.4094131,-98.4955724,museum
Stone Metal Press,29.4093523,-98.4955482,museum
ArmonArt,29.4097962,-98.49539,museum
Magical Realism Photography Studio,29.4092845,-98.4955241,museum
Fig Tree,29.4218605,-98.4882913,restaurant
Buckhorn Saloon and Museum,29.4263278,-98.488853,pub
Buckhorn Saloon and Museum,29.4263278,-98.488853,museum
River boat boarding,29.4235094,-98.4845536,attraction
River boat boarding,29.4228301,-98.4880501,attraction
River boat boarding,29.4250675,-98.4907975,attraction
boat ride boarding,29.4332692,-98.4846044,attraction
Magnolia Pancake Haus,29.5641671,-98.4889308,restaurant
Ruth's Chris Steak House,29.4214879,-98.4785197,restaurant
Centro Cultural Aztlan Galeria Expresion,29.4614381,-98.5225476,community_centre
Centro Cultural Aztlan Galeria Expresion,29.4614381,-98.5225476,museum
Starbucks,29.446476,-98.4972953,cafe
food court,29.4462938,-98.4973006,restaurant
SAC Bookstore,29.4461945,-98.4974553,bookshop
Beethoven Maennerchor,29.4117176,-98.4916301,theatre
Conjunto Heritage Taller,29.4134598,-98.488239,theatre
Villa Finale Visitor Center,29.415976,-98.4903176,museum
Robert Hughes Gallery,29.4127038,-98.491479,museum
Robot Art Gallery,29.4125321,-98.4882121,museum
Amphitheater,29.4190747,-98.5154088,theatre
None,29.4187149,-98.516487,pharmacy
El Progresso,29.4185479,-98.5145397,theatre
Ayers Inn,29.4527004,-98.4947615,guesthouse
Beauregard House B&B,29.4149843,-98.4921006,guesthouse
Madhatter's Tea House and Cafe,29.4139798,-98.4912468,cafe
Fiesta Bed and Breakfast,29.4243958,-98.5190285,guesthouse
El Puente,29.4212421,-98.4852717,cafe
F.I.S.H.,29.4396354,-98.4816877,artwork
La Fogata,29.495855,-98.5352944,restaurant
il Sogno Osteria,29.4440938,-98.4802759,restaurant
Allen’s Flowers & Gifts,29.449339,-98.4921523,florist
Chris Casseb Clothing,29.4498108,-98.495092,clothes
Jimmy John's,29.4450528,-98.4940724,fast_food
Bear Cave,29.6475458,-98.471715,attraction
Cub Cave,29.647364,-98.4700949,attraction
Taking Flight Bronze Sculpture,29.539122,-98.3923691,artwork
Wingstop,29.353162,-98.4312303,fast_food
Buffalo Wild Wings,29.3503098,-98.435439,restaurant
Subway,29.5890197,-98.623225,fast_food
Pizza Hut,29.5123888,-98.6629785,restaurant
Rosario's Cantina,29.4152835,-98.4895838,restaurant
Cascabel's,29.4144868,-98.4888784,restaurant
The Friendly Spot,29.4146036,-98.4907273,bar
Liberty Bar,29.4124104,-98.4924288,restaurant
6 Klicks Cafe,29.5633786,-98.6840142,restaurant
Cowboy Bar,29.5638412,-98.6853081,bar
Tejas Barbacoa,29.5637181,-98.6851353,restaurant
Twin Bros Burgerz,29.5659503,-98.6896098,restaurant
Fox and Hound,29.563067,-98.585686,pub
KOGI Korean Grill,29.562787,-98.5855465,restaurant
Eleanor Kolitz Academy,29.5571711,-98.5337495,school
H-E-B Pharmacy,29.5528489,-98.5348749,pharmacy
Sheldon Vexler Theatre,29.5567599,-98.534306,theatre
The Lost Bar & Grill,29.559649,-98.5353943,bar
Town and Country Veterinary Hospital,29.5396945,-98.6508359,veterinary
Rome's Pizza,29.5641054,-98.6003639,restaurant
Freebirds World Burrito,29.5464796,-98.5765134,fast_food
Great Clips,29.5518364,-98.5729685,hairdresser
Subway,29.5080905,-98.30912,fast_food
Bayseas Seafood,29.5119384,-98.3078554,fast_food
Valley Mart,29.5231681,-98.7998662,convenience
Subway,29.523084,-98.7996838,fast_food
Corner Store,29.4898361,-98.677919,convenience
The Vault,29.4239286,-98.4892102,nightclub
Charlene McCombs Empire Theatre,29.4262145,-98.4911749,theatre
Bonham Exchange,29.4265931,-98.4842348,bar
Amphitheater,29.4431176,-98.4812509,theatre
Pearl Farmer's Market,29.4436402,-98.4797301,market_place
Atalante Boutique,29.4437804,-98.480127,clothes
Melissa Guerra,29.4436683,-98.4805025,gift_shop
The Twig Bookshop,29.4439813,-98.4800841,bookshop
Ringside Sports Bar,29.4218586,-98.4785754,bar
Cameo Theatre,29.4220268,-98.4792621,theatre
Spagetti Warehouse,29.4248817,-98.478106,restaurant
Ancira Kia Used Cars,29.4836469,-98.600406,car_dealership
Ancira-Winton Chevrolet,29.4857812,-98.6055242,car_dealership
Ancira Volkswagen,29.4865187,-98.6061137,car_dealership
Schlotzsky's,29.4960606,-98.7112722,fast_food
ACCPD - Northwest Vista Substation,29.4696069,-98.7074466,police
Freebirds,29.4911997,-98.7082583,fast_food
Ride Away Bicycles,29.4912513,-98.7083901,bicycle_shop
Pico de Gallo,29.4254445,-98.5029057,restaurant
Spring Garden Flower Shop,29.4306881,-98.4822921,florist
None,29.5408414,-98.3925645,shelter
None,29.5414953,-98.3913365,shelter
None,29.5414621,-98.3923392,shelter
None,29.5405194,-98.3900915,shelter
None,29.5412664,-98.3897593,shelter
USAA,29.4934904,-98.7081353,atm
Private Subdivision Playground,29.5583911,-98.3549733,playground
Mission Espada Visitor's Center,29.3176188,-98.4500404,museum
Gourmet Burger Grill,29.5464499,-98.5758935,restaurant
King's Highway Monument,29.320908,-98.4552665,memorial
High Lonesome Windmill,29.5741841,-98.7515275,comms_tower
Hoffmann Hayfield,29.5683607,-98.7680941,attraction
McDonald's,29.5160224,-98.6957389,fast_food
Bexar County Sheriff's Office,29.413356,-98.5953643,police
VIA Info Center,29.4024589,-98.6320921,tourist_info
L&M Bookstore,29.4458024,-98.494049,bookshop
Amy's Tex-Mex,29.490384,-98.6800729,restaurant
Corner Store,29.4901413,-98.6911638,convenience
University Bookstore,29.4447443,-98.493998,bookshop
Starbucks,29.4941836,-98.7069717,cafe
Chang's Korean Restaurant,29.4166457,-98.6477268,restaurant
Cici's Pizza,29.5648435,-98.5930495,restaurant
CVS Pharmacy,29.5642455,-98.6856883,pharmacy
Pavillion #3,29.5611719,-98.4465548,shelter
Pavillion #2,29.5602527,-98.4473648,shelter
Cavender Cadillac,29.4328579,-98.4826306,car_dealership
Old Spanish Trail City Limit Marker and Bench,29.4801105,-98.5412603,memorial
Subway,29.5106343,-98.3916851,fast_food
Pho Hai An,29.511366,-98.392355,restaurant
Fishland Fish Market,29.5106266,-98.3906265,restaurant
Thai Chalurn,29.5108125,-98.3922814,restaurant
Church's Chicken,29.4893709,-98.5500231,fast_food
Credit Human,29.564745,-98.5925819,bank
Babe's,29.4902985,-98.5520018,restaurant
Simi's,29.4902004,-98.5522164,restaurant
South Garden,29.4825003,-98.5448886,restaurant
Subway,29.4834622,-98.5456932,fast_food
Big Lots,29.5322117,-98.5590292,department_store
Freddy's,29.4125275,-98.500478,fast_food
Subway,29.3707883,-98.5968606,fast_food
Subway/Java City on the Quad,29.4535639,-98.5620398,restaurant
Little Rhein Steak House,29.4218135,-98.4880698,restaurant
Texas de Brazil,29.4266542,-98.4890676,restaurant
Volvo Center,29.5153173,-98.4471795,car_dealership
Rod East Volkswagen,29.5151819,-98.4458652,car_dealership
School of Science and Technology,29.5153546,-98.443816,school
Walmart Pharmacy,29.5181857,-98.6329936,pharmacy
Chacon Autos,29.5174058,-98.6365898,car_dealership
Little Caesars,29.4371649,-98.6846959,fast_food
Subway,29.4377902,-98.6783759,fast_food
UIW Campus Police,29.4668393,-98.4670325,police
District 7 Fire and Rescue,29.5280093,-98.7222275,fire_station
Richard Beene Site,29.2465834,-98.512914,archaeological
Land Heritage Institute Headquarters,29.2452822,-98.5170768,tourist_info
Corn Crib Photographic Exhibit by Ansen Seale,29.2486998,-98.5240836,artwork
Applewhite House Ruins 1852-1930s,29.2486459,-98.5241,ruins
Richard Beene Site,29.2560972,-98.5193741,archaeological
None,29.5327806,-98.427353,shelter
Blue Hole,29.4688201,-98.4673037,attraction
Moontrail,29.4517036,-98.5052475,clothes
KIPP Aspire Academy,29.4501812,-98.5125108,school
D&B Liquor,29.4336586,-98.7043165,beverages
The UPS Store,29.4340429,-98.7052472,post_office
North Park Mazda,29.5260155,-98.4996256,car_dealership
Mercedes-Benz of San Antonio,29.5273413,-98.4978448,car_dealership
North Park Subaru,29.5298058,-98.4979789,car_dealership
Benson Honda,29.5237007,-98.4987246,car_dealership
Adelante Mexican Food,29.4907903,-98.4585554,restaurant
Starbucks,29.5998341,-98.4186458,cafe
Milberger's Landscaping & Nursery,29.6000331,-98.4162569,garden_centre
Battle of Salado Creek (1842),29.4869581,-98.4172985,battlefield
Salado Creek Overlook,29.5637829,-98.5251261,viewpoint
Papa Nacho's Cantina,29.6643378,-98.6319611,restaurant
Subway,29.660821,-98.6298405,fast_food
Double Dave's Pizzaworks,29.6607397,-98.6297938,restaurant
Thai Lao Orchid,29.6604358,-98.6296591,restaurant
Willies Grill & Icehouse,29.668831,-98.6316224,restaurant
Bakery Lorraine,29.6080284,-98.5983636,fast_food
Chick-fil-A,29.5929876,-98.6139588,fast_food
Grimaldi's Pizzeria,29.592545,-98.6122182,restaurant
Ayala & Associates Driving School,29.567736,-98.5803807,school
Five Star Cleaners & Laundry,29.5677214,-98.5804394,laundry
Spec's Deli,29.5659768,-98.5871039,fast_food
Sapporo Sushi & Asian Cuisine,29.5721506,-98.5975142,restaurant
Picnikins Patio Cafe,29.5717501,-98.5969903,restaurant
Burger King,29.4431628,-98.3614667,fast_food
Denny's,29.446312,-98.3617241,restaurant
Pizza Hut,29.4431429,-98.3615266,restaurant
Popeyes,29.4431305,-98.361595,fast_food
Subway,29.4463544,-98.3604232,fast_food
Freetail Brewing Company,29.6017424,-98.5612324,restaurant
Scuzzi's Italian Grill,29.601528,-98.5611974,restaurant
Harmony Volunteer Fire Department,29.3009819,-98.3717488,fire_station
H-E-B Pharmacy,29.5309727,-98.5597914,pharmacy
River boat boarding,29.4432345,-98.4814736,attraction
Cole High School,29.4793243,-98.4187821,school
Cole Middle School,29.4793451,-98.4195392,school
Mi Sierra Jalisco,29.4731855,-98.577423,restaurant
Little Blue Hole,29.4705734,-98.4706771,attraction
H-E-B Pharmacy,29.5152406,-98.5245314,pharmacy
H-E-B Pharmacy,29.6646377,-98.6337679,pharmacy
H-E-B Pharmacy,29.3538499,-98.4332264,pharmacy
H-E-B Pharmacy,29.3801372,-98.4585707,pharmacy
H-E-B Pharmacy,29.4196554,-98.6528981,pharmacy
H-E-B Pharmacy,29.5540691,-98.6620641,pharmacy
H-E-B Pharmacy,29.3603246,-98.5336816,pharmacy
H-E-B Pharmacy,29.6065487,-98.5101264,pharmacy
H-E-B Pharmacy,29.4341029,-98.7030183,pharmacy
H-E-B Pharmacy,29.6416368,-98.4568692,pharmacy
H-E-B Pharmacy,29.5074857,-98.4587228,pharmacy
H-E-B Pharmacy,29.4285279,-98.524349,pharmacy
H-E-B Pharmacy,29.3980416,-98.5147429,pharmacy
H-E-B Pharmacy,29.4652596,-98.5257203,pharmacy
H-E-B Pharmacy,29.4248715,-98.462586,pharmacy
H-E-B Pharmacy,29.4704468,-98.4965039,pharmacy
H-E-B Pharmacy,29.3576958,-98.5019093,pharmacy
H-E-B Pharmacy,29.4465283,-98.5423561,pharmacy
H-E-B Pharmacy,29.3803922,-98.6361892,pharmacy
H-E-B Pharmacy,29.5035463,-98.5002997,pharmacy
H-E-B Pharmacy,29.5464877,-98.3117683,pharmacy
H-E-B Pharmacy,29.4175164,-98.5542545,pharmacy
H-E-B Pharmacy,29.561737,-98.5883524,pharmacy
H-E-B Pharmacy,29.4933359,-98.4308065,pharmacy
H-E-B Pharmacy,29.4792903,-98.3596157,pharmacy
H-E-B Pharmacy,29.5768344,-98.4397126,pharmacy
H-E-B Pharmacy,29.4144031,-98.4064202,pharmacy
H-E-B Pharmacy,29.5196322,-98.6437535,pharmacy
H-E-B Pharmacy,29.4823526,-98.5949051,pharmacy
H-E-B Pharmacy,29.5692572,-98.3868986,pharmacy
H-E-B Pharmacy,29.5095608,-98.3698346,pharmacy
H-E-B Pharmacy,29.4856182,-98.6646127,pharmacy
H-E-B Pharmacy,29.4980131,-98.4689258,pharmacy
H-E-B Pharmacy,29.5493753,-98.4072327,pharmacy
El Bucanero,29.4168214,-98.6553107,restaurant
Subway,29.4168453,-98.6517098,fast_food
Oakgate Grocery,29.539416,-98.5527323,supermarket
Marias Pizza,29.5394673,-98.5529898,restaurant
Burger King,29.5106517,-98.3903594,fast_food
Pizza Hut,29.5106587,-98.384724,restaurant
Subway,29.5465355,-98.6155394,fast_food
Church's Chicken,29.4887959,-98.5255018,fast_food
Starbucks,29.4363659,-98.6496527,cafe
Chipotle,29.436304,-98.6494113,fast_food
AT&T,29.4363753,-98.6495146,mobile_phone_shop
AT&T,29.4548986,-98.470679,mobile_phone_shop
Firstmark Credit Union,29.3584377,-98.534584,bank
Rudy's Country Store & Bar-B-Q,29.5805559,-98.3100295,restaurant
Early Bird Coffee,29.54999,-98.5810315,cafe
Acting Up Creative Drama Academy,29.557194,-98.6698772,theatre
Subway,29.5484954,-98.5756219,fast_food
Mail center,29.5487266,-98.5768702,post_box
Papouli's Greek Grill,29.5462485,-98.5760873,restaurant
Schlotzsky's Deli,29.5176369,-98.4105016,fast_food
wienerschnitzel,29.5173967,-98.4104992,fast_food
Bill Miller Bar-B-Q,29.4846165,-98.6039788,restaurant
Taco Cabana,29.4838413,-98.6047271,fast_food
Sonic,29.484962,-98.6036945,fast_food
Noodle Hut,29.4372812,-98.684239,fast_food
Schlotzsky's,29.5046718,-98.4984732,fast_food
Subway,29.4190655,-98.6544619,fast_food
Rio Loco,29.4523662,-98.6971697,attraction
The Great White,29.4522564,-98.6963838,attraction
Max's Wine Dive,29.4964873,-98.4784154,restaurant
Abandoned Mill,29.4160144,-98.4937553,ruins
None,29.400469,-98.4889064,shelter
None,29.4421025,-98.4818849,shelter
The Grotto by Carlos Cortes,29.4406076,-98.4824613,artwork
None,29.4333521,-98.4847951,shelter
Hugman Dam,29.431808,-98.4879062,ruins
Dam,29.4357761,-98.481755,ruins
Sandwich De Paris,29.5006659,-98.5766871,fast_food
Domino's,29.6768866,-98.6380131,fast_food
H-E-B Pharmacy,29.5465654,-98.5108181,pharmacy
H-E-B Pharmacy,29.4910696,-98.7021864,pharmacy
Chester's Hamburger,29.593674,-98.4738467,restaurant
cjautosales llc,29.4093066,-98.5569607,car_dealership
Bahama Bucks,29.6737166,-98.6358722,fast_food
H-E-B Pharmacy,29.6627481,-98.5004207,pharmacy
Broadway Bank,29.6658528,-98.6325998,bank
Great Clips,29.665993,-98.6325744,hairdresser
Leon Springs Family Dental,29.6641937,-98.6334115,dentist
Thrifty Liquor,29.6642875,-98.6321213,beverages
Victory Martial Arts,29.6641817,-98.6329644,sports_centre
Yummi Japanese Restaurant,29.6643088,-98.6334765,restaurant
Sustenio,29.6103739,-98.6066504,restaurant
Local Coffee,29.6143098,-98.4839842,cafe
Lion & Rose,29.6147634,-98.4851529,pub
Local Coffee,29.4421564,-98.4796287,cafe
One Lucky Duck,29.4424759,-98.4798274,cafe
Merit Coffee,29.4807561,-98.4653148,cafe
The Synergy Studio,29.4431701,-98.4784997,sports_centre
Panda Express,29.3521538,-98.4363982,fast_food
CVS Pharmacy,29.4851384,-98.3465052,pharmacy
McDonald's,29.4927529,-98.4348711,fast_food
Panda Express,29.4925432,-98.435327,fast_food
Schilo's Delicatessen,29.4236354,-98.4882124,restaurant
Office Depot,29.4374807,-98.6459053,stationery
Subway,29.5999399,-98.4172237,fast_food
Paula Deen's Family Kitchen,29.6114381,-98.6007794,restaurant
Starbucks,29.6126882,-98.6022319,cafe
Chama Gaucha,29.6101222,-98.4977818,restaurant
TJ Maxx,29.6106357,-98.594349,department_store
Trek,29.4809613,-98.4654316,bicycle_shop
Olde Espada Dam Marker,29.3462898,-98.4656127,memorial
Tropical Smoothie Cafe,29.5511228,-98.6634734,fast_food
Urban Bricks,29.6092392,-98.5968323,fast_food
Zoës Kitchen,29.6090946,-98.5971231,fast_food
Subway,29.5746883,-98.5955713,fast_food
Buffalo Wild Wings,29.56272,-98.5992982,restaurant
Cedar Mediterranean Grill,29.5627568,-98.6004057,restaurant
Thai Bistro & Sushi,29.5633735,-98.600932,restaurant
The UPS Store,29.4374302,-98.6522609,post_office
Image Dance,29.5482696,-98.4075813,sports_centre
Commonwealth Coffeehouse & Bakery,29.436088,-98.4802888,cafe
Ocho,29.4309475,-98.4897974,restaurant
Whiskey Cake,29.5932101,-98.6113275,restaurant
John the Greek Restaurant,29.592018,-98.4709964,restaurant
Lucky Liquor,29.5343472,-98.6807832,beverages
Oak Hills Child Development and Learning Center,29.5217072,-98.570222,kindergarten
Building Sanctuaries,29.3182992,-98.4509841,tourist_info
Defending the Faithful,29.3185527,-98.4512723,tourist_info
Espada Mission,29.3176681,-98.4505809,tourist_info
Mastering New Mysteries,29.3175047,-98.4505076,tourist_info
San Antonio Missions,29.317342,-98.4503718,tourist_info
The Church,29.3179571,-98.4508758,tourist_info
Mission Concepcion,29.3904245,-98.4916148,tourist_info
The Mission Road,29.3903636,-98.4915337,tourist_info
Indian Quarters,29.3615965,-98.4810194,tourist_info
Mill and Acequia,29.362737,-98.4798736,tourist_info
Mission San Jose,29.3610578,-98.4798884,tourist_info
Rose Window,29.3621113,-98.4797965,tourist_info
The Church,29.3625913,-98.4801189,tourist_info
The Convento,29.3618974,-98.4795441,tourist_info
Royal Roads,29.360546,-98.4799544,tourist_info
Colonial Room,29.4244593,-98.4862585,restaurant
Mission Concepcion SWell Cycle,29.3899492,-98.4917089,bicycle_rental
Luciano Pizzeria,29.5926499,-98.6135932,restaurant
Lion and Rose,29.6098153,-98.5988319,restaurant
Bank of America,29.4672205,-98.4989463,bank
Viva Villa,29.424685,-98.4994478,fast_food
Jamba,29.4386546,-98.6555635,fast_food
Freshëns,29.5844133,-98.6181425,fast_food
Concepcion Park SWell Cycle,29.388143,-98.4974105,bicycle_rental
Roosevelt Park SWell Cycle,29.4005801,-98.4885651,bicycle_rental
Blue Star SWell Cycle,29.4095119,-98.49504,bicycle_rental
The Luxury SWell Cycle,29.4361624,-98.4805396,bicycle_rental
BCycle,29.4377271,-98.4808424,bicycle_rental
Pearl at Hotel Emma SWell Cycle,29.4433017,-98.4809945,bicycle_rental
1800 Broadway SWell Cycle,29.4429256,-98.4766524,bicycle_rental
EyeTx,29.4334744,-98.7047037,optician
Subway,29.3314354,-98.6261296,fast_food
cruise America,29.4084259,-98.5154321,car_rental
Candlewood Suites San Antonio Airport,29.5347687,-98.4913125,hotel
Town House Motel - Airport,29.5155569,-98.4603377,motel
Fireside Inn San Antonio / Ft. Sam Houston,29.4897707,-98.4432102,motel
Knights Inn San Antonio/Fort Sam Houston,29.4873034,-98.4483186,motel
Rodeway Inn near Ft. Sam Houston,29.487062,-98.4488116,motel
Steel Motel Three,29.4857317,-98.4515352,motel
Arthritis Associates P A,29.5185985,-98.5581521,doctors
Subway,29.5726749,-98.6479165,fast_food
Starbucks,29.5695797,-98.6503078,cafe
UT Dentistry,29.5150325,-98.580095,dentist
Bakery Lorraine,29.4422847,-98.4800498,bakery
Larder,29.442501,-98.4810557,cafe
James Avery Jewelry,29.4920839,-98.7085048,jeweller
James Avery Jewelry,29.4703016,-98.6205763,jeweller
James Avery Jewelry,29.57671,-98.3397773,jeweller
James Avery Jewelry,29.6096705,-98.5113787,jeweller
James Avery Jewelry,29.6084899,-98.5980448,jeweller
James Avery Jewelry,29.6534621,-98.4478933,jeweller
James Avery Jewelry,29.3545032,-98.5307987,jeweller
James Avery Jewelry,29.4965954,-98.4796448,jeweller
James Avery Jewelry,29.3511203,-98.4354434,jeweller
Homewood Suites by Hilton San Antonio Airport,29.5186346,-98.4638361,hotel
Texas Land & Cattle,29.5194156,-98.4900303,restaurant
Ross,29.4921453,-98.551253,department_store
Walmart Pharmacy,29.5475561,-98.3087515,pharmacy
James Avery Jewelry,29.4845241,-98.3513247,jeweller
Panchitos,29.4684514,-98.4914869,restaurant
Schlotzsky's,29.6389062,-98.4583144,fast_food
Le Nails & Spa,29.493694,-98.707553,beauty_shop
Starbucks,29.4243615,-98.4866278,cafe
Ghalia Dresses,29.5037358,-98.4987148,clothes
Tim's Oriental and Seafood Market,29.5008697,-98.6243538,supermarket
Planet Bike,29.4895409,-98.6099966,bicycle_shop
ROL playground,29.4254205,-98.6246518,playground
Chock Dee Asian Food Store,29.54621,-98.2880784,supermarket
Ancira Kia,29.4870478,-98.6066814,car_dealership
"Sari-Sari Filipino Restaurant, Market, & Bakery",29.4858741,-98.6029893,restaurant
Kung Fu Noodles,29.4964048,-98.6187355,restaurant
Tiago's Cabo Grille,29.4373998,-98.6521522,fast_food
Luciano Pizzeria,29.4386844,-98.6556313,restaurant
Cricket Wireless,29.4370348,-98.6801251,mobile_phone_shop
Metro by T-Mobile,29.4371936,-98.6796229,mobile_phone_shop
Fresh Donuts,29.4894213,-98.4417801,fast_food
Taco Cabana,29.4894511,-98.4438977,fast_food
The Bubble Bath,29.4906465,-98.4413308,car_wash
L&L Hawaiian Grill,29.4893948,-98.4418854,fast_food
Target,29.4893531,-98.4471948,department_store
Potranco Branch,29.4424677,-98.6608221,library
Bandera Family Health Care,29.5827936,-98.6412641,doctors
Starbucks,29.506939,-98.5754128,cafe
Magic Time Machine,29.5159011,-98.4609205,restaurant
La Fonda Alamo Heights,29.515017,-98.4611916,restaurant
San Antonio Petroleum Club,29.5185749,-98.4576969,restaurant
Fuddruckers,29.5181756,-98.4602303,restaurant
Formosa Garden,29.516985,-98.458037,restaurant
Raffles Restaurant and Bar,29.5167909,-98.456693,restaurant
Cibolo Canyon Amenity Center,29.6614939,-98.4228886,sports_centre
Universal City Animal Care & Control,29.560573,-98.3238869,veterinary
Sprint,29.4387041,-98.6557065,mobile_phone_shop
Cavender Toyota,29.4799326,-98.6019811,car_dealership
Genghis Grill,29.4387952,-98.6559586,fast_food
Knockouts,29.4387602,-98.6558714,hairdresser
Wingstop,29.4387357,-98.655795,fast_food
Merit Coffee Co.,29.6660362,-98.6326319,cafe
None,29.4594758,-98.6984246,shelter
None,29.4593426,-98.6984118,shelter
None,29.4596069,-98.6984423,shelter
None,29.4592372,-98.6983279,shelter
Mario's,29.4198707,-98.5328365,convenience
Papa John's,29.4355628,-98.6867111,fast_food
Russo's Coal-Fired Italian Kitchen,29.6100719,-98.5992705,restaurant
Mash'd,29.6096603,-98.5985986,restaurant
The General Public,29.6095892,-98.5980528,restaurant
Hopdoddy,29.6093583,-98.5984873,restaurant
Thrifty,29.5190555,-98.4673614,car_rental
Sunken Garden Gate,29.4607362,-98.4771784,artwork
Whataburger,29.4238835,-98.488942,fast_food
The Drinkery,29.5166212,-98.5958052,bar
voodoo,29.4051929,-98.4730262,artwork
Bike World,29.5834202,-98.4770838,bicycle_shop
The Lost Cajun,29.5721097,-98.5970413,restaurant
T-Mobile,29.5637243,-98.5883967,mobile_phone_shop
Wing Daddy's Sauce House,29.5638363,-98.5880645,restaurant
HuHot Mongolian Grill,29.561351,-98.5915926,fast_food
Little Caesars,29.5632221,-98.5881604,fast_food
Pho Hung Cuong,29.5623099,-98.5929977,restaurant
46th Street Pizza,29.5625222,-98.5930433,restaurant
Einstein Bros. Bagels,29.5626657,-98.5930514,fast_food
Pizza Hut,29.3809972,-98.6390572,restaurant
Great Clips,29.4371893,-98.6845811,hairdresser
Shipley Do-Nuts,29.4439866,-98.6600335,fast_food
Baldy's,29.3759439,-98.2997109,restaurant
Tacos N Salsa,29.593012,-98.5864672,fast_food
YMCA,29.442139,-98.6610943,sports_centre
Cricket Wireless,29.4390866,-98.6566874,mobile_phone_shop
Freebirds,29.439131,-98.6568269,fast_food
Great Clips,29.4390971,-98.656729,hairdresser
Five Guys,29.439027,-98.6565104,fast_food
Jersey Mike's Subs,29.4389932,-98.6564313,fast_food
Rose Nail & Spa,29.4389675,-98.6563575,beauty_shop
ChilAngus,29.4389453,-98.6562945,restaurant
First Watch,29.4389137,-98.6561577,restaurant
Sprint,29.4450774,-98.6690122,mobile_phone_shop
Fountain at Alamo Cement Company,29.497521,-98.4792365,fountain
James Avery Jewelry,29.5184339,-98.4965251,jeweller
James Avery Jewelry,29.597456,-98.3504301,jeweller
James Avery Jewelry,29.4691627,-98.6209828,jeweller
Jamba,29.4918493,-98.7078849,fast_food
Subway,29.6690919,-98.635097,fast_food
First Course Salad Kitchen,29.6469362,-98.6228299,fast_food
Cuppencake,29.6489922,-98.6243132,bakery
Silo,29.6490412,-98.6243869,restaurant
Casa La Bonita,29.6603414,-98.628936,restaurant
Albi’s Vite,29.6659747,-98.6340724,restaurant
Style America,29.4934095,-98.7072634,hairdresser
Visionworks,29.493371,-98.7071546,optician
Charles A. James Bicycle,29.4279006,-98.4939854,bicycle_shop
Chipotle,29.4237123,-98.4869984,fast_food
CVS Pharmacy,29.4240073,-98.4897435,pharmacy
San Antonio Detours,29.4521266,-98.4966296,travel_agent
BurgerFi,29.5484047,-98.6627585,fast_food
Subway,29.5483487,-98.6627049,fast_food
Shipley Do-Nuts,29.5330241,-98.589918,fast_food
Hair Works Beauty Salon & Spa,29.4875517,-98.5968652,beauty_shop
Timeless Nails & Spa,29.4451942,-98.6602414,beauty_shop
Phone Fixers,29.4452269,-98.6601663,mobile_phone_shop
Vietnamese Express,29.4452385,-98.6601099,fast_food
Krispy Kreme,29.4451755,-98.6603178,fast_food
"""Kelly No. 2"" Flight Line",29.3845099,-98.5741907,memorial
Dimassi's Mediterranean Buffet,29.496946,-98.5570395,restaurant
The Shops at Sandy Oaks,29.1788451,-98.4234096,market_place
Municipal Building,29.1910318,-98.4031014,town_hall
Red McCombs Superior Hyundai,29.4874946,-98.5802136,car_dealership
Jefferson Dental Care,29.436986,-98.6816105,dentist
Thai Hut,29.4357573,-98.6856768,restaurant
Stout's Pizza Co.,29.5140611,-98.6966458,restaurant
Credit Human,29.5150358,-98.6963206,bank
Luminous Nails & Spa,29.5138409,-98.6967173,beauty_shop
Service Cuts Barbershop,29.5137802,-98.696748,hairdresser
Pop's A Liquor 4,29.5134535,-98.6968909,beverages
Smokey Mo's,29.5133701,-98.6970305,restaurant
Papa John's,29.5573386,-98.6649299,fast_food
Verizon,29.5573059,-98.6649781,mobile_phone_shop
Jimmy John's,29.4910351,-98.7078326,fast_food
TJ Maxx,29.5161847,-98.4803004,department_store
Feliz Modern,29.4708433,-98.4925678,furniture_shop
Mockingbird Handprints,29.4098383,-98.4957142,artwork
San Angel Folk Art,29.4093639,-98.4959791,gift_shop
Joyeux Home Decor,29.4776082,-98.4918624,furniture_shop
The Tiny Finch,29.4421475,-98.4795603,gift_shop
Five Broads Off Broadway,29.4828098,-98.459758,furniture_shop
At Home,29.5141995,-98.4793995,furniture_shop
el Bucanero,29.5810235,-98.5179048,restaurant
Choice Leather Seating,29.5169404,-98.4573614,furniture_shop
Star Furniture,29.5597061,-98.5912548,furniture_shop
Z Galleries,29.5925313,-98.6116042,furniture_shop
Choice Leather Furniture,29.5579276,-98.5901032,furniture_shop
Bassett Furniture Direct,29.6091559,-98.5972991,furniture_shop
Domino's,29.4372336,-98.6794326,fast_food
Architectural Granite Marble,29.5655438,-98.4174201,furniture_shop
Fergusons,29.5530543,-98.4916516,doityourself
EOG Resources,29.6163668,-98.4594192,attraction
River City Flooring,29.5650494,-98.4165689,doityourself
La-Z-Boy,29.561373,-98.588052,furniture_shop
The Tile Shop,29.5660422,-98.5879516,furniture_shop
Magic Stones,29.464283,-98.4831291,artwork
TJ Maxx,29.5713273,-98.3226928,department_store
Diva Nails & Spa,29.4353258,-98.7153402,beauty_shop
RealPho,29.4360411,-98.7152864,restaurant
Conroy's,29.7205782,-98.664682,bar
Woodlawn Lake Park Entrance,29.4547371,-98.5349204,artwork
Spineway,29.4507133,-98.5349751,artwork
Woodlawn Lake Lighthouse,29.4509543,-98.5329706,artwork
Niki's Cafe,29.4890814,-98.5761112,fast_food
Home Improvement Warehouse,29.4830004,-98.5970405,doityourself
Metro by T-Mobile,29.4831031,-98.59685,mobile_phone_shop
Office Depot,29.4828486,-98.5945675,stationery
Jimmy John's,29.5627234,-98.4813675,fast_food
Office Depot,29.5629357,-98.4812388,stationery
Verizon,29.5632856,-98.4811476,mobile_phone_shop
Hertz,29.5595807,-98.4827918,car_rental
Broadway Bank,29.5624294,-98.4814721,bank
Starbucks,29.5569058,-98.5170557,cafe
Thai Lao Orchid,29.5158334,-98.5945771,restaurant
H-E-B Pharmacy,29.4864209,-98.731977,pharmacy
Baptist Emergency Hospital,29.5879659,-98.4734443,hospital
South Texas Oral Surgery,29.4972024,-98.7019041,dentist
Bob Mills Furniture,29.5601759,-98.5873627,furniture_shop
La Panaderia,29.5134419,-98.4664477,bakery
The Angry Elephant,29.6602738,-98.6295609,bar
Kin Thai & Sushi,29.6483593,-98.624462,restaurant
H-E-B Pharmacy,29.5954423,-98.4169583,pharmacy
Focal Point Vision - Alamo Heights,29.5080864,-98.4727511,doctors
Subway,29.4263402,-98.7960032,fast_food
Beak Cycle,29.5817996,-98.6170369,bicycle_rental
George's Keep,29.6108819,-98.6066562,pub
Uniko,29.6100343,-98.6063457,restaurant
Piatti,29.6098151,-98.6060259,restaurant
Ruth's Chris,29.6103164,-98.6059012,restaurant
None,29.562905,-98.6964569,shelter
McCombs Ford West,29.4560677,-98.6289494,car_dealership
Local Coffee,29.5979028,-98.5632433,cafe
Howdy Child,29.4418657,-98.4806621,fast_food
Park Bar,29.442,-98.4806769,pub
Wonderslice,29.4418773,-98.4807211,fast_food
Henbit,29.4418572,-98.4805907,fast_food
Freight Fried Chicken,29.4418517,-98.480524,fast_food
Chilaquil,29.4418458,-98.4804609,fast_food
Southerleigh,29.442522,-98.4807104,restaurant
Botika,29.442536,-98.4799621,restaurant
Deol Bar,29.5889665,-98.6242408,pub
Kung Fu Tea,29.5891811,-98.6307102,cafe
Domino's,29.5890097,-98.6233141,fast_food
UTSA Police Department,29.5850888,-98.6212944,police
P.O.D. Market,29.584287,-98.6180254,convenience
Sushic,29.5844784,-98.618114,fast_food
Panda Express,29.5836955,-98.6206426,fast_food
Campus Tech Store,29.5838981,-98.6203864,computer_shop
RowdyMart,29.5837873,-98.6200015,convenience
Subway,29.5843652,-98.6180871,fast_food
Chick-fil-A,29.5844392,-98.6181924,fast_food
Starbucks,29.5841768,-98.6179309,cafe
Dragon Bowl Z,29.5844211,-98.6180925,fast_food
Freshëns,29.5844112,-98.6182587,fast_food
Einstein Bros. Bagels,29.5819982,-98.6176573,fast_food
Westover Hills Clinic,29.4533923,-98.6828095,clinic
Pinnacle Kids Academy,29.4361685,-98.6882436,school
HealthTexas - Ingram Park,29.4459719,-98.6380059,clinic
Yayas Thai Restaurant,29.4416052,-98.6663018,fast_food
Dunkin',29.4413366,-98.6664869,fast_food
Arby's,29.4416952,-98.6656956,fast_food
305 East Houston SWell Cycle,29.4265235,-98.4893203,bicycle_rental
Crockett Street SWell Cycle,29.4251562,-98.4882635,bicycle_rental
Geekdom SWell Cycle,29.4267022,-98.4936467,bicycle_rental
USO SWell Cycle,29.4233036,-98.4889917,bicycle_rental
Travis Park SWell Cycle,29.4276542,-98.4895268,bicycle_rental
Weston Center SWell Cycle,29.4284858,-98.4937647,bicycle_rental
Hotel Havana SWell Cycle,29.4308015,-98.4896898,bicycle_rental
San Antonio Central Library SWell Cycle,29.4324332,-98.4923498,bicycle_rental
Milam Park SWell Cycle,29.4263027,-98.4982842,bicycle_rental
Main Plaza SWell Cycle,29.424797,-98.4944453,bicycle_rental
Market Square SWell Cycle,29.4245453,-98.499504,bicycle_rental
Bexar County Garage SWell Cycle,29.4226395,-98.4953365,bicycle_rental
South Alamo at Nueva SWell Cycle,29.4209591,-98.4882601,bicycle_rental
Yanaguana Garden SWell Cycle,29.4191853,-98.4880442,bicycle_rental
South Saint Mary's at South Alamo SWell Cycle,29.4158904,-98.4897387,bicycle_rental
Main at Sheridan SWell Cycle,29.4148951,-98.4969753,bicycle_rental
1111 South Alamo SWell Cycle,29.412297,-98.4919509,bicycle_rental
San Antonio Museum of Art SWell Cycle,29.4370006,-98.4823626,bicycle_rental
101 West Evergreen SWell Cycle,29.4428409,-98.4949026,bicycle_rental
SAC at Candler SWell Cycle,29.4459731,-98.4982789,bicycle_rental
Eco Centro SWell Cycle,29.4460595,-98.4935273,bicycle_rental
2332 North Saint Mary's SWell Cycle,29.4477804,-98.487253,bicycle_rental
Pearl Culinary Gardens SWell Cycle,29.4426251,-98.4801629,bicycle_rental
The DoSeum SWell Cycle,29.4531914,-98.4715392,bicycle_rental
YMCA Tripoint SWell Cycle,29.4544427,-98.4827096,bicycle_rental
SAWS SWell Cycle,29.458413,-98.4805595,bicycle_rental
Stadium Drive at Jesse Jones Rec Area SWell Cycle,29.4594893,-98.4822758,bicycle_rental
Witte @ Parking Garage SWell Cycle,29.4612055,-98.4680715,bicycle_rental
Ace Mart SWell Cycle,29.4109587,-98.4872865,bicycle_rental
1901 South Alamo SWell Cycle,29.4114879,-98.500957,bicycle_rental
423 Blue Star SWell Cycle,29.404505,-98.4908954,bicycle_rental
Freetail Brewery SWell Cycle,29.4016116,-98.4827113,bicycle_rental
Confluence Park SWell Cycle,29.3932013,-98.4974541,bicycle_rental
Mission Road SWell Cycle,29.378456,-98.48893,bicycle_rental
VFW Boulevard SWell Cycle,29.3701139,-98.4769654,bicycle_rental
Mission Park Pavilions SWell Cycle,29.3679482,-98.4762224,bicycle_rental
Padre Park SWell Cycle,29.3619932,-98.4705609,bicycle_rental
Mission San Jose SWell Cycle,29.360126,-98.4796616,bicycle_rental
285 Mission Parkway SWell Cycle,29.3532892,-98.4693955,bicycle_rental
Acequia Park SWell Cycle,29.3467845,-98.4629656,bicycle_rental
Mission San Juan SWell Cycle,29.3342608,-98.4553152,bicycle_rental
Mission Espada SWell Cycle,29.3192941,-98.4510941,bicycle_rental
Indy Coffee,29.5768582,-98.6260734,cafe
P.O.D. Express,29.5829009,-98.6186792,kiosk
P.O.D. Express,29.5842095,-98.6191633,kiosk
P.O.D. Express,29.5845442,-98.6167641,kiosk
P.O.D. Express,29.5858445,-98.6195415,kiosk
The UPS Store,29.5843261,-98.6204119,post_office
Rio's Golden Cut,29.583729,-98.6201075,hairdresser
Subway,29.5832665,-98.6202952,fast_food
Chili's,29.5835324,-98.6210106,restaurant
Rowdy Campus Store,29.5840147,-98.6201772,bookshop
The Marketplace,29.5850346,-98.6185022,convenience
Starbucks,29.5838374,-98.6205044,cafe
Greens to Go,29.5843272,-98.6180569,fast_food
The Rustic,29.6100996,-98.598344,bar
Laser Derm,29.607707,-98.5987397,beauty_shop
Lee Nails,29.6078143,-98.5986029,beauty_shop
Verizon,29.6078766,-98.5985197,mobile_phone_shop
SAS Shoes,29.6079198,-98.5984681,shoe_shop
Sprint,29.6081955,-98.5981409,mobile_phone_shop
AT&T,29.6081326,-98.5982153,mobile_phone_shop
Sport Clips,29.6082515,-98.5980999,hairdresser
The UPS Store,29.6077507,-98.598692,post_office
FedEx Office,29.6080848,-98.5982716,post_office
Acu Bistro Bar,29.6441634,-98.6213721,restaurant
Dunkin' Donuts,29.6443772,-98.6208337,fast_food
Magnolia Pancake Haus,29.5400054,-98.5848945,restaurant
Jack in the Box,29.4463417,-98.540794,fast_food
Starbucks,29.5321943,-98.5739755,cafe
Starbucks,29.5370857,-98.5751986,cafe
Starbucks,29.5408101,-98.5764539,cafe
Nature Viewing Platform,29.5487616,-98.5303701,viewpoint
Dinosaur Tracks,29.5826257,-98.7654798,archaeological
Dinosaur Tracks,29.5826257,-98.7654798,attraction
A.R.T. Massage Body Spa,29.507546,-98.4692785,beauty_shop
Sichuan Garden,29.5437152,-98.5278501,restaurant
Thirsty Horse,29.542777,-98.5274711,bar
La Michoacana Meat Market,29.5433292,-98.5276991,supermarket
Ross,29.5444845,-98.5281613,department_store
Golden Dragon Express,29.542576,-98.5292581,restaurant
Hemisfair Parking Entrance Kiosk,29.417016,-98.4835314,kiosk
Rowdy's Global Kitchen,29.5837361,-98.6205641,fast_food
Slice Pizza and Wings,29.5836557,-98.6207454,fast_food
Smoke Shack,29.4611143,-98.4665324,restaurant
Arneson River Theatre,29.4220733,-98.48874,theatre
JonesN4 Barbell,29.5734648,-98.4365943,sports_centre
Texas Strength Systems (TSS) Barbell,29.5349193,-98.4116587,sports_centre
Body Armor Weightlifting,29.4491513,-98.4749047,sports_centre
Torchy's Tacos,29.6098993,-98.5990141,fast_food
The Local Bar,29.4261092,-98.488587,bar
Playland Pizza,29.426367,-98.4885458,restaurant
La Panaderia,29.4266361,-98.4896144,restaurant
Biga on the Banks,29.4235018,-98.4919919,restaurant
Jack in the Box,29.5426253,-98.5818357,fast_food
First Watch,29.5367255,-98.5666914,restaurant
Estate Coffee,29.4249185,-98.4770277,cafe
Emma Tenayuca,29.4262865,-98.4987637,monument
Restaurant Gwendolyn,29.4284969,-98.4916538,restaurant
Kimura,29.4284975,-98.4914734,restaurant
Commonwealth Coffeehouse,29.4285156,-98.4925778,cafe
Taco Bell,29.551043,-98.5116443,fast_food
KFC,29.5510657,-98.5116611,fast_food
SAC Tech Store,29.4433462,-98.4944197,computer_shop
Vietnam War Memorial,29.4294121,-98.4887671,memorial
Korean War Memorial,29.4298589,-98.4887704,memorial
Element Lounge,29.4680491,-98.5697088,nightclub
Crossroads Bikes,29.5757933,-98.5447253,bicycle_shop
Dunkin' Donuts,29.5758516,-98.5447656,fast_food
Firehouse Subs,29.4368961,-98.708265,fast_food
Bubba Gump Shrimp Co,29.4254366,-98.4895402,restaurant
The County Line,29.4250908,-98.4895335,restaurant
Barriba Cantina,29.425099,-98.4894007,restaurant
Which Wich?,29.4240699,-98.4864208,fast_food
Paesanos Riverwalk,29.4253186,-98.4888851,restaurant
Mercado Rita's,29.4247976,-98.4898701,gift_shop
Drink,29.4235734,-98.4898487,restaurant
Chipotle,29.5195251,-98.5008189,fast_food
Wrigleyville Grill,29.5196208,-98.5024872,fast_food
Savoureux Patisserie,29.5193034,-98.5032704,fast_food
Shake Shack,29.5175634,-98.4998225,fast_food
McDonald's,29.4238292,-98.4876547,fast_food
Landry's Seafood House,29.4258547,-98.4888455,restaurant
Joe's Crab Shack,29.4256199,-98.489209,restaurant
Courtesy Phone,29.5272464,-98.4703741,telephone
San Antonio Express News,29.5270451,-98.4707249,newsagent
Beercode Kitchen And Bar,29.5266899,-98.4708421,restaurant
Auntie Anne’s,29.5266263,-98.4711177,fast_food
Famiglia Pizzeria,29.5265565,-98.4712001,fast_food
Super Bien Mex Cocina,29.526493,-98.4712647,fast_food
Starbucks,29.5263574,-98.4713601,cafe
Dunkin' Donuts,29.526214,-98.4715874,fast_food
La Gloria,29.5261922,-98.4716575,restaurant
Whataburger,29.5259562,-98.4717446,fast_food
La Taperia,29.5260874,-98.4716286,bakery
Vino Volo,29.5260886,-98.4714638,bar
San Antonio Express News,29.5255933,-98.4719581,newsagent
The Fruiteria Botanero By Chef Johnny Hernandez,29.5251625,-98.4723976,cafe
Stop N Buy,29.5643809,-98.5576076,convenience
Helotes Pediatric Dentistry & Orthodontics,29.552045,-98.6629838,dentist
ASAP Computer Services,29.430193,-98.4910631,computer_shop
Mikey’s Chicken and Tavern,29.6861244,-98.6417452,restaurant
JCPenney,29.5196287,-98.496303,department_store
Macy's,29.5184706,-98.4978432,department_store
Saks Fifth Avenue,29.5194994,-98.4941209,department_store
Dillard's,29.5185235,-98.492513,department_store
Pho Win,29.5653667,-98.5934597,restaurant
Rolling Oaks Dental,29.5935526,-98.3550093,dentist
Sandbox,29.5764787,-98.6328239,bar
Little Caesars,29.5765116,-98.632393,fast_food
Subway,29.5765159,-98.6323256,fast_food
Melody Nails,29.5765044,-98.6325213,beauty_shop
Donut Palace,29.5765159,-98.6324522,fast_food
Singapore 2,29.576868,-98.625961,restaurant
Smoothie King,29.616555,-98.6055899,fast_food
Which Wich?,29.6163791,-98.6054562,fast_food
Tealicious,29.5546971,-98.6640542,cafe
Afterburners,29.4009429,-98.6280908,bar
La Boulangerie,29.4279345,-98.4877057,bakery
T-Mobile,29.487535,-98.5354677,mobile_phone_shop
Panda Express,29.4891407,-98.5353946,fast_food
Subway,29.4901033,-98.5354048,fast_food
Frost Bank,29.5113796,-98.3948284,bank
Dream Song Tower,29.3512997,-98.5339245,artwork
Diane Llyod,29.5687142,-98.5417848,attraction
"Men, Ladies, & Kids Cuts",29.4631563,-98.5251115,hairdresser
Golden Stores,29.4607886,-98.522741,convenience
Cricket Wireless,29.4607857,-98.5226316,mobile_phone_shop
RTC Floristry,29.4583531,-98.5196662,florist
Continental Hair Styling,29.4596994,-98.521072,hairdresser
Target,29.5684623,-98.3272635,department_store
Starbucks,29.5684888,-98.3275563,cafe
CVS Pharmacy,29.5687859,-98.3269646,pharmacy
Ross,29.5694756,-98.3259887,department_store
Famous Footwear,29.569343,-98.3263485,shoe_shop
The Base Line,29.4698875,-98.4386426,bar
Amazing Air,29.5038906,-98.3963898,theme_park
Quartermain's Pub,29.5657644,-98.3342745,bar
Arrowwood Automotive,29.562882,-98.477713,car_dealership
Lavender Falls Face and Body Spa,29.6290238,-98.4964992,beauty_shop
Nield Family Dentistry,29.524161,-98.6009706,dentist
Pacific Moon,29.5791469,-98.4766138,restaurant
Great Clips,29.5792331,-98.4755898,hairdresser
Taco-Tex,29.5791617,-98.4756791,restaurant
Hollywood Park Police Department,29.592833,-98.4740072,police
La Madeleine French Bakery & Cafe,29.6045606,-98.468971,restaurant
T-Mobile,29.3574994,-98.5044171,mobile_phone_shop
Taqueria San Juan,29.3079634,-98.5559126,restaurant
Cavazos Ice and Food,29.3081119,-98.5558992,convenience
Pizza Hut,29.4263558,-98.7960564,restaurant
Commercial Food Mart,29.3514435,-98.5166943,convenience
Kwik Wash,29.3513079,-98.5166956,laundry
Burlington,29.3553209,-98.5441758,department_store
Shoe Carnival,29.3551117,-98.5406232,shoe_shop
Carter's,29.3551091,-98.5404194,clothes
Supercuts,29.3561566,-98.5401364,hairdresser
Rite-Away Pharmacy & Medical Supply,29.3561586,-98.5400532,pharmacy
Little Caesars,29.3561566,-98.5399876,fast_food
Total Wireless,29.3571081,-98.5227725,mobile_phone_shop
Eladio's Diner,29.3298376,-98.5407039,restaurant
Big C's Barber Shop,29.3298353,-98.5406442,hairdresser
Studio R Salon,29.3534343,-98.5043236,hairdresser
BiblioTech,29.3439697,-98.5051422,library
Visiontech 2020,29.6111107,-98.4736784,doctors
Halcyon,29.4099569,-98.4954478,cafe
Burgerteca,29.4063855,-98.4936158,restaurant
Burger King,29.5212371,-98.4760138,fast_food
KFC,29.4836756,-98.6655446,fast_food
Taco Bell,29.4836276,-98.6655557,fast_food
T-Mobile,29.338254,-98.5535956,mobile_phone_shop
Supercuts,29.3382154,-98.5535386,hairdresser
Riverwalk Dental & Orthodontics,29.3381248,-98.5534139,dentist
Lee Nails & Spa,29.3381704,-98.5534763,beauty_shop
Verizon,29.3562976,-98.5325145,mobile_phone_shop
Boots & Hats Outlet,29.3550738,-98.5246939,clothes
Starbucks,29.35711,-98.5246353,cafe
America's Best Contacts & Eyeglasses,29.3571076,-98.5245092,optician
Pizza Hut,29.3570989,-98.5361071,restaurant
Pizza Patron,29.356252,-98.4902521,fast_food
Brident Dental & Orthodontics,29.3562526,-98.4904002,dentist
Rios Golden Cut,29.3526511,-98.4519476,hairdresser
City Base Nails,29.3526535,-98.4520307,beauty_shop
Pho Garden,29.3526558,-98.4521621,restaurant
Copper Mill Water Wheel Tower,29.478669,-98.6080071,monument
Longhorn Cafe,29.6025309,-98.5084139,restaurant
Bowen's Island,29.4230201,-98.4907973,memorial
Old St. Mary's College,29.42576,-98.490422,memorial
Pan American Round Table,29.424526,-98.4862732,memorial
The German-English School Buildings,29.4201748,-98.4884826,memorial
King William Neighborhood,29.4171571,-98.4909777,memorial
El Quartel (El Cuartel),29.4204931,-98.4886792,memorial
The Pajalache Acequia (Ditch),29.4227557,-98.4894746,memorial
"St. John's Lutheran Church, ""The Rooster Church""",29.4207978,-98.489511,memorial
Acequia Madre de Valero,29.4196504,-98.486817,memorial
Travis Park United Methodist Church,29.427421,-98.4898923,memorial
Majestic Theatre,29.4264007,-98.4905034,memorial
Barbed Wire Demonstration,29.4247131,-98.486534,memorial
Little Church of La Villita,29.4217002,-98.488564,memorial
Menger Hotel,29.4247543,-98.4861372,memorial
Casino Club,29.4229917,-98.4883556,memorial
San Antonio Casino Club Building,29.4249909,-98.4887244,memorial
Adina de Zavala,29.4260282,-98.4866944,memorial
Alamo Low Barracks and Main Gateway,29.425523,-98.4867952,memorial
John W. Smith,29.4211257,-98.4889091,memorial
Staacke Brothers Building,29.4242121,-98.4895541,memorial
La Villita,29.4217337,-98.4878407,memorial
Pereida House,29.4189463,-98.4880173,memorial
William and Mary Ann Richter House,29.4188613,-98.4900182,memorial
Eagar House,29.419543,-98.4880343,memorial
250th Anniversary of the Founding of San Antonio,29.4234162,-98.4872166,memorial
Old San Antonio National Bank Building,29.4243785,-98.4903483,memorial
Cos House,29.4219773,-98.4887751,memorial
Stevens Building,29.4241286,-98.4892105,memorial
Caile House,29.4207285,-98.4887009,memorial
Old Military Headquarters,29.426608,-98.4910369,memorial
In Re Ricardo Rodriguez,29.4266651,-98.4862707,memorial
Don Jose Miguel de Arciniega,29.4194838,-98.489786,memorial
Anton Wulff House,29.41773,-98.4907391,memorial
Groos National Bank,29.4240959,-98.4898103,memorial
Ernst Homestead,29.4190287,-98.4900454,memorial
Jack Hays House,29.4212635,-98.489709,memorial
Samuel Augustos Maverick,29.4267713,-98.4868763,memorial
St. Philip's College,29.4217388,-98.4887322,memorial
J.M. and Birdie Nix House,29.4129084,-98.494569,memorial
Sartor House,29.4160203,-98.4919994,memorial
Old S. J. Brooks Home,29.4072409,-98.4936114,memorial
Arsenal Magazine,29.4169569,-98.4948472,memorial
Old Edward Steves House,29.4126573,-98.4952296,memorial
United States San Antonio Arsenal,29.4166391,-98.4936121,memorial
W. B. Teagarden House,29.4191695,-98.4939006,memorial
Silvestre Revueltas,29.4085591,-98.4917669,memorial
Oscar and Rachel Berman House,29.4134196,-98.4926008,memorial
Carl Wilhelm August Groos House,29.4142431,-98.4936078,memorial
Schulze-Schilo House,29.4098136,-98.4916936,memorial
Chabot House,29.4132532,-98.4931163,memorial
Gustav Blersch House,29.4167231,-98.4927317,memorial
The Oge House,29.4171113,-98.4923982,memorial
Biesenbach House,29.4119489,-98.495407,memorial
Alfred Giles Home,29.4147381,-98.4929279,memorial
Site of Guenther's Upper Mill,29.4159607,-98.4935985,memorial
Altgelt-Isbell House,29.4156266,-98.4920075,memorial
Elias and Lucy Edmonds House,29.4135426,-98.494244,memorial
Norton-Polk-Mathis House,29.413752,-98.4940552,memorial
Surf Shack - Gifts & Gear,29.5402998,-98.3932135,gift_shop
Rusty Anchor - Galley Grub,29.5405144,-98.3933369,restaurant
Sol y Luna,29.573733,-98.5702196,bakery
Sol y Luna Baking Co.,29.5717786,-98.5734356,bakery
Chuck E. Cheese,29.3557651,-98.4954622,restaurant
Melrose,29.3557674,-98.4952436,clothes
dd's DISCOUNTS,29.3557674,-98.4949552,clothes
Ann's Nail & Spa,29.4337122,-98.7042289,beauty_shop
Young's Cleaners & Alterations,29.433579,-98.7044723,laundry
T-Mobile,29.4341046,-98.7052904,mobile_phone_shop
Fantastic Sams,29.4339738,-98.7052126,hairdresser
Vanguard Veterinary Clinic,29.4339131,-98.7051737,veterinary
Pho 4 U,29.4337951,-98.7051053,restaurant
Cato,29.4336409,-98.7050101,clothes
7 to 7 Dental and Orthodontics,29.4335066,-98.7049323,dentist
Avis,29.3492723,-98.4364447,car_rental
Mission Veterinary,29.5725225,-98.647349,veterinary
Dog Vet Hospital,29.5725377,-98.647581,veterinary
Domino's,29.526503,-98.7186522,fast_food
Alamo Springs Dental,29.5266904,-98.7191605,dentist
McDonald's,29.4055768,-98.5758693,fast_food
E-Z Mart,29.2312407,-98.6544519,convenience
El Paraiso,29.2312502,-98.6541439,restaurant
Somerset City Hall,29.2251022,-98.6456912,town_hall
Somerset Police Department,29.2250651,-98.6454029,police
McDonald's,29.2208143,-98.4784345,fast_food
Avis,29.6077488,-98.493514,car_rental
Laguna Cafe,29.4376015,-98.6526507,restaurant
Little Spurs Pediatric Urgent Care,29.4375396,-98.6525086,clinic
Supercuts,29.4374591,-98.6523423,hairdresser
Verizon,29.4422394,-98.6401999,mobile_phone_shop
Diva Nails Lounge,29.4458937,-98.6380743,beauty_shop
Jalisco Mexico,29.4853644,-98.5951857,fast_food
Subway,29.4860053,-98.5948518,fast_food
Boost Mobile,29.4901941,-98.567432,mobile_phone_shop
El Taco Tote,29.5284034,-98.5605933,restaurant
Ideal Dental,29.4416321,-98.6662133,dentist
Starbucks,29.4416566,-98.6661315,cafe
Verizon,29.4416788,-98.6657466,mobile_phone_shop
Omni Vision,29.4417465,-98.6655615,optician
Urban Bricks Pizza Company,29.4418493,-98.6653644,restaurant
Kumori Sushi & Teppanyaki,29.4439457,-98.6629826,restaurant
Brident Dental & Orthodontics,29.4441127,-98.6626929,dentist
Ginza Ramen and Poke,29.4429203,-98.6617139,restaurant
Cleo Nail Spa,29.4428689,-98.6617488,beauty_shop
Locker Room Haircuts,29.4428397,-98.6617917,hairdresser
Ingram Park Mazda,29.457762,-98.6252426,car_dealership
Ingram Park Nissan,29.4572015,-98.6255792,car_dealership
Metro by T-Mobile,29.4449886,-98.6354658,mobile_phone_shop
Smokey Mo's,29.4449279,-98.635506,restaurant
Wok Inn,29.4446546,-98.6357421,restaurant
Westloop Mitsubishi,29.4576872,-98.6278081,car_dealership
Encore Dental Care,29.46994,-98.6141503,dentist
Burkes Outlet,29.4936772,-98.5516924,department_store
Chase,29.5197865,-98.501409,bank
Security Service Federal Credit Union,29.5198472,-98.5032785,bank
San Antonio Eye Center - Harris Optical,29.5770157,-98.478971,optician
Children's Dentists & Orthodontists,29.5769119,-98.4789965,dentist
Too Good To Be Threw,29.5643122,-98.4839371,clothes
Men's Wearhouse,29.5210632,-98.4954357,clothes
Church's Chicken,29.5155178,-98.7578534,fast_food
Liquor Bueno,29.5153633,-98.7574706,beverages
Rossy's Tacos,29.3472164,-98.5042141,restaurant
Paloma Blanca,29.4795899,-98.463554,restaurant
Sancho,29.4393037,-98.4997301,restaurant
Bourbon Street Seafood Kitchen,29.6037221,-98.4439976,restaurant
Shipley Do-Nuts,29.6038621,-98.444503,fast_food
Taqueria El Ranchero de Jalisco,29.3855937,-98.4692631,restaurant
AT&T,29.5573746,-98.5183981,mobile_phone_shop
Papa Murphy's,29.5572843,-98.5188291,fast_food
Signature Cleaners,29.5978941,-98.4046292,laundry
Mattenga's Pizzeria,29.5977887,-98.4045654,restaurant
Shavano Park City Hall,29.5850171,-98.5545815,town_hall
None,29.3604396,-98.4582034,pharmacy
Interactive Kiosk,29.4495422,-98.5304361,kiosk
Josephene Tobin Sign,29.4498016,-98.5282664,memorial
Geographical Center of Bexar County,29.4499786,-98.5285818,memorial
Woodlawn Lake Centennial Garden,29.4542866,-98.536377,memorial
John F Kennedy Memorial Tree,29.3462669,-98.4651469,memorial
Viva Vegeria,29.3991966,-98.5124946,restaurant
Señor Veggie,29.4152256,-98.4884453,restaurant
Wells Fargo,29.4660667,-98.4630992,bank
Tito Memorial Mural,29.4062143,-98.5020657,artwork
Possible,29.4064569,-98.5020015,artwork
Ghost Bike,29.4054659,-98.5023182,artwork
Stained Glass Water Tower,29.4099639,-98.5015457,artwork
5 Points Neighborhood Historical Marker,29.4413415,-98.5034566,memorial
Vision del Futuro,29.4415623,-98.502353,artwork
3D glasses for Vision del Futuro Mural,29.4415606,-98.5025712,artwork
Burlington,29.6439041,-98.4552259,department_store
KFC,29.5600581,-98.6760938,fast_food
El Rodeo Mexican Restaurant #6,29.5635454,-98.6846608,restaurant
Navy Federal Credit Uniom,29.5602607,-98.6764138,bank
Grille 254,29.6033917,-98.6199569,restaurant
Saint Mary's University Rattler,29.4512399,-98.5636388,artwork
Brew's Lee Tea,29.4636389,-98.4657232,cafe
Koi Kawa Japanese Restaurant,29.4635628,-98.466305,restaurant
Osaka Steak & Sushi Bar,29.4714357,-98.4628157,restaurant
Firehouse Subs,29.4460794,-98.6378959,fast_food
Smoothie King,29.4461179,-98.6378664,fast_food
Liquor Bueno,29.4457594,-98.6381668,beverages
The Wave,29.4669242,-98.4632881,hairdresser
Sky Nails,29.4669907,-98.4632894,beauty_shop
Ricci & Capricci,29.4605479,-98.4674814,beauty_shop
Di Maestro Hair Studio,29.4601042,-98.4677557,hairdresser
Bixa Hair Studio,29.4602197,-98.4679539,hairdresser
Broadway Pinups,29.460029,-98.4680866,clothes
09 Midtown Bistro,29.4601235,-98.4682699,restaurant
Studio Fifteen,29.4596025,-98.4684077,hairdresser
Walden Pond Interarts Learning Center,29.4596054,-98.4686956,arts_centre
Taco Broadway,29.4596143,-98.4674497,restaurant
Broadway Hair Salon,29.4595951,-98.467555,hairdresser
Broadway Daily Bread,29.4724022,-98.4632603,bakery
Cappyccino's,29.4724449,-98.463209,bar
MOSS Designer Consignment,29.4727093,-98.4632612,clothes
Cappy's Restaurant,29.4726527,-98.4634431,restaurant
Maven and Company Salon,29.473026,-98.4634118,hairdresser
San Antonio Shoe Repair,29.4727327,-98.4625005,shoe_shop
The Broadway 50 50,29.4729034,-98.4624561,restaurant
Volare Pizza,29.4730488,-98.4623908,restaurant
Satel's,29.4735465,-98.4622535,clothes
Blown Beautiful,29.4721432,-98.4637232,hairdresser
"Skin Rejuvenation Clinique, Inc.",29.4720923,-98.4637303,beauty_shop
Mon Thai Bistro and Sushi Bar,29.4719946,-98.4638223,restaurant
Bar du Mon Ami,29.4719099,-98.4638153,bar
The Buy Back Store,29.4736512,-98.4622435,jeweller
Nativa Llc,29.4739736,-98.462281,clothes
Gabriel's Liquor Express,29.47415,-98.4622774,beverages
The Winchester,29.4742871,-98.4623495,bar
Heights the Salon & Spa,29.4751783,-98.4624202,beauty_shop
Arcadia Grove Center,29.4752245,-98.4624208,laundry
Arcadia Grove Cleaners,29.4752939,-98.4624217,laundry
"Mario Gutierrez, OD",29.4754337,-98.4624235,doctors
Creative Floral Designs by Helene,29.4755922,-98.4624255,florist
Arcadia Hair Studio,29.4756459,-98.4624262,hairdresser
Versi The Salon & Spa,29.4758297,-98.4624286,beauty_shop
Ann's Nails Salon,29.4757196,-98.4632444,beauty_shop
Chela's Tacos Mexican Restaurant,29.4758538,-98.4632099,restaurant
Habibi Cafe,29.4761582,-98.4622387,restaurant
Trevi Hair Studio,29.4763217,-98.4622835,hairdresser
Starbucks,29.4768941,-98.4630769,cafe
Viet-Nam Restaurant,29.4566015,-98.4695703,restaurant
Patriot Cuts Barber Shop,29.4566407,-98.4695308,hairdresser
Van's,29.4563913,-98.4696147,restaurant
Panera Bread,29.4561459,-98.4705926,fast_food
San Antonio Barista Academy,29.4558656,-98.4712548,school
T-Mobile,29.4545584,-98.4710592,mobile_phone_shop
Potbelly,29.4544521,-98.471146,fast_food
Planet K Texas - Central,29.4543873,-98.4706629,gift_shop
"South Texas Museum of Popular Culture ""TexPop""",29.4542616,-98.4705593,museum
Healthy Woman Obstetrics & Gynecology the office of Dr. Felipe Garcia-Ghinis,29.4515639,-98.473347,doctors
Sonterra Dermatology at the Pearl,29.451138,-98.4734057,doctors
The Fiesta Store,29.4508814,-98.4743265,gift_shop
Dresses On Broadway,29.450426,-98.4745436,clothes
Dermatology Specialists of San Antonio,29.4502113,-98.4737995,doctors
Great White Dental,29.4501126,-98.4740181,dentist
The District,29.4490785,-98.4742104,sports_centre
The Bakery Building On Broadway,29.4466063,-98.4758657,bakery
J G Liquor 2,29.4466473,-98.4751648,beverages
Traveler Barbershop Broadway,29.4465353,-98.4751188,hairdresser
Mediterranean Turkish Grill,29.5161537,-98.4929639,restaurant
Maafor San Antonio,29.5312799,-98.5775909,restaurant
Night Club Cameroon,29.4664285,-98.6455413,bar
Shipley Do-Nuts,29.4333583,-98.7187994,fast_food
Elf Hardware,29.5783749,-98.6909608,doityourself
The Fruiteria at Southtown,29.4098553,-98.5012046,restaurant
Brooks Air Force Ophthalmology,29.3505284,-98.4548587,doctors
Raising Cane's,29.3514969,-98.456312,fast_food
Luna Rosa Puerto Rican Grill y Tapas,29.3525247,-98.4513402,restaurant
Firehouse Subs,29.3526222,-98.4510678,fast_food
Great Clips,29.3526008,-98.4510059,hairdresser
Hurricane Grill & Wings,29.3525759,-98.4507291,bar
Heroes & Fantasies,29.3542394,-98.4512806,bookshop
Angelica talamantes,29.3543118,-98.4511661,cinema
City Base Entertainment,29.3543762,-98.4511599,cinema
Arby's,29.3514175,-98.4592029,fast_food
UltraVision,29.3513439,-98.4593451,doctors
Wok Inn Asian Cafe,29.3511354,-98.4596785,restaurant
Jolly Nails & Spa,29.3511222,-98.4597684,beauty_shop
Gulf Coast Fish House,29.3510967,-98.4599598,restaurant
MANE MAN Men's Grooming,29.3510815,-98.4600462,hairdresser
Laredo Taco,29.350865,-98.4606813,restaurant
Swiftwater Car Wash #8,29.3505874,-98.4606789,car_wash
Watchers,29.3551451,-98.4562654,chalet
Cricket Wireless,29.3524235,-98.4425524,mobile_phone_shop
Sprint,29.3523174,-98.4372398,mobile_phone_shop
Little Spurs Pediatric Urgent Care,29.3510919,-98.4381057,clinic
Nail City,29.3511021,-98.4374589,beauty_shop
Subway,29.3511254,-98.4372678,fast_food
Fantastic Sams,29.351113,-98.4372049,hairdresser
Great American Cookies,29.3511238,-98.4373403,fast_food
Visionworks,29.3511205,-98.4373867,optician
Don's & Ben's Liquor,29.3511041,-98.4375042,beverages
Jorge A Guel DDS,29.3511135,-98.437431,dentist
Splendor Collections,29.4702665,-98.4826971,gift_shop
El Gallito De Jalisco,29.5279784,-98.5649109,restaurant
The Irish Pub,29.5277959,-98.5646998,pub
Al Madina Meat Market and Grill,29.5278001,-98.5650524,butcher
Bliss Hair Studios,29.5273212,-98.5639983,hairdresser
Association-Convenience Store,29.5282199,-98.5615518,convenience
FedEx,29.5134408,-98.5547581,post_office
Worldwide Express,29.5132022,-98.5538463,sports_shop
Mercado Gonzalez Otero,29.5133085,-98.5545252,supermarket
Lennys Grill & Subs,29.5101272,-98.5548376,fast_food
Wing Zone,29.509429,-98.5547123,fast_food
Rios Golden Cut Salons - Callaghan Rd,29.5094049,-98.554683,hairdresser
Vice Boutique,29.5242969,-98.5686047,clothes
Starbucks,29.5242654,-98.5686491,cafe
Cricket Wireless,29.5242238,-98.5686549,mobile_phone_shop
Berni Vietnamese Restaurant,29.5240585,-98.5687482,restaurant
"Pediatric Private Duty Nursing, Inc.",29.5236156,-98.5679059,hospital
"Darrel W. Parisher, PHD",29.5239433,-98.5665534,doctors
SAS Shoes,29.4237531,-98.6508717,shoe_shop
McDonald's,29.4642703,-98.2894046,fast_food
UIW SPS Alamo Heights Center,29.4604281,-98.4901815,university
Lucia's House of Hair,29.4279623,-98.5225387,hairdresser
James Avery Jewelry,29.4291281,-98.7139594,jeweller
MOD Pizza,29.4277936,-98.712372,fast_food
Chipotle,29.4281728,-98.7123833,fast_food
Old Navy,29.4293408,-98.7139392,clothes
Ross,29.4297108,-98.7139354,department_store
Ulta Beauty,29.4283574,-98.7138851,beauty_shop
Shipley Do-nuts,29.4883348,-98.4444891,fast_food
Silo,29.4876934,-98.4479759,restaurant
Wingstop,29.4685337,-98.6154015,fast_food
Cricket Wireless,29.4682359,-98.6149094,mobile_phone_shop
Pho Ha Long,29.4684648,-98.6154833,restaurant
Perfect Score Sports Cantina,29.4676907,-98.6154431,restaurant
Northern Tool & Equipment,29.5138229,-98.533971,doityourself
Domino's,29.5563906,-98.6686033,fast_food
Wells Fargo,29.429621,-98.6542765,bank
Rusty Nail,29.4266883,-98.7967388,bar
Menefee Tree,29.4462838,-98.4816147,memorial
Subway,29.5464897,-98.3657419,fast_food
Sprint,29.5463731,-98.3659234,mobile_phone_shop
Spec's,29.5712405,-98.3313479,beverages
REI,29.5486109,-98.5824741,outdoor_shop
AT&T,29.5483715,-98.5829412,mobile_phone_shop
La Madeleine,29.5481361,-98.5826389,restaurant
Cupcake Couture Bakeries,29.6164781,-98.6055343,bakery
JCPenney,29.3547229,-98.5325682,department_store
Dick's Sporting Goods,29.3552073,-98.5286828,sports_shop
ReaLife MRI,29.4993578,-98.4749498,clinic
Live Oak Fire Department,29.555124,-98.3273476,fire_station
McFinnigan's Pub,29.5236094,-98.504105,pub
Manola's,29.5237024,-98.5041163,restaurant
Ray's Pizzaria,29.5293595,-98.5000487,restaurant
1-800-Flowers,29.5228044,-98.5056378,florist
Poppy's Pizza,29.522452,-98.5061018,restaurant
Wild Goji,29.52255,-98.5062574,restaurant
Demo's,29.5224123,-98.5068314,restaurant
Salon Bella,29.5225384,-98.5066624,hairdresser
Salon de Frisk,29.5226171,-98.5065929,beauty_shop
Riptide Rescue,29.452862,-98.6989334,attraction
Sea Swinger,29.4528498,-98.6986929,attraction
Wave Breaker: The Rescue Coaster,29.4531708,-98.696382,attraction
SeaWorld Rescue Store,29.4532358,-98.6962155,gift_shop
Texas Stingray,29.4524057,-98.6989007,attraction
Save & Go,29.3448162,-98.5521587,convenience
Metro by T-Mobile,29.3447016,-98.5521622,mobile_phone_shop
Kwik Wash Laundry,29.3446206,-98.5521604,laundry
None,29.4594067,-98.6984541,shelter
None,29.4592794,-98.6983864,shelter
None,29.4595425,-98.6984953,shelter
None,29.4582323,-98.6986084,shelter
None,29.458161,-98.6985959,shelter
None,29.4582095,-98.6985251,shelter
Salons by JC,29.6046415,-98.5326582,beauty_shop
Macy's,29.5968992,-98.3486243,department_store
JCPenney,29.5979968,-98.350878,department_store
Burlington,29.5779828,-98.3394945,department_store
Mango Market,29.4598509,-98.6991679,restaurant
None,29.4601791,-98.6983144,shelter
None,29.4601207,-98.6982796,shelter
None,29.460182,-98.6982417,shelter
None,29.4602206,-98.6991055,shelter
None,29.460162,-98.6990536,shelter
None,29.4602456,-98.6990361,shelter
None,29.4600721,-98.6989239,shelter
None,29.4601171,-98.6988324,shelter
AT&T,29.6505221,-98.4487147,mobile_phone_shop
None,29.4581156,-98.6977608,shelter
None,29.4580598,-98.6977575,shelter
None,29.4580184,-98.6977282,shelter
None,29.4579068,-98.6975674,shelter
None,29.4579019,-98.6975088,shelter
None,29.4587052,-98.6971905,shelter
None,29.4588384,-98.697204,shelter
None,29.4588502,-98.6970206,shelter
None,29.4587835,-98.6969576,shelter
None,29.4586934,-98.6969261,shelter
None,29.4586217,-98.6970305,shelter
Journey to Atlantis,29.4548026,-98.7004259,attraction
Turtle Reef Cart,29.4526373,-98.6993067,gift_shop
Sweet Treats Bakery,29.4589321,-98.6996692,bakery
Tropical Gifts,29.4597243,-98.6995626,gift_shop
Steel Eel,29.4556551,-98.6964078,attraction
Penguin Gifts,29.4543467,-98.695684,gift_shop
First Aid,29.4531675,-98.6973389,hospital
First Aid,29.4530358,-98.6995669,hospital
Guest Services,29.4581339,-98.6997581,tourist_info
Island Traders,29.45806,-98.6994998,gift_shop
Animal Interaction Center,29.4580786,-98.6996204,tourist_info
None,29.4559239,-98.4376059,shelter
Thai O'Cha,29.5456585,-98.2863868,restaurant
Redbox,29.3494061,-98.5346468,vending_any
Steve's Sno Cone House,29.3602876,-98.5036029,cafe
La perla del pacifico,29.4603034,-98.5597162,restaurant
H-E-B Pharmacy,29.5153065,-98.5814006,pharmacy
H-E-B Pharmacy,29.4231508,-98.7802108,pharmacy
The Emergency Center at Alamo Ranch,29.485654,-98.7154488,clinic
Burger King,29.4219923,-98.7758191,fast_food
H-E-B Car Wash,29.4219969,-98.778703,car_wash
Perry’s Steak House,29.5932041,-98.6110345,restaurant
Ostra,29.4248815,-98.4906068,restaurant
Fogo de Chão,29.4232311,-98.4844222,restaurant
Zushi Sushi,29.4975476,-98.4697418,restaurant
Pei Wei,29.4971862,-98.4693409,restaurant
F-4 Phantom,29.4665821,-98.4175861,monument
Knockout,29.4425186,-98.4938584,pub
Culture Hair Studio,29.4426919,-98.4938623,hairdresser
Guapos Barber Shop,29.4144933,-98.4881507,hairdresser
None,29.5082354,-98.3130128,shelter
Beacon Hill Obelisk,29.4615479,-98.5079158,artwork
BurgerFi,29.5063581,-98.4585801,fast_food
USAA,29.4299745,-98.7385376,atm
Dr. Roy Gonzalez Jr,29.5193318,-98.5090531,dentist
Beauty Blowout Bar,29.5592806,-98.5352142,hairdresser
Chick-fil-A,29.5189158,-98.4961145,fast_food
Chick-fil-A,29.5972442,-98.3508369,fast_food
Chick-fil-A,29.4670904,-98.4648193,fast_food
Chick-fil-A,29.3547165,-98.5294395,fast_food
Subway,29.4397562,-98.3805594,fast_food
Noodle Tree,29.5768591,-98.6261886,restaurant
Tutti Nail Bar,29.6034929,-98.6034601,beauty_shop
Tropical Smoothie Cafe,29.6035903,-98.6034853,fast_food
Waxing the City,29.6033898,-98.6034294,beauty_shop
Redlands Grill by J. Alexander's,29.6059943,-98.6037502,restaurant
On Point,29.4371449,-98.679741,hairdresser
Boost Mobile,29.4371694,-98.6796834,mobile_phone_shop
Fine Wine & Liquors,29.4370748,-98.6799824,beverages
Love @ First Style,29.4370094,-98.6814979,hairdresser
Sazon Mexican Cafe,29.4360925,-98.6840051,restaurant
Wok Inn,29.4362444,-98.6834478,restaurant
Alamo Molino Barbacoa,29.4372056,-98.6845221,restaurant
Foot Spa,29.4372185,-98.6844644,beauty_shop
2.95 Cleaners,29.4372652,-98.6842954,laundry
Plaza Tapatia,29.4370655,-98.6812726,restaurant
Tiny Treasures,29.4369563,-98.6803291,kindergarten
Style Nails,29.437211,-98.6795719,beauty_shop
Marco's Pizza,29.4378678,-98.6781062,fast_food
Acme Brick,29.5887336,-98.5798195,outdoor_shop
Pigtails & Crewcuts,29.6125859,-98.6022129,hairdresser
Guadalajara Grill,29.4216069,-98.4881626,restaurant
Plaza Taxco,29.4215236,-98.4881987,jeweller
Spice,29.4925864,-98.5552602,restaurant
Brasão Brazilian Steakhouse,29.6207434,-98.6072755,restaurant
Project Pollo,29.6123079,-98.4926046,fast_food
After Hours Optical,29.4377228,-98.6461985,optician
El Tequila Mexican Restaurant & Bar,29.4037964,-98.7048815,restaurant
Subway,29.4031361,-98.7045244,fast_food
Church's Chicken,29.4034008,-98.7054197,fast_food
Liquor Bueno #2,29.4031533,-98.7052752,beverages
Dr. Dental,29.4344664,-98.7082189,dentist
Pat Booker Road Animal Hospital,29.5533775,-98.3070185,veterinary
T-Mobile,29.4344703,-98.7081108,mobile_phone_shop
Saborcito Latino,29.4113702,-98.6999709,restaurant
Domino's,29.4183004,-98.6660497,fast_food
Hacienda Vallarta Mexican Restaurant,29.4182815,-98.6823172,restaurant
Donut Palace,29.4182745,-98.6821895,fast_food
Kellum Medical Group Family Practice,29.4182909,-98.6349159,doctors
Kellum Pediatric Clinic,29.4181075,-98.6354666,doctors
Lifelong Wellness and Weight Loss Clinic,29.4182926,-98.6354646,doctors
Light Dental PLLC,29.4182014,-98.6347717,dentist
Goomba's,29.5239334,-98.5041577,restaurant
Tia's Taco Hut,29.5238592,-98.504148,restaurant
Hacienda Patron,29.5293589,-98.5002876,restaurant
Binge Kitchen,29.5293876,-98.4998971,restaurant
DangCorp,29.5293968,-98.4998211,supermarket
Singapore Chinese and Vietnamese Restaurant,29.5294118,-98.4997534,restaurant
Community Medical Services,29.5293997,-98.4995879,clinic
Fitzgerald's,29.5293811,-98.4994836,bar
Circle K,29.3304793,-98.5337245,convenience
E-Z Wash,29.3306203,-98.5337507,laundry
Metro by T-Mobile,29.3307686,-98.5337912,mobile_phone_shop
Aspen Dental,29.3562634,-98.5426557,dentist
Luxe Nail Bar,29.3562624,-98.5428479,beauty_shop
Firehouse Subs,29.3562617,-98.5430182,fast_food
AT&T,29.3562606,-98.543119,mobile_phone_shop
Metro by T-Mobile,29.3579694,-98.5366956,mobile_phone_shop
Dollar Mart,29.357967,-98.5365809,general
FAMSA,29.3579555,-98.5359878,furniture_shop
Edible Arrangements,29.3579644,-98.5356863,gift_shop
Perfect Eyebrow Threading & Beauty Bar,29.3579665,-98.5355646,beauty_shop
Aaron's,29.3579635,-98.535391,furniture_shop
China Rose,29.3579612,-98.5351609,restaurant
Gabriel's Gabriel's Liquors,29.3583756,-98.535386,beverages
Vision 20/20,29.3587576,-98.5353867,optician
Walgreens,29.6428043,-98.4791979,pharmacy
Rack Room Shoes,29.4923197,-98.4810933,shoe_shop
Corner Bakery,29.4921804,-98.4811884,cafe
Hallmark,29.4935915,-98.4804534,gift_shop
Kay Jewelers,29.4938374,-98.4804397,jeweller
TGF Hair Salon,29.4938329,-98.4802754,hairdresser
Snooze,29.4938406,-98.4799307,restaurant
Nordstrom Rack,29.4959611,-98.4805522,clothes
Learning Express Toys,29.4957442,-98.4805481,toy_shop
Francesca's,29.4960203,-98.4801733,clothes
Lululemon,29.4960245,-98.480089,clothes
Piatti,29.495985,-98.4796909,restaurant
Whole Earth Provision Co.,29.4962644,-98.4796266,outdoor_shop
SAS,29.4964807,-98.4796466,shoe_shop
Pottery Barn,29.4971761,-98.4803252,furniture_shop
Starbucks,29.4970962,-98.4800777,cafe
Lucchese Bootmaker,29.4975312,-98.4807538,shoe_shop
Everything But Water,29.4975989,-98.480844,clothes
J.Jill,29.4977751,-98.4810498,clothes
Soma,29.4978719,-98.4811625,clothes
Chico's,29.49796,-98.4812623,clothes
California Pizza Kitchen,29.4976622,-98.4816271,restaurant
J.Crew,29.4964604,-98.4818566,clothes
Ben Adams Precious Jewels,29.4963565,-98.4817297,jeweller
Victoria's Secret,29.4962099,-98.4815575,clothes
Nike,29.4960415,-98.4813514,clothes
Freddy's,29.4960349,-98.4816769,fast_food
Relax the Back,29.496141,-98.4818076,furniture_shop
Quarry Nails,29.4962056,-98.4818805,beauty_shop
JoS. A. Bank,29.4963259,-98.4820225,clothes
European Wax Center,29.4923464,-98.4820819,beauty_shop
Verizon,29.4924271,-98.4821525,mobile_phone_shop
T-Mobile,29.4926221,-98.4822118,mobile_phone_shop
Credit Human,29.4925259,-98.4821835,bank
Chipotle,29.4981085,-98.4799996,fast_food
Boardroom Salon for Men,29.4980359,-98.4799325,hairdresser
AT&T,29.4979007,-98.4798538,mobile_phone_shop
Banana Republic,29.4983314,-98.4803702,clothes
Fleet Feet,29.4984796,-98.4804472,shoe_shop
Sunglass Hut,29.4985295,-98.4804806,optician
Gap,29.4989877,-98.4807668,clothes
Gap Kids,29.4988575,-98.4807048,clothes
babyGap,29.4987952,-98.4806698,clothes
Loft,29.4993462,-98.4809418,clothes
5.11 Tactical,29.4903044,-98.7092758,outdoor_shop
Arch 2 Arch,29.4909139,-98.7090369,beauty_shop
The Children's Place,29.4911283,-98.7089262,clothes
Kumori Sushi & Teppanyaki,29.491453,-98.7088159,restaurant
Supercuts,29.4913099,-98.7085387,hairdresser
Old Mine Jewelers,29.4912862,-98.7084744,jeweller
Yum Thai,29.4913242,-98.7088338,restaurant
Whispering Oaks Family Dental,29.4910744,-98.7079358,dentist
Zales,29.4909627,-98.7076205,jeweller
Skechers,29.4899145,-98.711582,shoe_shop
Ulta Beauty,29.4900752,-98.7115033,beauty_shop
Lane Bryant,29.4911946,-98.7108485,clothes
Hallmark,29.4910357,-98.7108821,gift_shop
Maurices,29.490577,-98.7111668,clothes
Old Navy,29.4919528,-98.7105127,clothes
Sweet & Sassy,29.492287,-98.710247,beauty_shop
Diesel Barbershop,29.4919895,-98.7082605,hairdresser
LensCrafters,29.4919486,-98.7081407,optician
T-Mobile,29.4942466,-98.7071253,mobile_phone_shop
European Wax Center,29.4942159,-98.7070499,beauty_shop
Steak 'n Shake,29.4936013,-98.7073094,fast_food
Amazing Lash Studio,29.4936367,-98.7073997,beauty_shop
Stillwater Dental Care,29.4937407,-98.7076767,dentist
Lone Star Lakeside Bar,29.4553141,-98.6971103,bar
Starbucks,29.3830921,-98.6126683,cafe
Base Exchange,29.3829787,-98.6130168,department_store
Passport Health San Antonio Travel Clinic,29.5087744,-98.5880488,clinic
CVS Pharmacy,29.4942001,-98.5511801,pharmacy
Saint Matthew's Catholic School,29.5396914,-98.5565043,school
Subway,29.5165657,-98.4920796,fast_food
Starbucks,29.5159077,-98.499581,cafe
Jimmy John's,29.5159195,-98.4996565,fast_food
Hula Poke,29.5159108,-98.4997145,restaurant
Dr. Phonez,29.5159169,-98.4997713,mobile_phone_shop
bridalgalleria,29.5159155,-98.4998318,clothes
The Divide,29.6451871,-98.6771081,restaurant
Big Hops,29.5661246,-98.4865056,bar
Firehouse Subs,29.5660816,-98.486446,fast_food
El Rodeo de Jalisco,29.4372266,-98.6795164,restaurant
Mini Melts,29.3533135,-98.4797263,vending_any
Redbox,29.353272,-98.4795141,vending_any
SEVA Beauty,29.3527874,-98.4795617,beauty_shop
Walmart Garden Center,29.3532975,-98.4804761,garden_centre
Walmart Pharmacy,29.3529118,-98.4792032,pharmacy
DaVi Nails,29.3528416,-98.4794154,beauty_shop
Redbox,29.4336446,-98.7140622,vending_any
Finnegan's,29.5892691,-98.4731585,bar
Titos,29.4141485,-98.4909486,restaurant
Cuishe,29.4211641,-98.4788871,restaurant
Torchy's Tacos,29.4975384,-98.4704617,fast_food
Panera Bread,29.4972039,-98.4697146,fast_food
Twin Liquors,29.5530135,-98.5352815,beverages
Great Clips,29.5533675,-98.5359367,hairdresser
Woof Gang Bakery,29.5531835,-98.5356988,bakery
Credit Human,29.553144,-98.535645,bank
Moon Mippy,29.5534081,-98.5360538,stationery
Myron's Prime Steakhouse,29.5535823,-98.5366873,restaurant
El Mirasol,29.5537644,-98.5367022,restaurant
Expedia CruiseShipCenters,29.5539969,-98.5364933,travel_agent
Green Vegetarian Cuisine,29.5541269,-98.5364156,restaurant
Pho VN Bistro,29.5543278,-98.5363826,restaurant
The Parlour,29.5544662,-98.5363568,hairdresser
Pizza Hut,29.4910332,-98.6817864,fast_food
El Viejo 300,29.5035413,-98.5854875,restaurant
McDonald's,29.5040198,-98.5850905,fast_food
Spa Black,29.5038868,-98.5841732,beauty_shop
Hair & Skin care by Estella,29.5034689,-98.5841303,beauty_shop
South Texas Eye Institute,29.5056772,-98.5864906,doctors
Sabores Cali Baja Mexican Grill,29.5052065,-98.5863312,restaurant
The Pink Boutique,29.50734,-98.5844805,clothes
Little Woodrows,29.5074731,-98.5870071,bar
Galen College of Nursing-San Antonio,29.5076482,-98.5856419,university
Premier Pharmacy,29.5066654,-98.5848909,pharmacy
Focus and Balance,29.501175,-98.5807361,clinic
AFFCU Headquarters,29.4301846,-98.6541293,bank
San Antonio Fire Department Station No. 37,29.5415126,-98.5547998,fire_station
Walgreens,29.3757502,-98.4495062,pharmacy
Ácenar Hot Mex Cool Bar,29.4263478,-98.4919528,restaurant
CVS Pharmacy,29.4837307,-98.6661501,pharmacy
CVS Pharmacy,29.5760039,-98.5649035,pharmacy
CVS Pharmacy,29.4851802,-98.7345584,pharmacy
Pasha Mediterranean Grill,29.5758938,-98.3253213,restaurant
Baptist M&S Imaging - Westover Hills,29.4775622,-98.6951157,clinic
Great Northwest Animal Hospital,29.4806399,-98.6586348,veterinary
Cricket Wireless,29.418238,-98.6574298,mobile_phone_shop
Little Caesars,29.418238,-98.6572764,fast_food
Texas Physical Therapy Specialist,29.518027,-98.6638536,clinic
Jack in the Box,29.4191544,-98.5888744,fast_food
T-Mobile,29.549365,-98.3092189,mobile_phone_shop
Tidal Surge,29.453849,-98.6997293,attraction
None,29.4582056,-98.6987427,shelter
None,29.4582722,-98.6987816,shelter
None,29.4582944,-98.6986931,shelter
El Chunky,29.3954706,-98.4813889,restaurant
Kum & Go,29.3955348,-98.4813171,convenience
Cricket Wireless,29.3958516,-98.4813268,mobile_phone_shop
Subway,29.5407668,-98.5764863,fast_food
Bright Coffee,29.4623063,-98.5081248,cafe
Anton Schumann Park Campground,29.5333755,-98.3150277,camp_site
Water Fountain,29.2519381,-98.5210866,drinking_water
David Crockett,29.4256363,-98.4863929,artwork
Toribio Losoya,29.4255806,-98.4870884,artwork
"John William Smith, 'El Colorado'",29.4262842,-98.4861926,artwork
William Barret Travis,29.4262334,-98.4860153,artwork
James Bowie,29.4263136,-98.4861351,artwork
Juan Nepomuceno Seguin,29.4262283,-98.4860405,artwork
Bliss Restaurant,29.411143,-98.4870265,restaurant
Jefferson Bank,29.5260408,-98.6396872,bank
Buff City Soap,29.6111225,-98.5101663,supermarket
Office Depot,29.6108713,-98.5102614,stationery
Sushishima,29.610775,-98.5107184,restaurant
Ross,29.6109174,-98.5117216,department_store
Golf Galaxy,29.6110101,-98.5121556,sports_shop
Spec's,29.6108607,-98.5125569,beverages
Cafe Vida,29.6045985,-98.536926,cafe
Tomlinson Elementary School,29.5339006,-98.7335295,school
Riverwalk Sculpture,29.4234329,-98.4929192,artwork
The Smile Institute,29.5240826,-98.4565986,dentist
USAA,29.3814816,-98.6395651,atm
Wells Fargo,29.3805259,-98.6396088,atm
BCFS San Antonio Campus,29.3998784,-98.6332121,community_centre
USAA,29.4025151,-98.6311541,atm
BCFS HHS San Antonio Staff Secure,29.3998281,-98.63219,community_centre
Furniture City,29.4015006,-98.6368413,furniture_shop
River City Barbershop & Beauty Shop,29.4010971,-98.6286931,hairdresser
"Max Auto Sales, Inc",29.3620677,-98.523189,car_dealership
Diana's Burgers,29.450617,-98.5241827,fast_food
Neti's Beauty Salon,29.4509658,-98.5241488,hairdresser
Las Amazonas Bakery,29.4524788,-98.5238748,bakery
Birds Nails & Barber,29.4535764,-98.523726,hairdresser
Crystal's Cafe,29.4534578,-98.5237391,restaurant
Kwik Wash,29.4490618,-98.5247164,laundry
Charrito's Cafe,29.4491777,-98.5247001,restaurant
Stop 1 Food Mart,29.4493119,-98.5246837,convenience
20 Twenty Food and Fuel,29.4470531,-98.5244849,convenience
Boost Mobile,29.4469805,-98.524492,mobile_phone_shop
The Rose Boutique,29.4499766,-98.5264939,florist
Lovees Salon,29.4499614,-98.5262981,hairdresser
Pandaderia Jimenez Coffee Shop,29.4624005,-98.5236846,cafe
Black Potion,29.4626705,-98.5239652,bar
The Starlighter,29.4627984,-98.5241316,theatre
Woodlawn Theatre,29.4631836,-98.5244784,theatre
Woodlawn Academy for the Performing Arts,29.4633361,-98.5246023,theatre
El Viejo Barbershop,29.4610411,-98.5224385,hairdresser
Mailbox Printing Postal Shipping,29.4609039,-98.522296,post_office
The Laundry Express,29.4546579,-98.5159927,laundry
Boost Mobile,29.454666,-98.5161959,mobile_phone_shop
Homewood Suites by Hilton San Antonio-Northwest,29.5373965,-98.565926,hotel
H & H Auto Sales,29.48393,-98.5074344,car_dealership
Passport Health Afton Oaks Travel Clinic,29.6083569,-98.4880259,clinic
Texas Leather Furniture and Accessories SA,29.598612,-98.568359,furniture_shop
Budget,29.3492784,-98.4365416,car_rental
Medusa Salon,29.5784793,-98.4746404,beauty_shop
Jefferson Bodega,29.4644839,-98.5433865,convenience
New Heights Dental & Braces,29.5000793,-98.466284,dentist
Action Behavior Centers - ABA Therapy for Autism,29.4618306,-98.6899761,hospital
Crownridge Canyon Natural Area,29.6156088,-98.6300996,tourist_info
Circle K,29.3227681,-98.4773936,convenience
McDonald's,29.3230139,-98.477391,fast_food
Golden Corral,29.5547881,-98.3147932,restaurant
El  Mirasol,29.5615788,-98.5365835,restaurant
Street Fair SA,29.5009203,-98.4197075,restaurant
Thai House Restaurant,29.4843083,-98.4133449,restaurant
Salon Lumen,29.5624449,-98.5993081,hairdresser
Meat Market,29.4609468,-98.4665649,butcher
Wallaceville,29.5495719,-98.438796,museum
Java City,29.5860753,-98.6234581,cafe
Slackers Thousand Oaks,29.5919726,-98.4703496,bar
"The Hollow Stone Oak ""The Oak""",29.6286571,-98.495684,bar
On The Bend Oyster Bar & Lounge,29.4256063,-98.4884204,restaurant
Little Free Library,29.5186445,-98.6305353,library
Supercuts,29.4737714,-98.4623285,hairdresser
Sorrento Pizza & Restaurant,29.474197,-98.4623379,restaurant
Little Free Library,29.5489808,-98.6347554,library
Merit Coffee,29.5033846,-98.5742473,cafe
Burger King,29.3927332,-98.630187,fast_food
Subway,29.3928506,-98.62992,fast_food
Stylique Salon,29.3924417,-98.6299777,hairdresser
Starbucks,29.3926754,-98.6299214,cafe
Marco's Pizza,29.5954407,-98.4211814,fast_food
SafeSplash Swim School,29.5953026,-98.421123,school
Sport Clips,29.5954143,-98.4214032,hairdresser
Credit Human,29.595329,-98.4216974,bank
Rusty Taco,29.5952763,-98.4219146,restaurant
CareNow Urgent Care,29.5958154,-98.4199376,clinic
Chipotle,29.5962203,-98.4190642,fast_food
Jersey Mike's Subs,29.5962097,-98.4191598,fast_food
Maple Street Biscuit Company,29.5961815,-98.4192716,restaurant
The Founders Monument,29.4240564,-98.493682,memorial
Beak Cycle,29.5813173,-98.6163342,bicycle_rental
Beak Cycle,29.5830767,-98.6210486,bicycle_rental
Beak Cycle,29.5782176,-98.6252922,bicycle_rental
Beak Cycle,29.5816691,-98.6185076,bicycle_rental
Beak Cycle,29.5825072,-98.620169,bicycle_rental
Beak Cycle,29.5821749,-98.6225473,bicycle_rental
Beak Cycle,29.5832712,-98.6223848,bicycle_rental
Beak Cycle,29.5844237,-98.6206264,bicycle_rental
Beak Cycle,29.5859222,-98.6190394,bicycle_rental
Chicken N Pickle- San Antonio,29.5790315,-98.5902733,restaurant
Emily D. West,29.4263231,-98.4861754,artwork
Voodoo Donut,29.4263932,-98.4885062,restaurant
Taco Bell,29.4241102,-98.4847377,fast_food
CVS Pharmacy,29.5189276,-98.6035287,pharmacy
Walgreens,29.5441309,-98.6138834,pharmacy
Ludwick Family Dentistry,29.4926003,-98.4588145,dentist
Trailblazer Café,29.3392457,-98.4679153,cafe
Life Smiles Dental Studio,29.5354807,-98.6487929,dentist
None,29.4061094,-98.6035335,shelter
None,29.4041255,-98.6147275,shelter
MOD Pizza,29.6099209,-98.5144934,fast_food
Taste of India,29.5641081,-98.6002376,restaurant
Pressed,29.5920754,-98.6123606,fast_food
Tacos n Salsa,29.5501596,-98.5410577,restaurant
SureStay Plus Hotel by Best Western,29.4405269,-98.6432507,hotel
Armadillo,29.6496404,-98.4711048,tourist_info
Prickly Pear,29.6487125,-98.4707981,tourist_info
Saltgrass Steak House,29.4248508,-98.4886694,restaurant
School of Science & Technology San Antonio - Main Campus,29.5368793,-98.4076399,school
Dunkin',29.507969,-98.6300525,fast_food
Grady's Bar-B-Q,29.5084513,-98.6300982,restaurant
Great Clips,29.5075678,-98.6299032,hairdresser
Wendy's,29.5188959,-98.6388118,fast_food
Credit Human,29.5255503,-98.6408829,bank
Smashin Crab,29.5269062,-98.6399891,restaurant
Bowl & BoX Japanese & Korean Cuisine,29.5269653,-98.6393724,restaurant
Wood Vision Source,29.5275286,-98.6398903,optician
Rialto Jewelry,29.527341,-98.6402652,jeweller
T-Mobile,29.5163809,-98.6338248,mobile_phone_shop
The UPS Store,29.5203123,-98.6384577,post_office
Wingstop,29.521012,-98.6389682,fast_food
Comet Cleaners,29.525038,-98.640702,laundry
Black Clover Pub,29.5745356,-98.4398052,pub
Hair Affairs,29.5742564,-98.4394008,hairdresser
Diva Nails,29.574309,-98.4394488,beauty_shop
Starbucks,29.5520831,-98.6644384,cafe
MOD Pizza,29.5520227,-98.6644942,fast_food
Quest Diagnostics,29.5548334,-98.6639098,clinic
Boot Barn,29.5645848,-98.4839006,clothes
Hero's Ramen x Sushi,29.565215,-98.489425,restaurant
Losoya's Taqueria,29.5651385,-98.4894859,restaurant
Julian's Italian Pizzaria & Kitchen,29.5650964,-98.4892146,restaurant
Salon Plaza,29.5643977,-98.4891772,beauty_shop
Hungry Howies,29.5632083,-98.4809595,restaurant
Edible Arrangements,29.5615658,-98.4816602,gift_shop
Robert Graham,29.594621,-98.6159011,clothes
Lee Michales Fine Jewelry,29.594653,-98.6157423,jeweller
Tommy Bahama,29.5947009,-98.6156731,clothes
Tiffany & Company,29.5947334,-98.6155501,jeweller
Starbucks,29.594929,-98.6152303,cafe
PNC Bank,29.5949581,-98.6152884,bank
Dior,29.5948774,-98.6148723,clothes
Gucci,29.5946683,-98.6150337,clothes
Louis Vuitton,29.5944797,-98.6151567,clothes
Lululemon,29.5942691,-98.6151472,clothes
vinyard vines,29.5939751,-98.6151638,clothes
Michael Kors,29.5937286,-98.6151347,clothes
Anthropologie,29.5936045,-98.6150836,clothes
Bradley Dean,29.5935397,-98.6148175,clothes
Victoria's Secret,29.5932831,-98.6150673,clothes
Zales,29.5929672,-98.6151075,jeweller
Brighton,29.5929061,-98.6150112,jeweller
Rowan Piercing Studio,29.5927354,-98.6149785,jeweller
Life's Sweet Co,29.5927994,-98.6150798,clothes
The Spurs Fan Shop,29.5928653,-98.6146912,clothes
PacSun,29.5929426,-98.614529,clothes
LensCrafters,29.5929687,-98.6143188,optician
Carlo's Bake Shop,29.5923207,-98.6139276,restaurant
Lids,29.5923752,-98.6140207,clothes
JD Sports,29.592394,-98.6141604,sports_shop
Journeys,29.592461,-98.6143779,shoe_shop
American Eagle Outfitters,29.5923991,-98.6144943,clothes
Hollister,29.5923852,-98.6146719,clothes
Sunglass Hut,29.592469,-98.6148973,optician
Auntie Anne's,29.5924849,-98.6152913,fast_food
Aldo,29.5926996,-98.6158315,shoe_shop
Johnston & Murphy,29.5924201,-98.615681,shoe_shop
Hot Topic,29.5923618,-98.6157504,clothes
Abercrombie Kids,29.5919936,-98.6163754,clothes
Visible Changes,29.592038,-98.6165048,hairdresser
Bella Lifestyle Nail Salon,29.5919014,-98.6164943,beauty_shop
Spencer's,29.5918787,-98.6166982,gift_shop
Steve Madden,29.5929983,-98.6155902,shoe_shop
Swarovski,29.5931021,-98.6155719,jeweller
Kay Jewelers,29.5932795,-98.6157184,jeweller
Chico's,29.5934929,-98.6156491,clothes
Banana Republic,29.5937637,-98.6155966,clothes
Athleta,29.593893,-98.6156278,clothes
Ann Taylor,29.5940102,-98.6157027,clothes
Sunglass Hut,29.5941702,-98.6155573,optician
Kendra Scott,29.5942925,-98.6158448,jeweller
Hugo Boss,29.5942661,-98.6159432,clothes
Hugo Boss,29.5942503,-98.6159669,clothes
Johnny Was,29.5942424,-98.6160167,clothes
White House Black Market,29.5942552,-98.6160792,clothes
Urban Outfitters,29.5927957,-98.6130817,clothes
Free People,29.5928124,-98.6127741,clothes
Madewell,29.5929072,-98.6127282,clothes
Sweet Paris Creperie & Café,29.5928629,-98.6125868,restaurant
Bio2 Laser Studio,29.5931413,-98.6123973,beauty_shop
Teal Poppy,29.5928973,-98.612307,clothes
Mall Mart,29.5930584,-98.6121624,convenience
Zumiez,29.5930991,-98.6119833,clothes
Vans,29.5931126,-98.6118471,shoe_shop
Zara,29.5931146,-98.6117425,clothes
Altar'd State,29.5923046,-98.612915,clothes
J.Crew,29.5922175,-98.612825,clothes
J.Jill,29.5924024,-98.6126685,clothes
Anthony Vincé Nail Spa,29.5920568,-98.6125181,beauty_shop
H&M,29.5922062,-98.6119328,clothes
LoveSac,29.5924355,-98.6118675,furniture_shop
Pandora,29.5926442,-98.611746,jeweller
YETI,29.5926387,-98.611464,outdoor_shop
Palenque Grill,29.5924256,-98.6113199,restaurant
Tiny Cantina Sip N'Shop,29.5931561,-98.6109559,restaurant
Visionworks,29.5915876,-98.6165325,optician
Build-A-Bear Workshop,29.5918888,-98.6159305,toy_shop
Clarks,29.5920621,-98.615684,shoe_shop
Express,29.5921955,-98.6153922,clothes
Passport Health Oak Park Travel Clinic,29.5153277,-98.4539381,clinic
Baptist Neighborhood Hospital Zarzamora,29.3521004,-98.5330399,hospital
Westover Medical Home,29.4623549,-98.687316,clinic
Baptist Neighborhood Hospital Kelly,29.4027685,-98.5477659,hospital
Encompass Health Rehabilitation Hospital Of San Antonio,29.5274279,-98.5841111,hospital
QuikTrip,29.4753434,-98.3804904,convenience
E Z Wash,29.4485939,-98.4745329,laundry
Qubed,29.4845073,-98.4011675,hotel
Los Barrios,29.4858867,-98.5082017,restaurant
Paris Hatters,29.4272553,-98.4879381,clothes
Salon Martin,29.5927809,-98.5904632,hairdresser
Ziva Dental,29.4489379,-98.6014492,dentist
Artistic Blooms,29.5210078,-98.6012529,florist
Don Adolfo's Bar and Grill,29.6254912,-98.4953528,restaurant
Mad Pecker Brewing Co,29.4898916,-98.666387,pub
First Watch,29.5564691,-98.6613944,restaurant
Poppy's Cafe,29.5561663,-98.6610106,cafe
FedEx Ship Center,29.5563594,-98.6612504,post_office
PostalAnnex,29.556266,-98.6611323,post_office
Fruteria Chavez,29.4925809,-98.5353385,restaurant
Charleys Philly Steaks,29.487454,-98.537263,fast_food
Everest Eco Cleaners,29.5093215,-98.5262298,laundry
Sonrisa Dental - San Antonio,29.5683586,-98.3872918,dentist
Bush's Chicken,29.5039412,-98.6263347,fast_food
Rapid Express Car Wash,29.5049838,-98.6285601,car_wash
The Rodeo Bar And Grill,29.5063937,-98.627731,restaurant
Clippers Barber Shop,29.5296023,-98.6437383,hairdresser
AK Hair Studio,29.5221279,-98.6391646,hairdresser
Rosita's Mexican Restaurant,29.508533,-98.6262603,restaurant
Fat Tuesday,29.5074039,-98.6298043,restaurant
Halftime Pizza,29.5074804,-98.6298503,restaurant
AT&T,29.4674836,-98.3589562,mobile_phone_shop
Buffalo Wild Wings Go,29.4673988,-98.3589669,restaurant
RFSA Dermatology,29.4688686,-98.4911609,doctors
Daquiri King,29.4182748,-98.6821239,beverages
Geo Dental,29.418276,-98.6819979,dentist
Vanity Nail Bar,29.4182736,-98.6818671,beauty_shop
Lovebirds Coffee And Bakeshop,29.5315381,-98.5899062,bakery
Sukhothai Thai Restaurant Express,29.511567,-98.6618188,restaurant
Cindy's Hair Studio - Paul Mitchell Focus Salon,29.384474,-98.4575408,beauty_shop
Tesla San Antonio - Airport Blvd,29.5150673,-98.4762295,car_dealership
U.S. Renal Care,29.4254892,-98.4651171,clinic
BiblioTech East,29.4292847,-98.4524235,library
Bullis House Inn,29.4428544,-98.4647949,guesthouse
Klarisana - Ketamine Treatment San Antonio,29.5218834,-98.5709843,clinic
Sushi Zushi,29.5331961,-98.5611838,restaurant
Refuel,29.5114453,-98.6618185,convenience
Sabor de Sanchez,29.5113454,-98.6618273,restaurant
Wells Fargo,29.4247307,-98.4615878,bank
Little Caesars,29.4265374,-98.4612182,fast_food
Boost Mobile,29.423613,-98.4614704,mobile_phone_shop
Melrose Family Fashions,29.4254949,-98.4618456,clothes
Rent-A-Center,29.4254432,-98.4630984,furniture_shop
Cricket Wireless,29.4254926,-98.4625594,mobile_phone_shop
Don's & Ben's,29.4252394,-98.4637132,beverages
Methodist Family Health Center,29.4253788,-98.4637155,clinic
US Nails,29.4256162,-98.4637101,beauty_shop
Margaritaville,29.4235363,-98.4849761,restaurant
Jubilee Highland Park,29.4007762,-98.4560191,school
Marshalls,29.3769536,-98.4588264,department_store
Shoe Carnival,29.3770787,-98.4591091,shoe_shop
The Children's Place,29.3774799,-98.4595998,clothes
rue21,29.3776193,-98.4597899,clothes
Panda Express,29.3758559,-98.4577523,fast_food
Luxx Nail Bar,29.377716,-98.4586945,beauty_shop
Monarch Dental,29.3805094,-98.4608399,dentist
Arby's,29.3783341,-98.4595859,fast_food
Enterprise Truck Rental,29.4260814,-98.4050124,car_rental
Super 8,29.4269957,-98.4046385,motel
Topaz Dentistry and Braces,29.3807048,-98.4592804,dentist
Metro by T-Mobile,29.3804544,-98.459142,mobile_phone_shop
Boba Tea,29.3804202,-98.4590988,cafe
Shifu Noodle,29.3803794,-98.4590538,restaurant
S.A.P.D. Police Storefront,29.3803433,-98.4590138,police
Twin Liquors,29.3802244,-98.4588773,beverages
Regal Nails,29.3792553,-98.4578666,beauty_shop
Subway,29.3789741,-98.4575398,fast_food
Beautique Threading and Hair Salon,29.3788968,-98.4574553,hairdresser
The UPS Store,29.3788618,-98.4574111,post_office
credithuman,29.3788187,-98.4573642,bank
T-Mobile,29.3786046,-98.460183,mobile_phone_shop
Great Clips,29.3786058,-98.4603108,hairdresser
Jimmy John's,29.3785577,-98.4605324,fast_food
Wingstop,29.3785152,-98.4605727,fast_food
Almouie Pediatrics,29.3784016,-98.4607093,clinic
FastMed,29.37809,-98.4607449,clinic
Kiddo Dental,29.3839005,-98.4601662,dentist
Boost Mobile,29.3835008,-98.4601629,mobile_phone_shop
Cricket Wireless,29.3836782,-98.4601703,mobile_phone_shop
CVS Pharmacy,29.3758142,-98.4476631,pharmacy
Papa John's,29.5045927,-98.6620113,fast_food
Don Romo's Mexican Restaurant & Catering,29.5045754,-98.6617765,restaurant
Thai Lao,29.4986969,-98.7053783,restaurant
Buffalo Wild Wings,29.5196605,-98.6381346,restaurant
Stage,29.4223155,-98.4885495,theatre
Boost Mobile,29.3653053,-98.4416202,mobile_phone_shop
JC Food Mart,29.365255,-98.4415738,supermarket
Clinica Hispana Goliad,29.3652047,-98.4415285,clinic
Brookhill Barber Shop,29.3650852,-98.4414079,hairdresser
KFC,29.3645493,-98.4398501,fast_food
Taco Bell,29.3645803,-98.4398823,fast_food
La Michoacana Meat Market,29.3639519,-98.4403876,supermarket
Metro by T-Mobile,29.3634185,-98.4399347,mobile_phone_shop
Alamo Barbershop,29.3634819,-98.4399973,hairdresser
Gentle Nails,29.3636872,-98.4401703,beauty_shop
Big A's Furniture Mattress LLC,29.3636168,-98.4401009,furniture_shop
Beer Box,29.367696,-98.4384433,convenience
Dollarhide Laundromat,29.3676889,-98.438638,laundry
Taco Parrilla Mexican Grill,29.525557,-98.6395462,restaurant
Dr. Garza Plastic Surgery,29.6203938,-98.4927436,doctors
Office Depot,29.350741,-98.4365226,stationery
Walmart Pharmacy,29.3487038,-98.4342707,pharmacy
Walmart Garden Center,29.3485002,-98.4325381,garden_centre
Doc's Liquor - Beer & Wine,29.525812,-98.639645,beverages
A Family Nails & Spa,29.525707,-98.6396055,beauty_shop
Cricket Wireless,29.3681287,-98.5047232,mobile_phone_shop
Subway,29.3681988,-98.5047271,fast_food
Tuff Shed,29.479799,-98.6044225,doityourself
Silvia's Hair Salon,29.3796785,-98.5291287,hairdresser
Cricket Wireless,29.3797795,-98.529045,mobile_phone_shop
E-Z Wash,29.3798333,-98.5289934,laundry
Walgreens,29.3883475,-98.5215658,pharmacy
24th Street Pizzeria - 903,29.4380617,-98.5417484,restaurant
24th Street Pizzeria - 905,29.4381751,-98.5417288,restaurant
Circle K,29.3523786,-98.4319178,convenience
Walgreens,29.3529401,-98.4308317,pharmacy
Broadway Bank,29.3512623,-98.434564,bank
Cricket Wireless,29.5142978,-98.5256256,mobile_phone_shop
Leaf ages Liquor,29.5143889,-98.5253979,beverages
Don's & Ben's Liquor,29.5160828,-98.5251637,beverages
E-Z Wash,29.4923636,-98.4318592,laundry
Andrea's Hair & Nail Salon,29.4925177,-98.431953,beauty_shop
Yippon Ramen,29.4926201,-98.4319946,restaurant
Planned Parenthood,29.3576567,-98.4481229,clinic
Lone Star Laundry,29.3574813,-98.4481637,laundry
Harvey Milam,29.4262682,-98.4998926,memorial
Burger King,29.449917,-98.4505248,fast_food
Popeyes,29.4499265,-98.4503652,fast_food
Pizza Hut,29.3601842,-98.4817302,restaurant
Mi Celayence,29.4704211,-98.5324949,restaurant
Barnes & Noble,29.6037928,-98.4676476,bookshop
Tru,29.6029233,-98.5966986,hotel
JINYA Ramen Bar,29.5934498,-98.5901511,restaurant
Next Level Urgent Care,29.5934038,-98.5901478,clinic
Perry's Pizzaria & Taphouse,29.5928446,-98.59022,restaurant
Veneto Nails,29.5930644,-98.5901503,beauty_shop
Matador Men's Grooming,29.5927813,-98.5905635,hairdresser
Fish City Grill,29.5927764,-98.591082,restaurant
Home2 Suites,29.6035412,-98.596448,hotel
Residence Inn,29.6034292,-98.5976216,hotel
Courtyard,29.603524,-98.598127,hotel
Hilton Garden Inn,29.6022611,-98.5983195,hotel
54th Street Restaurant & Drafthouse,29.6032083,-98.5996517,restaurant
Aqua-Tots Swim Schools,29.6066627,-98.5960155,sports_centre
Half Price Books,29.4563159,-98.4704142,bookshop
Carriqui,29.4441848,-98.4788432,restaurant
Long John Silver's,29.5643787,-98.5926135,fast_food
A&W,29.564402,-98.592521,fast_food
Casa Pasta Italian Restaurant,29.5586368,-98.6763799,restaurant
AC Hotel,29.4251892,-98.4931478,hotel
Element,29.4254621,-98.493151,hotel
Chick-fil-A,29.4263393,-98.493632,fast_food
Gloss Dental Kallison Ranch,29.5188029,-98.7726663,dentist
None,29.4788178,-98.6202074,shelter
Nelson and Tracy Wolff,29.4233498,-98.4964131,artwork
Marco's Pizza,29.5598878,-98.3274013,fast_food
Dunkin',29.5633134,-98.3318837,fast_food
Smoothie King,29.5632703,-98.3318249,beverages
Aerie,29.5923849,-98.614491,clothes
Suck It: The Restaurant,29.5011359,-98.5762965,restaurant
Dragon's Lair Comics & Fantasy,29.5110303,-98.5691651,bookshop
Blue Falcon Bar,29.4274912,-98.469765,bar
The Shack,29.4461657,-98.6377153,restaurant
Chase,29.6427039,-98.4803723,bank
Popeyes,29.6407514,-98.4533026,fast_food
Taco Bell,29.6404257,-98.4534287,fast_food
Walgreens,29.6429268,-98.4793412,pharmacy
Burger King,29.6419469,-98.4813112,fast_food
PJ's Coffee,29.532437,-98.561686,cafe
Clean Eatz,29.6157217,-98.4920063,restaurant
Salsita,29.4408154,-98.4855613,restaurant
Luxury Diamonds,29.3550069,-98.5296691,jeweller
Cowboy Cleaners,29.5321769,-98.4973616,laundry
QuikTrip,29.5312752,-98.4974285,convenience
Guerrero's Mexican Restaurant,29.3983824,-98.4342335,restaurant
The Saga,29.4245191,-98.4938958,artwork
Idle Beer Hall & Brewery,29.4325282,-98.4837315,pub
Back Unturned Brewing Co.,29.4330487,-98.4845643,pub
Creme Coffee & Social,29.446812,-98.4813415,cafe
Hook Land & Sea,29.447176,-98.4811759,restaurant
Amelia Social Lounge,29.4466583,-98.4814151,bar
RBFCU ASC BLDG III,29.5712857,-98.3382853,bank
the mix,29.4489561,-98.4880606,bar
Joey's,29.4488177,-98.4880411,bar
Rack Room Shoes,29.5504223,-98.5813386,shoe_shop
Ross,29.5505719,-98.5829255,department_store
Chico’s,29.549847,-98.5810239,clothes
Talbots,29.550164,-98.5810262,clothes
Old Navy,29.5505516,-98.583735,clothes
Ann Taylor,29.5503513,-98.5812497,clothes
Dallas Cowboys Official Pro Shop,29.5496865,-98.581021,clothes
Torrid,29.5495036,-98.5810131,clothes
Via 313,29.5202545,-98.5744011,restaurant
Torchy’s Tacos,29.5195935,-98.5745898,restaurant
Orgullo Tejano,29.4229423,-98.4870165,artwork
Rudy’s Country Store and Bar-B-Q,29.5504735,-98.4900777,restaurant
Taco Bell,29.457389,-98.5558437,fast_food
Bank of America,29.4570882,-98.5553638,bank
Smile Kings,29.4571241,-98.5565892,dentist
Kahramana Mediterranean Grill,29.5181639,-98.5630101,restaurant
CVS Pharmacy,29.5775298,-98.4419153,chemist
McDonald's,29.5790007,-98.4416052,fast_food
Kulture Kafe,29.4124579,-98.488297,cafe
Casa Rio,29.4236599,-98.4880915,restaurant
Trosor,29.4263167,-98.4890319,jeweller
Revelicion,29.4263033,-98.4892192,cafe
Niche Coffee Co.,29.4229619,-98.4932586,cafe
Extra Fine,29.4536709,-98.4921708,cafe
Mad Dogs British Pub,29.4256559,-98.4885406,pub
#20,29.4842969,-98.4800945,waste_basket
El Taco De Jalisco,29.5153556,-98.5355678,restaurant
Daniel's Loop,29.3377528,-98.737524,tourist_info
Medina Trail,29.3368695,-98.7362663,tourist_info
Medina Watershed,29.3368924,-98.7357548,tourist_info
Daniel's Loop,29.3366847,-98.73624,tourist_info
Medina Trail,29.3363924,-98.736288,tourist_info
Exit,29.3364581,-98.7396659,tourist_info
Exit,29.3368436,-98.7398639,tourist_info
Gold Canyon Park,29.6095133,-98.441259,tourist_info
HealthTexas - Stone Oak,29.638876,-98.4579308,clinic
Half Price Books,29.6392388,-98.457711,bookshop
Great Clips,29.6393544,-98.457645,hairdresser
Hyatt Nails Bar,29.6394562,-98.4575896,beauty_shop
Stone Oak Modern Dentistry,29.6396172,-98.4575023,dentist
Comet Cleaners,29.6079523,-98.4194523,laundry
Dunkin',29.6078069,-98.4194109,fast_food
Bella Nail and Lash,29.6045635,-98.4191196,beauty_shop
The UPS Store,29.60463,-98.4191036,post_office
Lennys Grill & Subs,29.6038231,-98.4181903,restaurant
Smoothie King,29.6041017,-98.4181339,fast_food
Little Caesars,29.6041915,-98.4181152,fast_food
Valencia Nails & Spa,29.6042638,-98.4180964,beauty_shop
Ideal Dental,29.6044026,-98.4180655,dentist
Fast Aid Urgent Care,29.6045239,-98.4180347,clinic
Imagine Children's Dentistry,29.6051104,-98.4175063,dentist
Great Clips,29.6054084,-98.4178895,hairdresser
Skip's,29.6055047,-98.4178937,beverages
Half Price Books,29.5254398,-98.4956701,bookshop
Ross,29.525261,-98.4954179,department_store
Coffee Crush,29.6051493,-98.4176809,cafe
Brevity,29.6011201,-98.4431931,cafe
VN Brows,29.6011417,-98.443285,beauty_shop
Service Cuts,29.6011609,-98.4433775,hairdresser
Firstline RX,29.6011953,-98.4435262,pharmacy
One Price Cleaners,29.6012161,-98.4436019,laundry
Pinky's,29.6012295,-98.4436743,beauty_shop
Redland Icehouse,29.6012484,-98.4437595,bar
Dr Rogers,29.6013075,-98.443828,doctors
Glow Salon & Spa,29.6015969,-98.4437967,hairdresser
El Chaparral,29.6017791,-98.4437545,restaurant
Solana,29.6040463,-98.4430061,dentist
Matador,29.6039353,-98.4423674,hairdresser
Cheba Hut,29.603902,-98.4421481,fast_food
Mimosa Gossip,29.603865,-98.4419629,restaurant
Sweet Moment,29.603839,-98.4417777,beauty_shop
Kirby Quality Cleaners,29.464742,-98.3956693,laundry
Gong Cha,29.6034844,-98.4428894,cafe
Napoli's Pizzeria,29.6034161,-98.4426482,restaurant
Encore Bar & Grill,29.6034417,-98.4427327,restaurant
Northeast Endocronology,29.5810178,-98.3430455,doctors
Panda Express,29.6419011,-98.455144,fast_food
Monarch Dental,29.6419947,-98.4550963,dentist
Palm Beach Tan,29.6421474,-98.4550122,beauty_shop
CAVA,29.6423893,-98.4548875,restaurant
Phenix Salon Suite,29.6432869,-98.4556237,beauty_shop
Twin Liquors,29.6418141,-98.4564305,beverages
Skin Rejuvenation Clinique,29.6424728,-98.4560511,beauty_shop
Hooters,29.5787479,-98.3156344,restaurant
Subway,29.5513624,-98.4653084,fast_food
Moses Austin,29.4248529,-98.4953776,artwork
USS San Jaconto 1943,29.4239743,-98.4943941,memorial
The American Legion,29.4239752,-98.4944823,memorial
The UPS Store,29.5447412,-98.5093294,post_office
Walgreens,29.5356849,-98.5205844,chemist
Lucky Noodle House,29.5447543,-98.5096806,restaurant
Marshalls,29.5450017,-98.5084641,department_store
Press Coffee,29.5406922,-98.5150169,cafe
Church's Chicken,29.5106701,-98.5354695,fast_food
Wing Daddy’s Sauce House,29.5153605,-98.5271997,fast_food
Acura,29.5532328,-98.5855003,car_dealership
Budget,29.6077449,-98.4935833,car_rental
None,29.5447599,-98.5099607,doctors
MedFirst Primary Care - Quarry,29.5072461,-98.4758953,clinic
La Tiendita,29.3332367,-98.4552694,gift_shop
El Cántico,29.3179558,-98.4512109,gift_shop
Melrose Family Fashions,29.3996031,-98.4042526,furniture_shop
Circle K,29.3944354,-98.4989595,convenience
Buddy’s,29.3993616,-98.4041613,furniture_shop
T-Mobile,29.3992744,-98.404126,mobile_phone_shop
Walgreens,29.3986712,-98.4050925,chemist
Rent-A-Center,29.4009193,-98.404729,furniture_shop
Bank of America,29.399904,-98.4043734,bank
Cricket Wireless,29.3999937,-98.4044086,mobile_phone_shop
Stop By Mart,29.3780194,-98.4324544,convenience
Circle K,29.3775931,-98.4318568,convenience
Ruben's Homemade Tamales,29.398338,-98.4359948,fast_food
None,29.5111908,-98.6630397,pharmacy
Enterprise,29.5369363,-98.5672231,car_rental
None,29.3619778,-98.7311584,shelter
None,29.3621003,-98.730675,shelter
None,29.3614871,-98.7319007,shelter
None,29.3617432,-98.7309318,shelter
Rocco DFAC,29.4558289,-98.4487207,restaurant
Domino's,29.5039349,-98.4921208,fast_food
DQ Grill & Chill,29.486258,-98.526311,fast_food
Wingstop,29.4870279,-98.5268958,fast_food
Domino's,29.489725,-98.5356144,fast_food
Wingstop,29.5638392,-98.5866372,fast_food
Jimmy John's,29.5654989,-98.5935023,fast_food
Domino's,29.5625864,-98.61273,fast_food
Dutch Bros. Coffee,29.5209352,-98.6019852,cafe
Wingstop,29.5114949,-98.569979,fast_food
Domino's,29.519056,-98.5720986,fast_food
Dunkin',29.5378018,-98.5844383,fast_food
Chipotle,29.54918,-98.5835336,fast_food
Panera Bread,29.5475406,-98.5818545,fast_food
Jimmy John's,29.5464326,-98.5764615,fast_food
Domino's,29.5516204,-98.5727999,fast_food
Domino's,29.5844064,-98.5343355,fast_food
Dunkin',29.5497911,-98.5103817,fast_food
Domino's,29.5626884,-98.4915948,fast_food
Wingstop,29.5637926,-98.4879814,fast_food
Dutch Bros. Coffee,29.52001,-98.44873,cafe
Dutch Bros. Coffee,29.51236,-98.46586,cafe
DoubleTree,29.5214937,-98.502615,hotel
Panda Express,29.5174597,-98.5063462,fast_food
Wingstop,29.5097479,-98.4998931,fast_food
Dutch Bros. Coffee,29.5487289,-98.3737579,cafe
DQ Grill & Chill,29.528818,-98.410674,fast_food
McDonald's,29.5441518,-98.410596,fast_food
Dunkin',29.553001,-98.405422,fast_food
DQ Grill & Chill,29.560511,-98.394013,fast_food
Arby's,29.5659361,-98.3885188,fast_food
Panda Express,29.5692782,-98.38307,fast_food
KFC,29.5694685,-98.3828048,fast_food
Popeyes,29.57019,-98.383163,fast_food
Jack in the Box,29.578253,-98.373236,fast_food
Domino's,29.5792415,-98.3691541,fast_food
Dunkin',29.49507,-98.32618,fast_food
Domino's,29.5134116,-98.308797,fast_food
KFC,29.545206,-98.2891403,fast_food
Arby's,29.5488288,-98.2938325,fast_food
Chipotle,29.5490809,-98.3096534,fast_food
Wingstop,29.5579655,-98.323257,fast_food
Domino's,29.5576718,-98.3236915,fast_food
Jimmy John's,29.5636982,-98.3338989,fast_food
Five Guys,29.5691372,-98.3288852,fast_food
Panera Bread,29.5704393,-98.3283184,fast_food
Panda Express,29.5702361,-98.3268535,fast_food
KFC,29.3228924,-98.4821805,fast_food
Domino's,29.321901,-98.5534754,fast_food
Domino's,29.4475078,-98.5429023,fast_food
Jack in the Box,29.387552,-98.532525,fast_food
Wingstop,29.3797792,-98.5289764,fast_food
Chipotle,29.357148,-98.5405371,fast_food
Wingstop,29.3583995,-98.5326421,fast_food
Baymont,29.3555112,-98.5257081,hotel
Wingstop,29.3562537,-98.5133951,fast_food
Domino's,29.3836494,-98.4565986,fast_food
Chipotle,29.3523222,-98.4372261,fast_food
McDonald's,29.3484885,-98.4334898,fast_food
DQ Grill & Chill,29.389943,-98.349686,fast_food
Wingstop,29.4021817,-98.3867442,fast_food
Chick-fil-A,29.399977,-98.390902,fast_food
Domino's,29.398679,-98.4023546,fast_food
Popeyes,29.423663,-98.405127,fast_food
Dutch Bros. Coffee,29.48962,-98.44356,cafe
Wingstop,29.4930961,-98.4339948,fast_food
Jimmy John's,29.4936907,-98.4356442,fast_food
Domino's,29.49542,-98.4354232,fast_food
Little Caesar's,29.5191253,-98.4113951,fast_food
Wingstop,29.4822624,-98.3584071,fast_food
KFC,29.4824345,-98.3578198,fast_food
Domino's,29.4813711,-98.3576634,fast_food
Arby's,29.4807412,-98.3590546,fast_food
Chipotle,29.4790969,-98.362553,fast_food
Panda Express,29.5097182,-98.3722172,fast_food
Domino's,29.5099984,-98.3828026,fast_food
Wingstop,29.5097234,-98.3842475,fast_food
Dunkin',29.5106879,-98.3893237,fast_food
Chipotle,29.5124754,-98.3961107,fast_food
Burger King,29.483719,-98.401189,fast_food
Days Inn,29.446547,-98.431877,hotel
Burger King,29.462466,-98.434661,fast_food
Domino's,29.4624356,-98.4348302,fast_food
Jimmy John's,29.4567648,-98.4481989,fast_food
Wendy's,29.4382412,-98.4509676,fast_food
KFC,29.4380617,-98.4517674,fast_food
Jimmy John's,29.4263145,-98.4916586,fast_food
Home2 Suites,29.4257296,-98.492582,hotel
Domino's,29.4262986,-98.4958112,fast_food
Jack in the Box,29.4209553,-98.5274401,fast_food
DQ Grill & Chill,29.409797,-98.55716,fast_food
Domino's,29.4168731,-98.5563443,fast_food
Wendy's,29.4307185,-98.5495533,fast_food
Burger King,29.4300547,-98.5509462,fast_food
Wingstop,29.4301243,-98.5526815,fast_food
Jack in the Box,29.431417,-98.553564,fast_food
KFC,29.4313016,-98.5555064,fast_food
Dunkin',29.5188596,-98.7721816,fast_food
Carl's Jr.,29.31096,-98.61775,fast_food
KFC,29.3397282,-98.6253313,fast_food
Domino's,29.3398451,-98.6219012,fast_food
Econo Lodge Inn & Suites,29.3696656,-98.6030966,motel
Wingstop,29.4145854,-98.6513225,fast_food
Jack in the Box,29.379129,-98.642002,fast_food
Popeyes,29.381589,-98.625803,fast_food
Domino's,29.3814976,-98.6257328,fast_food
Jimmy John's,29.3871965,-98.6153289,fast_food
KFC,29.4036953,-98.6292317,fast_food
Wendy's,29.4049694,-98.6300048,fast_food
Dunkin',29.4083,-98.62881,fast_food
Domino's,29.4180586,-98.6342803,fast_food
DQ Grill & Chill,29.41744,-98.630593,fast_food
Fairfield Inn & Suites,29.5031765,-98.5859539,hotel
Panda Express,29.5053584,-98.5844001,fast_food
Jimmy John's,29.5020064,-98.5755145,fast_food
Dunkin',29.5004029,-98.5794994,fast_food
Domino's,29.4706199,-98.5718748,fast_food
Jack in the Box,29.469416,-98.571277,fast_food
Whataburger,29.4500681,-98.571786,fast_food
Jack in the Box,29.448053,-98.602169,fast_food
DQ Grill & Chill,29.468741,-98.602133,fast_food
Chick-fil-A,29.4841336,-98.59356,fast_food
Domino's,29.4894911,-98.5995403,fast_food
Econo Lodge,29.4829977,-98.6067871,motel
Chick-fil-A,29.4691149,-98.621252,fast_food
Super 8,29.4531229,-98.627866,motel
Jimmy John's,29.4442605,-98.6593885,fast_food
Sprouts Farmers Market,29.4451201,-98.672989,supermarket
Chick-fil-A,29.4500834,-98.6860534,fast_food
Dutch Bros. Coffee,29.4353702,-98.6959751,cafe
Domino's,29.4221001,-98.7767301,fast_food
Domino's,29.430177,-98.7380111,fast_food
Whataburger,29.5034569,-98.7307185,fast_food
Dutch Bros. Coffee,29.5038719,-98.6992857,cafe
Dunkin',29.496598,-98.7127088,fast_food
Domino's,29.4965025,-98.7126751,fast_food
Wingstop,29.4886461,-98.7064251,fast_food
Panda Express,29.492747,-98.7030861,fast_food
Wingstop,29.4851176,-98.666551,fast_food
McDonald's,29.468812,-98.648896,fast_food
Hoppy Monk,29.6092023,-98.4774453,bar
Lane Bryant,29.606908,-98.4657212,clothes
Bombay Bicycle Club,29.4186531,-98.487225,restaurant
Aria Stylez,29.6044753,-98.4439311,hairdresser
Delicious Garden,29.6043142,-98.4439034,restaurant
5th Ave Barber Shop,29.604168,-98.443879,hairdresser
Vanguard Veterinary Clinic,29.6037736,-98.4441673,veterinary
South Texas Bone & Joint Institute,29.5845559,-98.5920913,doctors
Mustard Seed Plaza,29.4144378,-98.5014557,park
T-Mobile,29.4192914,-98.6532885,mobile_phone_shop
Great Clips,29.4192631,-98.6533991,hairdresser
Jaime's Place,29.426655,-98.5113556,bar
San Taco,29.4427376,-98.5043411,restaurant
Chiflada's cocktail bar,29.4306087,-98.5119781,bar
Jaime's Place,29.4265347,-98.5117416,bar
Philo Coffee,29.4499493,-98.4997025,cafe
HealthTexas - San Pedro,29.4388434,-98.4975843,clinic
HealthTexas - Alamo Heights,29.487336,-98.4441581,clinic
HealthTexas - Perrin Beitel,29.5209258,-98.4104551,clinic
HealthTexas - Blanco,29.5213019,-98.5030903,clinic
HealthTexas - Leon Valley,29.4898053,-98.6121578,clinic
HealthTexas - Westover Hills,29.4511402,-98.6844611,clinic
HealthTexas - Helotes,29.5570748,-98.6677041,clinic
HealthTexas - Wurzbach,29.5213195,-98.5713605,clinic
HealthTexas - SW Military,29.3562625,-98.5219254,clinic
HealthTexas - Highlands,29.4003133,-98.4610195,clinic
HealthTexas - Holy Cross,29.4418627,-98.5520601,clinic
HealthTexas - Las Palmas,29.4167165,-98.5549441,clinic
HealthTexas - Val Verde,29.3562,-98.4878601,clinic
San Anto Cultural Arts Center,29.4202175,-98.5242538,arts_centre
The Lighthouse Neighborhood Lounge,29.4496498,-98.5274734,bar
Pho VN Bistro,29.4780483,-98.6625519,restaurant
Oak Hills Endodontics,29.5223097,-98.5006434,dentist
Pho 4 Star,29.6461527,-98.4037613,restaurant
Nooners,29.464068,-98.289484,convenience
Taqueria Mi Lindo Guanajuato,29.4970684,-98.3832278,restaurant
Quick Wok Chinese Food,29.4970627,-98.3835505,restaurant
SBS Liquor CBD and Smoke Shop,29.4970641,-98.3834787,beverages
Marco's Pizza,29.4970694,-98.3834396,restaurant
The Next Level,29.4970697,-98.3833516,hairdresser
Metro by T-Mobile,29.4970715,-98.3832877,mobile_phone_shop
Emory Oaks Trailhead,29.3522088,-98.4122861,tourist_info
"Lisa O. Sattem, DDS",29.4893832,-98.6659952,dentist
DOPE Decked Out Parlor Shoppe,29.4894366,-98.665994,hairdresser
San Anto Cultural Arte Center,29.4202366,-98.5243149,arts_centre
Jose Antonio Navarro,29.4230819,-98.4976367,artwork
Laredito Mural,29.4230007,-98.4972629,artwork
AB Dental & Oral Surgery - San Antonio,29.4860626,-98.6664365,dentist
Lin's Express,29.4289556,-98.7395827,restaurant
"Covenant Care Animal Hospital, A Thrive Pet Healthcare Partner",29.4922127,-98.6214152,veterinary
Splach,29.4040871,-98.5091934,bar
Sarita's Mexican Restraunt,29.5427482,-98.5289154,restaurant
Pirate Ship,29.5361483,-98.5299931,attraction
UT Health Family Medicine Inwood,29.5796197,-98.5398725,doctors
World's Largest Cowboy Boots,29.5199942,-98.493982,artwork
STARS Plastic Surgery,29.5148266,-98.5769344,doctors
Doctors Implants,29.5728048,-98.5981484,dentist
Popeyes,29.4219477,-98.7747857,fast_food
NextLevel Urgent Care,29.422035,-98.7751004,clinic
Daily Bahn Mi Tea & Coffee,29.4220378,-98.7752026,bakery
Don's & Ben's Liquor,29.4220345,-98.7754971,beverages
Wingstop,29.4220329,-98.7752922,fast_food
Jersey Mike's Subs,29.4220242,-98.7753885,fast_food
AT&T,29.4220049,-98.7773637,mobile_phone_shop
Little Spurs Pediatric Urgent Care,29.4220105,-98.776807,clinic
Taco Bell,29.4219497,-98.7763772,fast_food
Christus Health,29.422004,-98.777175,hospital
Riverwalk Dental & Orthodontics,29.4219983,-98.7769799,dentist
Palazzo Nail Bar,29.4220075,-98.7770819,beauty_shop
Walzem VA Clinic,29.4981085,-98.3510368,hospital
Domino's,29.5500963,-98.4082262,fast_food
IHOP,29.5174726,-98.4794695,restaurant
Tong's Thai,29.4865009,-98.4481421,restaurant
The Official Best of Texas,29.4237822,-98.4873905,gift_shop
CVS Pharmacy,29.5167791,-98.5052956,pharmacy
Stanton Optical,29.5212625,-98.4939017,optician
Olive Garden,29.5213134,-98.4972097,restaurant
Restaurante La Segovia,29.5039997,-98.4921229,restaurant
Good Stop,29.5041264,-98.4921268,convenience
North Bland,29.5040436,-98.4921242,cafe
Artea,29.5626624,-98.6117934,restaurant
Subway,29.3397708,-98.6220548,fast_food
Burlington,29.492805,-98.54986,clothes
Control Point 4,29.5968924,-98.445665,bench
Tealicious,29.5633712,-98.5882253,cafe
Rios Barbacoa,29.5198097,-98.6044121,restaurant
Sanchez Dentistry,29.5198505,-98.6043756,dentist
Ichiban,29.5199222,-98.604298,restaurant
Fancy Nails and Spa,29.5199627,-98.6042547,beauty_shop
Hair Salaon by Majon,29.5199964,-98.6042165,hairdresser
Pizza Patron,29.5200224,-98.6041921,fast_food
Crystal Clear Dental,29.6414964,-98.3806637,dentist
McDonald's,29.4498248,-98.569978,fast_food
McDonald's,29.4482973,-98.3604033,fast_food
McDonald's,29.5197749,-98.4621186,fast_food
McDonald's,29.5099245,-98.3729722,fast_food
McDonald's,29.5534547,-98.4679952,fast_food
McDonald's,29.4449863,-98.5268333,fast_food
McDonald's,29.5070157,-98.4997094,fast_food
McDonald's,29.4738434,-98.507526,fast_food
McDonald's,29.5483197,-98.2919912,fast_food
McDonald's,29.535278,-98.3320104,fast_food
McDonald's,29.3813489,-98.6383438,fast_food
Kind Clinic – San Antonio,29.5306085,-98.4902578,clinic
Royalteeth Family Dental,29.5572962,-98.5187516,dentist
Aria Nails,29.5573115,-98.5186737,beauty_shop
Sport Clips,29.557333,-98.518601,hairdresser
Tommy's Restaurant @ The Parkway,29.5572599,-98.5189207,restaurant
T-Mobile,29.5571159,-98.5171077,mobile_phone_shop
Salado Creek Greenway,29.5639367,-98.5267379,tourist_info
Johnson Fitness & Wellness,29.5179563,-98.4627418,sports_shop
Capo's Pizza,29.5178535,-98.4626164,restaurant
Broadway Nails & Lashes,29.5178181,-98.462559,beauty_shop
Nova Medical Center,29.5176344,-98.4623242,clinic
Shelton Dental,29.5176494,-98.4622479,dentist
Liberty Rehab,29.5626231,-98.4858098,clinic
Burlington,29.559857,-98.486515,department_store
Bánh Mì,29.5076265,-98.6299417,restaurant
85°C,29.5613703,-98.5922688,cafe
The Cajun Coffee Shack,29.4325899,-98.7223123,cafe
Always Coffee SA,29.4292721,-98.7510764,cafe
Smoothie King,29.5033095,-98.5743265,fast_food
Bakery Lorraine,29.5033465,-98.5742863,restaurant
Tacos Y Café,29.5020784,-98.5756224,restaurant
Chacha Bedoy Donuts and Bakery,29.4944315,-98.5703133,restaurant
Thai Restaurant,29.4945459,-98.5698305,restaurant
Who's Who Cocktails,29.494548,-98.5699054,bar
Capo’s Pizza,29.4902054,-98.5679011,restaurant
JoJo's Beauty Mark Salon,29.4901947,-98.5675115,hairdresser
PJ's Coffee,29.5355291,-98.6481976,cafe
EDÁ - Empanadas De Acá,29.5356073,-98.6483597,restaurant
Primal Juice & Smoothies,29.5351888,-98.6482033,fast_food
Flower in Flour,29.4988856,-98.6218948,cafe
The Colour Room Salon,29.4988108,-98.621758,hairdresser
Aaron's,29.4991294,-98.6221475,furniture_shop
Once Upon a Child,29.4993171,-98.6224154,clothes
Texas Grounds Coffee Company Roasters,29.5577161,-98.6792321,cafe
Marco's Pizza,29.5580942,-98.6802251,fast_food
Playa Bowls,29.5580948,-98.6801632,fast_food
Shipley Do-Nuts,29.4814208,-98.3600466,fast_food
Thai Lao 78,29.4814508,-98.3599821,restaurant
Sofia's Grill Mexican Restaurant #2,29.4816975,-98.3594754,restaurant
The UPS Store,29.4816658,-98.3595419,post_office
Cato,29.4833257,-98.3495307,clothes
Rack Room Shoes,29.4833018,-98.3496526,shoe_shop
Trendique Nails Lashes & Permanent Makeup,29.4848935,-98.3483678,beauty_shop
NextCare Urgent Care,29.4850349,-98.3484037,clinic
Don's & Ben's,29.4844629,-98.3475599,beverages
Great Clips,29.4846208,-98.3476017,hairdresser
Revify Med Spa,29.6491175,-98.4613285,beauty_shop
Refuge Coffee + Beer Garden,29.5212176,-98.7090144,cafe
Me Latte,29.5213166,-98.7100528,cafe
Tacos y Burritos Metro Basilica 2 Taco truck,29.5212262,-98.7101824,fast_food
The Taco Place Birria,29.5216388,-98.7083588,restaurant
Goat Cafe by Goat Shenanigans,29.521551,-98.7088812,cafe
Tacos Charlie SA,29.5216918,-98.709283,fast_food
Hala Cafe,29.520468,-98.7060501,restaurant
Laith Family Dentistry,29.5200283,-98.706024,dentist
Pinkston Medical and Wellness Clinic,29.519913,-98.7060902,clinic
Alamo Unique Salon,29.520112,-98.7059733,hairdresser
Zales,29.6054695,-98.4675462,jeweller
Veneto Nails 281,29.6058137,-98.4674722,beauty_shop
Northwoods Nails & Spa,29.6077153,-98.465834,beauty_shop
Supercuts,29.607693,-98.4657172,hairdresser
Kashi Dental,29.5132313,-98.3087884,dentist
V Fresh Donuts,29.513327,-98.3087912,fast_food
M&M Donut,29.5083723,-98.3089809,fast_food
Metro by T-Mobile,29.5080643,-98.309182,mobile_phone_shop
Brident Dental & Orthodontics,29.4982116,-98.3215527,dentist
Papa John's,29.4985453,-98.3217716,fast_food
Benjamin Rush Milam,29.42611,-98.4997,memorial
Georg Heinrich Buchsenschutz Family Cemetery,29.57927,-98.40725,memorial
G.J. Sutton,29.42254,-98.47632,memorial
St. Mary's University,29.45303,-98.56112,memorial
James Nathaniel Fisk,29.42057,-98.46885,memorial
Site of Old St. Mary's,29.42569,-98.49125,memorial
Alexander and Alma Oppenheimer Halff House,29.44198,-98.49565,memorial
Rechel-Stumpf House,29.43896,-98.49563,memorial
Toltec Apartments,29.43033,-98.48807,memorial
Maverick-Carter House,29.42999,-98.48756,memorial
Wolfson House,29.43019,-98.48575,memorial
Engleman-Muench House,29.42982,-98.48303,memorial
Thiele Cottage,29.42987,-98.48319,memorial
Anna Barbara and Johann Engelbert Heidgen House,29.42605,-98.48228,memorial
Mary Virginia Burkholder,29.41513,-98.49126,memorial
Francisco Madero in Texas,29.42142,-98.4923,memorial
Oak Island Methodist Church and Cemetery,29.22917,-98.56351,memorial
Ursuline Convent and Academy,29.43109,-98.4926,memorial
Menger Soap Works,29.429,-98.49675,memorial
San Pedro Creek,29.43128,-98.4975,memorial
Second Baptist Church of San Antonio,29.42007,-98.43618,memorial
Saint Philip's College,29.41734,-98.45345,memorial
Acequia de Arriba,29.45557,-98.47884,memorial
St. Anthony Catholic School,29.45597,-98.49581,memorial
Belknap Place,29.45366,-98.49735,memorial
Monte Vista Historic District,29.45017,-98.49381,memorial
The Mexican Village,29.46045,-98.47683,memorial
The Argyle,29.47566,-98.47179,memorial
Simona Smith Fisk,29.42054,-98.46885,memorial
Col. George Wythe Baylor,29.42071,-98.4639,memorial
"Enrique Esparza (September, 1824-December 20, 1917)",29.2401,-98.46681,memorial
El Carmen Cemetery (Cementerio del Carmen),29.23996,-98.46678,memorial
The Battle of the Medina,29.24147,-98.47338,memorial
"Edward H. White II Memorial Hangar, Brooks Air Force Base",29.34409,-98.44393,memorial
Hangar Nine,29.34402,-98.444,memorial
Site of the Camp of Stephen F. Austin,29.39834,-98.42494,memorial
Saint Philip's Episcopal Church,29.40213,-98.43255,memorial
"Station ""X""",29.38218,-98.56976,memorial
Incarnate Word College,29.46716,-98.46472,memorial
"Dodd Field (Fort Sam Houston) Enemy Alien Detention Station, World War II",29.4785,-98.43101,memorial
Cover Cemetery,29.34832,-98.29566,memorial
Boldtville Schoolhouse,29.36253,-98.35945,memorial
Annunciation of the Blessed Virgin Mary Roman Catholic Cemetery,29.41638,-98.20703,memorial
Our Lady of the Lake University,29.42621,-98.54342,memorial
"Building 100 ""Taj Mahal""",29.53634,-98.28292,memorial
Emma Tenayuca,29.42584,-98.49948,memorial
Placido Olivarri,29.41548,-98.51216,memorial
Alejo de la Encarnacion Perez,29.41493,-98.5123,memorial
Capt. Jose Antonio Menchaca,29.41552,-98.51154,memorial
Jose Antonio Navarro,29.41553,-98.5105,memorial
Don Juan Ximenes,29.41562,-98.51088,memorial
Don Jose de Jesus Rodriguez,29.41549,-98.51105,memorial
Colonel Jose Francisco Ruiz,29.41562,-98.51234,memorial
The Grass Fight,29.42255,-98.51398,memorial
Moses Lapham,29.40676,-98.60841,memorial
Edens Cemetery,29.55219,-98.3003,memorial
"Mission San Francisco de la Espada Dam, Ditch and Aqueduct",29.3329,-98.46159,memorial
Harrison and McCulloch Stage Stop,29.58247,-98.30565,memorial
Davenport Cemetery,29.60361,-98.32687,memorial
Krause House/Mann's Crossing Post Office,29.30541,-98.6655,memorial
McCulloch Cemetery,29.30594,-98.6645,memorial
Ruiz-Herrera Cemetery,29.27234,-98.61115,memorial
Belgian Transit of Venus Observation Site,29.44276,-98.46547,memorial
St. Paul's Epsicopal Church,29.44309,-98.46801,memorial
Petty House,29.43548,-98.48205,memorial
Central Catholic High School,29.43669,-98.48484,memorial
Madison Square Presbyterian Church,29.4351,-98.49154,memorial
Central Christian Church,29.43374,-98.49377,memorial
San Antonio High School,29.43279,-98.49423,memorial
San Francisco Di Paola Catholic Church,29.43081,-98.4989,memorial
Italian American Community in San Antonio,29.43077,-98.49884,memorial
Christopher Columbus Italian Society Hall,29.4308,-98.4988,memorial
Samuel S. Smith,29.42062,-98.46712,memorial
Charles Frederick King,29.42062,-98.46718,memorial
"John ""Jack"" Coker",29.55637,-98.49263,memorial
Coker Cemetery,29.55528,-98.49288,memorial
Jefferson Davis Smith,29.55589,-98.4926,memorial
Venustiano Carranza in San Antonio,29.43615,-98.50137,memorial
L. B. Clegg House,29.44405,-98.4954,memorial
Committee on Public Safety,29.44655,-98.49948,memorial
Old San Pedro Springs,29.44643,-98.49948,memorial
Otto Koehler House,29.44896,-98.49697,memorial
Christ Episcopal Church,29.45133,-98.4972,memorial
Jay Adams House,29.45124,-98.49739,memorial
Roy and Madge Hearne House,29.45004,-98.4971,memorial
David J. and May Bock Woodward House,29.4504,-98.4996,memorial
The Woman's Club of San Antonio,29.45046,-98.49961,memorial
Protestant Home for Destitute Children,29.44598,-98.52271,memorial
Wesley Peacock House,29.4522,-98.53925,memorial
Sunshine Ranch,29.47685,-98.54825,memorial
Lockhill School,29.56586,-98.5834,memorial
Huebner-Onion Homestead and Stagecoach Stop,29.49403,-98.6166,memorial
Evers Family Cemetery,29.50161,-98.61143,memorial
Zion Lutheran Church and Cemetery,29.53443,-98.68556,memorial
Zion Lutheran Church,29.53567,-98.68503,memorial
Mission San Franscico Xavier de Najera,29.38451,-98.48935,memorial
Scenic Loop Playground,29.61441,-98.685,memorial
"John Salmon ""Rip"" Ford",29.41996,-98.46367,memorial
Hamilton P. Bee,29.41987,-98.46343,memorial
Adina Emilia de Zavala,29.41692,-98.4646,memorial
Colonel Edward Miles,29.41647,-98.46498,memorial
Captain Lee Hall,29.42156,-98.46672,memorial
Old Powder Mill,29.4195127,-98.4683261,memorial
Myra Lillian Davis Hemmings,29.42368,-98.47015,memorial
St. Paul United Methodist Church,29.42234,-98.47466,memorial
Scenic Loop - Boerne Stage - Toutant-Beauregard Historic Corridor,29.68154,-98.6744,memorial
First Officers Training Camp,29.66626,-98.63067,memorial
Gugger Homestead,29.57749,-98.69035,memorial
John T. Floore Country Store,29.57782,-98.69058,memorial
Marnoch Homestead,29.58568,-98.68784,memorial
R. L. White Ranch,29.616,-98.74975,memorial
Site of Idlewild Community,29.31817,-98.78677,memorial
Lydia Mendoza,29.41752,-98.54737,memorial
Saint Mark's Episcopal Church,29.42871,-98.48884,memorial
Route of El Camino Real,29.51526,-98.45361,memorial
T. C. Frost Wool Warehouse,29.42566,-98.49386,memorial
Jose Francisco Ruiz,29.42401,-98.49559,memorial
The Battle of the Salado,29.48804,-98.41789,memorial
Moses Austin,29.42483,-98.49541,memorial
"Site of de la Garza House, Gardens and Mint",29.42636,-98.49325,memorial
Site of Rincon/Douglass School,29.43,-98.49249,memorial
Plaza De Armas (Military Plaza),29.42451,-98.49486,memorial
Erasmo Seguin,29.42246,-98.49398,memorial
Perote Prisoners,29.42498,-98.49294,memorial
Spanish and Mexican Land Grants,29.30392,-98.52469,memorial
Menger Hotel,29.42467,-98.48655,memorial
Dawson Massacre,29.4996,-98.42266,memorial
The Pershing Chinese,29.44776,-98.44362,memorial
Ludwig Mahncke,29.45811,-98.46833,memorial
Kelly Air Force Base,29.3828,-98.55939,memorial
Alamo Portland and Roman Cement Company,29.46069,-98.47659,memorial
O. Henry House,29.42435,-98.49738,memorial
Site of the Old Adobe,29.42422,-98.48953,memorial
The Bexar County Courthouse,29.4237,-98.49353,memorial
Barbed Wire,29.42435,-98.4953,memorial
Bexar County under Nine Governments,29.42256,-98.49383,memorial
Helotes,29.5775,-98.69034,memorial
Bullis House,29.44285,-98.46469,memorial
Scottish Rite Cathedral,29.4279,-98.48448,memorial
"San Antonio Section, National Council of Jewish Women",29.42486,-98.48649,memorial
Commerce Street Bridge,29.42365,-98.48785,memorial
Site of the Home of Dr. Ferdinand Ludwig Herff,29.42551,-98.48934,memorial
Surrender of Federal Forces by General David E. Twiggs,29.42496,-98.4939,memorial
T. C. Frost and the Frost Bank,29.42477,-98.49393,memorial
Vicinity of the Storming of Bexar,29.42385,-98.49322,memorial
San Antonio Mutual Aid Association,29.42377,-98.49323,memorial
The Canary Islanders,29.42399,-98.49366,memorial
Confederate Cemetery,29.42062,-98.46394,memorial
John Lang Sinclair,29.41976,-98.46932,memorial
"Clara Driscoll (April 2, 1881-July 17, 1945)",29.41984,-98.46926,memorial
The Casas Reales,29.42437,-98.49313,memorial
Bird Bakery,29.4808777,-98.4647618,bakery
Nékter Juice Bar,29.4809699,-98.4648034,fast_food
The Impeccable Pig,29.4810556,-98.4648481,clothes
Chalet,29.481099,-98.4648683,beauty_shop
Penny Lane Boutique,29.4811363,-98.4648855,clothes
J. McLaughlin,29.4811775,-98.4649077,clothes
Baker Tatum,29.4812242,-98.4649322,bakery
Conviva Care Center,29.5132802,-98.4972087,clinic
Jack in the Box,29.5132183,-98.4984646,fast_food
Ocean Dental,29.5123923,-98.4987823,dentist
Boost Mobile,29.512397,-98.4985288,mobile_phone_shop
Play It Again Sports,29.5208199,-98.6394951,sports_shop
London Pub,29.5208524,-98.639362,pub
Instant Imprints,29.5209693,-98.6391192,clothes
NStyle Salon,29.5210302,-98.6389067,hairdresser
Brident Dental & Orthodontics,29.5210983,-98.6386942,dentist
Temi's Cakery,29.5210678,-98.6387654,bakery
Koo Kutz Barbershop,29.4378528,-98.6781604,hairdresser
Harbor Freight Tools,29.4440125,-98.6397791,doityourself
F-22A Raptor,29.5417102,-98.2852289,monument
Lin's International Buffet,29.5147521,-98.6962417,restaurant
Shaenfield Family Dental,29.5143207,-98.6964964,dentist
Big Hops,29.513956,-98.6966651,bar
Credit Human,29.513903,-98.6966921,bank
Gallery On the Park,29.4273614,-98.4890668,restaurant
Sasha’s Market,29.5126537,-98.5515708,general
The Market @ Ravenfield,29.4045778,-98.6809737,convenience
Mattenga’s Pizzeria,29.4046124,-98.6807958,restaurant
F L F Barber Studio,29.4046309,-98.6806838,hairdresser
Avalon,29.5178957,-98.4974478,beauty_shop
Shapers,29.518041,-98.4971687,clothes
Little Caesars,29.4106622,-98.7001472,fast_food
Citi Trends,29.4398005,-98.6481462,clothes
Ross,29.4396154,-98.6484569,department_store
Orderup,29.4975476,-98.469364,fast_food
Bloom,29.4946453,-98.6626854,artwork
Bloom,29.4946117,-98.662739,artwork
None,29.4816623,-98.6567281,shelter
None,29.4949972,-98.6628398,shelter
None,29.4947044,-98.6627011,shelter
None,29.5196234,-98.6458193,shelter
Missing Man Monument,29.5366646,-98.2836572,memorial
Valero,29.5691262,-98.4308707,car_wash
Sushi Cat,29.5532359,-98.6153731,artwork
"Teddy Roosevelt, Jr.",29.4251614,-98.4860018,artwork
Tommy John's Tailgate,29.5672278,-98.4524989,restaurant
Loop 410 Veterinary Hospital,29.525913,-98.438712,veterinary
Military Working Dog Teams National Monument,29.3904502,-98.6172033,memorial
MTI Monument,29.391694,-98.6180899,memorial
Changos Cafe,29.4627688,-98.4733719,cafe
BMTS Blue Ropes of the Year,29.391644,-98.6182469,memorial
Medal of Honor Memorial,29.3896519,-98.6187284,memorial
Chief Master Sergeants of the Air Force,29.3916163,-98.6182295,memorial
Lin's Express,29.5038569,-98.7283579,restaurant
Direct Med Clinic,29.5199427,-98.5079977,clinic
Direct Med Clinic,29.3516596,-98.545572,clinic
Tia's Taco Hut,29.4289142,-98.7468997,restaurant
Camila’s Mexican Restaurant,29.6810602,-98.4397705,restaurant
Olympia Hills Family Dental,29.5555343,-98.3277077,dentist
Killer Burger,29.4289491,-98.74727,restaurant
La Nogalitos Tacos To Go,29.3923472,-98.5190365,fast_food
El guacamoli,29.6746691,-98.5218212,restaurant
Chef’s Table Mediterranian Kitchen,29.553444,-98.6711429,restaurant
Blessed Bets Boutique,29.3880377,-98.4797961,beauty_shop
El Merkadito Arts & Crafts,29.4248991,-98.4988247,doityourself
Grand Donuts,29.644011,-98.4245782,fast_food
San Antonio Missions,29.3602567,-98.4798697,tourist_info
The Home Depot,29.5086823,-98.475235,doityourself
Lowe's,29.3488261,-98.427816,doityourself
Mr. Juicy,29.5419752,-98.5278333,restaurant
Rex Formal Wear,29.5035929,-98.4987514,clothes
Alamo City Liquor,29.5036963,-98.7281369,beverages
Domingo,29.4250423,-98.4914777,restaurant
Williams Barber College,29.4231687,-98.4051941,college
Williams Barber College,29.4231687,-98.4051941,hairdresser
EZ wash,29.4237288,-98.4047931,laundry
Self-Service Car Wash,29.4237247,-98.4043774,car_wash
Chasco Auto Electric,29.4199668,-98.4051767,car_dealership
Bryan Curry Community Dog Park,29.3313867,-98.4950507,dog_park
Circle K,29.4235606,-98.3966821,convenience
Ali's Pizzaria #2,29.588365,-98.3789712,restaurant
Los Arcos Mexican Grill,29.5882757,-98.3789199,restaurant
Family Nails,29.5881662,-98.3788214,beauty_shop
Lefty's Draft House,29.5880402,-98.3787891,bar
Church's Chicken,29.5876828,-98.3784949,fast_food
Instant Donuts,29.5877965,-98.3785556,fast_food
Fischer's Neighborhood Market #35,29.5872117,-98.3783034,convenience
Judson Corner Store,29.5876828,-98.3773227,convenience
Pazzo Pastaria,29.5665794,-98.3880164,restaurant
Pho La,29.5663531,-98.3883275,restaurant
Al Carbon Pollos Asados - Nacogdoches,29.567403,-98.3867209,restaurant
Wingstop,29.5678765,-98.3870106,fast_food
Great Clips,29.5676199,-98.3868336,hairdresser
Ross,29.5689823,-98.3873217,department_store
Cali Nails,29.568721,-98.3874666,beauty_shop
CareNow Urgent Care - Nacogdoches Road,29.5684854,-98.3873056,clinic
T-Mobile,29.5677156,-98.3868872,mobile_phone_shop
Chase,29.5684294,-98.3854469,bank
True Texas BBQ,29.59553,-98.4171127,restaurant
Circle K,29.6013606,-98.387595,convenience
Subway,29.6013022,-98.387721,fast_food
Las Palapas - O'Connor,29.6009827,-98.4033127,fast_food
Reality Bites Dental,29.6428305,-98.48918,dentist
Subway,29.6426119,-98.4890731,fast_food
Home,29.4691804,-98.3634033,guesthouse
Thrifty Liquor,29.6808974,-98.439497,beverages
Barnes & Noble,29.4739655,-98.6140441,bookshop
Burlington,29.4756807,-98.6123882,department_store
dd's Discounts,29.475509,-98.6125159,department_store
Spec's,29.4752766,-98.6126839,beverages
Starbucks,29.4740759,-98.6139652,cafe
Marshalls,29.4743757,-98.6136863,department_store
DSW,29.4734249,-98.6145661,shoe_shop
Shoe Palace,29.4747204,-98.613302,shoe_shop
Old Navy,29.4737654,-98.6142941,clothes
Hoffmanns Steakhouse,29.3979148,-98.3942252,restaurant
El Tipico,29.3978961,-98.394763,restaurant
Commons Park,29.6106161,-98.5989754,playground
Jersey Mike's Subs,29.6422266,-98.4549706,fast_food
Giant Redheaded Centipede,29.6422804,-98.4717526,tourist_info
Texas Thistle,29.6410483,-98.4716514,tourist_info
Texas Rat Snake,29.643668,-98.4704135,tourist_info
Texas Sotol,29.6432239,-98.4709584,tourist_info
Texas Horned Lizard,29.642448,-98.4715566,tourist_info
Texas Tortoise,29.6518423,-98.4703342,tourist_info
Cub Cave,29.647711,-98.4694085,tourist_info
Stone Oak Park Dam,29.6470089,-98.4690849,tourist_info
Wild Turkey,29.6512336,-98.4698581,tourist_info
Yellow Stonecrop,29.6497637,-98.4722364,tourist_info
Opossum,29.6484229,-98.4724831,tourist_info
Bear Cave,29.6474597,-98.4717195,tourist_info
Stone Oak Park Dam,29.6472694,-98.4721226,tourist_info
None,29.6447359,-98.4692755,shelter
Office Depot,29.3587304,-98.5315384,stationery
Liquor Bueno,29.6607012,-98.4487182,beverages
Burger King,29.5023081,-98.2871844,fast_food
Mellow Mushroom,29.609972,-98.4901157,restaurant
Cuishe Cocina Mexicana,29.6106965,-98.4896344,restaurant
Methodist Surgery Center Stone Oak,29.6102575,-98.4886714,hospital
Little Caesars,29.5627518,-98.6825582,fast_food
Giusseppe's Italian Pizzeria,29.5784777,-98.440719,restaurant
Hernandez Barbershop,29.4863166,-98.526848,hairdresser
Pullman Market,29.4414959,-98.4805987,supermarket
Anacacho Coffee & Cantina,29.4273041,-98.4891046,restaurant
Taco Bell,29.5750555,-98.5669187,fast_food
My Tia's Mexican Restaurant,29.3802039,-98.5037921,restaurant
La Superior Bakery,29.379722,-98.5043645,bakery
Merit Coffee,29.5261169,-98.4714367,cafe
Smoke Shack BBQ And Southern Kitchen,29.5261528,-98.4713095,restaurant
Courtesy Phone,29.5251519,-98.4725348,telephone
Adina’s Market,29.5262859,-98.4713784,convenience
San Antonio Express News,29.5272888,-98.4704567,newsagent
Mission City Ice House,29.5273223,-98.4704198,restaurant
Boss Bagels On Southern Soil,29.5273564,-98.4703865,restaurant
Cinnabon,29.5266173,-98.4711285,fast_food
Hooked Boil House,29.5570613,-98.587742,restaurant
KPot Korean BBQ & Hot Pot,29.5569024,-98.5876478,restaurant
Camp 1604,29.5924053,-98.5954579,bar
Kung Fu Saloon,29.5921071,-98.5953296,bar
Velvet Taco,29.5921903,-98.5946357,restaurant
Boardroom Salon For Men,29.5921903,-98.5945222,hairdresser
Kerbey Lane Cafe,29.5921903,-98.594387,cafe
Gen Korean BBQ,29.5489437,-98.5817384,restaurant
Mama Mia Fusion,29.5484901,-98.5822243,fast_food
Potbelly,29.5491483,-98.5821281,fast_food
Chipotle,29.5493343,-98.5820877,fast_food
Walgreens,29.5106578,-98.5791636,pharmacy
Walgreens,29.6273824,-98.4958434,pharmacy
Walgreens,29.4488413,-98.7127872,pharmacy
Hot Joy,29.4356964,-98.4799358,restaurant
Pumpers Burgers,29.4355704,-98.4798179,restaurant
The Station Cafe,29.4174016,-98.4904607,restaurant
Wienerschnitzel,29.4238225,-98.6501956,fast_food
Bourbon Street Seafood Kitchen,29.6467205,-98.6226535,restaurant
Benjie's Munch,29.5784102,-98.5122329,restaurant
Southside Selena Mural,29.3771724,-98.4999161,artwork
CVS Pharmacy,29.5893461,-98.6243811,pharmacy
CVS Pharmacy,29.5576432,-98.6156,pharmacy
CVS Pharmacy,29.6063594,-98.5970257,pharmacy
Office Depot,29.5238637,-98.4965649,stationery
Panera,29.4917596,-98.7000982,restaurant
Pegasus Pediatrics,29.4807337,-98.4674911,doctors
Tarka Indian Kitchen,29.4452345,-98.6735205,restaurant
McDonald's,29.5187888,-98.7732364,fast_food
E-Clips Barbershop,29.5087423,-98.3713692,hairdresser
EZ Wash,29.4804754,-98.6581561,laundry
The Purple Garlic,29.5874983,-98.4761169,restaurant
World Car Kia South,29.3463326,-98.5415585,car_dealership
RBFCU South San,29.3463676,-98.546344,bank
Dr. Travis Burns,29.3378835,-98.5501225,doctors
Taco Palenque,29.3517399,-98.5365084,fast_food
Starbucks,29.3536803,-98.5337296,cafe
Club Car Wash,29.3531964,-98.5334346,car_wash
Panchos & Gringos Restaurante,29.4274929,-98.4701218,restaurant
Olympia Hills Junior Pediatric Dental,29.5556514,-98.3276895,dentist
Wildcraft General,29.4274915,-98.4699055,general
Son of a Sailor: Modern Supply Co.,29.4274919,-98.4699958,gift_shop
Hunt Brothers Pizza,29.6809769,-98.4396513,restaurant
Mi Mercado,29.3728575,-98.5387381,market_place
Los Arcos,29.5183953,-98.5254856,restaurant
Pollo Pechugón,29.4695696,-98.5700841,fast_food
Aredondo's Seafood Cafe,29.3678775,-98.5377224,restaurant
Celebrate Dental & Braces - San Antonio Bandera,29.4966343,-98.621383,dentist
Celebrate Dental & Braces - San Antonio San Pedro,29.5040688,-98.4987973,dentist
Celebrate Dental & Braces - San Antonio Walzem,29.5107308,-98.3876041,dentist
Celebrate Dental & Braces - San Antonio W Commerce,29.4315216,-98.5587108,dentist
Celebrate Orthodontics & Pediatric Dentistry San Antonio,29.3511844,-98.4353584,dentist
NOLA Brunch and Beignets,29.4358124,-98.4795744,restaurant
Stargazer (Citlati),29.4228243,-98.4852011,artwork
Via313 Pizzeria,29.6054512,-98.5999253,restaurant
Pür & Simple,29.6387419,-98.4580595,restaurant
Pizza Classics,29.4564674,-98.4790772,restaurant
The Juice Experiment,29.4564717,-98.4792571,restaurant
The Art of Donut,29.4564711,-98.4793325,restaurant
Recital Hall,29.5828595,-98.6173684,theatre
Calm Spring Dental,29.4474684,-98.7094144,dentist
Pizza Hut,29.4474785,-98.7095683,restaurant
Los Jefes Restaurant Supply and Supermercado,29.3750324,-98.4991684,supermarket
Hash Vegan Eatery,29.3760242,-98.4994049,restaurant
La Vida Coffee & Drinks,29.4268332,-98.4884521,cafe
Tower of the High Country,29.5906701,-98.3774423,observation_tower
Mengerita Tacos,29.424989,-98.4862353,fast_food
Eight Ball Coffee,29.4074416,-98.486606,cafe
Birria Bario Southtown,29.4117372,-98.4935914,fast_food
Children's Eye Center,29.6155477,-98.4704896,optician
Ramen and Poke,29.6213556,-98.4626884,restaurant
FedEx Ship Center,29.6143201,-98.4844117,post_office
Jimmy John's,29.6143171,-98.484336,fast_food
La Quinta Inn & Suites,29.611783,-98.5942949,hotel
Auntie Anne's,29.6412387,-98.4570125,fast_food
Jamba,29.6410212,-98.4569555,fast_food
Five Guys,29.6378448,-98.4570035,fast_food
Grimaldi's Pizzeria,29.6539431,-98.4479267,restaurant
Action Behavior Centers - ABA Therapy for Autism,29.5764994,-98.3377219,hospital
Action Behavior Centers - ABA Therapy for Autism,29.5094957,-98.7683476,clinic
Beyone the Cut Barber Studio,29.4993863,-98.6225793,hairdresser
Offtopmat-barber,29.4994716,-98.6225813,hairdresser
Action Behavior Centers - ABA Therapy for Autism,29.4559379,-98.6897673,clinic
Action Behavior Centers - ABA Therapy for Autism,29.4373365,-98.6780845,hospital
Everhome Suites,29.4416704,-98.6694943,hotel
El Bucanero,29.5918073,-98.5123181,restaurant
Action Behavior Centers - ABA Therapy for Autism,29.4737342,-98.3635375,hospital
Flock,29.5118653,-98.5362488,camera_surveillance
Flock,29.5113522,-98.5371163,camera_surveillance
